country_iso3,year,education_spend_pct_gdp,gdp_per_capita_usd,health_spend_pct_gdp,life_expectancy,rd_spend_pct_gdp
ARE,1995,,27003.2006807782,,71.392,
ARE,1996,,28323.1650870532,,71.82,
ARE,1997,,27982.7957040564,,72.559,
ARE,1998,,24889.4269192279,,73.66,
ARE,1999,,25855.8605046587,,74.982,
ARE,2000,,29865.502347066,2.39504457,76.347,
ARE,2001,,27745.1708087672,2.48436403,77.621,
ARE,2002,,27753.6089526346,2.71770859,78.721,
ARE,2003,,29659.5428567811,2.64634395,79.6,
ARE,2004,,33376.7152295209,2.46225643,80.272,
ARE,2005,,38719.3138307623,2.3202107,80.779,
ARE,2006,,44342.6048322482,2.3254137,81.155,
ARE,2007,,45854.7325158162,2.56602693,81.438,
ARE,2008,,50054.1700681803,2.92857623,81.591,
ARE,2009,,37803.0663738777,4.05000162,81.679,
ARE,2010,,44795.2949302268,3.74433136,81.886,
ARE,2011,,51921.904511613,3.56666398,81.898,0.47252
ARE,2012,,53141.6124340099,3.33596373,81.913,
ARE,2013,,53247.2409495441,3.50222182,81.95,
ARE,2014,,52725.2358407934,3.53405499,81.99,0.67523
ARE,2015,,44910.334995523,3.46609354,82.076,0.86569
ARE,2016,,42721.0999383185,3.89580107,82.195,0.9318
ARE,2017,,43733.6192287435,4.00854969,82.388,
ARE,2018,,47135.3591943971,4.09854221,82.449,1.26389
ARE,2019,3.86019992828369,45938.6073581994,4.40291262,82.596,1.31065
ARE,2020,3.98417997360229,37991.7492971665,5.82477045,81.936,1.48831
ARE,2021,3.89404010772705,44118.5047192771,5.30494308,79.083,1.49469
ARE,2022,,50759.7589231191,4.56536388,80.487,
ARE,2023,,49850.6872175164,4.97095108,82.909,
ARE,2024,,50273.5060469837,,83.069,
ARG,1995,,7357.6162773788,,72.864,
ARG,1996,3.73198008537292,7663.21271287469,,73.056,0.41749
ARG,1997,,8146.78710021431,,73.407,0.41959
ARG,1998,4.03986978530884,8218.99212764682,,73.412,0.41131
ARG,1999,4.52167987823486,7705.54288252851,,73.683,0.45337
ARG,2000,4.58030986785889,7637.01489203628,8.22001076,73.91,0.43884
ARG,2001,4.833740234375,7141.47507662826,8.26966286,74.154,0.4246
ARG,2002,4.01734018325806,2569.69963519124,7.33203077,74.312,0.38886
ARG,2003,3.53504991531372,3320.47775133903,6.92670012,74.307,0.41012
ARG,2004,3.48652005195618,4242.02099089422,7.09477043,74.871,0.40376
ARG,2005,3.86000990867615,5067.65342293276,7.73392439,75.231,0.42075
ARG,2006,4.12821006774902,5869.38028970204,7.70940399,75.279,0.45216
ARG,2007,4.46260976791382,7185.25155147027,7.86196613,74.783,0.46007
ARG,2008,4.84438991546631,8944.1102657357,8.24087811,75.428,0.47055
ARG,2009,5.53105020523071,8150.23527028221,9.56852913,75.577,0.58398
ARG,2010,5.01972007751465,10260.1313108254,9.4852438,75.68,0.56104
ARG,2011,5.29063987731934,12704.2831819684,9.51042366,76.1,0.56597
ARG,2012,5.3458399772644,12949.717486654,9.8851881,75.802,0.63491
ARG,2013,5.43660020828247,12963.675773326,9.92091465,75.829,0.61849
ARG,2014,5.36144018173218,12233.1444119186,9.79773045,76.268,0.59396
ARG,2015,5.77611017227173,13679.6264980954,10.27364159,76.6,0.62262
ARG,2016,5.54548978805542,12699.9623137756,10.05355549,76.105,0.55815
ARG,2017,5.45432996749878,14532.5009308511,10.26057911,76.543,0.55632
ARG,2018,4.87773990631104,11752.7998922979,10.17289257,76.77,0.4883
ARG,2019,4.77165985107422,9955.97478680428,10.11911297,76.847,0.47813
ARG,2020,5.27689981460571,8535.59938004389,10.67246342,75.878,0.54126
ARG,2021,4.65393018722534,10738.0179223384,11.00910187,73.948,0.5236
ARG,2022,4.79263019561768,13962.1894087223,10.15950489,75.806,0.54951
ARG,2023,5.00324010848999,14261.8465667948,10.2695179,77.395,0.60111
ARG,2024,,13969.7836603737,,77.543,
AUS,1995,,20479.1748274233,,77.8292682926829,
AUS,1996,,22055.838490507,,78.0780487804878,1.66218
AUS,1997,,23683.4948964934,,78.4804878048781,
AUS,1998,,21516.0403147759,,78.6317073170732,1.51351
AUS,1999,,20749.6443779096,,78.9317073170732,
AUS,2000,,21908.9968019784,7.58869076,79.2341463414634,1.57198
AUS,2001,,19733.6510102645,7.67391729,79.6341463414634,
AUS,2002,,20335.0960191023,7.87221003,79.9365853658537,1.74654
AUS,2003,,23757.5898471684,7.87659502,80.2390243902439,
AUS,2004,,30886.0500949401,8.08257675,80.490243902439,1.84802
AUS,2005,,34535.20727091,7.9648633,80.8414634146341,
AUS,2006,,36658.8243476122,7.97161102,81.0414634146342,2.17862
AUS,2007,,41128.2476618402,8.0517149,81.2926829268293,
AUS,2008,,49811.2067218988,8.24737453,81.3951219512195,2.39898
AUS,2009,,42954.8494884573,8.54273987,81.5439024390244,
AUS,2010,,52313.8939041213,8.4193306,81.6951219512195,2.3702
AUS,2011,,62799.3895017032,8.53425312,81.8951219512195,2.23459
AUS,2012,,68301.4402512587,8.67020702,82.0463414634146,
AUS,2013,,68476.6788496118,8.7465601,82.1487804878049,2.17733
AUS,2014,,62817.2061751737,9.82833862,82.3,
AUS,2015,,56970.3613028094,10.13642025,82.4,1.91969
AUS,2016,,50084.4440606385,10.08958244,82.4487804878049,
AUS,2017,,54117.547718609,10.10880566,82.5,1.88102
AUS,2018,,57410.1737346009,10.08907509,82.7487804878049,
AUS,2019,,55194.7585097428,10.25421429,82.9,1.82826
AUS,2020,5.38625001907349,51983.4523666382,10.70324135,83.2,
AUS,2021,5.34109020233154,60758.9044397144,10.51612186,83.3,1.85783
AUS,2022,5.05915021896362,65169.5191118657,9.89226055,83.2,
AUS,2023,,65058.3773146674,10.39852047,83.0512195121951,
AUS,2024,,64603.9856308464,,83.0512195121951,
AUT,1995,5.44969987869263,30207.0674314652,,76.6682926829268,
AUT,1996,5.28883981704712,29645.9451251491,,76.8707317073171,1.58947
AUT,1997,,26571.7523626508,,77.319512195122,1.66324
AUT,1998,6.13726997375488,27212.4642905708,,77.6707317073171,1.74106
AUT,1999,6.13599014282227,27078.7081612201,,77.8756097560976,1.85251
AUT,2000,5.62036991119385,24487.2974685956,9.38934517,78.1268292682927,1.89667
AUT,2001,5.60476016998291,24430.495982841,9.45243549,78.5756097560976,2.00257
AUT,2002,5.56255006790161,26334.862215032,9.59139919,78.6780487804878,2.0811
AUT,2003,5.39253997802734,32110.1159661425,9.69844246,78.6317073170732,2.18701
AUT,2004,5.34223985671997,36614.2506533707,9.81532383,79.1804878048781,2.18238
AUT,2005,5.28515005111694,38157.37022862,9.71779728,79.3317073170732,2.38942
AUT,2006,5.26367998123169,40382.2078298575,9.64073944,79.8804878048781,2.376
AUT,2007,5.17918014526367,46622.9622913635,9.60482597,80.1804878048781,2.4336
AUT,2008,5.2985200881958,51581.3982361071,9.83415222,80.4317073170732,2.58632
AUT,2009,5.76567983627319,47857.4446635266,10.31152916,80.3317073170732,2.61279
AUT,2010,5.73625993728638,46611.1393420232,10.31620026,80.5804878048781,2.74321
AUT,2011,5.62787008285522,51116.8953522042,10.1370182,80.9829268292683,2.68567
AUT,2012,5.51612997055054,48250.4059142637,10.30198097,80.9365853658537,2.93372
AUT,2013,5.59404993057251,50305.3545774973,10.40574837,81.1365853658537,2.97993
AUT,2014,5.49767017364502,51314.9722616322,10.51159096,81.490243902439,3.11263
AUT,2015,5.49143981933594,43915.228020857,10.51688385,81.190243902439,3.06917
AUT,2016,5.50954008102417,45061.4993920192,10.51713753,81.6414634146342,3.13356
AUT,2017,5.40181016921997,47163.7425775142,10.57132816,81.6439024390244,3.07376
AUT,2018,5.25437021255493,51194.0749841299,10.5157156,81.6926829268293,3.10828
AUT,2019,5.23678016662598,49885.9947355204,10.62530422,81.8951219512195,3.14405
AUT,2020,5.57961988449097,48716.4098900349,11.41292953,81.1926829268293,3.20758
AUT,2021,5.48071002960205,53648.6437976214,12.185215,81.190243902439,3.25565
AUT,2022,5.27749013900757,52336.7725223758,11.22519779,81.2951219512195,3.17775
AUT,2023,,56579.504175468,11.15297318,81.7926829268293,3.25517
AUT,2024,,58268.8787651601,11.8325634,81.9951219512195,
BEL,1995,2.98866009712219,28413.8264387368,,76.8407317073171,
BEL,1996,3.04948997497559,27489.5551770488,,77.1873170731707,1.74299
BEL,1997,,24820.9380503896,,77.3707317073171,1.80971
BEL,1998,,25338.4432934904,,77.4731707317073,1.83825
BEL,1999,,25252.8019066564,,77.619512195122,1.90564
BEL,2000,,23098.8865077401,7.99917603,77.7219512195122,1.9362
BEL,2001,,23015.0712632462,8.14988899,77.9731707317073,2.03279
BEL,2002,,25006.191397109,8.3182106,78.0756097560976,1.90325
BEL,2003,,30655.2092679024,9.18925285,78.1292682926829,1.8412
BEL,2004,,35429.4077933344,9.35496902,78.8780487804878,1.8205
BEL,2005,5.79584980010986,36809.7013403619,9.25018311,78.9804878048781,1.7906
BEL,2006,,38705.1067959147,9.1325655,79.380487804878,1.82269
BEL,2007,,44319.165448813,9.1392889,79.7829268292683,1.84999
BEL,2008,6.33294010162354,48303.397956286,9.60036659,79.6804878048781,1.93684
BEL,2009,6.43465995788574,44923.3400135081,10.54393387,80.0341463414634,1.99134
BEL,2010,6.44078016281128,44197.393671162,10.41325188,80.1829268292683,2.0613
BEL,2011,6.38481998443604,47760.8298776546,10.41302204,80.5853658536585,2.15739
BEL,2012,6.56625986099243,44874.1709182123,10.5865345,80.3853658536585,2.27079
BEL,2013,6.60135984420776,46964.5946777056,10.63787556,80.5878048780488,2.32047
BEL,2014,6.55866003036499,47995.7786961339,10.62032604,81.2878048780488,2.35858
BEL,2015,6.46963977813721,40893.804537772,10.88387299,80.9926829268293,2.43496
BEL,2016,6.48613023757935,41854.5498296444,10.89833736,81.4390243902439,2.53291
BEL,2017,6.44915008544922,44035.3239358548,10.94042683,81.4926829268293,2.67654
BEL,2018,6.38883018493652,47487.2100392561,10.9937973,81.5951219512195,2.86365
BEL,2019,6.32381010055542,46716.6227467964,10.85831451,81.9951219512195,3.15154
BEL,2020,6.75470018386841,45906.2875805246,11.46253014,80.6951219512195,3.36823
BEL,2021,6.38081979751587,51658.238294958,11.28825092,81.790243902439,3.40589
BEL,2022,6.27611017227173,50605.7496677086,10.73976326,81.7487804878049,3.19592
BEL,2023,,55291.4754541329,10.80371571,82.4,3.27235
BEL,2024,,56614.5679499036,,82.3,
BRA,1995,4.56816005706787,4756.75013552302,,67.701,
BRA,1996,,5179.13052009976,,68.108,
BRA,1997,,5299.39794248133,,68.505,
BRA,1998,4.75666999816895,5105.89246192003,,68.848,
BRA,1999,3.80062007904053,3493.57192043228,,69.211,
BRA,2000,3.94893002510071,3766.54786339835,8.33457184,69.584,1.04752
BRA,2001,3.84467005729675,3176.28975052524,8.54963303,69.98,1.06197
BRA,2002,3.75037002563477,2855.94017137049,8.69686985,70.396,1.00967
BRA,2003,,3090.6068907839,8.18899441,70.884,0.99939
BRA,2004,3.97448992729187,3663.82262497811,8.12491989,71.361,0.96343
BRA,2005,4.47909021377563,4827.78165890291,8.03539562,71.832,1.00247
BRA,2006,4.87060022354126,5934.14561857454,8.24952507,72.296,0.98807
BRA,2007,4.97426986694336,7409.69003822861,8.20182991,72.73,1.08138
BRA,2008,5.26884984970093,8908.33338467948,8.01128483,73.111,1.12904
BRA,2009,5.46355009078979,8678.6584730653,8.39480495,73.457,1.11866
BRA,2010,5.64879989624023,11403.2840038694,7.94516611,73.779,1.15992
BRA,2011,5.73741006851196,13396.6263158041,7.78819132,74.047,1.13966
BRA,2012,5.85510015487671,12521.7238454434,7.73637724,74.335,1.12684
BRA,2013,5.8388500213623,12458.8903396625,7.9766016,74.609,1.19567
BRA,2014,5.94848012924194,12274.9941630213,8.39644146,74.823,1.26971
BRA,2015,6.24105978012085,8936.1955889444,8.90929985,75.106,1.28464
BRA,2016,6.31403017044067,8836.28546025694,9.16901684,75.081,1.19584
BRA,2017,6.32047986984253,10080.5078722821,9.47125053,75.383,1.1175
BRA,2018,6.08851003646851,9300.66072904004,9.46475029,75.633,1.15016
BRA,2019,5.96346998214722,9029.83304401079,9.61449146,75.809,1.15115
BRA,2020,5.7714900970459,7074.19407495707,9.62326527,74.506,1.21907
BRA,2021,5.4969801902771,7972.53696080695,9.63646507,73.038,1.13371
BRA,2022,5.61920976638794,9281.33282136864,9.38739491,74.872,1.18873
BRA,2023,,10377.5897719195,9.73092747,75.848,1.1938
BRA,2024,,10310.5488778166,,76.023,
CAN,1995,6.30476999282837,20679.634792669,,77.9773170731707,
CAN,1996,,21296.9723536904,,78.220243902439,1.60682
CAN,1997,,21901.5628548392,,78.4124390243903,1.61386
CAN,1998,5.49377012252808,21024.5850687045,,78.6236585365854,1.71051
CAN,1999,5.53079986572266,22315.2466731545,,78.8390243902439,1.74984
CAN,2000,5.42330980300903,24271.0020563821,8.24808502,79.1668292682927,1.85849
CAN,2001,4.95304012298584,23822.096210932,8.62476349,79.3980487804878,2.02116
CAN,2002,4.99306011199951,24256.0192337185,8.85665226,79.5307317073171,1.9717
CAN,2003,,28301.8645937428,9.01086521,79.7151219512195,1.96782
CAN,2004,,32145.5412620217,9.06623363,79.9921951219512,1.99735
CAN,2005,4.76589012145996,36383.6600068095,9.03529835,80.1126829268293,1.97127
CAN,2006,,40504.0370977806,9.33188725,80.5436585365854,1.94304
CAN,2007,4.76642990112305,44660.0838892281,9.4346962,80.5436585365854,1.90358
CAN,2008,4.62612009048462,46710.2526864484,9.59427929,80.7246341463415,1.85578
CAN,2009,4.84057998657227,40874.8831932903,10.70402527,81.0660975609756,1.91742
CAN,2010,5.35637998580933,47560.6666009406,10.70066547,81.3221951219512,1.82504
CAN,2011,5.26204013824463,52223.8588398531,10.40518665,81.4826829268293,1.78714
CAN,2012,,52670.3447335415,10.5407114,81.6636585365854,1.77303
CAN,2013,4.58899021148682,52638.1187235237,10.43559265,81.7448780487805,1.70624
CAN,2014,4.84358978271484,50960.8431174661,10.28115654,81.7843902439025,1.71482
CAN,2015,4.73936986923218,43594.1941045394,10.76397896,81.8258536585366,1.6936
CAN,2016,4.81642007827759,42314.0615817218,11.05626965,81.94,1.72903
CAN,2017,4.95998001098633,45129.628116623,10.9242115,81.8078048780488,1.68702
CAN,2018,4.88898992538452,46539.1761570405,10.92262077,81.8036585365854,1.7372
CAN,2019,4.77293014526367,46352.8693445211,11.04823494,82.1585365853659,1.75578
CAN,2020,4.88794994354248,43537.839298904,13.01732922,81.53,1.93413
CAN,2021,4.74858999252319,52886.6616372703,12.38106632,81.4514634146342,1.87064
CAN,2022,4.84426021575928,56256.8007264015,11.08119678,81.0948780487805,1.81291
CAN,2023,,54220.3285039875,11.18692875,81.6263414634146,1.81048
CAN,2024,,54340.3477224733,11.3095665,82.1080487804878,1.7908
CHE,1995,4.9128999710083,50113.8321221345,,78.4170731707317,
CHE,1996,4.92260980606079,48092.6433036512,,78.8960975609756,2.37649
CHE,1997,,41584.441782159,,79.079512195122,
CHE,1998,4.75152015686035,42680.5867322391,,79.3243902439025,
CHE,1999,4.75953006744385,41695.6912912021,,79.580487804878,
CHE,2000,4.65878009796143,38865.021939688,9.13442421,79.6804878048781,2.26386
CHE,2001,4.82218980789185,39638.7911061864,9.46040058,80.1804878048781,
CHE,2002,5.17882013320923,42458.7384679187,9.88000107,80.3853658536585,
CHE,2003,5.38400983810425,49335.7456291067,10.13696766,80.5365853658537,
CHE,2004,5.3142900466919,54659.4571488233,10.22576523,81.0878048780488,2.60818
CHE,2005,5.08472013473511,56242.8933645639,10.05823421,81.2365853658537,
CHE,2006,4.84120988845825,59011.0324592016,9.5802002,81.490243902439,
CHE,2007,4.58396005630493,64989.1553256031,9.41693783,81.7414634146342,
CHE,2008,4.75724983215332,74175.1927898555,9.53167725,81.9926829268293,2.65296
CHE,2009,4.92561006546021,71568.3123885672,10.1415062,82.0439024390244,
CHE,2010,4.80210018157959,76531.3729407691,9.9907856,82.2463414634147,
CHE,2011,4.85663986206055,90476.7589651577,10.10393143,82.6951219512195,
CHE,2012,4.89862012863159,85836.2076767359,10.33511066,82.6975609756098,2.87456
CHE,2013,4.91392993927002,87304.3305813557,10.59444523,82.7975609756098,
CHE,2014,4.93057012557983,88724.9909402638,10.6751194,83.1975609756098,
CHE,2015,4.99560022354126,83806.4476003837,10.97983074,82.8975609756098,3.04577
CHE,2016,4.98164987564087,82153.0745447889,11.20248795,83.6024390243903,
CHE,2017,5.01765012741089,82254.3769269767,11.37471581,83.5512195121951,3.04671
CHE,2018,4.9300799369812,85217.3691512274,11.19891071,83.7536585365854,
CHE,2019,5.01438999176025,84121.9310304414,11.42588997,83.9048780487805,3.14983
CHE,2020,5.27676010131836,85897.7843338323,11.98960876,83.0,
CHE,2021,5.02535009384155,93664.7736696111,11.95855618,83.7512195121951,3.24862
CHE,2022,4.86427021026611,94394.5106803525,11.59911823,83.6048780487805,
CHE,2023,,100623.549627296,11.69096088,84.1560975609756,3.22178
CHE,2024,,103998.186685604,,84.4073170731707,
CHN,1995,1.83266997337341,612.680277898627,,70.363,
CHN,1996,1.84320998191833,713.337387811657,,70.823,0.56014
CHN,1997,,786.743548510999,,71.227,0.63467
CHN,1998,1.82997000217438,835.095348597432,,71.601,0.64185
CHN,1999,1.87120997905731,881.146614068925,,71.952,0.74295
CHN,2000,,969.199513696287,4.4535861,72.288,0.88409
CHN,2001,,1065.40597574519,4.19752026,72.675,0.92948
CHN,2002,,1163.55957673426,4.32156181,73.034,1.04418
CHN,2003,,1306.97245408557,4.35460472,73.385,1.10465
CHN,2004,,1530.92726215723,4.22949076,73.727,1.19732
CHN,2005,,1777.64496828464,4.11230803,74.085,1.29008
CHN,2006,,2129.25696999613,3.88655019,74.404,1.34923
CHN,2007,,2734.72709877693,3.61737728,74.789,1.35321
CHN,2008,,3523.44302065213,3.83627748,74.833,1.4233
CHN,2009,,3898.24459158811,4.27631998,75.317,1.6366
CHN,2010,,4629.24551710077,4.15821123,75.668,1.68456
CHN,2011,,5703.76027973346,4.26719379,75.889,1.75244
CHN,2012,,6405.0574241349,4.49046612,76.2,1.88095
CHN,2013,,7147.03518622344,4.63882637,76.452,1.96246
CHN,2014,,7781.06597484974,4.69880247,76.714,1.98475
CHN,2015,,8175.33285077393,4.85367584,76.975,2.01703
CHN,2016,,8254.86859320357,4.88338089,77.214,2.0595
CHN,2017,,8979.67652709856,4.9695034,77.235,2.07771
CHN,2018,,10085.6638148819,5.06933308,77.709,2.10232
CHN,2019,,10342.9009524335,5.26516867,77.94,2.20144
CHN,2020,,10627.4637989619,5.50441837,78.019,2.35712
CHN,2021,,12887.4357242941,5.25590324,78.117,2.38165
CHN,2022,,12970.6056414327,5.88078785,78.202,2.4945
CHN,2023,3.89714002609253,12951.1782397043,5.94388866,77.953,2.57729
CHN,2024,,13303.1481543868,,78.017,
COL,1995,,2583.66576349858,,69.81,
COL,1996,,2664.64056059983,,70.209,
COL,1997,,2873.2814350993,,70.632,
COL,1998,3.92645001411438,2604.87166959518,,70.924,
COL,1999,4.44080018997192,2241.22911801216,,70.913,
COL,2000,3.5112099647522,2555.00751039968,5.63529348,70.905,0.13106
COL,2001,3.70867991447449,2472.99084035833,5.94238281,71.185,0.1329
COL,2002,4.26812982559204,2428.92969771584,5.73296595,71.537,0.15559
COL,2003,4.32513999938965,2311.94218760291,5.77505445,72.309,0.17398
COL,2004,4.07934999465942,2818.57195413044,5.79892111,72.76,0.16964
COL,2005,4.02098989486694,3456.06610874512,6.06710577,73.156,0.16557
COL,2006,3.91671991348267,3789.85361217027,6.33546638,73.497,0.16427
COL,2007,4.08301019668579,4769.926147194,6.49102163,73.751,0.18307
COL,2008,3.9387800693512,5541.83629665898,6.84192181,74.206,0.19541
COL,2009,4.77651977539062,5250.97292433518,7.31134558,74.531,0.19351
COL,2010,4.83382987976074,6398.2958447102,7.07130194,74.876,0.19358
COL,2011,4.46608018875122,7400.9940695669,6.78076792,75.18,0.19842
COL,2012,4.37038993835449,8108.59838244229,6.74601603,75.611,0.22116
COL,2013,4.87855005264282,8279.10255642981,7.01724052,75.834,0.25761
COL,2014,4.62945985794067,8187.20824890084,7.18553209,75.95,0.30317
COL,2015,4.47038984298706,6248.51490534512,7.52338505,76.067,0.36542
COL,2016,4.47721004486084,5959.84250367574,7.53117037,76.228,0.27051
COL,2017,4.53551006317139,6479.53231292429,7.67864323,76.418,0.26109
COL,2018,4.44910001754761,6816.96818309544,7.71777487,76.579,0.31233
COL,2019,4.51068019866943,6472.54544924705,7.83404827,76.793,0.32201
COL,2020,5.26166009902954,5339.68711357943,8.69751263,74.757,0.2894
COL,2021,,6222.62164397614,9.14150524,72.698,
COL,2022,,6680.44506854481,7.59037256,76.508,
COL,2023,,7000.83660501046,8.15838146,77.725,
COL,2024,,7919.20886825345,8.14139366,77.913,
CZE,1995,4.48584985733032,5865.29460556726,,73.0748780487805,
CZE,1996,4.2188401222229,6573.19643136362,,73.7146341463415,0.88366
CZE,1997,,6069.38762357837,,73.8248780487805,0.98251
CZE,1998,3.55989003181458,6526.59635780951,,74.5146341463415,1.05423
CZE,1999,3.64439988136292,6377.6211077224,,74.6682926829268,1.04295
CZE,2000,3.61999011039734,6062.92152842793,5.66916943,74.9682926829268,1.10377
CZE,2001,3.71491003036499,6669.07494847497,5.83479309,75.1731707317073,1.09343
CZE,2002,3.9390299320221,8101.26018588111,6.14656258,75.2219512195122,1.09272
CZE,2003,4.10311985015869,9852.45677945801,6.50168419,75.1707317073171,1.13817
CZE,2004,3.98130011558533,11782.5546676117,6.33308411,75.7219512195122,1.13619
CZE,2005,3.86250996589661,13442.4916284309,6.33529043,75.9243902439025,1.15998
CZE,2006,4.19625997543335,15259.0788162004,6.16489983,76.5243902439024,1.22564
CZE,2007,3.85006999969482,18452.6532812196,5.99029112,76.7243902439025,1.2967
CZE,2008,3.73207998275757,22774.7045076205,6.33855247,76.9756097560976,1.2352
CZE,2009,4.1553201675415,19817.4215836554,7.2650013,77.0780487804878,1.28943
CZE,2010,3.99341988563538,20160.4355077059,7.47836781,77.4243902439025,1.31352
CZE,2011,4.20787000656128,22049.1080788682,7.47281456,77.8731707317073,1.5323
CZE,2012,4.19049978256226,20014.0354015165,7.53974962,78.0756097560976,1.757
CZE,2013,4.02132987976074,20260.4954999375,7.44831276,78.1756097560976,1.86743
CZE,2014,3.93603992462158,20038.4163180257,7.53919601,78.8243902439024,1.94392
CZE,2015,5.71913003921509,17931.5987670768,7.29346752,78.5780487804878,1.906
CZE,2016,5.50080013275146,18753.9686718096,7.32258606,79.0268292682927,1.65411
CZE,2017,3.75574994087219,20913.197632212,7.24190664,78.9780487804878,1.74513
CZE,2018,4.21541023254395,23705.9329811299,7.37173605,79.0292682926829,1.87652
CZE,2019,4.46737003326416,24062.7190013343,7.48754358,79.2292682926829,1.89547
CZE,2020,4.62503004074097,23472.8915454417,8.96995831,78.2268292682927,1.94537
CZE,2021,4.65163993835449,27696.4619527544,9.15420723,77.2219512195122,1.93302
CZE,2022,4.30291986465454,28282.2236715857,8.47063065,78.9292682926829,1.89089
CZE,2023,,31761.5944102491,8.42677402,79.8268292682927,1.83369
CZE,2024,,31823.3078290564,8.50710297,79.9780487804878,
DEU,1995,4.41835021972656,31747.2449398447,,76.4219512195122,
DEU,1996,4.47798013687134,30599.7891048363,,76.6731707317073,2.13663
DEU,1997,,27046.9565464237,,77.0731707317073,2.18161
DEU,1998,4.44445991516113,27395.9440608051,,77.4756097560976,2.20748
DEU,1999,,26965.4922773722,,77.7268292682927,2.32772
DEU,2000,,23925.8559901991,9.75930405,77.9268292682927,2.38654
DEU,2001,,23878.3641471651,9.78105545,78.3292682926829,2.3792
DEU,2002,,25486.5942008748,10.028965,78.2292682926829,2.40856
DEU,2003,,30711.1022511331,10.22255325,78.3804878048781,2.44232
DEU,2004,,34566.7359143735,9.97466278,78.6804878048781,2.40278
DEU,2005,,35084.4363546269,10.1068058,78.9317073170732,2.40266
DEU,2006,,36980.3349948954,9.96236897,79.1317073170732,2.43043
DEU,2007,,42350.9217211489,9.83482933,79.5341463414634,2.41918
DEU,2008,4.47337007522583,46379.1647953479,10.03185749,79.7365853658537,2.57152
DEU,2009,,42471.8868625226,10.97003078,79.8365853658537,2.68864
DEU,2010,4.99525022506714,42396.9665976293,10.8311739,79.9878048780488,2.67632
DEU,2011,4.88583993911743,47630.9761883572,10.52106953,80.4365853658537,2.75016
DEU,2012,4.83153009414673,44718.0159214069,10.59356213,80.5390243902439,2.82499
DEU,2013,4.83911991119385,47206.8353514242,10.7432127,80.490243902439,2.78067
DEU,2014,4.82582998275757,48959.5991203133,10.76819706,81.090243902439,2.82218
DEU,2015,4.76157999038696,41929.7549110722,10.92317677,80.6414634146341,2.87725
DEU,2016,4.76321983337402,42948.9381932694,10.97133732,80.990243902439,2.88393
DEU,2017,4.77830982208252,45553.9341495339,11.05091095,80.9926829268293,2.9886
DEU,2018,4.88401985168457,48916.1686612154,11.18380833,80.8926829268293,3.05057
DEU,2019,5.02757978439331,47656.199739747,11.42805386,81.2926829268293,3.11256
DEU,2020,5.51600980758667,47394.8734504469,12.46780777,81.0414634146342,3.0897
DEU,2021,5.36734008789062,52349.2459994422,12.72403336,80.790243902439,3.0786
DEU,2022,5.23916006088257,50506.5179638543,12.44708347,80.6080487804878,3.07096
DEU,2023,,54776.7668235491,11.74428654,81.0414634146342,3.1539
DEU,2024,,56103.7323182554,12.26655293,80.7926829268293,
DNK,1995,7.4773998260498,35321.0980773087,,75.2126829268293,
DNK,1996,7.89128017425537,35621.9878051732,,75.5914634146342,1.80812
DNK,1997,,32779.879045297,,75.9451219512195,1.89238
DNK,1998,8.11200046539307,33346.4884298957,,76.1390243902439,2.00749
DNK,1999,7.93461990356445,33426.2381077405,,76.3414634146341,2.12857
DNK,2000,8.09002017974854,30722.0251837567,8.11006165,76.5926829268293,2.18774
DNK,2001,8.21092987060547,30768.4775471112,8.44370651,76.7926829268293,2.32339
DNK,2002,8.20600032806396,33257.1622586509,8.69506168,76.8951219512195,2.43935
DNK,2003,8.10986042022705,40519.0974905924,8.89037418,77.1439024390244,2.50711
DNK,2004,8.1876802444458,46625.050098011,8.98551464,77.4926829268293,2.41328
DNK,2005,8.06474018096924,48925.8076698784,9.06716251,77.8439024390244,2.38721
DNK,2006,7.71623992919922,52119.1787984282,9.15257931,78.0951219512195,2.39875
DNK,2007,7.59683990478516,58631.6566433635,9.30215549,78.1951219512195,2.50921
DNK,2008,7.441969871521,64616.6657583663,9.46797943,78.4463414634146,2.76081
DNK,2009,8.41279029846191,58412.7472358513,10.62873173,78.5975609756098,3.04209
DNK,2010,8.55023002624512,58104.5445594981,10.59621811,79.1,2.91389
DNK,2011,8.47716045379639,61809.737898222,10.39758492,79.8,2.94198
DNK,2012,7.24570989608765,58443.7747103968,10.53344631,80.0512195121951,2.9845
DNK,2013,8.46860980987549,61377.5940590412,10.29778957,80.3,2.96145
DNK,2014,7.63833999633789,62520.4509747011,10.31388664,80.7,2.91543
DNK,2015,,53094.0133607574,10.3754549,80.7024390243902,3.06422
DNK,2016,7.71534013748169,54500.9260410217,10.28229332,80.8536585365854,3.10209
DNK,2017,7.3700098991394,57521.5514992225,10.1137991,81.1024390243903,2.93576
DNK,2018,7.32747983932495,61324.7665045565,10.14163208,80.9536585365854,2.97895
DNK,2019,7.27585983276367,59404.2663247723,10.18468761,81.4512195121951,2.90605
DNK,2020,7.38574981689453,60985.4885601514,10.69237614,81.6024390243903,2.96533
DNK,2021,6.95915985107422,69340.7334922138,10.65575886,81.4048780487805,2.74323
DNK,2022,6.35586023330688,67781.0940939514,9.47411346,81.3048780487805,2.86709
DNK,2023,,68043.5466971243,9.5572958,81.7536585365854,3.04841
DNK,2024,,71026.4832271897,9.38812923,82.2536585365854,
EGY,1995,4.60400009155273,916.326617700876,,65.214,
EGY,1996,4.67156982421875,1008.97637629447,,65.733,0.2126
EGY,1997,,1146.20172117634,,66.207,0.19756
EGY,1998,,1212.82259820477,,66.635,0.1991
EGY,1999,,1268.30949160496,,67.01,0.18651
EGY,2000,,1366.09274372613,4.92244291,67.332,0.19247
EGY,2001,,1295.1374184163,5.40030336,67.612,
EGY,2002,,1116.82884626213,5.5107379,67.846,
EGY,2003,4.94563007354736,1031.27556291284,5.2242527,68.045,
EGY,2004,4.67072010040283,991.255689145253,4.85732365,68.211,0.26994
EGY,2005,4.79442977905273,1105.53920713903,4.92229176,68.355,0.24141
EGY,2006,4.00178003311157,1298.97900203124,4.84190083,68.493,0.25903
EGY,2007,3.68460988998413,1547.74170735909,4.44493246,68.627,0.2551
EGY,2008,3.76082992553711,1896.21594269779,4.46634817,68.761,0.27024
EGY,2009,,2161.63964573927,4.37870932,68.915,0.43312
EGY,2010,,2455.08194645282,4.15319157,69.078,0.43345
EGY,2011,,2590.64384891965,4.35707569,69.232,0.53154
EGY,2012,,2996.0677072015,4.45891809,69.464,0.50899
EGY,2013,,3025.52563552448,4.6710043,69.632,0.63895
EGY,2014,,3133.39102265541,4.77415323,69.911,0.63649
EGY,2015,,3306.98159414141,5.06153202,70.135,0.71858
EGY,2016,,3270.6287768197,5.07462406,70.437,0.70848
EGY,2017,,2395.10333299491,5.34661913,70.709,0.64486
EGY,2018,,2484.70315630508,4.74892998,70.974,0.68839
EGY,2019,,2962.98892023003,4.5994668,71.213,0.79617
EGY,2020,,3511.11381026379,4.15384626,69.79,0.91564
EGY,2021,,3827.35415374308,4.60955143,68.976,0.91175
EGY,2022,,4233.30783744856,4.72362804,71.01,1.01968
EGY,2023,,3456.78968456253,4.88449335,71.633,1.03356
EGY,2024,,3338.47371395895,,71.806,1.01757
ESP,1995,4.43779993057251,15460.9110266653,,77.9807317073171,
ESP,1996,4.45979976654053,16100.6215831114,,78.1204878048781,0.78795
ESP,1997,,14722.3717633536,,78.6041463414634,0.77825
ESP,1998,4.29121017456055,15382.3348573373,,78.6658536585366,0.8487
ESP,1999,4.26387977600098,15707.9473068138,,78.7170731707317,0.83921
ESP,2000,4.16786003112793,14743.2671031455,6.80217838,78.9658536585366,0.88315
ESP,2001,4.11147022247315,15368.2337984435,6.76929569,79.3682926829268,0.88838
ESP,2002,4.13351011276245,17111.0685058941,6.79878616,79.5682926829268,0.95947
ESP,2003,4.17126989364624,21522.0170990262,7.59223175,79.619512195122,1.0232
ESP,2004,4.15485000610352,24925.0267844576,7.68447876,79.8707317073171,1.04013
ESP,2005,4.14090013504028,26450.9530130382,7.77807474,80.1707317073171,1.09866
ESP,2006,4.17999982833862,28421.686527407,7.87072468,80.8219512195122,1.17567
ESP,2007,4.24615001678467,32652.015594702,7.96241188,80.8731707317073,1.23823
ESP,2008,4.51630020141602,35603.248328071,8.4290638,81.1756097560976,1.32156
ESP,2009,4.89520978927612,32279.8208476151,9.1530304,81.4756097560976,1.35898
ESP,2010,4.83606004714966,30658.7422282912,9.16992569,81.6268292682927,1.35436
ESP,2011,4.71897983551025,31824.6219134777,9.21749687,82.4756097560976,1.32726
ESP,2012,4.46012020111084,28456.4438151477,9.2189045,82.4268292682927,1.29268
ESP,2013,4.32852983474731,29228.846559842,9.13714981,83.0780487804878,1.26864
ESP,2014,4.27524995803833,29707.765509467,9.1512289,83.2292682926829,1.23401
ESP,2015,4.24903011322021,25982.4416197775,9.17553329,82.8317073170732,1.21165
ESP,2016,4.19327020645142,26755.6061149398,8.88084984,83.3292682926829,1.1808
ESP,2017,4.17846012115479,28381.3425596906,9.0217495,83.2829268292683,1.20198
ESP,2018,4.15045022964478,30602.4212881113,9.07122517,83.4317073170732,1.23288
ESP,2019,4.20255994796753,29786.5245689007,9.21539497,83.8317073170732,1.24207
ESP,2020,4.85118007659912,27233.9426461608,10.79479218,82.2317073170732,1.39637
ESP,2021,4.81316995620728,30799.4775937775,10.34419918,83.1780487804878,1.39617
ESP,2022,4.58553981781006,30319.4987196616,9.6799593,83.1341463414634,1.40684
ESP,2023,,33493.2225409111,9.2206583,83.9341463414634,1.49362
ESP,2024,,35326.7683069278,,83.8878048780488,
FIN,1995,6.81648015975952,26246.2743214462,,76.409512195122,
FIN,1996,6.86610984802246,25756.6777073618,,76.6934146341464,2.45511
FIN,1997,,24682.29083271,,76.8785365853659,2.6226
FIN,1998,,25999.9861694953,,77.0907317073171,2.78542
FIN,1999,5.87123012542725,26180.4128562349,,77.2912195121951,3.05687
FIN,2000,5.71163988113403,24335.9225082659,7.09544373,77.4658536585366,3.24271
FIN,2001,5.84084987640381,24965.202996776,7.25165653,77.9658536585366,3.19405
FIN,2002,6.01865005493164,26989.389260959,7.63005877,78.119512195122,3.25409
FIN,2003,6.168869972229,32920.0857192568,7.93988276,78.3682926829268,3.29898
FIN,2004,6.15823984146118,37768.1334202029,8.05999184,78.7146341463415,3.30943
FIN,2005,6.02582979202271,39049.8703780223,8.28901291,78.8170731707317,3.32412
FIN,2006,5.92960977554321,41214.0187765069,8.2858429,79.2146341463415,3.33285
FIN,2007,5.67164993286133,48473.0240091455,8.08415604,79.2634146341464,3.33727
FIN,2008,5.83046007156372,53769.4726240385,8.34362221,79.5682926829268,3.53719
FIN,2009,6.45998001098633,47478.3495310999,9.16182804,79.719512195122,3.73427
FIN,2010,6.504310131073,46506.2919016566,9.14183331,79.8707317073171,3.70524
FIN,2011,6.45624017715454,51060.3242589767,9.23903561,80.4707317073171,3.62434
FIN,2012,7.1715497970581,47551.6740841369,9.61732101,80.6268292682927,3.4095
FIN,2013,7.15288019180298,49691.0145200739,9.84504986,80.9756097560976,3.28462
FIN,2014,7.13832998275757,50073.7760815871,9.83066177,81.1804878048781,3.16344
FIN,2015,7.07199001312256,42560.3456767103,9.69998264,81.4804878048781,2.88826
FIN,2016,6.90873003005981,43451.2562442158,9.45625591,81.4292682926829,2.74716
FIN,2017,6.40826988220215,46085.0174739036,9.19148445,81.6317073170732,2.74723
FIN,2018,6.31771993637085,49654.2497035329,9.10587025,81.7341463414634,2.77601
FIN,2019,6.45300006866455,48358.1807773701,9.22295189,81.9829268292683,2.81534
FIN,2020,6.6812801361084,48828.6846862799,9.69977188,81.9317073170732,2.93278
FIN,2021,6.58820009231567,53099.1351400148,9.90969753,81.8853658536585,3.01133
FIN,2022,6.37578010559082,50440.560224974,9.74152565,81.1878048780488,2.982
FIN,2023,,52834.2916752703,10.47389507,81.5853658536585,3.0938
FIN,2024,,53149.7671934051,,82.3365853658537,
FRA,1995,5.8120698928833,26791.8151982369,,77.7512195121951,
FRA,1996,5.78116989135742,26757.6351494145,,77.9536585365854,2.23224
FRA,1997,,24169.4008102822,,78.3048780487805,2.15216
FRA,1998,5.71147012710571,24869.4030795939,,78.6048780487805,2.10343
FRA,1999,,24576.3152254528,,78.7560975609756,2.1165
FRA,2000,,22340.5939516217,9.61744022,79.0560975609756,2.10066
FRA,2001,,22331.7948343036,9.75719261,79.1585365853659,2.1494
FRA,2002,,24144.5727019529,10.08250141,79.2609756097561,2.18758
FRA,2003,,29479.5222101175,10.13474941,79.1146341463415,2.13086
FRA,2004,,33644.9282220364,10.2117033,80.1634146341463,2.10438
FRA,2005,,34696.3718316971,10.23720551,80.1634146341463,2.05599
FRA,2006,,36431.5658906555,10.39764977,80.8121951219512,2.05331
FRA,2007,,41486.1907828787,10.33418846,81.1121951219512,2.02815
FRA,2008,,45464.8181385158,10.51340675,81.2146341463415,2.06363
FRA,2009,,41728.0884164132,11.29095459,81.4146341463415,2.21273
FRA,2010,,40694.8211697025,11.22430801,81.6634146341463,2.17771
FRA,2011,,43929.7840873812,11.17601013,82.1146341463415,2.18761
FRA,2012,,40863.5814412333,11.33749485,81.9682926829268,2.22761
FRA,2013,,42669.1795111893,11.37891197,82.219512195122,2.23369
FRA,2014,,43148.0459288416,11.57935429,82.719512195122,2.27173
FRA,2015,,36702.4323733379,11.50032997,82.3219512195122,2.22401
FRA,2016,,37024.2157133669,11.57036018,82.5731707317073,2.22468
FRA,2017,5.46482992172241,38687.1626407164,11.44944572,82.5756097560976,2.20422
FRA,2018,5.42540979385376,41418.1766484844,11.30847645,82.6756097560976,2.20407
FRA,2019,5.36638021469116,40408.2848574751,11.17058277,82.8268292682927,2.19668
FRA,2020,5.65871000289917,39169.8606000707,12.12949371,82.1756097560976,2.2742
FRA,2021,5.41743993759155,43725.0999521245,12.24894238,82.3243902439024,2.21278
FRA,2022,5.32434988021851,40988.6396406579,11.82888794,82.1292682926829,2.21937
FRA,2023,,44700.1384177544,11.51974583,82.8317073170732,2.17832
FRA,2024,,46103.0840855884,11.53530598,82.9804878048781,
GBR,1995,4.83926010131836,23252.6157127423,,76.8365853658537,
GBR,1996,4.37826013565063,24503.3829602903,,77.0878048780488,1.5754
GBR,1997,,26910.1381529902,,77.2109756097561,1.53729
GBR,1998,4.20707988739014,28396.3523548013,,77.190243902439,1.54777
GBR,1999,3.988450050354,28858.0065333126,,77.390243902439,1.62268
GBR,2000,4.01820993423462,28383.8761094996,7.14559078,77.7414634146342,1.60963
GBR,2001,4.1001501083374,28013.8729635508,7.43276882,77.9926829268293,1.59544
GBR,2002,4.61190986633301,30158.7017807858,7.85946798,78.1439024390244,1.61383
GBR,2003,4.8012900352478,34556.7726095905,8.05214596,78.4463414634146,1.58131
GBR,2004,4.73555994033813,40504.4118103928,8.32219028,78.7463414634146,1.53089
GBR,2005,4.92975997924805,42240.2462987547,8.38108349,79.0487804878049,1.55004
GBR,2006,4.97648000717163,44695.161023424,8.53970814,79.2487804878049,1.57625
GBR,2007,4.9244499206543,50629.0799172887,8.76035309,79.4487804878049,1.6183
GBR,2008,4.90972995758057,47652.4030691881,9.03295708,79.6,1.60901
GBR,2009,5.06263017654419,39009.3715547821,9.83944035,80.0512195121951,1.66991
GBR,2010,5.69868993759155,39778.3220528565,9.78799534,80.4024390243902,1.63887
GBR,2011,5.57219982147217,42295.9273835322,9.79682636,80.9512195121951,1.64681
GBR,2012,,42688.3263728372,9.89332199,80.9048780487805,1.57587
GBR,2013,5.52529001235962,43606.9837896348,9.99087143,81.0048780487805,1.62096
GBR,2014,5.60134983062744,47746.2421759562,9.97686195,81.3048780487805,2.26488
GBR,2015,5.55453014373779,45255.3449216209,9.94044876,80.9560975609756,2.27566
GBR,2016,5.42795991897583,41257.9085545556,9.87085724,81.1560975609756,2.32051
GBR,2017,5.45254993438721,40916.8115070354,9.70468903,81.2560975609756,2.32602
GBR,2018,5.20438003540039,43702.9976303165,9.79496574,81.2560975609756,2.70889
GBR,2019,5.26116991043091,43158.7411267323,9.97954082,81.3691219512195,2.6707
GBR,2020,5.43936014175415,40812.6794663879,12.10388088,80.331756097561,2.93993
GBR,2021,5.90681982040405,47691.3768799404,12.08347321,80.6473170731707,2.89968
GBR,2022,,47057.043229179,11.09679794,81.0112195121951,2.75224
GBR,2023,,49944.4702124201,10.99128914,81.2380975609756,2.67614
GBR,2024,,53246.3676145108,11.133358,81.3868536585366,
GRC,1995,,12779.081491606,,77.5853658536585,
GRC,1996,,13432.5262183244,,77.6853658536585,
GRC,1997,,13015.9175046854,,78.1365853658537,0.44268
GRC,1998,2.9923300743103,13022.9648774809,,77.8390243902439,
GRC,1999,3.14823007583618,12742.5404388143,,77.9878048780488,0.59085
GRC,2000,3.35086011886597,11638.2010697215,7.51388931,77.8878048780488,
GRC,2001,3.47308993339539,12156.9572824221,8.24545956,78.3878048780488,0.57753
GRC,2002,3.52255010604858,13782.195640943,8.46998692,78.6414634146341,
GRC,2003,3.52407002449036,18020.612039764,8.68253994,78.8414634146341,0.56163
GRC,2004,3.76059007644653,21449.2552764245,8.30002213,79.0390243902439,0.54073
GRC,2005,4.0549201965332,22054.1315756886,8.76117897,79.2390243902439,0.59224
GRC,2006,,24416.0232970275,8.39596939,79.4390243902439,0.57051
GRC,2007,,28440.7625328955,8.52304935,79.4390243902439,0.58513
GRC,2008,,31695.8331092209,8.948102,79.9390243902439,0.67086
GRC,2009,,29425.4573200263,9.53581333,80.1878048780488,0.63414
GRC,2010,,26653.0488008626,9.61952496,80.3878048780488,0.60491
GRC,2011,,25504.7866510124,9.18577003,80.7317073170732,0.6837
GRC,2012,,21624.346052551,9.04327774,80.6341463414634,0.71953
GRC,2013,,21573.3449762805,8.52183914,81.2853658536585,0.82288
GRC,2014,,21474.7257123892,7.94358587,81.3853658536585,0.84553
GRC,2015,3.68238997459412,17980.7298238137,8.26719952,81.0365853658537,0.9716
GRC,2016,,17919.2426377048,8.45097542,81.3878048780488,1.00556
GRC,2017,3.46778011322021,18631.9930129293,8.11336899,81.2878048780488,1.1492
GRC,2018,3.57626008987427,19873.4015238771,8.07267761,81.7878048780488,1.2066
GRC,2019,3.55062007904053,19335.3602002969,8.11709499,81.6390243902439,1.26236
GRC,2020,,17886.733165236,9.38074493,81.2878048780488,1.48872
GRC,2021,,20654.7001960815,9.03178692,80.0829268292683,1.43353
GRC,2022,3.37547993659973,20886.5243087629,8.44938278,80.7878048780488,1.47714
GRC,2023,,23343.7103964562,8.39367008,81.7365853658537,1.4943
GRC,2024,,24626.1481858973,,81.8390243902439,
HUN,1995,4.8316798210144,4509.41740910077,,69.7917073170732,
HUN,1996,4.31855010986328,4542.0120380978,,70.3287804878049,0.62791
HUN,1997,,4606.0569733295,,70.7024390243902,0.69745
HUN,1998,4.40161991119385,4751.7732430202,,70.5578048780488,0.65606
HUN,1999,4.55900001525879,4801.95949584162,,70.6770731707317,0.67067
HUN,2000,4.8624701499939,4629.91760812548,6.76979256,71.2463414634146,0.78999
HUN,2001,4.92643976211548,5280.94887987063,6.8197937,72.2487804878049,0.91225
HUN,2002,5.17711019515991,6658.04494326809,7.1181159,72.3487804878049,0.98314
HUN,2003,5.79872989654541,8410.09248198479,8.12986469,72.3,0.91985
HUN,2004,5.33301019668579,10291.2694721409,7.76592064,72.6487804878049,0.86077
HUN,2005,5.32539987564087,11212.2046968994,7.99248505,72.6487804878049,0.92043
HUN,2006,5.29485988616943,11478.4891640501,7.78556442,73.0975609756098,0.97835
HUN,2007,5.13725996017456,13934.605460375,7.20719147,73.1512195121951,0.95488
HUN,2008,4.97069978713989,15762.6322515113,7.09275723,73.7024390243903,0.97817
HUN,2009,4.95626020431519,13051.1831777184,7.2366724,73.9048780487805,1.13027
HUN,2010,4.73365020751953,13189.8433874768,7.46420383,74.2073170731707,1.13102
HUN,2011,4.57056999206543,14211.460557822,7.49342251,74.8585365853659,1.18116
HUN,2012,4.15359020233154,12950.1594488143,7.43047714,75.0634146341463,1.25758
HUN,2013,4.19040012359619,13739.4620151401,7.23645353,75.5658536585366,1.38449
HUN,2014,4.59878015518188,14352.501883174,7.04192352,75.7634146341463,1.3437
HUN,2015,4.49287986755371,12782.9412577973,6.8501935,75.5682926829269,1.33884
HUN,2016,4.60210990905762,13215.8605277789,6.96752644,76.0634146341464,1.17645
HUN,2017,4.64034986495972,14736.1668157258,6.73338366,75.8170731707317,1.31498
HUN,2018,4.60567998886108,16605.0570511887,6.55460501,76.0658536585366,1.50196
HUN,2019,4.20140981674194,17012.8598553199,6.24677849,76.3195121951219,1.46473
HUN,2020,4.12265014648438,16386.9308821258,7.230515,75.419512195122,1.58067
HUN,2021,4.65407991409302,19030.628130329,7.33524847,74.0658536585366,1.63327
HUN,2022,3.8011999130249,18428.028825614,6.6474123,75.8682926829268,1.39056
HUN,2023,,22230.6277875187,6.36868954,76.5707317073171,1.37748
HUN,2024,,23292.3263882478,,76.7243902439025,
IDN,1995,1.00434994697571,1011.22614205568,,65.263,
IDN,1996,1.07854998111725,1118.92133024129,,65.465,
IDN,1997,1.07208001613617,1044.60674832472,,65.774,
IDN,1998,,454.877800792123,,65.942,
IDN,1999,,657.268934667018,,66.001,
IDN,2000,,763.711124950924,1.85297656,66.292,0.06769
IDN,2001,2.46003007888794,732.307093405708,2.11850214,66.583,0.04756
IDN,2002,2.64568996429443,881.002913569131,1.98062706,66.954,
IDN,2003,3.21799993515015,1043.2105838671,2.24837184,67.134,
IDN,2004,2.74846005439758,1126.84004447173,2.12002277,65.521,
IDN,2005,2.87281990051269,1238.21447629488,2.53189397,67.531,
IDN,2006,,1558.31562847163,2.61946416,67.664,
IDN,2007,3.04426002502441,1823.21976255073,2.82385564,67.914,
IDN,2008,2.90190005302429,2124.55483920618,2.54842305,68.085,
IDN,2009,3.52513003349304,2218.48541852977,2.62324095,68.267,0.08332
IDN,2010,2.81227993965149,3065.68348377765,2.7908783,68.364,
IDN,2011,3.18944001197815,3579.46442466152,2.98942471,68.629,
IDN,2012,3.40748000144958,3632.27254030331,2.91427088,68.862,
IDN,2013,3.35904002189636,3566.60284506078,2.86934805,69.064,0.0847
IDN,2014,3.28800988197327,3441.06808464008,2.96433568,69.292,
IDN,2015,3.58361005783081,3288.22269725538,2.92428517,69.52,
IDN,2016,1.21023452496964,3521.46943457574,3.02147198,69.733,0.24535
IDN,2017,1.05324382490056,3798.88326174526,2.90417194,69.953,0.23805
IDN,2018,0.994436460846179,3860.95353090726,2.86757827,70.08,0.22632
IDN,2019,0.964399077622927,4106.94856160358,2.87862897,70.349,0.27129
IDN,2020,1.01593221347809,3853.70288774146,3.42067289,68.817,0.28068
IDN,2021,1.03221750658374,4287.17313995098,3.70634937,67.452,
IDN,2022,0.863943349575907,4730.83484836107,2.69389749,70.925,
IDN,2023,1.27517088245674,4876.30774512252,2.70239949,71.146,
IDN,2024,,4925.43048751861,,71.288,
IND,1995,,375.17600537305,,60.63,
IND,1996,,401.046754673579,,61.027,0.63905
IND,1997,3.36137008666992,416.228116203753,,61.439,0.68669
IND,1998,3.57257008552551,413.630864056851,,61.852,0.70378
IND,1999,4.41538000106812,441.927991436397,,62.284,0.72413
IND,2000,4.32480001449585,442.750218937263,4.10568476,62.749,0.75699
IND,2001,,450.357900514128,4.33754253,63.158,0.73591
IND,2002,,469.149928973927,4.31453371,63.649,0.72567
IND,2003,3.61342000961304,544.143133545002,4.07877731,64.086,0.71929
IND,2004,3.35254001617432,624.258826510066,4.02679491,64.484,0.7569
IND,2005,3.18876004219055,710.488080408949,3.85508275,64.939,0.82411
IND,2006,3.14284992218018,801.668353659022,3.66901541,65.373,0.80473
IND,2007,,1021.88707706826,3.58103991,65.803,0.80507
IND,2008,,992.519584923828,3.58856082,66.247,0.85876
IND,2009,3.27824997901917,1094.94974598436,3.54637694,66.7,0.83314
IND,2010,3.377690076828,1347.51939071367,3.33625913,67.162,0.78849
IND,2011,3.79618000984192,1445.46127486037,3.24634218,67.623,0.75502
IND,2012,3.8675000667572,1429.32199520032,3.32935286,68.076,0.74399
IND,2013,3.84467005729675,1432.84397512195,3.74944186,68.499,0.70642
IND,2014,3.89878023242693,1553.88396075118,3.61956549,68.932,0.70158
IND,2015,4.1145601272583,1583.99815907985,3.59565973,69.326,0.6931
IND,2016,4.25406980514526,1707.50892912243,3.50430417,69.709,0.66984
IND,2017,4.30543994903565,1950.10468280866,2.93597651,70.068,0.66603
IND,2018,4.36374998092651,1966.25455171679,2.8584938,70.415,0.66001
IND,2019,3.89732003211975,2041.42863698585,2.95299792,70.746,0.65942
IND,2020,4.29335021972656,1907.04251637669,3.34146094,70.156,0.64558
IND,2021,4.62949991226196,2239.61384367482,3.34680939,67.282,
IND,2022,4.09865814174589,2347.44829434623,3.39623499,71.698,
IND,2023,,2530.12031278204,3.33944035,72.003,
IND,2024,,2694.73780859961,,72.235,
IRL,1995,4.87162017822266,19158.4564773907,,75.4693170731707,
IRL,1996,4.75392007827759,20835.8977130847,,75.8317073170732,1.27156
IRL,1997,,22551.1139134126,,75.9853658536585,1.24271
IRL,1998,4.28753995895386,24294.8547674007,,76.1804878048781,1.20801
IRL,1999,4.13379001617432,26338.1077543817,,76.0829268292683,1.15141
IRL,2000,4.13226985931396,26334.5672050501,5.8990283,76.5365853658537,1.08383
IRL,2001,4.08750009536743,28282.409882073,6.39249372,77.1341463414634,1.05194
IRL,2002,4.10487985610962,32705.4345565698,6.67263031,77.6341463414634,1.05575
IRL,2003,4.20493984222412,41203.5295847568,7.00761414,78.1390243902439,1.12435
IRL,2004,4.48295021057129,47754.2023194244,7.21972942,78.5390243902439,1.17778
IRL,2005,4.51897001266479,50933.0216095589,7.64242792,78.9439024390244,1.19197
IRL,2006,4.54742002487183,54329.1618599624,7.51646996,79.2414634146342,1.19887
IRL,2007,4.71541976928711,61396.417461176,7.80773735,79.6414634146341,1.23409
IRL,2008,5.45828008651733,61353.1065629523,9.12564754,80.0951219512195,1.39126
IRL,2009,6.15609979629517,52133.0906162544,10.52275753,80.190243902439,1.61371
IRL,2010,6.04835987091065,48623.9666422487,10.52062798,80.7439024390244,1.59425
IRL,2011,5.77199983596802,52613.8540355689,10.4888649,80.7463414634146,1.53761
IRL,2012,5.70776987075806,49335.8408099555,10.47466946,80.8463414634146,1.5455
IRL,2013,5.23177003860474,52537.6108648692,10.0333004,80.9487804878049,1.53562
IRL,2014,4.73554992675781,57214.5379785709,9.23077869,81.3487804878049,1.47756
IRL,2015,3.62438988685608,64250.1385181257,7.07827806,81.4536585365854,1.14062
IRL,2016,3.65881991386414,64129.5571542383,7.3382206,81.6536585365854,1.14954
IRL,2017,3.37737011909485,72161.4047531385,6.91718578,82.1560975609756,1.20821
IRL,2018,3.30347990989685,80804.1123164826,6.74710846,82.2048780487805,1.08244
IRL,2019,3.22984004020691,81827.6688873996,6.61860561,82.7024390243903,1.13733
IRL,2020,3.19163990020752,86514.0706108754,6.97323275,82.4560975609756,1.12466
IRL,2021,2.90461993217468,103783.446284479,6.44113493,82.2536585365854,1.0732
IRL,2022,,105190.685952731,6.02078247,82.509756097561,1.53215
IRL,2023,,106818.917130804,6.57538509,82.8073170731707,1.58829
IRL,2024,,112894.953240805,6.85410833,83.009756097561,
IRN,1995,4.08178997039795,1550.0095955025,,67.904,
IRN,1996,3.53777003288269,1914.78121294313,,68.328,
IRN,1997,,1790.06617575598,,68.649,
IRN,1998,,1709.19334096046,,69.214,
IRN,1999,4.22040987014771,1739.59462001458,,69.686,
IRN,2000,4.03064012527466,1650.01385833785,4.72250843,70.166,
IRN,2001,4.07168006896973,1881.02266635283,5.16087341,70.619,0.50218
IRN,2002,4.48487997055054,1891.25756091033,4.65182209,71.112,0.49558
IRN,2003,4.36323022842407,2208.99636552406,4.95589161,70.464,0.59484
IRN,2004,4.29662990570068,2672.4226651404,5.12801409,72.04,0.50453
IRN,2005,4.05651998519897,3132.0508192007,5.29996157,72.446,0.62284
IRN,2006,4.28998994827271,3618.91601364428,5.15990877,72.895,0.55921
IRN,2007,4.59681987762451,4687.99166260718,4.91188192,73.299,
IRN,2008,3.91376996040344,5377.4115072957,5.03990459,73.683,0.64647
IRN,2009,3.84244990348816,5415.52280553446,6.11493444,74.041,0.27258
IRN,2010,3.70917010307312,6291.19443655454,6.29153061,74.39,0.26442
IRN,2011,3.48497009277344,8025.68743364356,6.09787989,74.721,
IRN,2012,2.93899989128113,8114.08099831877,6.12235355,75.039,0.29435
IRN,2013,2.85279011726379,6222.74194840326,5.73697805,75.349,0.23601
IRN,2014,2.61668992042542,5672.06372896319,6.81539536,75.635,
IRN,2015,2.62911009788513,4952.73355532178,8.38232708,75.907,0.39383
IRN,2016,3.17396998405456,5710.59947089104,7.80285025,76.155,
IRN,2017,3.45956993103027,6000.93346404409,7.71801233,76.396,0.75983
IRN,2018,3.61980009078979,4783.01067340237,6.63571692,76.621,
IRN,2019,3.24005007743835,3997.4935449585,6.23426771,76.855,0.78829
IRN,2020,3.20495009422302,3202.50003502169,4.96098137,74.141,
IRN,2021,,4605.14881318992,4.85886621,73.752,0.72665
IRN,2022,2.6699800491333,4721.20437099984,5.62794113,76.799,
IRN,2023,2.82443290958712,5049.29931642754,6.02542305,77.654,
IRN,2024,,5190.16959024821,,77.854,
IRQ,1995,,619.135530927038,,64.761,
IRQ,1996,,485.258492784825,,64.618,
IRQ,1997,,936.341170908421,,64.241,
IRQ,1998,,900.937142559106,,64.405,
IRQ,1999,,1560.36466710272,,64.532,
IRQ,2000,,1980.18916038782,,64.86,
IRQ,2001,,1435.695683789,,65.292,
IRQ,2002,,1266.15961275094,,65.724,
IRQ,2003,,817.887862499622,2.99693608,64.834,
IRQ,2004,,1328.37157628292,3.90128636,64.634,
IRQ,2005,,1762.39360423421,3.01704645,64.899,
IRQ,2006,,2276.55435744086,2.49370432,64.029,
IRQ,2007,,3128.99010329066,3.2148056,64.428,0.04554
IRQ,2008,,4542.96609046032,3.06604242,66.465,0.03435
IRQ,2009,,3714.71205987194,3.77203989,67.834,0.04562
IRQ,2010,,4461.75196161555,3.23955345,68.092,0.03684
IRQ,2011,,5775.54229080293,2.80316377,68.435,0.03476
IRQ,2012,,6477.59618450955,2.69365859,68.827,
IRQ,2013,,6650.35282247395,2.80868459,69.047,
IRQ,2014,,6249.39226978969,2.78786659,69.679,0.03835
IRQ,2015,,4440.14189252367,3.15587044,69.977,0.04017
IRQ,2016,,4334.42096404188,4.57253027,68.683,0.03737
IRQ,2017,,4759.2846435467,4.08944416,69.788,0.04596
IRQ,2018,,5646.68932074742,4.07600641,71.116,0.04279
IRQ,2019,,5671.8568632942,4.207232,71.245,0.03266
IRQ,2020,,4295.18945121228,5.72766161,69.651,0.04053
IRQ,2021,,4868.49431080783,5.14179993,70.704,0.0407
IRQ,2022,,6520.73154560584,4.33226347,72.037,
IRQ,2023,,5965.31835077761,5.53275251,72.324,
IRQ,2024,,6073.61032342708,,72.424,
ISR,1995,,19025.6840502517,,77.4512195121951,
ISR,1996,,20224.2789080629,,78.1048780487805,2.4753
ISR,1997,,20469.4699017497,,78.0,2.69533
ISR,1998,6.40023994445801,20188.8141481667,,78.1487804878049,2.80723
ISR,1999,6.1956000328064,19823.2138876277,,78.6585365853659,3.21199
ISR,2000,5.93116998672485,21706.5194056329,6.59421921,78.9536585365854,3.81316
ISR,2001,6.17636013031006,20966.3052667971,6.99914265,79.4073170731707,4.05338
ISR,2002,6.24923992156982,19076.4584298321,6.90767479,79.4512195121951,3.99197
ISR,2003,6.13486003875732,19643.4690380742,6.84975958,79.6487804878049,3.76142
ISR,2004,5.75040006637573,20568.0694088834,6.79696989,80.1463414634146,3.74703
ISR,2005,5.56489992141724,21286.8388636595,6.8828454,80.1512195121951,3.91123
ISR,2006,5.58409023284912,22527.2619795719,6.70000744,80.5536585365854,4.01416
ISR,2007,5.33169984817505,25721.2594077311,6.67256165,80.5048780487805,4.28533
ISR,2008,5.40716981887817,30269.217773489,6.80668306,80.9512195121951,4.24165
ISR,2009,5.34174013137817,28508.4938886475,6.86992359,81.4048780487805,4.01799
ISR,2010,5.40408992767334,31439.0887027614,6.85038328,81.6024390243903,3.8421
ISR,2011,5.42928981781006,34522.5215979073,6.80594969,81.6560975609756,3.91608
ISR,2012,5.56122016906738,33321.4300881602,6.94185257,81.7048780487805,4.06028
ISR,2013,5.76972007751465,37034.3161080785,6.94074392,82.0560975609756,4.10651
ISR,2014,5.69225978851318,38343.3046626235,7.02990532,82.1536585365854,4.19613
ISR,2015,5.79657983779907,36213.1041481958,7.02090645,82.0512195121951,4.29761
ISR,2016,5.80271005630493,37671.5389138798,7.09919167,82.4073170731707,4.59051
ISR,2017,6.00425004959106,41138.470964272,7.17189407,82.5512195121951,4.74032
ISR,2018,6.06919002532959,42362.6652754196,7.23550367,82.8024390243903,4.91965
ISR,2019,6.06899976730347,44250.6313628073,7.20701885,82.8048780487805,5.35528
ISR,2020,6.51824998855591,44575.5719045492,7.74801874,82.6487804878049,5.83209
ISR,2021,6.16727018356323,52270.9040241956,7.83961058,82.5,5.75725
ISR,2022,5.93291997909546,54949.621556429,7.12004995,82.7,6.17831
ISR,2023,,52003.7200729997,7.09822369,83.1951219512195,6.34589
ISR,2024,,54176.6844383302,,83.1975609756098,
ITA,1995,4.3087100982666,20712.1798690324,,78.1707317073171,
ITA,1996,4.43967008590698,23122.9337219116,,78.5219512195122,0.94421
ITA,1997,,21883.9872666651,,78.8243902439024,0.98522
ITA,1998,4.44093990325928,22365.1837644545,,78.9756097560976,1.00275
ITA,1999,4.50165987014771,22049.9990620261,,79.4243902439024,0.97865
ITA,2000,4.27996015548706,20190.0035636084,7.54701233,79.7780487804878,1.00104
ITA,2001,4.63416004180908,20570.4385917862,7.71115828,80.1268292682927,1.03714
ITA,2002,4.41520977020264,22451.3964379368,7.83638906,80.2292682926829,1.07704
ITA,2003,4.52654981613159,27577.5700319855,7.80670929,79.9829268292683,1.05539
ITA,2004,4.37002992630005,31348.1901841445,8.13726902,80.7804878048781,1.04662
ITA,2005,4.22292995452881,32062.723833669,8.30906773,80.7829268292683,1.04057
ITA,2006,4.50464010238647,33537.1286994269,8.39791012,81.2829268292683,1.07903
ITA,2007,4.08763980865479,37826.1754554823,8.10167217,81.4341463414634,1.12421
ITA,2008,4.37188005447388,40828.5795580937,8.50157547,81.4853658536585,1.15548
ITA,2009,4.50414991378784,37099.6133958219,8.91290951,81.6365853658537,1.21261
ITA,2010,4.31626987457275,35856.8625485539,8.87928963,82.0365853658537,1.21296
ITA,2011,4.09431982040405,38432.3742820019,8.728508,82.1878048780488,1.19531
ITA,2012,4.03481006622315,34854.3949441965,8.7983427,82.2390243902439,1.25559
ITA,2013,4.12192010879517,35701.6746002376,8.7897644,82.690243902439,1.29425
ITA,2014,4.04026985168457,36028.3494022349,8.85913563,83.090243902439,1.33148
ITA,2015,4.05422019958496,30639.8829751432,8.84596729,82.5439024390244,1.33213
ITA,2016,3.795490026474,31391.5692898108,8.72043991,83.2439024390244,1.35915
ITA,2017,4.02662992477417,32844.115660604,8.69060516,82.9463414634147,1.36393
ITA,2018,4.24094009399414,34904.1081923834,8.65467453,83.3463414634146,1.41934
ITA,2019,4.07843017578125,33812.788724868,8.61536789,83.4975609756098,1.45558
ITA,2020,4.41803979873657,32091.4866621366,9.5643034,82.1951219512195,1.49869
ITA,2021,4.17118978500366,36852.5425414951,9.28164482,82.6463414634146,1.41065
ITA,2022,4.06775999069214,35653.9042103495,8.85022926,82.7,1.36563
ITA,2023,,39277.0838783918,8.40559483,83.3512195121951,1.37935
ITA,2024,,40385.3413957669,8.44437313,83.9512195121951,
JPN,1995,3.40211009979248,44197.6191013908,,79.5360975609756,
JPN,1996,,39150.0396308089,,80.219756097561,2.64303
JPN,1997,,35638.2319556941,,80.4241463414634,2.72177
JPN,1998,3.29797005653381,32423.7556133801,,80.5014634146342,2.82745
JPN,1999,3.37812995910644,36610.1683163197,,80.4609756097561,2.84672
JPN,2000,3.46011996269226,39169.3595701504,7.03456163,81.0760975609756,2.85841
JPN,2001,3.40082001686096,34406.1824638092,7.23947906,81.4163414634146,2.92348
JPN,2002,3.40898990631104,32820.7936433254,7.35235405,81.6907317073171,2.96514
JPN,2003,3.46662998199463,35387.0374203599,7.48654842,81.76,2.99319
JPN,2004,3.42611002922058,38298.9801712303,7.53518438,82.030243902439,2.98125
JPN,2005,3.31493997573852,37812.8950199948,7.65818596,81.9551219512195,3.13092
JPN,2006,3.27667999267578,35991.546002862,7.68688869,82.3219512195122,3.22766
JPN,2007,3.27934002876282,35779.0245416427,7.77935696,82.5070731707317,3.29257
JPN,2008,3.27241992950439,39876.3039685725,8.08909321,82.5875609756098,3.29224
JPN,2009,,41308.9968370512,8.9587822,82.9314634146342,3.1959
JPN,2010,3.59951996803284,44968.1562349739,9.0630064,82.8426829268293,3.10495
JPN,2011,3.60526990890503,48760.0789494211,10.48780155,82.5912195121951,3.20537
JPN,2012,3.41945004463196,49145.2804308193,10.67169094,83.0960975609756,3.1737
JPN,2013,3.40874004364014,40898.6478964744,10.67438698,83.3319512195122,3.27895
JPN,2014,3.41529989242554,38475.3952461838,10.7290144,83.5878048780488,3.36788
JPN,2015,3.31221008300781,34960.6393843385,10.74969959,83.7939024390244,3.24071
JPN,2016,3.14643001556396,39375.4731620781,10.65891552,83.9848780487805,3.10665
JPN,2017,3.13057994842529,38834.0529341227,10.65627098,84.099756097561,3.16636
JPN,2018,3.07782006263733,39751.1330982711,10.73988247,84.2109756097561,3.2192
JPN,2019,3.15533995628357,40415.9567649547,10.96998405,84.3563414634146,3.21824
JPN,2020,3.30628991127014,40028.7341726762,11.44974613,84.56,3.26556
JPN,2021,3.33663988113403,40094.5599795288,12.08108234,84.4456097560976,3.27383
JPN,2022,,34065.6438962526,12.32275677,83.9963414634146,3.40053
JPN,2023,,33836.1756271617,10.73979473,84.0412195121951,3.44125
JPN,2024,,32487.0778047567,,84.0363414634146,
KEN,1995,,340.064842175429,,55.856,
KEN,1996,,440.527078880876,,55.575,
KEN,1997,,466.723814611399,,55.478,
KEN,1998,,487.883239905452,,55.568,
KEN,1999,5.32324981689453,433.721235701305,,55.866,
KEN,2000,5.1867299079895,414.626365130846,3.62451434,56.084,
KEN,2001,5.20621013641357,410.700452474814,3.74002314,56.501,
KEN,2002,6.17199993133545,402.936385605382,3.82159472,56.759,
KEN,2003,6.49428987503052,442.898457253405,4.03365707,57.369,
KEN,2004,6.79693984985352,463.662781300121,4.21159506,57.947,
KEN,2005,7.3356499671936,523.456312433863,4.2174139,58.51,
KEN,2006,7.04981994628906,699.80237063381,5.0134387,59.059,
KEN,2007,,840.201439476765,5.12358475,59.407,0.35521
KEN,2008,,915.54435473604,5.19050598,59.955,
KEN,2009,,1047.9678324485,5.29172945,60.483,
KEN,2010,4.81548976898193,1091.51873101194,5.38849831,60.915,0.69222
KEN,2011,4.70012998580933,1096.14499807675,5.20212841,61.283,
KEN,2012,4.93122005462646,1285.00536171512,5.0180583,61.537,
KEN,2013,4.83721017837524,1370.87885214659,4.93100405,61.729,
KEN,2014,4.7172999382019,1482.81566253497,4.91267347,61.99,
KEN,2015,4.74349021911621,1489.11959777284,4.76439571,62.279,
KEN,2016,4.89518022537231,1554.12610314423,4.75429106,62.526,
KEN,2017,4.96308994293213,1667.48447230835,3.98597503,62.725,
KEN,2018,5.10761976242065,1836.45275528993,4.09903383,62.825,
KEN,2019,5.37359210998097,1960.40808854893,4.36874676,62.939,
KEN,2020,5.04574892454155,1927.66459027849,4.49248886,61.596,
KEN,2021,4.89040202257195,2061.35622089594,4.56992722,61.225,
KEN,2022,4.51101801829815,2109.56288513137,4.32241869,63.549,0.40651
KEN,2023,3.96229304413263,1942.58802756191,4.35172892,63.646,0.80427
KEN,2024,4.02242346098974,2132.43452097647,,63.834,0.81069
KOR,1995,2.83677005767822,13001.7205867019,,73.7,
KOR,1996,,13864.9376534518,,74.1512195121951,2.14233
KOR,1997,,12821.6893313675,,74.6024390243903,2.17409
KOR,1998,3.24974989891052,8583.43557499234,,75.0048780487805,2.03608
KOR,1999,3.25048995018005,11062.5019301357,,75.409756097561,1.9446
KOR,2000,,12710.2995795579,3.71794796,75.909756097561,2.0494
KOR,2001,,11981.4828218758,4.16983986,76.4121951219512,2.19872
KOR,2002,,13642.9424537101,3.90854764,76.7658536585366,2.13042
KOR,2003,,15211.5483770422,4.46640348,77.2146341463415,2.19657
KOR,2004,,17121.6301633201,4.43287992,77.6658536585366,2.35292
KOR,2005,,20167.0474902506,4.65223551,78.1682926829268,2.42725
KOR,2006,,22609.7059431449,4.95851803,78.6682926829268,2.61516
KOR,2007,,25078.4853957105,4.95834208,79.119512195122,2.75895
KOR,2008,,22252.3125108061,5.24642324,79.5170731707317,2.86774
KOR,2009,,19937.3029137734,5.68525076,79.9682926829268,3.02145
KOR,2010,,24071.2620526362,5.79390717,80.1170731707317,3.17913
KOR,2011,,26175.2398553363,5.90292883,80.5682926829269,3.44409
KOR,2012,,26600.5477433903,5.9576025,80.819512195122,3.6852
KOR,2013,,28449.3591104972,6.06858635,81.2707317073171,3.77487
KOR,2014,,30667.0912467447,6.24487352,81.7219512195122,3.88983
KOR,2015,4.24247980117798,30171.7906545222,6.46202612,82.0243902439024,3.78907
KOR,2016,4.11502981185913,30832.0628072516,6.6356945,82.2756097560976,3.78638
KOR,2017,4.10775995254517,33296.9845439195,6.79827499,82.6268292682927,4.07341
KOR,2018,4.21645021438599,35363.9508228687,7.14222002,82.6268292682927,4.27155
KOR,2019,4.41813993453979,33826.9443301597,7.69397116,83.2268292682927,4.36379
KOR,2020,4.52706003189087,33645.7719545073,8.02722836,83.4268292682927,4.5214
KOR,2021,4.55590009689331,37518.4635305697,8.34412766,83.5268292682927,4.59673
KOR,2022,5.40910005569458,34822.4048404971,8.8595314,82.6804878048781,4.84753
KOR,2023,,35674.095995632,8.5650692,83.4292682926829,4.94352
KOR,2024,,36238.639908315,8.67656994,83.6292682926829,
KWT,1995,,16168.165602374,,75.979756097561,
KWT,1996,5.85961008071899,18201.0958607918,,75.9250487804878,
KWT,1997,5.5826301574707,16977.3895620399,,75.9071463414634,0.20538
KWT,1998,,14066.9509572183,,75.9642926829269,0.25796
KWT,1999,,15853.6264423466,,76.0779512195122,0.19763
KWT,2000,,19296.3471698729,2.20362997,76.2258780487805,0.12542
KWT,2001,6.5858302116394,17374.2318664227,3.18719625,76.3843414634146,0.17884
KWT,2002,6.551109790802,18512.7523035862,3.12441754,76.5316341463415,0.18001
KWT,2003,,22690.655175144,2.76042604,76.6445609756098,0.14347
KWT,2004,5.53506994247437,27552.2827399787,2.35702467,76.7276829268293,0.1301
KWT,2005,4.73833990097046,36122.6142741227,2.013309,76.8007804878049,0.10083
KWT,2006,3.75997996330261,42946.6374104066,1.8213098,76.8876829268293,0.08479
KWT,2007,,45709.4132876371,1.92673647,77.0101707317073,0.08585
KWT,2008,,55585.1889344442,1.92400301,77.1890487804878,0.08551
KWT,2009,,37907.1001320042,2.70638776,77.4333658536585,0.11213
KWT,2010,,39212.252220155,2.67879915,77.7262195121951,0.1014
KWT,2011,,49169.6063813095,2.33303547,78.052243902439,0.09898
KWT,2012,,52155.2225833921,2.33311439,78.3950243902439,0.09721
KWT,2013,,49651.0439275077,2.48789287,78.7418048780488,0.30153
KWT,2014,,44368.7813457751,2.9159987,79.0803414634146,0.42705
KWT,2015,,29882.2126495698,4.21497965,79.3765609756098,0.0966
KWT,2016,5.95593958839578,27323.6890735517,4.73096323,79.6775853658537,0.07985
KWT,2017,6.35444222156987,29047.6536135703,4.65326786,79.9160731707317,0.0804
KWT,2018,6.39165256830382,32067.9623756889,5.17201853,80.1063658536585,0.06329
KWT,2019,6.72789551402991,31707.8737443551,5.18200397,81.969756097561,0.18512
KWT,2020,6.24513034913966,25236.0755848941,6.11295223,78.7609756097561,0.17805
KWT,2021,7.76246706467929,34018.6342592913,5.37273169,78.7365853658537,
KWT,2022,6.58236499988891,39981.7691035833,4.20024538,80.5878048780488,0.0801
KWT,2023,5.0262608311279,34075.849012909,4.96311998,83.1878048780488,0.09547
KWT,2024,6.43592667889685,32717.7186631255,,84.580487804878,0.08954
MAR,1995,4.73479986190796,1466.78820800781,,64.725,
MAR,1996,,1596.83239746094,,65.226,
MAR,1997,,1426.30114746094,,65.616,
MAR,1998,4.59940004348755,1668.49755859375,,66.008,0.24582
MAR,1999,4.62527990341187,1635.65673828125,,66.404,
MAR,2000,,1499.107421875,3.69304585,66.794,
MAR,2001,,1506.24523925781,3.81601191,67.2,0.5463
MAR,2002,,1596.02062988281,4.06117535,67.582,0.47179
MAR,2003,,1941.87255859375,4.08037519,67.958,0.56588
MAR,2004,,2183.55541992188,4.23211098,68.272,
MAR,2005,,2242.98828125,4.37350655,68.748,
MAR,2006,,2438.12646484375,4.56586647,69.157,0.54987
MAR,2007,,2755.5859375,4.80759001,69.62,
MAR,2008,4.85339021682739,3183.20043945313,4.83789158,70.051,
MAR,2009,4.83119010925293,3119.58862304688,5.27312183,70.454,
MAR,2010,,3067.9853515625,5.41861057,70.821,0.66036
MAR,2011,,3301.98876953125,5.37019396,71.263,
MAR,2012,5.55294838577208,3164.17724609375,5.39619017,71.674,
MAR,2013,,3379.7431640625,5.25540543,72.117,
MAR,2014,5.48276036642721,3435.40698242188,5.41626596,72.522,
MAR,2015,5.133369043677,3146.24780273438,5.10435581,72.894,
MAR,2016,5.08530197423073,3140.85546875,5.09203386,73.228,
MAR,2017,4.73564982004448,3296.52661132813,4.98920393,73.608,
MAR,2018,4.96022713486949,3501.69799804688,4.94516659,73.946,
MAR,2019,5.0032567210502,3508.09765625,5.020401,74.245,
MAR,2020,6.28428263644307,3268.0302734375,5.78939486,73.133,
MAR,2021,5.64273401285138,3785.93627929688,5.45314503,73.385,
MAR,2022,5.91224674061277,3463.1376953125,5.75281,75.161,
MAR,2023,6.02096928801329,3813.72607421875,6.06396198,75.313,
MAR,2024,,4153.1943359375,,75.493,
MEX,1995,3.49746990203857,4183.87847727479,,70.703,
MEX,1996,,4674.36792733681,,71.088,0.23838
MEX,1997,,5567.35599516667,,71.472,0.26404
MEX,1998,3.17838001251221,5832.69342004468,,71.792,0.28519
MEX,1999,3.36164999008179,6499.97182950425,,72.203,0.32719
MEX,2000,3.80870008468628,7524.0271380091,4.24436522,72.562,0.29205
MEX,2001,4.0313401222229,7952.76479510706,4.58201361,72.912,0.30815
MEX,2002,4.24307012557983,7983.03398381759,4.83042812,73.106,0.33745
MEX,2003,4.83262014389038,7434.0746485155,5.53978777,73.308,0.37454
MEX,2004,4.51204013824463,7849.66759649565,5.6835022,73.432,0.37053
MEX,2005,4.63395023345947,8671.75891885163,5.58110142,73.627,0.38103
MEX,2006,4.49317979812622,9512.63575346699,5.40647888,73.746,0.35298
MEX,2007,4.47919988632202,10134.3327138119,5.50668049,73.796,0.38039
MEX,2008,4.60607004165649,10523.7685403244,5.44587374,73.695,0.42416
MEX,2009,4.94934988021851,8423.56933214711,5.84786463,73.628,0.45748
MEX,2010,4.93697023391724,9728.80078377082,5.4897337,73.718,0.47353
MEX,2011,4.9040699005127,10664.4944032313,5.30093002,73.921,0.45268
MEX,2012,4.88349008560181,10744.1335242686,5.42140484,74.128,0.40284
MEX,2013,4.50858020782471,11216.8008505428,5.5773263,74.289,0.40806
MEX,2014,5.06807994842529,11391.3773497683,5.35336781,74.404,0.41962
MEX,2015,5.05087995529175,10021.2386118827,5.52738619,74.431,0.41477
MEX,2016,4.75795984268188,9097.92397674769,5.38499022,74.376,0.37601
MEX,2017,4.39752006530762,9649.27816772402,5.3117938,74.261,0.31955
MEX,2018,4.13944005966187,10084.7937562021,5.23821402,74.301,0.29816
MEX,2019,,10369.5553585271,5.3013463,74.53,0.27629
MEX,2020,4.4996600151062,8841.27075039868,6.05248594,70.449,0.29185
MEX,2021,4.23823976516724,10314.0506722115,5.87678003,69.75,0.27305
MEX,2022,4.05987977981567,11405.7940473759,5.70919704,73.973,0.25727
MEX,2023,,13860.9597809326,5.50398684,75.069,0.26746
MEX,2024,,14185.7812248529,,75.264,0.25372
MYS,1995,4.3425498008728,4363.14458333034,,71.979,
MYS,1996,4.91384983062744,4837.16897250768,,72.119,0.21645
MYS,1997,4.62037992477417,4678.56390058182,,72.296,
MYS,1998,,3294.30978444095,,72.385,0.39789
MYS,1999,5.68678998947144,3527.81581379249,,72.428,
MYS,2000,5.9716100692749,4083.52874483605,2.51463366,72.732,0.46899
MYS,2001,7.48446989059448,3943.79943910239,2.6753974,73.08,
MYS,2002,7.65792989730835,4184.03163773539,2.66876554,73.469,0.65254
MYS,2003,7.50288009643555,4465.32194567208,2.92417073,73.727,
MYS,2004,5.92389011383057,4939.24851854427,2.86016941,74.027,0.5999
MYS,2005,,5555.58179951206,2.78692698,74.37,
MYS,2006,4.48576021194458,6158.40785533236,3.10897732,74.697,0.61106
MYS,2007,4.37253999710083,7168.93031942508,3.07041144,74.961,
MYS,2008,3.95851993560791,8371.82156086005,3.00692558,75.151,0.78847
MYS,2009,5.97418022155762,7191.43287234626,3.2610569,75.269,1.01001
MYS,2010,4.96645021438599,8899.34505544675,3.16474271,75.376,1.03608
MYS,2011,5.76293992996216,10217.1068585031,3.31451917,75.488,1.03342
MYS,2012,5.73902988433838,10600.5744240026,3.45786357,75.552,1.09269
MYS,2013,5.48122978210449,10713.6407638899,3.51276922,75.464,
MYS,2014,5.21264982223511,11013.3107334403,3.71036959,75.345,1.26275
MYS,2015,4.89487981796265,9648.6797937523,3.82201481,75.288,1.27945
MYS,2016,4.75191020965576,9476.53409809923,3.70085335,75.371,1.41517
MYS,2017,4.6753101348877,9862.54806612235,3.71472311,75.542,
MYS,2018,4.47865009307861,10901.8019954421,3.75944281,75.734,1.04026
MYS,2019,4.15775012969971,10920.191763972,3.83991051,75.9,
MYS,2020,3.91176009178162,9957.52626697613,4.08254337,76.057,0.95055
MYS,2021,4.26109393398867,10903.1037480772,4.37438345,73.917,
MYS,2022,3.49933781956284,11754.5678336248,3.90037823,75.444,1.0121
MYS,2023,3.51481008529663,11386.0395636528,3.95760036,76.657,
MYS,2024,,11874.4273684245,,76.821,
NGA,1995,,1271.61617353199,,45.87,
NGA,1996,,1632.72469370276,,45.833,
NGA,1997,,1720.27540949396,,45.96,
NGA,1998,,1822.46998452473,,46.148,
NGA,1999,,480.669363941805,,46.609,
NGA,2000,,547.318298903379,3.1973834,47.143,
NGA,2001,,566.428231812933,3.18946862,47.549,
NGA,2002,,712.164852077686,2.49063969,48.02,
NGA,2003,,763.388745367223,5.05360985,48.618,
NGA,2004,,962.48104194733,4.63368416,49.148,
NGA,2005,,1211.37703504386,4.46591949,49.538,
NGA,2006,,1599.53891556365,4.25775146,49.876,
NGA,2007,,1815.52697545827,3.90997243,50.381,0.13223
NGA,2008,,2154.10543545364,3.69581532,50.748,
NGA,2009,,1820.48633854782,3.5801971,51.08,
NGA,2010,,2202.25672957344,3.29653287,51.315,
NGA,2011,,2418.41316975875,3.32077932,51.49,
NGA,2012,0.549233086121929,2633.19734671361,3.35984254,51.688,
NGA,2013,0.534206768008091,2872.79083379398,3.4206934,51.827,
NGA,2014,0.470742539133469,3088.72131316169,3.34840417,51.94,
NGA,2015,0.436954905120644,2585.73360671797,3.58194995,51.939,
NGA,2016,0.393045646249364,2070.4127339595,3.64773679,52.189,
NGA,2017,0.396354013591345,1876.34027111773,3.74762511,52.397,
NGA,2018,0.419998493796127,2057.87944554011,3.09069347,52.669,
NGA,2019,0.358479005206684,3189.81286498516,2.98547053,53.009,0.28444
NGA,2020,0.35963763718498,2797.18458068686,3.38063431,53.072,
NGA,2021,0.381919104397325,2787.48779224428,4.07625723,53.455,
NGA,2022,0.348516707890877,2899.16047470324,4.21020174,54.079,
NGA,2023,0.319069049792343,2138.76383719983,4.19086456,54.462,
NGA,2024,,1084.16041805436,,54.635,
NLD,1995,4.57215023040771,29301.1940492376,,77.4046341463415,
NLD,1996,4.48540019989014,29063.6236532536,,77.4356097560976,1.83733
NLD,1997,,26744.9601318097,,77.7943902439024,1.84171
NLD,1998,4.53430986404419,27924.281808994,,77.8829268292683,1.73966
NLD,1999,4.4996600151062,28318.7466538357,,77.8365853658537,1.81986
NLD,2000,4.58325004577637,26225.1697734149,7.70382404,77.9878048780488,1.78907
NLD,2001,4.68933010101318,26955.7128032278,8.04176903,78.190243902439,1.79214
NLD,2002,4.78904008865356,29446.5330872868,8.61879349,78.2926829268293,1.73931
NLD,2003,5.0199499130249,35896.7504630706,9.01979256,78.4926829268293,1.77665
NLD,2004,5.0411901473999,40611.3414353091,9.07156658,79.0951219512195,1.78132
NLD,2005,5.08871984481812,42165.396168388,9.05984592,79.3463414634146,1.7667
NLD,2006,5.01913976669312,45123.5432406426,9.03575516,79.6975609756098,1.73208
NLD,2007,4.85854005813599,52100.7996285947,9.00052166,80.0975609756098,1.66063
NLD,2008,4.99737977981567,58246.7026905874,9.21819305,80.2512195121951,1.61247
NLD,2009,5.38561010360718,53172.0261581418,9.90839005,80.5487804878049,1.65161
NLD,2010,5.45634984970093,51305.7338533973,10.09452248,80.7024390243902,1.69388
NLD,2011,5.41595983505249,54701.7728030611,10.14537811,81.2048780487805,1.8651
NLD,2012,5.36694002151489,50473.9442002689,10.45467281,81.1048780487805,1.90094
NLD,2013,5.48417997360229,52602.2860520766,10.50247383,81.3048780487805,2.13953
NLD,2014,5.40205001831055,53457.2234864322,10.45699596,81.7073170731707,2.15067
NLD,2015,5.27802991867065,45793.8135434697,10.18857956,81.509756097561,2.11792
NLD,2016,5.38952016830444,46808.5291492503,9.89148426,81.5609756097561,2.11546
NLD,2017,5.08747005462646,49513.6817346384,9.93712521,81.7609756097561,2.14167
NLD,2018,5.26723003387451,53955.0770024266,9.85083961,81.8121951219512,2.1027
NLD,2019,5.0559401512146,53554.9007491475,9.93616295,82.1121951219512,2.14036
NLD,2020,5.29139995574951,53467.9277413737,10.94954681,81.3585365853659,2.26514
NLD,2021,5.37661981582642,60141.9880911492,11.13498974,81.309756097561,2.21542
NLD,2022,5.17918014526367,59123.318556487,10.03109169,81.6146341463415,2.17529
NLD,2023,,63515.6030780019,9.83150005,81.8634146341464,2.26719
NLD,2024,,67520.4218956281,10.00551128,81.9658536585366,
NOR,1995,7.69568014144897,34875.7043347536,,77.7365853658537,
NOR,1996,7.13806009292603,37321.9741993473,,78.1504878048781,
NOR,1997,7.30343008041382,36629.0309036621,,78.1426829268293,1.5935
NOR,1998,7.35761022567749,34803.4634058738,,78.3292682926829,
NOR,1999,6.96224021911621,36393.2927471088,,78.2829268292683,1.60437
NOR,2000,6.45935010910034,38178.2368777076,7.70270586,78.6341463414634,
NOR,2001,6.82014989852905,38601.897639231,8.00972462,78.7853658536585,1.56019
NOR,2002,7.42243003845215,43170.557174499,8.98267078,78.9878048780488,1.62644
NOR,2003,7.39930009841919,50250.3298214345,9.19355106,79.390243902439,1.67572
NOR,2004,7.27745008468628,57768.6980958462,8.79598331,79.8414634146342,1.53976
NOR,2005,6.84081983566284,67047.1704558264,8.29899502,80.0414634146342,1.47715
NOR,2006,6.35823011398315,74434.4996835671,7.8822999,80.3439024390244,1.44972
NOR,2007,6.50672006607056,85502.2677087731,8.01673985,80.3951219512195,1.55795
NOR,2008,6.2491397857666,97503.5407803783,7.91507673,80.5926829268293,1.54556
NOR,2009,7.07068014144897,80347.5700665184,9.03254128,80.7951219512195,1.71678
NOR,2010,6.71042013168335,88163.2085931423,8.8581152,80.9975609756098,1.6412
NOR,2011,6.4148998260498,101221.813476644,8.73474026,81.2951219512195,1.61714
NOR,2012,7.32766008377075,102175.919298374,8.72188568,81.4512195121951,1.61053
NOR,2013,7.43905019760132,103553.840134417,8.87431335,81.7512195121951,1.64216
NOR,2014,7.64402008056641,97666.6951838749,9.28297901,82.1,1.70369
NOR,2015,7.52335977554321,74809.9658049898,10.06992245,82.3048780487805,1.92351
NOR,2016,7.98443984985352,70867.3609970749,10.53049755,82.4073170731707,2.03286
NOR,2017,7.84599018096924,76131.8384032764,10.22983646,82.609756097561,2.08168
NOR,2018,7.59564018249512,82792.8427113304,9.96037865,82.7585365853659,2.03482
NOR,2019,7.86455011367798,76430.5889473338,10.43807507,82.9585365853659,2.13599
NOR,2020,8.37281036376953,68340.0181033702,11.42416382,83.209756097561,2.24436
NOR,2021,6.9602198600769,93072.8925119571,9.8142643,83.1634146341463,1.88764
NOR,2022,5.43234014511108,109269.520580298,7.90873051,82.509756097561,1.55081
NOR,2023,,87497.2179649556,9.42925453,83.0121951219512,1.85142
NOR,2024,,86785.4334489176,,83.1609756097561,
NZL,1995,5.74212980270386,17400.4201848172,,76.7341463414634,
NZL,1996,6.38371992111206,18794.436039393,,76.7878048780488,
NZL,1997,6.15721988677979,17474.187029724,,77.3341463414634,1.05649
NZL,1998,,14738.4455703918,,78.0853658536585,
NZL,1999,6.6362099647522,15322.2238340267,,77.890243902439,0.96387
NZL,2000,5.60442018508911,13641.1027183822,7.46995974,78.6365853658537,
NZL,2001,,13882.8568268586,7.5789361,78.6926829268293,1.10029
NZL,2002,,16874.1874918196,7.90034246,78.8463414634146,
NZL,2003,,21913.7081719961,7.72179937,79.1463414634146,1.14891
NZL,2004,,25420.234882944,7.90095711,79.5487804878049,
NZL,2005,,27751.0654708859,8.27324677,79.8512195121951,1.12043
NZL,2006,,26654.5932018985,8.63846684,80.0487804878049,
NZL,2007,,32479.9817381467,8.32899952,80.1512195121951,1.15764
NZL,2008,,31324.7397977102,8.65133667,80.3512195121951,
NZL,2009,,28276.7255416225,9.13566399,80.7024390243902,1.24916
NZL,2010,,33761.9009639947,9.09511089,80.9048780487805,
NZL,2011,,38431.7766788499,9.10748196,81.1560975609756,1.23083
NZL,2012,,40053.6991536369,9.20243168,81.4073170731707,
NZL,2013,5.88539981842041,43000.4646849189,8.9393549,81.4048780487805,1.15275
NZL,2014,5.8033299446106,44618.266973847,8.97204113,81.4568292682927,
NZL,2015,5.70350980758667,38665.3723018158,8.88920593,81.6124390243903,1.22707
NZL,2016,5.49972009658813,40113.7195382428,8.76869011,81.6585365853659,
NZL,2017,5.27543020248413,42950.3841711138,8.61795807,81.8585365853659,1.34788
NZL,2018,5.1896800994873,43257.0769238879,8.56966972,81.7073170731707,
NZL,2019,5.1741099357605,42855.831861632,8.61898708,82.0560975609756,1.4642
NZL,2020,5.64268016815185,41997.7830324279,9.25240231,82.2560975609756,
NZL,2021,5.5409197807312,49950.4251691316,9.55072403,82.2073170731707,1.48604
NZL,2022,5.16741991043091,49099.7090423358,10.56814575,81.9585365853658,
NZL,2023,5.21326017379761,49075.9562832927,10.12947655,81.7585365853659,1.54848
NZL,2024,,49205.1792146792,10.06186676,82.009756097561,
PAK,1995,2.79531002044678,450.550279346206,,60.273,
PAK,1996,2.81057000160217,456.996961832943,,60.466,
PAK,1997,3.02230000495911,438.030942680153,,60.623,0.15565
PAK,1998,,424.453697798497,,61.134,0.10919
PAK,1999,2.61147999763489,418.249257055367,,61.54,0.1159
PAK,2000,1.83782005310059,642.338346499898,2.48079324,61.903,0.09536
PAK,2001,,609.939506905073,2.33959723,62.241,0.12408
PAK,2002,,599.937345723927,2.42219901,62.556,0.16228
PAK,2003,,672.44178669894,2.10399199,62.834,
PAK,2004,1.44337999820709,771.902247348954,2.03666282,63.097,
PAK,2005,1.67058002948761,827.619861189926,2.37323904,62.416,0.32946
PAK,2006,1.98055994510651,900.873564984808,2.73132491,63.624,
PAK,2007,2.23465991020203,998.090114197524,2.62370729,63.807,0.52343
PAK,2008,2.27265000343323,1067.04324565284,2.56806731,64.002,
PAK,2009,2.17916989326477,963.788066395225,2.49995875,64.206,0.40218
PAK,2010,2.05268001556396,987.304571124485,2.42967653,64.378,
PAK,2011,2.00100994110107,1131.73513834324,2.23121333,64.659,0.30491
PAK,2012,1.97880005836487,1204.36475491585,2.22185278,64.883,
PAK,2013,2.23698997497559,1225.4340119198,2.4164784,65.129,0.26179
PAK,2014,2.2043399810791,1266.61340849959,2.48899078,65.374,
PAK,2015,2.38609004020691,1380.47020838317,2.49493265,65.641,0.22193
PAK,2016,2.66805005073547,1424.69161195897,2.57026362,65.943,
PAK,2017,2.57617998123169,1519.23459514248,2.7863009,66.223,0.21214
PAK,2018,2.33216949688293,1569.33814626355,2.82844949,66.481,
PAK,2019,2.21492004394531,1390.41690981745,2.84736943,66.729,0.17475
PAK,2020,2.05718240718423,1278.39735206896,2.95273018,65.701,
PAK,2021,1.68746129213991,1455.31922370186,2.99015832,65.773,0.16431
PAK,2022,1.97300945756988,1538.3228133171,2.90354776,67.417,
PAK,2023,1.94658005237579,1360.32417758419,2.51988316,67.649,0.16399
PAK,2024,,1478.77277977996,,67.799,
PER,1995,,2189.53431515311,,67.22,
PER,1996,3.11879992485046,2226.91682429265,,67.85,
PER,1997,,2300.67200774461,,68.324,0.0836
PER,1998,3.27817988395691,2156.39377651613,,68.724,0.10072
PER,1999,3.44133996963501,1916.53397367908,,69.302,0.09849
PER,2000,3.22802996635437,1945.41338451698,4.41482639,69.821,0.11266
PER,2001,3.03712010383606,1929.57273038846,4.72161007,70.315,0.11096
PER,2002,2.82056999206543,2007.37019626753,4.93902588,70.815,0.10614
PER,2003,2.93779993057251,2129.44114197634,4.58703804,71.278,0.10813
PER,2004,2.95787000656128,2397.25147277714,4.42972279,71.447,0.15578
PER,2005,2.83903002738953,2706.66947297608,4.66598511,71.988,
PER,2006,2.65281009674072,3129.55996496982,4.409585,72.337,
PER,2007,2.62940001487732,3581.0893081917,4.42611313,72.746,
PER,2008,2.8677499294281,4197.58444634142,4.53098345,72.743,
PER,2009,3.13994002342224,4181.18755462253,4.95976877,72.631,
PER,2010,2.86730003356934,5072.11494019615,4.70582962,72.886,
PER,2011,2.6635000705719,5861.35793645245,4.52216864,73.327,0.08282
PER,2012,2.92276000976562,6519.37852981527,4.72939587,73.979,0.0553
PER,2013,3.29729008674622,6746.80025696601,4.71272659,74.591,0.08174
PER,2014,3.69599008560181,6667.13410360861,4.90967321,75.26,0.10805
PER,2015,3.96933007240295,6231.71150338894,4.90453625,75.732,0.11702
PER,2016,3.81316995620727,6217.03599995447,4.89353323,75.951,0.12008
PER,2017,3.93130993843079,6736.16693725487,4.80915499,75.958,0.12085
PER,2018,3.71392011642456,6978.49121548627,5.0835557,76.018,0.12683
PER,2019,3.822429895401,7037.00803692604,5.12525272,76.275,0.15696
PER,2020,4.25937986373901,6133.32552410183,6.34739399,73.832,0.17229
PER,2021,3.92765998840332,6826.20255614477,6.67309427,71.596,0.13754
PER,2022,3.83975005149841,7350.63034300417,6.0974617,76.834,0.16206
PER,2023,4.24538993835449,7887.54185920108,5.63786411,77.74,0.17611
PER,2024,4.35778999328613,8452.37167056621,,77.941,
POL,1995,4.31374979019165,3700.95956775144,,71.8926829268293,
POL,1996,6.23327016830444,4163.51195431959,,72.2463414634146,0.6369
POL,1997,,4137.00831823145,,72.6463414634146,0.641
POL,1998,4.92518997192383,4533.5356551781,,72.9975609756098,0.65746
POL,1999,4.57368993759155,4415.50067547826,,73.0439024390244,0.67786
POL,2000,4.96281003952026,4520.64100449111,5.26548243,73.7487804878049,0.63806
POL,2001,5.29358005523682,5015.23790036613,5.64010143,74.2,0.61861
POL,2002,5.37052011489868,5223.45178967082,6.04828405,74.4975609756098,0.55501
POL,2003,5.30664014816284,5720.81366178104,5.93375778,74.5975609756098,0.53626
POL,2004,5.33129978179932,6711.72715262967,5.84185648,74.8463414634146,0.54999
POL,2005,5.41065979003906,8043.92332253757,5.79073858,74.9951219512195,0.56121
POL,2006,5.18848991394043,9068.85528307627,5.78148365,75.1439024390244,0.54899
POL,2007,4.86086988449097,11272.5293683383,5.86390114,75.2439024390244,0.56103
POL,2008,5.02344989776611,14048.5604672654,6.35196781,75.5439024390244,0.59719
POL,2009,4.97665977478027,11556.3026866026,6.57037735,75.6951219512195,0.65932
POL,2010,5.08126020431519,12567.7317676382,6.43533468,76.2463414634146,0.72252
POL,2011,4.82901000976562,13867.6669408192,6.24533606,76.6951219512195,0.74726
POL,2012,4.83311986923218,13087.420943321,6.22854042,76.7463414634146,0.88476
POL,2013,4.99779987335205,13621.9023794031,6.44993687,77.0,0.8807
POL,2014,4.93858003616333,14262.2841914116,6.39059496,77.6024390243903,0.9454
POL,2015,4.78748989105225,12637.5220324406,6.36490345,77.4512195121951,0.99807
POL,2016,4.62726020812988,12464.0110508476,6.5470438,77.8512195121951,0.9616
POL,2017,4.54246997833252,13913.3402919927,6.53713226,77.7536585365854,1.03055
POL,2018,4.55985021591187,15658.2120316794,6.25094128,77.6024390243903,1.19426
POL,2019,4.62736988067627,15874.5220531254,6.38906956,77.9048780487805,1.3088
POL,2020,4.80081987380981,16150.9304813473,6.42739105,76.4,1.37128
POL,2021,4.61998987197876,18635.5104895754,6.3654809,75.3512195121951,1.41558
POL,2022,4.31372976303101,18891.2121169279,6.46619797,77.1560975609756,1.44162
POL,2023,,22145.2660647429,7.13848782,78.2585365853659,1.55525
POL,2024,,25103.565661423,8.06380177,78.409756097561,
PRT,1995,4.61330986022949,11781.3618502221,,75.3121951219512,
PRT,1996,5.065110206604,12185.0914010629,,75.2609756097561,0.5495
PRT,1997,,11575.5071124358,,75.4121951219512,0.56374
PRT,1998,,12199.206385024,,75.7121951219512,0.62486
PRT,1999,5.04687023162842,12475.2917701476,,75.9634146341463,0.68121
PRT,2000,5.16386985778809,11526.3720667968,8.60104179,76.3146341463415,0.72156
PRT,2001,5.33713006973267,11734.7649743954,8.62751579,76.8146341463415,0.76482
PRT,2002,5.25872993469238,12936.6928204482,8.78642941,77.0658536585366,0.72184
PRT,2003,5.28152990341187,15797.7821340276,9.12415695,77.219512195122,0.69802
PRT,2004,5.04640007019043,18064.1580932987,9.5325079,77.6707317073171,0.7293
PRT,2005,5.07393980026245,18780.12751241,9.65306759,78.0707317073171,0.75755
PRT,2006,4.90769004821777,19839.4540499032,9.35422611,78.419512195122,0.95448
PRT,2007,4.92149019241333,22811.0564844365,9.25186634,78.3219512195122,1.12417
PRT,2008,4.69608020782471,24949.0413566739,9.58307838,78.5243902439025,1.44335
PRT,2009,5.56315994262695,23151.2154130712,10.13070393,78.7268292682927,1.58002
PRT,2010,5.40499019622803,22551.935098809,10.01858425,79.0268292682927,1.53317
PRT,2011,5.11688995361328,23246.5425416481,9.71847439,80.4707317073171,1.45558
PRT,2012,4.94226980209351,20593.4274224109,9.64000225,80.3731707317073,1.37661
PRT,2013,5.26528978347778,21676.4859642714,9.39476109,80.7219512195122,1.32325
PRT,2014,5.12005996704102,22120.6850127107,9.33570766,81.1219512195122,1.28892
PRT,2015,4.89425992965698,19215.7813014347,9.33309937,81.1243902439025,1.24552
PRT,2016,,19980.2808866516,9.39989281,81.1243902439025,1.2815
PRT,2017,5.02685022354126,21442.3842768879,9.32668972,81.4243902439025,1.32224
PRT,2018,4.6793999671936,23541.1401075289,9.42121029,81.3243902439024,1.35078
PRT,2019,4.6275200843811,23343.3628970034,9.50868607,81.6756097560976,1.39487
PRT,2020,4.86407995223999,22299.4044062173,10.52074051,81.3292682926829,1.60979
PRT,2021,4.77341985702515,24711.4510062111,11.22031498,81.3780487804878,1.66711
PRT,2022,4.55160999298096,24620.5197587181,10.5492239,81.6317073170732,1.69051
PRT,2023,,27634.6183139773,10.02761173,82.3292682926829,1.69491
PRT,2024,,29292.242104753,10.24061108,82.3829268292683,
QAT,1995,,15822.5090711554,,74.404,
QAT,1996,,17124.7920861356,,74.558,
QAT,1997,,20522.8012995179,,74.713,
QAT,1998,3.57767009735107,17665.4408438222,,74.872,
QAT,1999,4.34530019760132,20233.6846826643,,75.048,
QAT,2000,3.72598004341125,27535.182940934,1.97258496,75.25,
QAT,2001,3.20019006729126,25870.7991864314,2.3197093,75.486,
QAT,2002,3.84656000137329,27226.6593510117,2.46044064,75.766,
QAT,2003,3.37393999099731,31602.470865136,3.50257182,76.097,
QAT,2004,3.46258997917175,41035.5008380177,3.18311739,76.484,
QAT,2005,3.97187995910644,53949.6764091147,2.56300044,76.909,
QAT,2006,,62582.4453138755,2.288064,77.323,
QAT,2007,,65954.3419525051,2.07008052,77.741,
QAT,2008,4.22755002975464,80781.4039187792,1.63775349,78.262,
QAT,2009,3.41315007209778,60785.7351551657,2.38356304,78.837,
QAT,2010,4.53965997695923,76462.6119486736,1.87017763,79.444,
QAT,2011,4.01223993301392,103261.510293068,1.599962,79.994,
QAT,2012,3.50744009017944,108470.387023229,1.74822152,80.499,0.4786
QAT,2013,4.07384014129639,103697.062789144,2.07620168,80.974,
QAT,2014,3.60535001754761,95840.6898934238,2.42293572,81.395,
QAT,2015,,68985.2433380102,3.63581347,81.785,0.51883
QAT,2016,,61253.6217997091,3.54971433,82.147,
QAT,2017,2.96745991706848,63279.8767486216,3.21237087,82.458,
QAT,2018,,71039.9308240078,2.96176219,82.714,0.53129
QAT,2019,2.80378007888794,66841.3623185691,3.18468714,82.945,
QAT,2020,3.23368000984192,51683.5681078949,3.81872201,80.409,
QAT,2021,,71751.9363398856,2.8927927,81.083,0.68058
QAT,2022,,88701.4689763536,2.18613315,81.857,
QAT,2023,,81816.9797967481,2.52358818,82.368,
QAT,2024,,76688.6941743178,,82.522,
ROU,1995,,1650.04922365201,,69.4560975609756,
ROU,1996,3.24121999740601,1633.01064354117,,69.1048780487805,0.67472
ROU,1997,,1577.33656023974,,69.0048780487805,0.57451
ROU,1998,,1852.5549693339,,69.8073170731708,0.49541
ROU,1999,,1599.90622808339,,70.5121951219512,0.39832
ROU,2000,2.86862993240356,1659.92904910528,4.20876169,71.1634146341463,0.36626
ROU,2001,3.26629996299744,1825.19299373184,4.37598133,71.1609756097561,0.39129
ROU,2002,3.50411009788513,2119.85509684554,4.57694626,71.009756097561,0.37721
ROU,2003,3.54397010803223,2679.40626016154,5.37136793,71.309756097561,0.39708
ROU,2004,3.31273007392883,3494.99056448955,5.47733593,71.5609756097561,0.38942
ROU,2005,3.50038003921509,4618.00350802913,5.52778196,71.9121951219512,0.41262
ROU,2006,4.30650997161865,5757.53127301178,5.07106066,72.1634146341463,0.45682
ROU,2007,4.14953994750977,8360.33775916596,5.02223349,72.5658536585366,0.51148
ROU,2008,4.09722995758057,10435.1561230787,5.02277184,72.5658536585366,0.55215
ROU,2009,4.00193023681641,8548.4543409242,5.27816248,73.309756097561,0.44393
ROU,2010,3.41647005081177,8399.5374234284,5.63882685,73.4585365853659,0.44657
ROU,2011,2.91359996795654,9560.6755277458,4.47503996,74.409756097561,0.47457
ROU,2012,2.8234601020813,8929.95366231474,4.50939083,74.4121951219512,0.46244
ROU,2013,3.06785011291504,9497.67411615237,5.2240696,75.0634146341463,0.39022
ROU,2014,3.12494993209839,10031.7710755404,5.0276823,74.909756097561,0.38207
ROU,2015,3.10693001747131,8977.01748158196,4.94292021,74.9121951219512,0.48796
ROU,2016,3.0255401134491,9404.54005870715,5.08012772,75.209756097561,0.48863
ROU,2017,3.11819005012512,10727.9822007426,5.18878555,75.209756097561,0.50693
ROU,2018,3.31710004806519,12416.134317959,5.51454878,75.3585365853659,0.49698
ROU,2019,3.55761003494263,12909.6104013244,5.69924641,75.6073170731707,0.47491
ROU,2020,3.57968997955322,13009.1770573223,6.20959711,74.2536585365854,0.46414
ROU,2021,3.31562995910644,14907.9803652143,6.45246983,72.809756097561,0.47108
ROU,2022,3.2788200378418,15503.551804598,5.79823256,75.1536585365854,0.46274
ROU,2023,,18244.4186876321,5.70901489,76.4048780487805,0.51656
ROU,2024,,20080.2096215595,,76.4585365853659,
RUS,1995,,2665.77978515625,,64.6907317073171,
RUS,1996,,2643.92919921875,,65.8541463414634,0.96591
RUS,1997,,2737.57202148438,,66.6987804878049,1.04374
RUS,1998,,1834.86181640625,,67.029756097561,0.95383
RUS,1999,,1330.75720214844,,65.9821951219512,0.99623
RUS,2000,2.93979001045227,1771.59411621094,5.01989794,65.4836585365854,1.04983
RUS,2001,3.10601997375488,2100.3525390625,5.24284792,65.3834146341463,1.17694
RUS,2002,3.83502006530762,2377.52954101563,5.52166557,65.1287804878049,1.24652
RUS,2003,3.67855000495911,2975.123046875,5.16368914,65.0275609756098,1.28604
RUS,2004,3.54785990715027,4102.36474609375,4.7603755,65.4709756097561,1.15133
RUS,2005,3.77192997932434,5323.455078125,4.77177477,65.529756097561,1.06797
RUS,2006,3.86626005172729,6920.19970703125,4.76654387,66.7275609756098,1.07294
RUS,2007,,9101.2392578125,4.74792528,67.5868292682927,1.11611
RUS,2008,4.10174989700317,11635.2841796875,4.90364122,67.9492682926829,1.04435
RUS,2009,,8562.82421875,5.64392471,68.6846341463415,1.25192
RUS,2010,4.08974230526824,10674.990234375,4.97111797,68.8412195121951,1.1302
RUS,2011,3.71261270253186,14305.33203125,4.79491472,69.6839024390244,1.01545
RUS,2012,3.79310011863708,15401.8515625,4.93637276,70.0721951219512,1.02766
RUS,2013,3.76382994651794,15941.4482421875,5.08104849,70.5787804878049,1.02732
RUS,2014,4.01387977600098,14055.47265625,5.1820941,70.7436585365854,1.07241
RUS,2015,3.83402991294861,9277.7138671875,5.29604626,71.1834146341463,1.10085
RUS,2016,3.76044011116028,8663.158203125,5.28970337,71.6512195121951,1.10238
RUS,2017,4.68990993499756,10658.9130859375,5.35890055,72.4514634146342,1.10967
RUS,2018,4.67819023132324,11211.8876953125,5.35520792,72.6621951219512,0.99001
RUS,2019,3.69561429198336,11447.701171875,5.64849091,73.0839024390244,1.03531
RUS,2020,4.01641864383637,10108.3271484375,8.04076004,71.3387804878049,1.09099
RUS,2021,3.99480697864774,12425.029296875,7.0299139,69.900243902439,0.96602
RUS,2022,4.05402755323777,15619.6142578125,6.8788662,72.5456097560976,0.91494
RUS,2023,4.16454853394225,14159.3876953125,7.04438496,73.2546341463415,0.93518
RUS,2024,,14889.0185546875,,73.4404878048781,0.93706
SAU,1995,5.69247007369995,10786.4008952769,,70.944,
SAU,1996,4.94373989105225,11471.5045960191,,71.288,
SAU,1997,4.37706995010376,11545.3455998551,,71.624,
SAU,1998,8.28131008148193,9836.05729768574,,71.957,
SAU,1999,7.07226991653442,10452.1899400479,,72.29,
SAU,2000,5.90982007980347,11714.5623675159,4.2115941,72.607,
SAU,2001,7.71887016296387,10805.311325122,4.46173573,72.951,
SAU,2002,7.63688993453979,10586.0543471363,4.2493763,73.296,
SAU,2003,7.10509014129639,11487.220410693,3.97909737,73.657,0.06233
SAU,2004,6.27747011184692,13154.4978989446,3.58400965,74.027,0.05315
SAU,2005,5.43093013763428,15975.7473782258,3.4186728,74.4,0.0423
SAU,2006,5.89117002487183,17563.6145370639,3.61922002,74.762,0.04245
SAU,2007,,18596.1502627898,3.56229162,75.066,0.04521
SAU,2008,5.13781023025513,22320.4888964331,2.97100711,75.301,0.04902
SAU,2009,,17718.3911648365,4.29042768,75.447,0.07338
SAU,2010,,22028.3901426586,3.64786148,75.616,0.884
SAU,2011,,27126.7498747702,3.68218255,75.808,0.88541
SAU,2012,,28733.4375513452,3.98779845,76.09,0.85824
SAU,2013,,27865.465604962,4.42293596,76.517,0.79069
SAU,2014,,27805.4850319422,5.15800905,77.116,
SAU,2015,,23256.1549553531,5.8620224,77.776,
SAU,2016,,22267.7217050387,6.24142838,78.354,
SAU,2017,,23929.2907135982,6.03126049,78.721,
SAU,2018,,29360.0658968566,5.34063101,78.75,
SAU,2019,,29566.7933827436,5.46743011,78.313,
SAU,2020,,24338.8307301067,6.64630127,77.596,0.47618
SAU,2021,,31920.7653655643,5.93033648,77.089,0.39379
SAU,2022,,38510.2276211037,5.31400585,77.31,0.41439
SAU,2023,4.48087978363037,36156.848337701,5.68722248,78.732,0.49487
SAU,2024,,35121.6628687742,,78.982,0.63522
SWE,1995,6.15396022796631,30254.0273028727,,78.7404878048781,
SWE,1996,6.833740234375,33022.2444768661,,78.9590243902439,
SWE,1997,,30324.1845796306,,79.1975609756098,3.27265
SWE,1998,7.05913019180298,30605.3669074811,,79.3390243902439,
SWE,1999,6.84251022338867,30968.8710702052,,79.4414634146342,3.37825
SWE,2000,6.7383599281311,29632.5890811623,7.32495546,79.6439024390244,
SWE,2001,6.61482000350952,27259.3174300217,7.89248943,79.7951219512195,3.87215
SWE,2002,6.91077995300293,29957.7776664916,8.18597412,79.8463414634146,
SWE,2003,6.79678010940552,37292.2419727801,8.31654263,80.0951219512195,3.5823
SWE,2004,6.6729998588562,42758.0048564929,8.1428194,80.4975609756098,3.36628
SWE,2005,6.51516008377075,43378.4077394363,8.15987301,80.5463414634146,3.3641
SWE,2006,6.37277984619141,46531.3762240485,8.0421772,80.7487804878049,3.47963
SWE,2007,6.18673992156982,53568.3057787832,7.9882226,80.9,3.24176
SWE,2008,6.38263988494873,55817.1759726485,8.22603607,81.1,3.49083
SWE,2009,6.78425979614258,46707.6425044751,8.77742958,81.3512195121951,3.41266
SWE,2010,6.56318998336792,52542.5759090299,8.32384682,81.4512195121951,3.18756
SWE,2011,6.40655994415283,60379.4814599322,10.50179005,81.8024390243903,3.20686
SWE,2012,7.57456016540527,57749.5615420853,10.834198,81.7048780487805,3.24636
SWE,2013,7.6465802192688,60843.9888799369,10.9872179,81.9560975609756,3.27557
SWE,2014,7.62924003601074,59583.4584491714,11.07212639,82.2536585365854,3.12457
SWE,2015,7.49442005157471,51188.1652120493,10.93069172,82.2048780487805,3.24088
SWE,2016,7.63991022109985,51703.5088332851,10.95692444,82.3073170731707,3.25643
SWE,2017,7.63849020004272,53210.2233318965,10.94730949,82.409756097561,3.39374
SWE,2018,7.69825983047485,54018.4554391861,11.09132671,82.5585365853659,3.34602
SWE,2019,7.66307020187378,51648.9892820514,10.93444347,83.109756097561,3.39847
SWE,2020,7.95333003997803,52568.5726980146,11.42458725,82.3560975609756,3.50181
SWE,2021,7.60224008560181,60647.5416365347,11.23013592,83.0560975609756,3.41565
SWE,2022,7.31909990310669,54836.8907235124,10.85505676,83.0585365853659,3.47239
SWE,2023,,54950.2834725622,11.152915,83.309756097561,3.59978
SWE,2024,,57117.4877440616,11.21510124,84.0634146341463,
THA,1995,3.14497995376587,2864.36515719866,,69.757,
THA,1996,3.49960994720459,3054.65690806473,,69.94,0.11918
THA,1997,4.57718992233276,2473.14096982086,,70.362,0.10214
THA,1998,4.62569999694824,1847.70379269771,,70.703,
THA,1999,4.83267021179199,2033.24490520569,,70.979,0.24836
THA,2000,5.25345993041992,2005.97694514234,3.10125351,71.205,0.24471
THA,2001,4.81787014007568,1889.93432467144,3.02623773,71.52,0.25231
THA,2002,3.86491990089417,2089.75183111554,3.334723,71.775,0.23055
THA,2003,3.72561001777649,2347.54001286066,3.24312782,72.101,0.24534
THA,2004,4.03088998794556,2641.56268717857,3.13893151,72.1,0.23828
THA,2005,3.93859004974365,2867.70383436062,3.15972233,72.894,0.21889
THA,2006,4.05038022994995,3331.32043511773,3.09970832,73.341,0.23271
THA,2007,3.60314989089966,3918.52817434581,3.19277525,73.779,0.2008
THA,2008,3.50850009918213,4309.13509292986,3.45933938,74.221,0.20331
THA,2009,3.86193990707398,4135.43986952819,3.61939645,74.669,0.23455
THA,2010,3.50846004486084,4973.86288823778,3.39009809,75.012,
THA,2011,4.80556011199951,5373.6232832898,3.56825495,75.302,0.36146
THA,2012,4.53672981262207,5725.52802835463,3.5229404,75.59,
THA,2013,4.12401008605957,6018.08244729255,3.45313334,75.96,0.44163
THA,2014,3.91917751852112,5801.1978916205,3.68448091,76.279,0.47988
THA,2015,3.86397622727286,5688.85335397884,3.8522861,76.563,0.61609
THA,2016,3.76761756770937,5833.57715617098,3.93900609,76.769,0.77829
THA,2017,3.46532147640365,6413.09182530343,3.85276842,76.989,1.00165
THA,2018,3.19769395901619,7099.77650081458,3.87040329,77.19,1.11375
THA,2019,3.02221411183282,7605.69657797759,3.78911877,77.197,1.14317
THA,2020,3.15314171737183,6985.64393892574,4.35724688,77.331,1.32818
THA,2021,2.98212428478268,7057.20754802279,5.15399981,77.606,1.20822
THA,2022,2.61187022798634,6909.35281815827,5.35471153,75.291,1.15902
THA,2023,2.52122219628772,7195.10130919449,4.53787661,76.412,0.93628
THA,2024,,7346.62022142185,,76.564,
TUR,1995,2.2511100769043,3845.98997887841,,69.734,
TUR,1996,,4041.36210281686,,70.245,0.45159
TUR,1997,,4197.37636165642,,70.668,0.49168
TUR,1998,0.0,4331.02761275037,,71.144,0.36198
TUR,1999,,3973.77763854116,,70.752,0.45557
TUR,2000,,4199.3798635759,4.59957218,71.931,0.46558
TUR,2001,,3052.2256706793,4.88784933,72.271,0.52247
TUR,2002,,3591.08628982587,5.06227875,72.605,0.50904
TUR,2003,,4649.63668068586,5.01427698,72.906,0.46532
TUR,2004,,5979.6054216148,4.9096446,73.223,0.49713
TUR,2005,,7331.85429430255,4.89389706,73.51,0.56381
TUR,2006,,7990.08251407245,5.14591694,73.804,0.55292
TUR,2007,,9766.91734545294,5.23760796,74.129,0.68616
TUR,2008,,10913.4079047769,5.21761751,74.38,0.68741
TUR,2009,,9076.92472236977,5.49438715,74.679,0.80363
TUR,2010,,10698.9699409757,5.02053452,74.964,0.79369
TUR,2011,4.22150993347168,11373.6355760885,4.6530509,74.823,0.79393
TUR,2012,4.38721990585327,11776.7593362033,4.44444656,75.552,0.82595
TUR,2013,4.34479999542236,12635.5570016068,4.37099934,76.171,0.81206
TUR,2014,4.41256999969482,12209.3862327674,4.32517862,76.452,0.8564
TUR,2015,4.30550003051758,11064.6494504662,4.11690426,76.539,0.96732
TUR,2016,4.62773990631104,10984.3643169061,4.28469229,76.595,1.11979
TUR,2017,4.32369995117188,10756.3877677883,4.17974997,77.037,1.17632
TUR,2018,4.29729986190796,9684.11819884721,4.12101603,77.454,1.27093
TUR,2019,4.44776010513306,9395.23378001368,4.35954332,77.737,1.3196
TUR,2020,4.03382015228271,8798.11791709313,4.61640215,76.525,1.36748
TUR,2021,3.53787994384766,9981.76398411336,4.56065559,75.722,1.40209
TUR,2022,3.09571003913879,10897.8397861365,3.70338893,77.591,1.32342
TUR,2023,,13375.0947282864,4.27524424,77.156,1.42224
TUR,2024,,15892.7157287241,,77.421,
UKR,1995,,933.191772460938,,67.114,
UKR,1996,,869.846069335938,,67.097,
UKR,1997,5.45600986480713,987.489807128906,,67.658,1.1923
UKR,1998,4.44884014129639,831.336791992188,,67.993,1.06993
UKR,1999,3.61807990074158,631.910461425781,,68.004,0.96968
UKR,2000,4.02293014526367,653.294311523438,5.30685186,67.786,0.92904
UKR,2001,4.52568006515503,800.49072265625,5.72534418,67.675,0.98944
UKR,2002,5.24006986618042,903.011901855469,5.99220037,67.699,0.96269
UKR,2003,5.4001898765564,1076.48156738281,6.54574108,67.638,1.07166
UKR,2004,5.12376022338867,1401.01806640625,6.16856956,67.472,1.04392
UKR,2005,5.84819984436035,1875.33508300781,6.3461585,67.517,0.99518
UKR,2006,5.97945976257324,2366.494140625,6.4171896,67.49,0.91403
UKR,2007,5.90244007110596,3160.32763671875,6.01776791,67.715,0.81869
UKR,2008,6.15242004394531,4017.806640625,5.49754429,68.262,0.80991
UKR,2009,7.05074977874756,2607.08764648438,6.60991716,69.159,0.82596
UKR,2010,,3039.63232421875,6.81387615,70.188,0.80278
UKR,2011,5.93769979476929,3656.69799804688,6.81669855,70.711,0.7109
UKR,2012,6.44267988204956,3951.34228515625,7.11789227,71.09,0.72363
UKR,2013,6.41987991333008,4129.89697265625,6.94358015,71.474,0.733
UKR,2014,5.87491989135742,3054.908203125,7.19506168,71.803,0.65034
UKR,2015,5.33951727495092,2094.47387695313,7.78352833,72.686,0.61477
UKR,2016,5.00976991653442,2158.46118164063,7.55205393,73.389,0.48339
UKR,2017,5.41706991195679,2604.28759765625,7.44610357,73.993,0.44878
UKR,2018,5.3199200630188,3059.0517578125,7.52051353,73.569,0.47113
UKR,2019,5.44129991531372,3619.86157226563,7.09389353,73.92,0.43384
UKR,2020,5.38230991363525,3709.76928710938,7.56217051,73.283,0.40318
UKR,2021,5.14010000228882,4775.94580078125,8.2027483,71.631,0.38478
UKR,2022,,4199.6708984375,,72.658,0.32673
UKR,2023,,5139.59814453125,,73.422,0.32209
UKR,2024,,5389.47314453125,,74.692,0.36988
USA,1995,,28690.8757013347,,75.6219512195122,
USA,1996,,29967.7127181749,,76.0268292682927,2.45013
USA,1997,,31459.1389804773,,76.4292682926829,2.47714
USA,1998,,32853.6769523009,,76.5804878048781,2.49621
USA,1999,,34515.3902272076,,76.5829268292683,2.54362
USA,2000,,36329.9560727102,12.49002075,76.6365853658537,2.61982
USA,2001,,37133.623113437,13.16817093,76.8365853658537,2.63715
USA,2002,,37997.7596573051,13.99535275,76.9365853658537,2.54746
USA,2003,,39490.2749557007,14.50557518,77.0365853658537,2.55014
USA,2004,,41724.6316287624,14.55123138,77.4878048780488,2.48685
USA,2005,,44123.4070679055,14.57946205,77.4878048780488,2.50192
USA,2006,,46302.0008800056,14.70878792,77.6878048780488,2.54545
USA,2007,,48050.2237771135,14.91832542,77.9878048780488,2.61516
USA,2008,,48570.0459804586,15.20723629,78.0390243902439,2.74481
USA,2009,,47194.9433547336,16.20067596,78.390243902439,2.7918
USA,2010,,48642.6100179312,16.19722366,78.5414634146342,2.71443
USA,2011,,50024.868799398,16.14000511,78.6414634146341,2.73803
USA,2012,,51708.4011556577,16.11975479,78.7414634146342,2.67272
USA,2013,,53179.0127634561,15.95227051,78.7414634146342,2.69591
USA,2014,,54973.4207515712,16.1415844,78.8414634146341,2.70882
USA,2015,4.93064022064209,56572.9188996063,16.40155411,78.690243902439,2.77328
USA,2016,4.78327989578247,57638.1018367192,16.69203949,78.5390243902439,2.83677
USA,2017,5.09296989440918,59635.0984397965,16.63827515,78.5390243902439,2.88315
USA,2018,4.89502000808716,62499.8744390068,16.51312637,78.6390243902439,2.98956
USA,2019,4.95746994018555,64746.4506778863,16.54486084,78.7878048780488,3.14297
USA,2020,5.39530992507935,63515.9491807833,18.51597404,76.9804878048781,3.41788
USA,2021,5.42038011550903,70205.050916026,17.35207748,76.3292682926829,3.4689
USA,2022,,76657.2488844403,16.52875137,77.4341463414634,3.48736
USA,2023,,81032.262117545,16.69414902,78.3853658536585,3.44716
USA,2024,,84534.0407841548,,78.890243902439,
ZAF,1995,,3855.6340871567,,61.603,
ZAF,1996,5.04734992980957,3617.55336002932,,61.079,
ZAF,1997,,3700.23554789867,,60.538,0.52694
ZAF,1998,,3309.60933087472,,59.912,
ZAF,1999,5.29117012023926,3242.36830483958,,59.19,
ZAF,2000,4.90882015228271,3217.84693448467,7.3366189,58.368,
ZAF,2001,4.63617992401123,2847.15191945908,7.12327909,57.161,0.64224
ZAF,2002,4.54569005966187,2688.23676032806,6.67774487,55.58,
ZAF,2003,4.35209989547729,4062.21755993786,7.04098177,54.245,0.6765
ZAF,2004,4.50897979736328,5221.46333731721,6.938416,53.963,0.72681
ZAF,2005,4.5245099067688,5836.87663325127,6.86216164,53.914,0.77024
ZAF,2006,4.52652978897095,6077.38293388876,6.87650871,54.22,0.80291
ZAF,2007,4.44668006896973,6591.85535960564,6.90510845,54.948,0.79364
ZAF,2008,4.37424993515015,6184.75474328399,7.14832258,55.982,0.80567
ZAF,2009,4.76118993759155,6374.70560042992,7.64941454,57.413,0.74993
ZAF,2010,5.13496017456055,7973.47195771517,7.79358244,58.886,0.66284
ZAF,2011,5.28899002075195,8646.05571071635,7.94434404,60.602,0.66753
ZAF,2012,5.52322006225586,8076.97678479741,8.00428867,61.737,0.66934
ZAF,2013,5.35070991516113,7331.65467384919,8.10322285,62.388,0.6633
ZAF,2014,5.48977994918823,6856.73137092522,7.87136555,63.184,0.70987
ZAF,2015,5.48285007476807,6112.27382485974,8.05304241,64.053,0.73147
ZAF,2016,5.4442400932312,5651.20585165749,8.07959366,64.749,0.74992
ZAF,2017,5.59868001937866,6618.33508255701,7.97711372,65.422,0.76257
ZAF,2018,5.64401006698608,6914.1780318076,8.0819664,65.726,0.68586
ZAF,2019,5.91159009933472,6533.71121032856,8.24652863,66.071,0.61304
ZAF,2020,6.17067003250122,5580.60383075189,9.02174091,65.15,0.60296
ZAF,2021,6.5551700592041,6828.75624590017,8.6645031,62.01,0.6139
ZAF,2022,6.15599012374878,6534.24867783397,8.74512291,65.454,0.61479
ZAF,2023,6.12347984313965,6034.27208964673,8.90966797,66.139,
ZAF,2024,6.02110004425049,6267.186814093,,66.312,
