country_iso3,year,region,income_group,gdp_per_capita_usd,life_expectancy,health_spend_pct_gdp,education_spend_pct_gdp,rd_spend_pct_gdp,wui,wui_volatility
ARE,1995,Middle East,High,27003.2006807782,71.392,2.39504457,3.86019992828369,0.47252,0.0502926,0.06058628871375657
ARE,1996,Middle East,High,28323.1650870532,71.82,2.39504457,3.86019992828369,0.47252,0.0,0.0
ARE,1997,Middle East,High,27982.7957040564,72.559,2.39504457,3.86019992828369,0.47252,0.10440255,0.07627543965871321
ARE,1998,Middle East,High,24889.4269192279,73.66,2.39504457,3.86019992828369,0.47252,0.30301135,0.2344147567626023
ARE,1999,Middle East,High,25855.8605046587,74.982,2.39504457,3.86019992828369,0.47252,0.06680195,0.09664609633922107
ARE,2000,Middle East,High,29865.502347066,76.347,2.39504457,3.86019992828369,0.47252,0.13389485,0.18941039925904282
ARE,2001,Middle East,High,27745.1708087672,77.621,2.48436403,3.86019992828369,0.47252,0.0189394,0.0378788
ARE,2002,Middle East,High,27753.6089526346,78.721,2.71770859,3.86019992828369,0.47252,0.0729235,0.145847
ARE,2003,Middle East,High,29659.5428567811,79.6,2.64634395,3.86019992828369,0.47252,0.04925499999999999,0.06011461915823804
ARE,2004,Middle East,High,33376.7152295209,80.272,2.46225643,3.86019992828369,0.47252,0.056576775,0.046892793180286954
ARE,2005,Middle East,High,38719.3138307623,80.779,2.3202107,3.86019992828369,0.47252,0.020205275,0.04041055
ARE,2006,Middle East,High,44342.6048322482,81.155,2.3254137,3.86019992828369,0.47252,0.14964125,0.10126661212991181
ARE,2007,Middle East,High,45854.7325158162,81.438,2.56602693,3.86019992828369,0.47252,0.0495927,0.0630718643718946
ARE,2008,Middle East,High,50054.1700681803,81.591,2.92857623,3.86019992828369,0.47252,0.10995425,0.0032181661739775495
ARE,2009,Middle East,High,37803.0663738777,81.679,4.05000162,3.86019992828369,0.47252,0.0,0.0
ARE,2010,Middle East,High,44795.2949302268,81.886,3.74433136,3.86019992828369,0.47252,0.10453385,0.1474225432506508
ARE,2011,Middle East,High,51921.904511613,81.898,3.56666398,3.86019992828369,0.47252,0.22902205,0.0598530060896137
ARE,2012,Middle East,High,53141.6124340099,81.913,3.33596373,3.86019992828369,0.54009,0.267484775,0.2079614176081768
ARE,2013,Middle East,High,53247.2409495441,81.95,3.50222182,3.86019992828369,0.60766,0.216008875,0.1287025785598039
ARE,2014,Middle East,High,52725.2358407934,81.99,3.53405499,3.86019992828369,0.67523,0.18339115,0.14597257484273088
ARE,2015,Middle East,High,44910.334995523,82.076,3.46609354,3.86019992828369,0.86569,0.0443066,0.0886132
ARE,2016,Middle East,High,42721.0999383185,82.195,3.89580107,3.86019992828369,0.9318,0.133593925,0.13127802815102954
ARE,2017,Middle East,High,43733.6192287435,82.388,4.00854969,3.86019992828369,1.097845,0.28690035,0.16911264899503128
ARE,2018,Middle East,High,47135.3591943971,82.449,4.09854221,3.86019992828369,1.26389,0.25675427500000003,0.11086575648294578
ARE,2019,Middle East,High,45938.6073581994,82.596,4.40291262,3.86019992828369,1.31065,0.107757525,0.07308878497267894
ARE,2020,Middle East,High,37991.7492971665,81.936,5.82477045,3.98417997360229,1.48831,0.1183699,0.06613231831462335
ARE,2021,Middle East,High,44118.5047192771,79.083,5.30494308,3.89404010772705,1.49469,0.292745475,0.10525430208048109
ARE,2022,Middle East,High,50759.7589231191,80.487,4.56536388,3.89404010772705,1.49469,0.079935075,0.060864149414981285
ARE,2023,Middle East,High,49850.6872175164,82.909,4.97095108,3.89404010772705,1.49469,0.01659255,0.0331851
ARE,2024,Middle East,High,50273.5060469837,83.069,4.97095108,3.89404010772705,1.49469,0.051918775,0.06584681434817102
ARG,1995,Latin America,Upper-middle,7357.6162773788,72.864,8.22001076,3.73198008537292,0.41749,0.42027982500000005,0.08759941358031934
ARG,1996,Latin America,Upper-middle,7663.21271287469,73.056,8.22001076,3.73198008537292,0.41749,0.34809239999999997,0.23602584542018556
ARG,1997,Latin America,Upper-middle,8146.78710021431,73.407,8.22001076,3.8859249353408796,0.41959,0.268500725,0.16936648759961093
ARG,1998,Latin America,Upper-middle,8218.99212764682,73.412,8.22001076,4.03986978530884,0.41131,0.21907715,0.14604790766495082
ARG,1999,Latin America,Upper-middle,7705.54288252851,73.683,8.22001076,4.52167987823486,0.45337,0.46741495,0.294600215214376
ARG,2000,Latin America,Upper-middle,7637.01489203628,73.91,8.22001076,4.58030986785889,0.43884,0.3056731,0.029888264494502402
ARG,2001,Latin America,Upper-middle,7141.47507662826,74.154,8.26966286,4.833740234375,0.4246,0.31203654999999997,0.13651268938714087
ARG,2002,Latin America,Upper-middle,2569.69963519124,74.312,7.33203077,4.01734018325806,0.38886,0.22531335,0.2617515192951832
ARG,2003,Latin America,Upper-middle,3320.47775133903,74.307,6.92670012,3.53504991531372,0.41012,0.1737543,0.10230340816981613
ARG,2004,Latin America,Upper-middle,4242.02099089422,74.871,7.09477043,3.48652005195618,0.40376,0.237159075,0.07507844108439185
ARG,2005,Latin America,Upper-middle,5067.65342293276,75.231,7.73392439,3.86000990867615,0.42075,0.1467231,0.04848598418807921
ARG,2006,Latin America,Upper-middle,5869.38028970204,75.279,7.70940399,4.12821006774902,0.45216,0.169045375,0.1338815359796955
ARG,2007,Latin America,Upper-middle,7185.25155147027,74.783,7.86196613,4.46260976791382,0.46007,0.33425045,0.04628115387761345
ARG,2008,Latin America,Upper-middle,8944.1102657357,75.428,8.24087811,4.84438991546631,0.47055,0.261808475,0.20889847228337782
ARG,2009,Latin America,Upper-middle,8150.23527028221,75.577,9.56852913,5.53105020523071,0.58398,0.70966765,0.3494191547646036
ARG,2010,Latin America,Upper-middle,10260.1313108254,75.68,9.4852438,5.01972007751465,0.56104,0.8548254000000001,0.2110066197443578
ARG,2011,Latin America,Upper-middle,12704.2831819684,76.1,9.51042366,5.29063987731934,0.56597,0.328666,0.18818760998012948
ARG,2012,Latin America,Upper-middle,12949.717486654,75.802,9.8851881,5.3458399772644,0.63491,0.323742725,0.11369285118767362
ARG,2013,Latin America,Upper-middle,12963.675773326,75.829,9.92091465,5.43660020828247,0.61849,0.3264396,0.21021451263097893
ARG,2014,Latin America,Upper-middle,12233.1444119186,76.268,9.79773045,5.36144018173218,0.59396,0.29635517499999997,0.12927507344399058
ARG,2015,Latin America,Upper-middle,13679.6264980954,76.6,10.27364159,5.77611017227173,0.62262,0.36072255,0.1503493668020033
ARG,2016,Latin America,Upper-middle,12699.9623137756,76.105,10.05355549,5.54548978805542,0.55815,0.15035685,0.11035193850991773
ARG,2017,Latin America,Upper-middle,14532.5009308511,76.543,10.26057911,5.45432996749878,0.55632,0.189007825,0.10446186355895229
ARG,2018,Latin America,Upper-middle,11752.7998922979,76.77,10.17289257,4.87773990631104,0.4883,0.39958340000000003,0.2621803967768122
ARG,2019,Latin America,Upper-middle,9955.97478680428,76.847,10.11911297,4.77165985107422,0.47813,0.414423575,0.16698435765872152
ARG,2020,Latin America,Upper-middle,8535.59938004389,75.878,10.67246342,5.27689981460571,0.54126,0.23493134999999998,0.19935725725150646
ARG,2021,Latin America,Upper-middle,10738.0179223384,73.948,11.00910187,4.65393018722534,0.5236,0.09622515000000001,0.054327970133777936
ARG,2022,Latin America,Upper-middle,13962.1894087223,75.806,10.15950489,4.79263019561768,0.54951,0.16955725,0.0764139828147746
ARG,2023,Latin America,Upper-middle,14261.8465667948,77.395,10.2695179,5.00324010848999,0.60111,0.389300475,0.2844444602037613
ARG,2024,Latin America,Upper-middle,13969.7836603737,77.543,10.2695179,5.00324010848999,0.60111,0.4696254,0.11737429276989637
AUS,1995,Asia-Pacific,High,20479.1748274233,77.8292682926829,7.58869076,5.38625001907349,1.66218,0.0500755,0.06487334104206442
AUS,1996,Asia-Pacific,High,22055.838490507,78.0780487804878,7.58869076,5.38625001907349,1.66218,0.106703125,0.09559187191783532
AUS,1997,Asia-Pacific,High,23683.4948964934,78.4804878048781,7.58869076,5.38625001907349,1.587845,0.125325075,0.14790491296959174
AUS,1998,Asia-Pacific,High,21516.0403147759,78.6317073170732,7.58869076,5.38625001907349,1.51351,0.03769885,0.0753977
AUS,1999,Asia-Pacific,High,20749.6443779096,78.9317073170732,7.58869076,5.38625001907349,1.542745,0.03474485,0.04013766401851674
AUS,2000,Asia-Pacific,High,21908.9968019784,79.2341463414634,7.58869076,5.38625001907349,1.57198,0.16145779999999998,0.12098968842395894
AUS,2001,Asia-Pacific,High,19733.6510102645,79.6341463414634,7.67391729,5.38625001907349,1.65926,0.087171975,0.06646541588427148
AUS,2002,Asia-Pacific,High,20335.0960191023,79.9365853658537,7.87221003,5.38625001907349,1.74654,0.07341065,0.1468213
AUS,2003,Asia-Pacific,High,23757.5898471684,80.2390243902439,7.87659502,5.38625001907349,1.79728,0.308238375,0.25028094893370495
AUS,2004,Asia-Pacific,High,30886.0500949401,80.490243902439,8.08257675,5.38625001907349,1.84802,0.031713725,0.036653369352296024
AUS,2005,Asia-Pacific,High,34535.20727091,80.8414634146341,7.9648633,5.38625001907349,2.01332,0.07910982500000001,0.12050948563767018
AUS,2006,Asia-Pacific,High,36658.8243476122,81.0414634146342,7.97161102,5.38625001907349,2.17862,0.068764825,0.09780491127792357
AUS,2007,Asia-Pacific,High,41128.2476618402,81.2926829268293,8.0517149,5.38625001907349,2.2888,0.01910585,0.0382117
AUS,2008,Asia-Pacific,High,49811.2067218988,81.3951219512195,8.24737453,5.38625001907349,2.39898,0.2299376,0.09870012302467848
AUS,2009,Asia-Pacific,High,42954.8494884573,81.5439024390244,8.54273987,5.38625001907349,2.38459,0.07698375,0.05186773278037769
AUS,2010,Asia-Pacific,High,52313.8939041213,81.6951219512195,8.4193306,5.38625001907349,2.3702,0.17976684999999998,0.09733656597194089
AUS,2011,Asia-Pacific,High,62799.3895017032,81.8951219512195,8.53425312,5.38625001907349,2.23459,0.24364802500000002,0.22498503651138485
AUS,2012,Asia-Pacific,High,68301.4402512587,82.0463414634146,8.67020702,5.38625001907349,2.20596,0.132407025,0.09404847828573569
AUS,2013,Asia-Pacific,High,68476.6788496118,82.1487804878049,8.7465601,5.38625001907349,2.17733,0.034845475,0.040387875802471135
AUS,2014,Asia-Pacific,High,62817.2061751737,82.3,9.82833862,5.38625001907349,2.04851,0.1185409,0.13231417004372586
AUS,2015,Asia-Pacific,High,56970.3613028094,82.4,10.13642025,5.38625001907349,1.91969,0.17426439999999999,0.08664888350906008
AUS,2016,Asia-Pacific,High,50084.4440606385,82.4487804878049,10.08958244,5.38625001907349,1.9003549999999998,0.2490718,0.1382916894646722
AUS,2017,Asia-Pacific,High,54117.547718609,82.5,10.10880566,5.38625001907349,1.88102,0.307399925,0.09569044315859952
AUS,2018,Asia-Pacific,High,57410.1737346009,82.7487804878049,10.08907509,5.38625001907349,1.8546399999999998,0.172188025,0.07198987006407569
AUS,2019,Asia-Pacific,High,55194.7585097428,82.9,10.25421429,5.38625001907349,1.82826,0.21579435,0.17715518524484875
AUS,2020,Asia-Pacific,High,51983.4523666382,83.2,10.70324135,5.38625001907349,1.843045,0.3143915,0.12456461632919681
AUS,2021,Asia-Pacific,High,60758.9044397144,83.3,10.51612186,5.34109020233154,1.85783,0.254914725,0.09881708288237667
AUS,2022,Asia-Pacific,High,65169.5191118657,83.2,9.89226055,5.05915021896362,1.85783,0.193811375,0.09643551462918543
AUS,2023,Asia-Pacific,High,65058.3773146674,83.0512195121951,10.39852047,5.05915021896362,1.85783,0.074134325,0.060359228366581745
AUS,2024,Asia-Pacific,High,64603.9856308464,83.0512195121951,10.39852047,5.05915021896362,1.85783,0.0179856,0.0359712
AUT,1995,Europe,High,30207.0674314652,76.6682926829268,9.38934517,5.44969987869263,1.58947,0.0874627,0.078296847019234
AUT,1996,Europe,High,29645.9451251491,76.8707317073171,9.38934517,5.28883981704712,1.58947,0.046464575,0.03182052614465229
AUT,1997,Europe,High,26571.7523626508,77.319512195122,9.38934517,5.713054895401,1.66324,0.048946025,0.06288344679974081
AUT,1998,Europe,High,27212.4642905708,77.6707317073171,9.38934517,6.13726997375488,1.74106,0.068683525,0.09867096282146959
AUT,1999,Europe,High,27078.7081612201,77.8756097560976,9.38934517,6.13599014282227,1.85251,0.077466125,0.09277087271909486
AUT,2000,Europe,High,24487.2974685956,78.1268292682927,9.38934517,5.62036991119385,1.89667,0.088631075,0.12731589988128938
AUT,2001,Europe,High,24430.495982841,78.5756097560976,9.45243549,5.60476016998291,2.00257,0.11391979999999999,0.13373428993789635
AUT,2002,Europe,High,26334.862215032,78.6780487804878,9.59139919,5.56255006790161,2.0811,0.049258449999999995,0.06448972109189184
AUT,2003,Europe,High,32110.1159661425,78.6317073170732,9.69844246,5.39253997802734,2.18701,0.18127690000000002,0.08166821564309255
AUT,2004,Europe,High,36614.2506533707,79.1804878048781,9.81532383,5.34223985671997,2.18238,0.062682975,0.04882329383974928
AUT,2005,Europe,High,38157.37022862,79.3317073170732,9.71779728,5.28515005111694,2.38942,0.1003279,0.10070202310811172
AUT,2006,Europe,High,40382.2078298575,79.8804878048781,9.64073944,5.26367998123169,2.376,0.1034847,0.0874239179396958
AUT,2007,Europe,High,46622.9622913635,80.1804878048781,9.60482597,5.17918014526367,2.4336,0.054394750000000006,0.03815278561525139
AUT,2008,Europe,High,51581.3982361071,80.4317073170732,9.83415222,5.2985200881958,2.58632,0.061649949999999995,0.0711889189422764
AUT,2009,Europe,High,47857.4446635266,80.3317073170732,10.31152916,5.76567983627319,2.61279,0.02519145,0.0503829
AUT,2010,Europe,High,46611.1393420232,80.5804878048781,10.31620026,5.73625993728638,2.74321,0.0546165,0.06358454379333603
AUT,2011,Europe,High,51116.8953522042,80.9829268292683,10.1370182,5.62787008285522,2.68567,0.025807775,0.05161555
AUT,2012,Europe,High,48250.4059142637,80.9365853658537,10.30198097,5.51612997055054,2.93372,0.3490126,0.22000961997506682
AUT,2013,Europe,High,50305.3545774973,81.1365853658537,10.40574837,5.59404993057251,2.97993,0.371836275,0.14962067132087453
AUT,2014,Europe,High,51314.9722616322,81.490243902439,10.51159096,5.49767017364502,3.11263,0.15865705,0.05593275334128177
AUT,2015,Europe,High,43915.228020857,81.190243902439,10.51688385,5.49143981933594,3.06917,0.348447475,0.17887645601411375
AUT,2016,Europe,High,45061.4993920192,81.6414634146342,10.51713753,5.50954008102417,3.13356,0.39690499999999995,0.18236919873450852
AUT,2017,Europe,High,47163.7425775142,81.6439024390244,10.57132816,5.40181016921997,3.07376,0.217711025,0.12333945971473405
AUT,2018,Europe,High,51194.0749841299,81.6926829268293,10.5157156,5.25437021255493,3.10828,0.099109475,0.10436873926469792
AUT,2019,Europe,High,49885.9947355204,81.8951219512195,10.62530422,5.23678016662598,3.14405,0.285728225,0.1593381198448418
AUT,2020,Europe,High,48716.4098900349,81.1926829268293,11.41292953,5.57961988449097,3.20758,0.33449487499999997,0.13173109992484372
AUT,2021,Europe,High,53648.6437976214,81.190243902439,12.185215,5.48071002960205,3.25565,0.09130680000000001,0.039973195341962184
AUT,2022,Europe,High,52336.7725223758,81.2951219512195,11.22519779,5.27749013900757,3.17775,0.27352675,0.04485066006102922
AUT,2023,Europe,High,56579.504175468,81.7926829268293,11.15297318,5.27749013900757,3.25517,0.3306228,0.12400937602474527
AUT,2024,Europe,High,58268.8787651601,81.9951219512195,11.8325634,5.27749013900757,3.25517,0.2842401,0.03663567364259414
BEL,1995,Europe,High,28413.8264387368,76.8407317073171,7.99917603,2.98866009712219,1.74299,0.178919025,0.20712193238372698
BEL,1996,Europe,High,27489.5551770488,77.1873170731707,7.99917603,3.04948997497559,1.74299,0.02607155,0.0521431
BEL,1997,Europe,High,24820.9380503896,77.3707317073171,7.99917603,3.3546410666571753,1.80971,0.101389075,0.08175401878510825
BEL,1998,Europe,High,25338.4432934904,77.4731707317073,7.99917603,3.659792158338761,1.83825,0.1652609,0.1628350006425932
BEL,1999,Europe,High,25252.8019066564,77.619512195122,7.99917603,3.9649432500203465,1.90564,0.058132575,0.06989772729583202
BEL,2000,Europe,High,23098.8865077401,77.7219512195122,7.99917603,4.270094341701932,1.9362,0.03091955,0.0618391
BEL,2001,Europe,High,23015.0712632462,77.9731707317073,8.14988899,4.575245433383518,2.03279,0.10539404999999999,0.08758382175670344
BEL,2002,Europe,High,25006.191397109,78.0756097560976,8.3182106,4.880396525065104,1.90325,0.07606927499999999,0.08883936814751199
BEL,2003,Europe,High,30655.2092679024,78.1292682926829,9.18925285,5.185547616746689,1.8412,0.053807499999999994,0.06919128116918585
BEL,2004,Europe,High,35429.4077933344,78.8780487804878,9.35496902,5.490698708428274,1.8205,0.106143825,0.09222693409535615
BEL,2005,Europe,High,36809.7013403619,78.9804878048781,9.25018311,5.79584980010986,1.7906,0.086970625,0.1075372256166324
BEL,2006,Europe,High,38705.1067959147,79.380487804878,9.1325655,5.97487990061442,1.82269,0.071414225,0.05758337283952576
BEL,2007,Europe,High,44319.165448813,79.7829268292683,9.1392889,6.153910001118979,1.84999,0.06176935,0.04128304115901185
BEL,2008,Europe,High,48303.397956286,79.6804878048781,9.60036659,6.33294010162354,1.93684,0.03051385,0.0610277
BEL,2009,Europe,High,44923.3400135081,80.0341463414634,10.54393387,6.43465995788574,1.99134,0.059061749999999996,0.06820091921088747
BEL,2010,Europe,High,44197.393671162,80.1829268292683,10.41325188,6.44078016281128,2.0613,0.0834214,0.05578539077912783
BEL,2011,Europe,High,47760.8298776546,80.5853658536585,10.41302204,6.38481998443604,2.15739,0.2129748,0.08887085403876796
BEL,2012,Europe,High,44874.1709182123,80.3853658536585,10.5865345,6.56625986099243,2.27079,0.208850125,0.10104290476645306
BEL,2013,Europe,High,46964.5946777056,80.5878048780488,10.63787556,6.60135984420776,2.32047,0.211979175,0.08735422908286983
BEL,2014,Europe,High,47995.7786961339,81.2878048780488,10.62032604,6.55866003036499,2.35858,0.23775575,0.23699447872410442
BEL,2015,Europe,High,40893.804537772,80.9926829268293,10.88387299,6.46963977813721,2.43496,0.121057425,0.12143116790095189
BEL,2016,Europe,High,41854.5498296444,81.4390243902439,10.89833736,6.48613023757935,2.53291,0.13260339999999998,0.14065100743329212
BEL,2017,Europe,High,44035.3239358548,81.4926829268293,10.94042683,6.44915008544922,2.67654,0.0776413,0.10805852345721433
BEL,2018,Europe,High,47487.2100392561,81.5951219512195,10.9937973,6.38883018493652,2.86365,0.09215809999999999,0.08331491253191112
BEL,2019,Europe,High,46716.6227467964,81.9951219512195,10.85831451,6.32381010055542,3.15154,0.24038395,0.1391301433135298
BEL,2020,Europe,High,45906.2875805246,80.6951219512195,11.46253014,6.75470018386841,3.36823,0.356981725,0.17763503604492697
BEL,2021,Europe,High,51658.238294958,81.790243902439,11.28825092,6.38081979751587,3.40589,0.12017955,0.05566972637322732
BEL,2022,Europe,High,50605.7496677086,81.7487804878049,10.73976326,6.27611017227173,3.19592,0.360305475,0.08000966407655077
BEL,2023,Europe,High,55291.4754541329,82.4,10.80371571,6.27611017227173,3.27235,0.2279956,0.11095224682276605
BEL,2024,Europe,High,56614.5679499036,82.3,10.80371571,6.27611017227173,3.27235,0.259863625,0.15017975494354258
BRA,1995,Latin America,Upper-middle,4756.75013552302,67.701,8.33457184,4.56816005706787,1.04752,0.06071295,0.08418894121029198
BRA,1996,Latin America,Upper-middle,5179.13052009976,68.108,8.33457184,4.630996704101563,1.04752,0.21991145,0.10759050224465291
BRA,1997,Latin America,Upper-middle,5299.39794248133,68.505,8.33457184,4.693833351135257,1.04752,0.09388327499999999,0.09087852419163268
BRA,1998,Latin America,Upper-middle,5105.89246192003,68.848,8.33457184,4.75666999816895,1.04752,0.2751327,0.1346034056186296
BRA,1999,Latin America,Upper-middle,3493.57192043228,69.211,8.33457184,3.80062007904053,1.04752,0.296813275,0.15840866564613557
BRA,2000,Latin America,Upper-middle,3766.54786339835,69.584,8.33457184,3.94893002510071,1.04752,0.162289275,0.1167286931521802
BRA,2001,Latin America,Upper-middle,3176.28975052524,69.98,8.54963303,3.84467005729675,1.06197,0.373970075,0.1743923283305466
BRA,2002,Latin America,Upper-middle,2855.94017137049,70.396,8.69686985,3.75037002563477,1.00967,0.3490374,0.310313900145847
BRA,2003,Latin America,Upper-middle,3090.6068907839,70.884,8.18899441,3.86242997646332,0.99939,0.117342325,0.10827746525432935
BRA,2004,Latin America,Upper-middle,3663.82262497811,71.361,8.12491989,3.97448992729187,0.96343,0.2683731,0.09259977258658178
BRA,2005,Latin America,Upper-middle,4827.78165890291,71.832,8.03539562,4.47909021377563,1.00247,0.253420525,0.16914218171679066
BRA,2006,Latin America,Upper-middle,5934.14561857454,72.296,8.24952507,4.87060022354126,0.98807,0.230186075,0.03242434705684142
BRA,2007,Latin America,Upper-middle,7409.69003822861,72.73,8.20182991,4.97426986694336,1.08138,0.045668975,0.05897849299941887
BRA,2008,Latin America,Upper-middle,8908.33338467948,73.111,8.01128483,5.26884984970093,1.12904,0.07493785,0.050040382250771565
BRA,2009,Latin America,Upper-middle,8678.6584730653,73.457,8.39480495,5.46355009078979,1.11866,0.33134352499999997,0.22203530867037602
BRA,2010,Latin America,Upper-middle,11403.2840038694,73.779,7.94516611,5.64879989624023,1.15992,0.17359182499999998,0.06682065138764487
BRA,2011,Latin America,Upper-middle,13396.6263158041,74.047,7.78819132,5.73741006851196,1.13966,0.061748725,0.12349745
BRA,2012,Latin America,Upper-middle,12521.7238454434,74.335,7.73637724,5.85510015487671,1.12684,0.2037661,0.2424465496657631
BRA,2013,Latin America,Upper-middle,12458.8903396625,74.609,7.9766016,5.8388500213623,1.19567,0.42892435,0.18462075460564195
BRA,2014,Latin America,Upper-middle,12274.9941630213,74.823,8.39644146,5.94848012924194,1.26971,0.253388075,0.06620767181852241
BRA,2015,Latin America,Upper-middle,8936.1955889444,75.106,8.90929985,6.24105978012085,1.28464,0.42977295,0.06920191743762114
BRA,2016,Latin America,Upper-middle,8836.28546025694,75.081,9.16901684,6.31403017044067,1.19584,0.494839125,0.25335930430368875
BRA,2017,Latin America,Upper-middle,10080.5078722821,75.383,9.47125053,6.32047986984253,1.1175,0.7045865,0.21427961021151778
BRA,2018,Latin America,Upper-middle,9300.66072904004,75.633,9.46475029,6.08851003646851,1.15016,1.090200375,0.5867022927019596
BRA,2019,Latin America,Upper-middle,9029.83304401079,75.809,9.61449146,5.96346998214722,1.15115,0.428741325,0.10365660347700557
BRA,2020,Latin America,Upper-middle,7074.19407495707,74.506,9.62326527,5.7714900970459,1.21907,0.26333715,0.22611576111703638
BRA,2021,Latin America,Upper-middle,7972.53696080695,73.038,9.63646507,5.4969801902771,1.13371,0.2509368,0.10168180533005894
BRA,2022,Latin America,Upper-middle,9281.33282136864,74.872,9.38739491,5.61920976638794,1.18873,0.636830275,0.14089121726406215
BRA,2023,Latin America,Upper-middle,10377.5897719195,75.848,9.73092747,5.61920976638794,1.1938,0.183562775,0.11136680882229902
BRA,2024,Latin America,Upper-middle,10310.5488778166,76.023,9.73092747,5.61920976638794,1.1938,0.10173605,0.11894910296443323
CAN,1995,North America,High,20679.634792669,77.9773170731707,8.24808502,6.30476999282837,1.60682,0.1927093,0.16952346377503813
CAN,1996,North America,High,21296.9723536904,78.220243902439,8.24808502,6.034436702728273,1.60682,0.1708581,0.06500936428843669
CAN,1997,North America,High,21901.5628548392,78.4124390243903,8.24808502,5.7641034126281765,1.61386,0.09317967499999999,0.031103129115291592
CAN,1998,North America,High,21024.5850687045,78.6236585365854,8.24808502,5.49377012252808,1.71051,0.1796963,0.163822972817795
CAN,1999,North America,High,22315.2466731545,78.8390243902439,8.24808502,5.53079986572266,1.74984,0.0,0.0
CAN,2000,North America,High,24271.0020563821,79.1668292682927,8.24808502,5.42330980300903,1.85849,0.0186874,0.0373748
CAN,2001,North America,High,23822.096210932,79.3980487804878,8.62476349,4.95304012298584,2.02116,0.331473975,0.13576132207133165
CAN,2002,North America,High,24256.0192337185,79.5307317073171,8.85665226,4.99306011199951,1.9717,0.19201015,0.23861432763778037
CAN,2003,North America,High,28301.8645937428,79.7151219512195,9.01086521,4.91733678181966,1.96782,0.19102295,0.1144843701371356
CAN,2004,North America,High,32145.5412620217,79.9921951219512,9.06623363,4.84161345163981,1.99735,0.15814040000000001,0.18130090916837677
CAN,2005,North America,High,36383.6600068095,80.1126829268293,9.03529835,4.76589012145996,1.97127,0.101034525,0.11672028882661815
CAN,2006,North America,High,40504.0370977806,80.5436585365854,9.33188725,4.766160011291506,1.94304,0.15113275,0.06424893820666092
CAN,2007,North America,High,44660.0838892281,80.5436585365854,9.4346962,4.76642990112305,1.90358,0.12229814999999998,0.11692646525144197
CAN,2008,North America,High,46710.2526864484,80.7246341463415,9.59427929,4.62612009048462,1.85578,0.057670125,0.11534025
CAN,2009,North America,High,40874.8831932903,81.0660975609756,10.70402527,4.84057998657227,1.91742,0.12244625,0.09291060562693225
CAN,2010,North America,High,47560.6666009406,81.3221951219512,10.70066547,5.35637998580933,1.82504,0.15634545,0.05955332520078119
CAN,2011,North America,High,52223.8588398531,81.4826829268293,10.40518665,5.26204013824463,1.78714,0.16651805,0.04778571659429207
CAN,2012,North America,High,52670.3447335415,81.6636585365854,10.5407114,4.925515174865724,1.77303,0.2497415,0.05595354709262555
CAN,2013,North America,High,52638.1187235237,81.7448780487805,10.43559265,4.58899021148682,1.70624,0.087607525,0.0729572215969685
CAN,2014,North America,High,50960.8431174661,81.7843902439025,10.28115654,4.84358978271484,1.71482,0.0301988,0.034992168656905694
CAN,2015,North America,High,43594.1941045394,81.8258536585366,10.76397896,4.73936986923218,1.6936,0.19253435,0.09737969920664503
CAN,2016,North America,High,42314.0615817218,81.94,11.05626965,4.81642007827759,1.72903,0.131292525,0.12641271270288643
CAN,2017,North America,High,45129.628116623,81.8078048780488,10.9242115,4.95998001098633,1.68702,0.236811675,0.1966577686309625
CAN,2018,North America,High,46539.1761570405,81.8036585365854,10.92262077,4.88898992538452,1.7372,0.19752335000000001,0.06630631578829174
CAN,2019,North America,High,46352.8693445211,82.1585365853659,11.04823494,4.77293014526367,1.75578,0.471032775,0.20168889107020538
CAN,2020,North America,High,43537.839298904,81.53,13.01732922,4.88794994354248,1.93413,0.32256655,0.3489959445991171
CAN,2021,North America,High,52886.6616372703,81.4514634146342,12.38106632,4.74858999252319,1.87064,0.125166425,0.09904810382228005
CAN,2022,North America,High,56256.8007264015,81.0948780487805,11.08119678,4.84426021575928,1.81291,0.2118239,0.10890061471858949
CAN,2023,North America,High,54220.3285039875,81.6263414634146,11.18692875,4.84426021575928,1.81048,0.15708557499999998,0.07750498868943319
CAN,2024,North America,High,54340.3477224733,82.1080487804878,11.3095665,4.84426021575928,1.7908,0.203640075,0.05762188605604501
CHE,1995,Europe,High,50113.8321221345,78.4170731707317,9.13442421,4.9128999710083,2.37649,0.0287192,0.03364109443839979
CHE,1996,Europe,High,48092.6433036512,78.8960975609756,9.13442421,4.92260980606079,2.37649,0.0699914,0.0542626553374725
CHE,1997,Europe,High,41584.441782159,79.079512195122,9.13442421,4.8370649814605695,2.3483325,0.12131834999999999,0.06616521189771857
CHE,1998,Europe,High,42680.5867322391,79.3243902439025,9.13442421,4.75152015686035,2.320175,0.0888972,0.06690462761010382
CHE,1999,Europe,High,41695.6912912021,79.580487804878,9.13442421,4.75953006744385,2.2920175,0.0289183,0.033567129777705644
CHE,2000,Europe,High,38865.021939688,79.6804878048781,9.13442421,4.65878009796143,2.26386,0.0218895,0.043779
CHE,2001,Europe,High,39638.7911061864,80.1804878048781,9.46040058,4.82218980789185,2.34994,0.2627937,0.2572093140784369
CHE,2002,Europe,High,42458.7384679187,80.3853658536585,9.88000107,5.17882013320923,2.43602,0.214689725,0.2853885143451686
CHE,2003,Europe,High,49335.7456291067,80.5365853658537,10.13696766,5.38400983810425,2.5221,0.29583594999999996,0.2011616218931351
CHE,2004,Europe,High,54659.4571488233,81.0878048780488,10.22576523,5.3142900466919,2.60818,0.163184225,0.19178958844406152
CHE,2005,Europe,High,56242.8933645639,81.2365853658537,10.05823421,5.08472013473511,2.619375,0.09661789999999999,0.1116898633834184
CHE,2006,Europe,High,59011.0324592016,81.490243902439,9.5802002,4.84120988845825,2.63057,0.096448225,0.15262802519656246
CHE,2007,Europe,High,64989.1553256031,81.7414634146342,9.41693783,4.58396005630493,2.6417650000000004,0.09301145,0.03380593899829831
CHE,2008,Europe,High,74175.1927898555,81.9926829268293,9.53167725,4.75724983215332,2.65296,0.058983125,0.11796625
CHE,2009,Europe,High,71568.3123885672,82.0439024390244,10.1415062,4.92561006546021,2.70836,0.102677225,0.07922512763395105
CHE,2010,Europe,High,76531.3729407691,82.2463414634147,9.9907856,4.80210018157959,2.76376,0.07958285,0.053057402580004485
CHE,2011,Europe,High,90476.7589651577,82.6951219512195,10.10393143,4.85663986206055,2.81916,0.12896845,0.19245748517047429
CHE,2012,Europe,High,85836.2076767359,82.6975609756098,10.33511066,4.89862012863159,2.87456,0.13808505,0.10949826037919506
CHE,2013,Europe,High,87304.3305813557,82.7975609756098,10.59444523,4.91392993927002,2.9316299999999997,0.200722325,0.16869806439350699
CHE,2014,Europe,High,88724.9909402638,83.1975609756098,10.6751194,4.93057012557983,2.9887,0.32018265,0.12571870124057388
CHE,2015,Europe,High,83806.4476003837,82.8975609756098,10.97983074,4.99560022354126,3.04577,0.570924975,0.22369384614067764
CHE,2016,Europe,High,82153.0745447889,83.6024390243903,11.20248795,4.98164987564087,3.04624,0.6721454,0.16696412416198875
CHE,2017,Europe,High,82254.3769269767,83.5512195121951,11.37471581,5.01765012741089,3.04671,0.355586725,0.19994122812518972
CHE,2018,Europe,High,85217.3691512274,83.7536585365854,11.19891071,4.9300799369812,3.0982700000000003,0.294608675,0.324609845713603
CHE,2019,Europe,High,84121.9310304414,83.9048780487805,11.42588997,5.01438999176025,3.14983,0.628351325,0.3253891762397901
CHE,2020,Europe,High,85897.7843338323,83.0,11.98960876,5.27676010131836,3.199225,0.8206396499999999,0.28005804882893476
CHE,2021,Europe,High,93664.7736696111,83.7512195121951,11.95855618,5.02535009384155,3.24862,0.646859475,0.03953383701298374
CHE,2022,Europe,High,94394.5106803525,83.6048780487805,11.59911823,4.86427021026611,3.2352,0.526008825,0.08915838594756989
CHE,2023,Europe,High,100623.549627296,84.1560975609756,11.69096088,4.86427021026611,3.22178,0.41605715,0.18202285871440246
CHE,2024,Europe,High,103998.186685604,84.4073170731707,11.69096088,4.86427021026611,3.22178,0.352099375,0.18775198528646553
CHN,1995,Asia-Pacific,Upper-middle,612.680277898627,70.363,4.4535861,1.83266997337341,0.56014,0.13922632499999998,0.14714581083092093
CHN,1996,Asia-Pacific,Upper-middle,713.337387811657,70.823,4.4535861,1.84320998191833,0.56014,0.108939,0.07549671588702826
CHN,1997,Asia-Pacific,Upper-middle,786.743548510999,71.227,4.4535861,1.836589992046355,0.63467,0.051352225,0.06753778396129459
CHN,1998,Asia-Pacific,Upper-middle,835.095348597432,71.601,4.4535861,1.82997000217438,0.64185,0.081483525,0.12856416595981363
CHN,1999,Asia-Pacific,Upper-middle,881.146614068925,71.952,4.4535861,1.87120997905731,0.74295,0.0310752,0.0621504
CHN,2000,Asia-Pacific,Upper-middle,969.199513696287,72.288,4.4535861,1.955623731017111,0.88409,0.047521549999999996,0.06009858459323314
CHN,2001,Asia-Pacific,Upper-middle,1065.40597574519,72.675,4.19752026,2.0400374829769117,0.92948,0.1213891,0.09028456006675042
CHN,2002,Asia-Pacific,Upper-middle,1163.55957673426,73.034,4.32156181,2.1244512349367124,1.04418,0.057847675,0.06679757317884011
CHN,2003,Asia-Pacific,Upper-middle,1306.97245408557,73.385,4.35460472,2.208864986896513,1.10465,0.088951575,0.09492571236155758
CHN,2004,Asia-Pacific,Upper-middle,1530.92726215723,73.727,4.22949076,2.2932787388563143,1.19732,0.042381625,0.05683945055624512
CHN,2005,Asia-Pacific,Upper-middle,1777.64496828464,74.085,4.11230803,2.377692490816115,1.29008,0.0,0.0
CHN,2006,Asia-Pacific,Upper-middle,2129.25696999613,74.404,3.88655019,2.4621062427759157,1.34923,0.0,0.0
CHN,2007,Asia-Pacific,Upper-middle,2734.72709877693,74.789,3.61737728,2.546519994735717,1.35321,0.013048025,0.02609605
CHN,2008,Asia-Pacific,Upper-middle,3523.44302065213,74.833,3.83627748,2.6309337466955176,1.4233,0.0,0.0
CHN,2009,Asia-Pacific,Upper-middle,3898.24459158811,75.317,4.27631998,2.7153474986553183,1.6366,0.0610071,0.0754679292522327
CHN,2010,Asia-Pacific,Upper-middle,4629.24551710077,75.668,4.15821123,2.799761250615119,1.68456,0.240712175,0.131758965634813
CHN,2011,Asia-Pacific,Upper-middle,5703.76027973346,75.889,4.26719379,2.8841750025749198,1.75244,0.0,0.0
CHN,2012,Asia-Pacific,Upper-middle,6405.0574241349,76.2,4.49046612,2.9685887545347205,1.88095,0.212577025,0.1075836727631529
CHN,2013,Asia-Pacific,Upper-middle,7147.03518622344,76.452,4.63882637,3.0530025064945217,1.96246,0.096474525,0.04610168833939273
CHN,2014,Asia-Pacific,Upper-middle,7781.06597484974,76.714,4.69880247,3.137416258454323,1.98475,0.12708165,0.04215254941926209
CHN,2015,Asia-Pacific,Upper-middle,8175.33285077393,76.975,4.85367584,3.2218300104141235,2.01703,0.096949875,0.05237213624854188
CHN,2016,Asia-Pacific,Upper-middle,8254.86859320357,77.214,4.88338089,3.3062437623739243,2.0595,0.08120619999999999,0.07968755669944126
CHN,2017,Asia-Pacific,Upper-middle,8979.67652709856,77.235,4.9695034,3.390657514333725,2.07771,0.09842055,0.09533533314976492
CHN,2018,Asia-Pacific,Upper-middle,10085.6638148819,77.709,5.06933308,3.4750712662935257,2.10232,0.165574075,0.13617240266912564
CHN,2019,Asia-Pacific,Upper-middle,10342.9009524335,77.94,5.26516867,3.5594850182533264,2.20144,0.28920429999999997,0.14682537285492134
CHN,2020,Asia-Pacific,Upper-middle,10627.4637989619,78.019,5.50441837,3.643898770213127,2.35712,0.354247475,0.14473643941591152
CHN,2021,Asia-Pacific,Upper-middle,12887.4357242941,78.117,5.25590324,3.7283125221729283,2.38165,0.178541375,0.07238973077420927
CHN,2022,Asia-Pacific,Upper-middle,12970.6056414327,78.202,5.88078785,3.8127262741327295,2.4945,0.37724667500000003,0.10316754372935885
CHN,2023,Asia-Pacific,Upper-middle,12951.1782397043,77.953,5.94388866,3.89714002609253,2.57729,0.21242745,0.11384127662854394
CHN,2024,Asia-Pacific,Upper-middle,13303.1481543868,78.017,5.94388866,3.89714002609253,2.57729,0.06428135,0.0012879319818996616
COL,1995,Latin America,Upper-middle,2583.66576349858,69.81,5.63529348,3.92645001411438,0.13106,0.074886175,0.14977235
COL,1996,Latin America,Upper-middle,2664.64056059983,70.209,5.63529348,3.92645001411438,0.13106,0.4574479,0.16777194358809416
COL,1997,Latin America,Upper-middle,2873.2814350993,70.632,5.63529348,3.92645001411438,0.13106,0.18200639999999998,0.21490396254792513
COL,1998,Latin America,Upper-middle,2604.87166959518,70.924,5.63529348,3.92645001411438,0.13106,0.31966815,0.07935171669189017
COL,1999,Latin America,Upper-middle,2241.22911801216,70.913,5.63529348,4.44080018997192,0.13106,0.192564225,0.20433099850362688
COL,2000,Latin America,Upper-middle,2555.00751039968,70.905,5.63529348,3.5112099647522,0.13106,0.2568897,0.13549339900482238
COL,2001,Latin America,Upper-middle,2472.99084035833,71.185,5.94238281,3.70867991447449,0.1329,0.347513575,0.0303630033182243
COL,2002,Latin America,Upper-middle,2428.92969771584,71.537,5.73296595,4.26812982559204,0.15559,0.8552673749999999,0.8732096021966257
COL,2003,Latin America,Upper-middle,2311.94218760291,72.309,5.77505445,4.32513999938965,0.17398,0.2975975,0.2884976645098651
COL,2004,Latin America,Upper-middle,2818.57195413044,72.76,5.79892111,4.07934999465942,0.16964,0.11403895,0.10958159494922798
COL,2005,Latin America,Upper-middle,3456.06610874512,73.156,6.06710577,4.02098989486694,0.16557,0.40420619999999996,0.1977925712003529
COL,2006,Latin America,Upper-middle,3789.85361217027,73.497,6.33546638,3.91671991348267,0.16427,0.1911924,0.1572828377710465
COL,2007,Latin America,Upper-middle,4769.926147194,73.751,6.49102163,4.08301019668579,0.18307,0.121559375,0.0449995489449524
COL,2008,Latin America,Upper-middle,5541.83629665898,74.206,6.84192181,3.9387800693512,0.19541,0.211773675,0.14973169825051244
COL,2009,Latin America,Upper-middle,5250.97292433518,74.531,7.31134558,4.77651977539062,0.19351,0.33098704999999995,0.22479251968258046
COL,2010,Latin America,Upper-middle,6398.2958447102,74.876,7.07130194,4.83382987976074,0.19358,0.09498282499999999,0.07634321391646957
COL,2011,Latin America,Upper-middle,7400.9940695669,75.18,6.78076792,4.46608018875122,0.19842,0.270079425,0.16823736629836183
COL,2012,Latin America,Upper-middle,8108.59838244229,75.611,6.74601603,4.37038993835449,0.22116,0.16899304999999998,0.12229388361599826
COL,2013,Latin America,Upper-middle,8279.10255642981,75.834,7.01724052,4.87855005264282,0.25761,0.20906695,0.15777700884815254
COL,2014,Latin America,Upper-middle,8187.20824890084,75.95,7.18553209,4.62945985794067,0.30317,0.21571595,0.18634276926929577
COL,2015,Latin America,Upper-middle,6248.51490534512,76.067,7.52338505,4.47038984298706,0.36542,0.21958044999999998,0.08955093515363197
COL,2016,Latin America,Upper-middle,5959.84250367574,76.228,7.53117037,4.47721004486084,0.27051,0.3506243,0.15489524636598762
COL,2017,Latin America,Upper-middle,6479.53231292429,76.418,7.67864323,4.53551006317139,0.26109,0.182136725,0.16484921886686582
COL,2018,Latin America,Upper-middle,6816.96818309544,76.579,7.71777487,4.44910001754761,0.31233,0.38390725000000003,0.18260239895628422
COL,2019,Latin America,Upper-middle,6472.54544924705,76.793,7.83404827,4.51068019866943,0.32201,0.0987913,0.023656621676956896
COL,2020,Latin America,Upper-middle,5339.68711357943,74.757,8.69751263,5.26166009902954,0.2894,0.22958235,0.14449176866210522
COL,2021,Latin America,Upper-middle,6222.62164397614,72.698,9.14150524,5.26166009902954,0.2894,0.3738209,0.3738353446328923
COL,2022,Latin America,Upper-middle,6680.44506854481,76.508,7.59037256,5.26166009902954,0.2894,0.8472546,0.3400762660190603
COL,2023,Latin America,Upper-middle,7000.83660501046,77.725,8.15838146,5.26166009902954,0.2894,0.1322104,0.06405529351443175
COL,2024,Latin America,Upper-middle,7919.20886825345,77.913,8.14139366,5.26166009902954,0.2894,0.340209275,0.26442216312841316
CZE,1995,Europe,Upper-middle,5865.29460556726,73.0748780487805,5.66916943,4.48584985733032,0.88366,0.10475369999999999,0.15122418677698352
CZE,1996,Europe,Upper-middle,6573.19643136362,73.7146341463415,5.66916943,4.2188401222229,0.88366,0.15757515,0.06412756586900312
CZE,1997,Europe,Upper-middle,6069.38762357837,73.8248780487805,5.66916943,3.8893650770187405,0.98251,0.07878965,0.05897163503190892
CZE,1998,Europe,Upper-middle,6526.59635780951,74.5146341463415,5.66916943,3.55989003181458,1.05423,0.507174425,0.21416101032753176
CZE,1999,Europe,Upper-middle,6377.6211077224,74.6682926829268,5.66916943,3.64439988136292,1.04295,0.14890775,0.12210053332371923
CZE,2000,Europe,Upper-middle,6062.92152842793,74.9682926829268,5.66916943,3.61999011039734,1.10377,0.207877725,0.13710077737798998
CZE,2001,Europe,Upper-middle,6669.07494847497,75.1731707317073,5.83479309,3.71491003036499,1.09343,0.18864977500000002,0.0893760018575969
CZE,2002,Europe,Upper-middle,8101.26018588111,75.2219512195122,6.14656258,3.9390299320221,1.09272,0.23601977500000001,0.20727789160584034
CZE,2003,Europe,Upper-middle,9852.45677945801,75.1707317073171,6.50168419,4.10311985015869,1.13817,0.3015303,0.07996691679592673
CZE,2004,Europe,Upper-middle,11782.5546676117,75.7219512195122,6.33308411,3.98130011558533,1.13619,0.266578025,0.10134898373364433
CZE,2005,Europe,Upper-middle,13442.4916284309,75.9243902439025,6.33529043,3.86250996589661,1.15998,0.20337232500000002,0.09242159629824531
CZE,2006,Europe,Upper-middle,15259.0788162004,76.5243902439024,6.16489983,4.19625997543335,1.22564,0.29050765,0.21450912590362364
CZE,2007,Europe,Upper-middle,18452.6532812196,76.7243902439025,5.99029112,3.85006999969482,1.2967,0.17053717499999999,0.1158232696273184
CZE,2008,Europe,Upper-middle,22774.7045076205,76.9756097560976,6.33855247,3.73207998275757,1.2352,0.21289522500000002,0.16279526836189834
CZE,2009,Europe,Upper-middle,19817.4215836554,77.0780487804878,7.2650013,4.1553201675415,1.28943,0.186545525,0.24762865036751264
CZE,2010,Europe,Upper-middle,20160.4355077059,77.4243902439025,7.47836781,3.99341988563538,1.31352,0.21902945,0.2799960882454075
CZE,2011,Europe,Upper-middle,22049.1080788682,77.8731707317073,7.47281456,4.20787000656128,1.5323,0.07561457499999999,0.0967897250117103
CZE,2012,Europe,Upper-middle,20014.0354015165,78.0756097560976,7.53974962,4.19049978256226,1.757,0.219710425,0.15544126992004353
CZE,2013,Europe,Upper-middle,20260.4954999375,78.1756097560976,7.44831276,4.02132987976074,1.86743,0.110545825,0.08993779266872465
CZE,2014,Europe,Upper-middle,20038.4163180257,78.8243902439024,7.53919601,3.93603992462158,1.94392,0.10217505,0.04138841076601839
CZE,2015,Europe,Upper-middle,17931.5987670768,78.5780487804878,7.29346752,5.71913003921509,1.906,0.12173105,0.14075078382882988
CZE,2016,Europe,Upper-middle,18753.9686718096,79.0268292682927,7.32258606,5.50080013275146,1.65411,0.043399,0.086798
CZE,2017,Europe,Upper-middle,20913.197632212,78.9780487804878,7.24190664,3.75574994087219,1.74513,0.09384257500000001,0.07121681711208269
CZE,2018,Europe,Upper-middle,23705.9329811299,79.0292682926829,7.37173605,4.21541023254395,1.87652,0.0873264,0.133983049304032
CZE,2019,Europe,Upper-middle,24062.7190013343,79.2292682926829,7.48754358,4.46737003326416,1.89547,0.23540365,0.050347340460610894
CZE,2020,Europe,Upper-middle,23472.8915454417,78.2268292682927,8.96995831,4.62503004074097,1.94537,0.28245205,0.11927400294779245
CZE,2021,Europe,Upper-middle,27696.4619527544,77.2219512195122,9.15420723,4.65163993835449,1.93302,0.31005895,0.07457298795875535
CZE,2022,Europe,Upper-middle,28282.2236715857,78.9292682926829,8.47063065,4.30291986465454,1.89089,0.158262525,0.036028249207381235
CZE,2023,Europe,Upper-middle,31761.5944102491,79.8268292682927,8.42677402,4.30291986465454,1.83369,0.011629525,0.02325905
CZE,2024,Europe,Upper-middle,31823.3078290564,79.9780487804878,8.50710297,4.30291986465454,1.83369,0.02010455,0.0402091
DEU,1995,Europe,High,31747.2449398447,76.4219512195122,9.75930405,4.41835021972656,2.13663,0.078673625,0.11988037938668626
DEU,1996,Europe,High,30599.7891048363,76.6731707317073,9.75930405,4.47798013687134,2.13663,0.15201315,0.07192586748101594
DEU,1997,Europe,High,27046.9565464237,77.0731707317073,9.75930405,4.461220026016235,2.18161,0.1618587,0.09763718547592408
DEU,1998,Europe,High,27395.9440608051,77.4756097560976,9.75930405,4.44445991516113,2.20748,0.11621297500000001,0.04305839832912003
DEU,1999,Europe,High,26965.4922773722,77.7268292682927,9.75930405,4.4473509311676,2.32772,0.104968375,0.038997350095989425
DEU,2000,Europe,High,23925.8559901991,77.9268292682927,9.75930405,4.45024194717407,2.38654,0.031722824999999996,0.03672753576418062
DEU,2001,Europe,High,23878.3641471651,78.3292682926829,9.78105545,4.45313296318054,2.3792,0.1473137,0.08690047164778028
DEU,2002,Europe,High,25486.5942008748,78.2292682926829,10.028965,4.45602397918701,2.40856,0.16664005,0.1931952980681552
DEU,2003,Europe,High,30711.1022511331,78.3804878048781,10.22255325,4.45891499519348,2.44232,0.14610915,0.11619004079872766
DEU,2004,Europe,High,34566.7359143735,78.6804878048781,9.97466278,4.4618060111999505,2.40278,0.17563542499999998,0.1740246275245427
DEU,2005,Europe,High,35084.4363546269,78.9317073170732,10.1068058,4.46469702720642,2.40266,0.135401475,0.046711076583709425
DEU,2006,Europe,High,36980.3349948954,79.1317073170732,9.96236897,4.46758804321289,2.43043,0.052272525,0.07164020470775588
DEU,2007,Europe,High,42350.9217211489,79.5341463414634,9.83482933,4.47047905921936,2.41918,0.10696145,0.09156205826656584
DEU,2008,Europe,High,46379.1647953479,79.7365853658537,10.03185749,4.47337007522583,2.57152,0.107608225,0.12495831648034676
DEU,2009,Europe,High,42471.8868625226,79.8365853658537,10.97003078,4.734310150146484,2.68864,0.30266027500000003,0.09277996924018224
DEU,2010,Europe,High,42396.9665976293,79.9878048780488,10.8311739,4.99525022506714,2.67632,0.043309325,0.050839940172491355
DEU,2011,Europe,High,47630.9761883572,80.4365853658537,10.52106953,4.88583993911743,2.75016,0.046326124999999996,0.05354700433596481
DEU,2012,Europe,High,44718.0159214069,80.5390243902439,10.59356213,4.83153009414673,2.82499,0.3535649,0.23458789783240452
DEU,2013,Europe,High,47206.8353514242,80.490243902439,10.7432127,4.83911991119385,2.78067,0.261471225,0.07937294086867702
DEU,2014,Europe,High,48959.5991203133,81.090243902439,10.76819706,4.82582998275757,2.82218,0.320373075,0.07954218640157246
DEU,2015,Europe,High,41929.7549110722,80.6414634146341,10.92317677,4.76157999038696,2.87725,0.18889604999999998,0.1192813842232587
DEU,2016,Europe,High,42948.9381932694,80.990243902439,10.97133732,4.76321983337402,2.88393,0.251832175,0.1437378847151387
DEU,2017,Europe,High,45553.9341495339,80.9926829268293,11.05091095,4.77830982208252,2.9886,0.3360552,0.39826441306785954
DEU,2018,Europe,High,48916.1686612154,80.8926829268293,11.18380833,4.88401985168457,3.05057,0.293690475,0.056828257494394165
DEU,2019,Europe,High,47656.199739747,81.2926829268293,11.42805386,5.02757978439331,3.11256,0.621335875,0.13783595455892186
DEU,2020,Europe,High,47394.8734504469,81.0414634146342,12.46780777,5.51600980758667,3.0897,0.419077525,0.2028984352898
DEU,2021,Europe,High,52349.2459994422,80.790243902439,12.72403336,5.36734008789062,3.0786,0.12000082499999999,0.049482646102472126
DEU,2022,Europe,High,50506.5179638543,80.6080487804878,12.44708347,5.23916006088257,3.07096,0.30291619999999997,0.06400937118037223
DEU,2023,Europe,High,54776.7668235491,81.0414634146342,11.74428654,5.23916006088257,3.1539,0.130421425,0.08038760848814015
DEU,2024,Europe,High,56103.7323182554,80.7926829268293,12.26655293,5.23916006088257,3.1539,0.28725144999999996,0.2503303017764263
DNK,1995,Europe,High,35321.0980773087,75.2126829268293,8.11006165,7.4773998260498,1.80812,0.14707985,0.12699324234949144
DNK,1996,Europe,High,35621.9878051732,75.5914634146342,8.11006165,7.89128017425537,1.80812,0.024481,0.04896199999999999
DNK,1997,Europe,High,32779.879045297,75.9451219512195,8.11006165,8.00164031982422,1.89238,0.03425595,0.0685119
DNK,1998,Europe,High,33346.4884298957,76.1390243902439,8.11006165,8.11200046539307,2.00749,0.30149875,0.2745820948387992
DNK,1999,Europe,High,33426.2381077405,76.3414634146341,8.11006165,7.93461990356445,2.12857,0.1918721,0.055516347606268196
DNK,2000,Europe,High,30722.0251837567,76.5926829268293,8.11006165,8.09002017974854,2.18774,0.492924775,0.3160337055693836
DNK,2001,Europe,High,30768.4775471112,76.7926829268293,8.44370651,8.21092987060547,2.32339,0.18733965,0.1441847532636166
DNK,2002,Europe,High,33257.1622586509,76.8951219512195,8.69506168,8.20600032806396,2.43935,0.124614425,0.17831598382938782
DNK,2003,Europe,High,40519.0974905924,77.1439024390244,8.89037418,8.10986042022705,2.50711,0.1549538,0.04295968137513746
DNK,2004,Europe,High,46625.050098011,77.4926829268293,8.98551464,8.1876802444458,2.41328,0.08009042499999999,0.062114371719614946
DNK,2005,Europe,High,48925.8076698784,77.8439024390244,9.06716251,8.06474018096924,2.38721,0.161914675,0.1969934044253153
DNK,2006,Europe,High,52119.1787984282,78.0951219512195,9.15257931,7.71623992919922,2.39875,0.0464433,0.031007704527423505
DNK,2007,Europe,High,58631.6566433635,78.1951219512195,9.30215549,7.59683990478516,2.50921,0.254030875,0.20337931917900562
DNK,2008,Europe,High,64616.6657583663,78.4463414634146,9.46797943,7.441969871521,2.76081,0.08658895,0.05795549308089786
DNK,2009,Europe,High,58412.7472358513,78.5975609756098,10.62873173,8.41279029846191,3.04209,0.08024105,0.05376844292770621
DNK,2010,Europe,High,58104.5445594981,79.1,10.59621811,8.55023002624512,2.91389,0.26192485,0.10271749128291961
DNK,2011,Europe,High,61809.737898222,79.8,10.39758492,8.47716045379639,2.94198,0.25963084999999997,0.056138503797275065
DNK,2012,Europe,High,58443.7747103968,80.0512195121951,10.53344631,7.24570989608765,2.9845,0.14907484999999998,0.05543464787203636
DNK,2013,Europe,High,61377.5940590412,80.3,10.29778957,8.46860980987549,2.96145,0.1810405,0.13981594815706827
DNK,2014,Europe,High,62520.4509747011,80.7,10.31388664,7.63833999633789,2.91543,0.102698975,0.08682352594216136
DNK,2015,Europe,High,53094.0133607574,80.7024390243902,10.3754549,7.67684006690979,3.06422,0.3477027,0.10054060208910627
DNK,2016,Europe,High,54500.9260410217,80.8536585365854,10.28229332,7.71534013748169,3.10209,0.468305425,0.4636634478730478
DNK,2017,Europe,High,57521.5514992225,81.1024390243903,10.1137991,7.3700098991394,2.93576,0.367586725,0.10354287545873206
DNK,2018,Europe,High,61324.7665045565,80.9536585365854,10.14163208,7.32747983932495,2.97895,0.171080575,0.08108856252868939
DNK,2019,Europe,High,59404.2663247723,81.4512195121951,10.18468761,7.27585983276367,2.90605,0.32130685000000003,0.09420334418871054
DNK,2020,Europe,High,60985.4885601514,81.6024390243903,10.69237614,7.38574981689453,2.96533,0.335635025,0.15655649019376094
DNK,2021,Europe,High,69340.7334922138,81.4048780487805,10.65575886,6.95915985107422,2.74323,0.18232395,0.04525574862964926
DNK,2022,Europe,High,67781.0940939514,81.3048780487805,9.47411346,6.35586023330688,2.86709,0.255922775,0.08385982213171277
DNK,2023,Europe,High,68043.5466971243,81.7536585365854,9.5572958,6.35586023330688,3.04841,0.203278175,0.223637172212975
DNK,2024,Europe,High,71026.4832271897,82.2536585365854,9.38812923,6.35586023330688,3.04841,0.025211775,0.05042355
EGY,1995,Middle East,Lower-middle,916.326617700876,65.214,4.92244291,4.60400009155273,0.2126,0.049354999999999996,0.03772787362371045
EGY,1996,Middle East,Lower-middle,1008.97637629447,65.733,4.92244291,4.67156982421875,0.2126,0.09939835,0.035960606937267714
EGY,1997,Middle East,Lower-middle,1146.20172117634,66.207,4.92244291,4.710721288408552,0.19756,0.027702375,0.05540475
EGY,1998,Middle East,Lower-middle,1212.82259820477,66.635,4.92244291,4.749872752598352,0.1991,0.1126549,0.08154466377726176
EGY,1999,Middle East,Lower-middle,1268.30949160496,67.01,4.92244291,4.789024216788154,0.18651,0.0995482,0.07116007660610454
EGY,2000,Middle East,Lower-middle,1366.09274372613,67.332,4.92244291,4.828175680977956,0.19247,0.033101625,0.06620325
EGY,2001,Middle East,Lower-middle,1295.1374184163,67.612,5.40030336,4.867327145167757,0.2118375,0.08233555,0.06270596529754299
EGY,2002,Middle East,Lower-middle,1116.82884626213,67.846,5.5107379,4.906478609357558,0.231205,0.109702825,0.10302708713739234
EGY,2003,Middle East,Lower-middle,1031.27556291284,68.045,5.2242527,4.94563007354736,0.25057250000000003,0.10709407500000001,0.09138432087622674
EGY,2004,Middle East,Lower-middle,991.255689145253,68.211,4.85732365,4.67072010040283,0.26994,0.12944015,0.06287802384418582
EGY,2005,Middle East,Lower-middle,1105.53920713903,68.355,4.92229176,4.79442977905273,0.24141,0.06574907499999999,0.028967113879866706
EGY,2006,Middle East,Lower-middle,1298.97900203124,68.493,4.84190083,4.00178003311157,0.25903,0.025857175,0.05171435
EGY,2007,Middle East,Lower-middle,1547.74170735909,68.627,4.44493246,3.68460988998413,0.2551,0.049942125000000004,0.05798047663972043
EGY,2008,Middle East,Lower-middle,1896.21594269779,68.761,4.46634817,3.76082992553711,0.27024,0.0,0.0
EGY,2009,Middle East,Lower-middle,2161.63964573927,68.915,4.37870932,3.76082992553711,0.43312,0.0,0.0
EGY,2010,Middle East,Lower-middle,2455.08194645282,69.078,4.15319157,3.76082992553711,0.43345,0.0723943,0.048269724668436494
EGY,2011,Middle East,Lower-middle,2590.64384891965,69.232,4.35707569,3.76082992553711,0.53154,0.26823542499999997,0.24075135722738752
EGY,2012,Middle East,Lower-middle,2996.0677072015,69.464,4.45891809,3.76082992553711,0.50899,0.7045062,0.24613103885251858
EGY,2013,Middle East,Lower-middle,3025.52563552448,69.632,4.6710043,3.76082992553711,0.63895,0.3573674,0.09907117997456845
EGY,2014,Middle East,Lower-middle,3133.39102265541,69.911,4.77415323,3.76082992553711,0.63649,0.2385955,0.06675120627689062
EGY,2015,Middle East,Lower-middle,3306.98159414141,70.135,5.06153202,3.76082992553711,0.71858,0.2059207,0.06408606682511678
EGY,2016,Middle East,Lower-middle,3270.6287768197,70.437,5.07462406,3.76082992553711,0.70848,0.0418067,0.04915066367181628
EGY,2017,Middle East,Lower-middle,2395.10333299491,70.709,5.34661913,3.76082992553711,0.64486,0.091689525,0.0871594360515783
EGY,2018,Middle East,Lower-middle,2484.70315630508,70.974,4.74892998,3.76082992553711,0.68839,0.1177071,0.02877212510758749
EGY,2019,Middle East,Lower-middle,2962.98892023003,71.213,4.5994668,3.76082992553711,0.79617,0.055682899999999994,0.06886232406679285
EGY,2020,Middle East,Lower-middle,3511.11381026379,69.79,4.15384626,3.76082992553711,0.91564,0.159276225,0.13173402631556194
EGY,2021,Middle East,Lower-middle,3827.35415374308,68.976,4.60955143,3.76082992553711,0.91175,0.124242075,0.07991298207614643
EGY,2022,Middle East,Lower-middle,4233.30783744856,71.01,4.72362804,3.76082992553711,1.01968,0.13518125,0.0912198536930238
EGY,2023,Middle East,Lower-middle,3456.78968456253,71.633,4.88449335,3.76082992553711,1.03356,0.143110475,0.08241906780478146
EGY,2024,Middle East,Lower-middle,3338.47371395895,71.806,4.88449335,3.76082992553711,1.01757,0.04942145,0.06168081817688543
ESP,1995,Europe,High,15460.9110266653,77.9807317073171,6.80217838,4.43779993057251,0.78795,0.3191258,0.11975637697291946
ESP,1996,Europe,High,16100.6215831114,78.1204878048781,6.80217838,4.45979976654053,0.78795,0.163651125,0.1777267811355654
ESP,1997,Europe,High,14722.3717633536,78.6041463414634,6.80217838,4.375504970550541,0.77825,0.2220998,0.19650363747573055
ESP,1998,Europe,High,15382.3348573373,78.6658536585366,6.80217838,4.29121017456055,0.8487,0.055162125,0.07129646863977555
ESP,1999,Europe,High,15707.9473068138,78.7170731707317,6.80217838,4.26387977600098,0.83921,0.07215207500000001,0.06237894378481546
ESP,2000,Europe,High,14743.2671031455,78.9658536585366,6.80217838,4.16786003112793,0.88315,0.054306225,0.07202640965703136
ESP,2001,Europe,High,15368.2337984435,79.3682926829268,6.76929569,4.11147022247315,0.88838,0.153057025,0.09997697763669977
ESP,2002,Europe,High,17111.0685058941,79.5682926829268,6.79878616,4.13351011276245,0.95947,0.2018608,0.14356906442786807
ESP,2003,Europe,High,21522.0170990262,79.619512195122,7.59223175,4.17126989364624,1.0232,0.3876869,0.17249422976696932
ESP,2004,Europe,High,24925.0267844576,79.8707317073171,7.68447876,4.15485000610352,1.04013,0.136106325,0.13503480397589787
ESP,2005,Europe,High,26450.9530130382,80.1707317073171,7.77807474,4.14090013504028,1.09866,0.16521875000000003,0.15052529500010953
ESP,2006,Europe,High,28421.686527407,80.8219512195122,7.87072468,4.17999982833862,1.17567,0.053197625,0.06819990581666885
ESP,2007,Europe,High,32652.015594702,80.8731707317073,7.96241188,4.24615001678467,1.23823,0.13488250000000002,0.011175873950911694
ESP,2008,Europe,High,35603.248328071,81.1756097560976,8.4290638,4.51630020141602,1.32156,0.21660075,0.11905624930573781
ESP,2009,Europe,High,32279.8208476151,81.4756097560976,9.1530304,4.89520978927612,1.35898,0.22328177500000002,0.09337931289582205
ESP,2010,Europe,High,30658.7422282912,81.6268292682927,9.16992569,4.83606004714966,1.35436,0.300401125,0.13513864245436671
ESP,2011,Europe,High,31824.6219134777,82.4756097560976,9.21749687,4.71897983551025,1.32726,0.21945102500000002,0.2534099204513032
ESP,2012,Europe,High,28456.4438151477,82.4268292682927,9.2189045,4.46012020111084,1.29268,0.2975231,0.14787004829135164
ESP,2013,Europe,High,29228.846559842,83.0780487804878,9.13714981,4.32852983474731,1.26864,0.11867087500000001,0.1946768549624287
ESP,2014,Europe,High,29707.765509467,83.2292682926829,9.1512289,4.27524995803833,1.23401,0.127497725,0.1407604347691821
ESP,2015,Europe,High,25982.4416197775,82.8317073170732,9.17553329,4.24903011322021,1.21165,0.23681202499999998,0.10061138983350328
ESP,2016,Europe,High,26755.6061149398,83.3292682926829,8.88084984,4.19327020645142,1.1808,0.41354285,0.27851079314370686
ESP,2017,Europe,High,28381.3425596906,83.2829268292683,9.0217495,4.17846012115479,1.20198,0.343611075,0.1880164336857176
ESP,2018,Europe,High,30602.4212881113,83.4317073170732,9.07122517,4.15045022964478,1.23288,0.294684525,0.11424315226356385
ESP,2019,Europe,High,29786.5245689007,83.8317073170732,9.21539497,4.20255994796753,1.24207,0.44324795,0.10987564309735195
ESP,2020,Europe,High,27233.9426461608,82.2317073170732,10.79479218,4.85118007659912,1.39637,0.29338939999999997,0.17197951403084805
ESP,2021,Europe,High,30799.4775937775,83.1780487804878,10.34419918,4.81316995620728,1.39617,0.134553225,0.05520078285105354
ESP,2022,Europe,High,30319.4987196616,83.1341463414634,9.6799593,4.58553981781006,1.40684,0.322756925,0.1084431383386819
ESP,2023,Europe,High,33493.2225409111,83.9341463414634,9.2206583,4.58553981781006,1.49362,0.408394925,0.2366225338764446
ESP,2024,Europe,High,35326.7683069278,83.8878048780488,9.2206583,4.58553981781006,1.49362,0.33343475,0.07385194219095843
FIN,1995,Europe,High,26246.2743214462,76.409512195122,7.09544373,6.81648015975952,2.45511,0.049221,0.06532506208314437
FIN,1996,Europe,High,25756.6777073618,76.6934146341464,7.09544373,6.86610984802246,2.45511,0.06319659999999999,0.07877100887750517
FIN,1997,Europe,High,24682.29083271,76.8785365853659,7.09544373,6.534483273824057,2.6226,0.06096485,0.08028429276035258
FIN,1998,Europe,High,25999.9861694953,77.0907317073171,7.09544373,6.202856699625653,2.78542,0.06884557499999999,0.09203692974664662
FIN,1999,Europe,High,26180.4128562349,77.2912195121951,7.09544373,5.87123012542725,3.05687,0.0,0.0
FIN,2000,Europe,High,24335.9225082659,77.4658536585366,7.09544373,5.71163988113403,3.24271,0.034377950000000004,0.03983414648778106
FIN,2001,Europe,High,24965.202996776,77.9658536585366,7.25165653,5.84084987640381,3.19405,0.05682615,0.03797067688883972
FIN,2002,Europe,High,26989.389260959,78.119512195122,7.63005877,6.01865005493164,3.25409,0.170716425,0.14738605068887117
FIN,2003,Europe,High,32920.0857192568,78.3682926829268,7.93988276,6.168869972229,3.29898,0.060236125,0.12047225
FIN,2004,Europe,High,37768.1334202029,78.7146341463415,8.05999184,6.15823984146118,3.30943,0.038300324999999996,0.044234818173122026
FIN,2005,Europe,High,39049.8703780223,78.8170731707317,8.28901291,6.02582979202271,3.32412,0.035991925,0.07198385
FIN,2006,Europe,High,41214.0187765069,79.2146341463415,8.2858429,5.92960977554321,3.33285,0.058357675000000005,0.07481776231712961
FIN,2007,Europe,High,48473.0240091455,79.2634146341464,8.08415604,5.67164993286133,3.33727,0.055324775,0.07036912819271318
FIN,2008,Europe,High,53769.4726240385,79.5682926829268,8.34362221,5.83046007156372,3.53719,0.030273675,0.06054735
FIN,2009,Europe,High,47478.3495310999,79.719512195122,9.16182804,6.45998001098633,3.73427,0.1039636,0.14416103061941996
FIN,2010,Europe,High,46506.2919016566,79.8707317073171,9.14183331,6.504310131073,3.70524,0.0,0.0
FIN,2011,Europe,High,51060.3242589767,80.4707317073171,9.23903561,6.45624017715454,3.62434,0.07902135,0.05284219209624698
FIN,2012,Europe,High,47551.6740841369,80.6268292682927,9.61732101,7.1715497970581,3.4095,0.35083142500000003,0.15035037316775274
FIN,2013,Europe,High,49691.0145200739,80.9756097560976,9.84504986,7.15288019180298,3.28462,0.11777847500000001,0.05284549004102274
FIN,2014,Europe,High,50073.7760815871,81.1804878048781,9.83066177,7.13832998275757,3.16344,0.2112887,0.075001364311991
FIN,2015,Europe,High,42560.3456767103,81.4804878048781,9.69998264,7.07199001312256,2.88826,0.213899125,0.21869471432753582
FIN,2016,Europe,High,43451.2562442158,81.4292682926829,9.45625591,6.90873003005981,2.74716,0.244121875,0.08799405028107961
FIN,2017,Europe,High,46085.0174739036,81.6317073170732,9.19148445,6.40826988220215,2.74723,0.071049275,0.09673682421930045
FIN,2018,Europe,High,49654.2497035329,81.7341463414634,9.10587025,6.31771993637085,2.77601,0.076373925,0.004302083990637558
FIN,2019,Europe,High,48358.1807773701,81.9829268292683,9.22295189,6.45300006866455,2.81534,0.39883575000000004,0.21031920678024157
FIN,2020,Europe,High,48828.6846862799,81.9317073170732,9.69977188,6.6812801361084,2.93278,0.455218525,0.129702929256574
FIN,2021,Europe,High,53099.1351400148,81.8853658536585,9.90969753,6.58820009231567,3.01133,0.2746167,0.0764225897436528
FIN,2022,Europe,High,50440.560224974,81.1878048780488,9.74152565,6.37578010559082,2.982,0.358551775,0.06656071440453823
FIN,2023,Europe,High,52834.2916752703,81.5853658536585,10.47389507,6.37578010559082,3.0938,0.25473525,0.20153694820329268
FIN,2024,Europe,High,53149.7671934051,82.3365853658537,10.47389507,6.37578010559082,3.0938,0.0,0.0
FRA,1995,Europe,High,26791.8151982369,77.7512195121951,9.61744022,5.8120698928833,2.23224,0.3002668,0.22879245798845732
FRA,1996,Europe,High,26757.6351494145,77.9536585365854,9.61744022,5.78116989135742,2.23224,0.15213945,0.076324122812494
FRA,1997,Europe,High,24169.4008102822,78.3048780487805,9.61744022,5.746320009231566,2.15216,0.11295872500000001,0.10757590603508374
FRA,1998,Europe,High,24869.4030795939,78.6048780487805,9.61744022,5.71147012710571,2.10343,0.113037725,0.0842582877991388
FRA,1999,Europe,High,24576.3152254528,78.7560975609756,9.61744022,5.698489063664484,2.1165,0.05628435,0.06501191774767147
FRA,2000,Europe,High,22340.5939516217,79.0560975609756,9.61744022,5.685508000223257,2.10066,0.071407525,0.058266567827836166
FRA,2001,Europe,High,22331.7948343036,79.1585365853659,9.75719261,5.672526936782031,2.1494,0.11656335,0.11070874080485545
FRA,2002,Europe,High,24144.5727019529,79.2609756097561,10.08250141,5.659545873340805,2.18758,0.426436125,0.240186682587321
FRA,2003,Europe,High,29479.5222101175,79.1146341463415,10.13474941,5.646564809899579,2.13086,0.34652305,0.31243011617235306
FRA,2004,Europe,High,33644.9282220364,80.1634146341463,10.2117033,5.633583746458353,2.10438,0.070138325,0.05822037456557484
FRA,2005,Europe,High,34696.3718316971,80.1634146341463,10.23720551,5.620602683017126,2.05599,0.197052375,0.05814768401196932
FRA,2006,Europe,High,36431.5658906555,80.8121951219512,10.39764977,5.6076216195759,2.05331,0.15037285,0.08094403820724949
FRA,2007,Europe,High,41486.1907828787,81.1121951219512,10.33418846,5.5946405561346735,2.02815,0.211985175,0.11358403957142262
FRA,2008,Europe,High,45464.8181385158,81.2146341463415,10.51340675,5.581659492693447,2.06363,0.157964525,0.1003460010877821
FRA,2009,Europe,High,41728.0884164132,81.4146341463415,11.29095459,5.568678429252221,2.21273,0.097882525,0.00696380988557988
FRA,2010,Europe,High,40694.8211697025,81.6634146341463,11.22430801,5.555697365810994,2.17771,0.17060865,0.10337991739486932
FRA,2011,Europe,High,43929.7840873812,82.1146341463415,11.17601013,5.542716302369768,2.18761,0.19255202500000002,0.1343391411629878
FRA,2012,Europe,High,40863.5814412333,81.9682926829268,11.33749485,5.5297352389285415,2.22761,0.38240935,0.1320727969187069
FRA,2013,Europe,High,42669.1795111893,82.219512195122,11.37891197,5.516754175487316,2.23369,0.294549375,0.10361603285992553
FRA,2014,Europe,High,43148.0459288416,82.719512195122,11.57935429,5.5037731120460895,2.27173,0.193830575,0.09378500120400829
FRA,2015,Europe,High,36702.4323733379,82.3219512195122,11.50032997,5.490792048604863,2.22401,0.252807925,0.12096403704648129
FRA,2016,Europe,High,37024.2157133669,82.5731707317073,11.57036018,5.477810985163637,2.22468,0.141245575,0.1342144758336292
FRA,2017,Europe,High,38687.1626407164,82.5756097560976,11.44944572,5.46482992172241,2.20422,0.175243875,0.048648885662768954
FRA,2018,Europe,High,41418.1766484844,82.6756097560976,11.30847645,5.42540979385376,2.20407,0.107378325,0.032472514159041746
FRA,2019,Europe,High,40408.2848574751,82.8268292682927,11.17058277,5.36638021469116,2.19668,0.346588375,0.15715995796613028
FRA,2020,Europe,High,39169.8606000707,82.1756097560976,12.12949371,5.65871000289917,2.2742,0.3403991,0.1442689510942901
FRA,2021,Europe,High,43725.0999521245,82.3243902439024,12.24894238,5.41743993759155,2.21278,0.1610104,0.045435829758902826
FRA,2022,Europe,High,40988.6396406579,82.1292682926829,11.82888794,5.32434988021851,2.21937,0.275555825,0.04265896109122324
FRA,2023,Europe,High,44700.1384177544,82.8317073170732,11.51974583,5.32434988021851,2.17832,0.097876075,0.07658904470424714
FRA,2024,Europe,High,46103.0840855884,82.9804878048781,11.53530598,5.32434988021851,2.17832,0.193018725,0.22304877749265783
GBR,1995,Europe,High,23252.6157127423,76.8365853658537,7.14559078,4.83926010131836,1.5754,0.0252232,0.029163327788165737
GBR,1996,Europe,High,24503.3829602903,77.0878048780488,7.14559078,4.37826013565063,1.5754,0.11224895,0.04081371744895744
GBR,1997,Europe,High,26910.1381529902,77.2109756097561,7.14559078,4.292670011520386,1.53729,0.19058615,0.10270078848670054
GBR,1998,Europe,High,28396.3523548013,77.190243902439,7.14559078,4.20707988739014,1.54777,0.16266002499999999,0.07729924932319308
GBR,1999,Europe,High,28858.0065333126,77.390243902439,7.14559078,3.988450050354,1.62268,0.135838625,0.09839256056655148
GBR,2000,Europe,High,28383.8761094996,77.7414634146342,7.14559078,4.01820993423462,1.60963,0.0712512,0.05793147220714028
GBR,2001,Europe,High,28013.8729635508,77.9926829268293,7.43276882,4.1001501083374,1.59544,0.14887745,0.11790279259069028
GBR,2002,Europe,High,30158.7017807858,78.1439024390244,7.85946798,4.61190986633301,1.61383,0.06922937500000001,0.08127344274445271
GBR,2003,Europe,High,34556.7726095905,78.4463414634146,8.05214596,4.8012900352478,1.58131,0.22036785,0.1687335737508593
GBR,2004,Europe,High,40504.4118103928,78.7463414634146,8.32219028,4.73555994033813,1.53089,0.1590172,0.03343275592100261
GBR,2005,Europe,High,42240.2462987547,79.0487804878049,8.38108349,4.92975997924805,1.55004,0.170160025,0.13408418594774393
GBR,2006,Europe,High,44695.161023424,79.2487804878049,8.53970814,4.97648000717163,1.57625,0.14889365,0.07060932951985405
GBR,2007,Europe,High,50629.0799172887,79.4487804878049,8.76035309,4.9244499206543,1.6183,0.204462625,0.07856437263362977
GBR,2008,Europe,High,47652.4030691881,79.6,9.03295708,4.90972995758057,1.60901,0.177625025,0.12413290015805305
GBR,2009,Europe,High,39009.3715547821,80.0512195121951,9.83944035,5.06263017654419,1.66991,0.45470025000000003,0.31055491918887707
GBR,2010,Europe,High,39778.3220528565,80.4024390243902,9.78799534,5.69868993759155,1.63887,0.37049197500000003,0.10241580165145008
GBR,2011,Europe,High,42295.9273835322,80.9512195121951,9.79682636,5.57219982147217,1.64681,0.33468180000000003,0.16988067595380002
GBR,2012,Europe,High,42688.3263728372,80.9048780487805,9.89332199,5.548744916915895,1.57587,0.4049434,0.11758944196270346
GBR,2013,Europe,High,43606.9837896348,81.0048780487805,9.99087143,5.52529001235962,1.62096,0.30345710000000004,0.0980546647052891
GBR,2014,Europe,High,47746.2421759562,81.3048780487805,9.97686195,5.60134983062744,2.26488,0.238020825,0.14322036950721256
GBR,2015,Europe,High,45255.3449216209,80.9560975609756,9.94044876,5.55453014373779,2.27566,0.477109675,0.3505571013379074
GBR,2016,Europe,High,41257.9085545556,81.1560975609756,9.87085724,5.42795991897583,2.32051,0.985397625,0.3594509861962487
GBR,2017,Europe,High,40916.8115070354,81.2560975609756,9.70468903,5.45254993438721,2.32602,0.474913175,0.030524278303931025
GBR,2018,Europe,High,43702.9976303165,81.2560975609756,9.79496574,5.20438003540039,2.70889,0.608418,0.18550370088545404
GBR,2019,Europe,High,43158.7411267323,81.3691219512195,9.97954082,5.26116991043091,2.6707,1.17974905,0.441891267946475
GBR,2020,Europe,High,40812.6794663879,80.331756097561,12.10388088,5.43936014175415,2.93993,0.8733986250000001,0.3355092271085489
GBR,2021,Europe,High,47691.3768799404,80.6473170731707,12.08347321,5.90681982040405,2.89968,0.522126775,0.10591130405398583
GBR,2022,Europe,High,47057.043229179,81.0112195121951,11.09679794,5.90681982040405,2.75224,0.27890047500000004,0.14374407442266682
GBR,2023,Europe,High,49944.4702124201,81.2380975609756,10.99128914,5.90681982040405,2.67614,0.2779857,0.12547874138857146
GBR,2024,Europe,High,53246.3676145108,81.3868536585366,11.133358,5.90681982040405,2.67614,0.354443625,0.07701350097138272
GRC,1995,Europe,High,12779.081491606,77.5853658536585,7.51388931,2.9923300743103,0.44268,0.10109032500000001,0.017324851980392214
GRC,1996,Europe,High,13432.5262183244,77.6853658536585,7.51388931,2.9923300743103,0.44268,0.033395675,0.06679135
GRC,1997,Europe,High,13015.9175046854,78.1365853658537,7.51388931,2.9923300743103,0.44268,0.02986495,0.0346293222516699
GRC,1998,Europe,High,13022.9648774809,77.8390243902439,7.51388931,2.9923300743103,0.516765,0.084637,0.029503042998646766
GRC,1999,Europe,High,12742.5404388143,77.9878048780488,7.51388931,3.14823007583618,0.59085,0.06939865,0.10601933948072871
GRC,2000,Europe,High,11638.2010697215,77.8878048780488,7.51388931,3.35086011886597,0.58419,0.0317031,0.0367567844369807
GRC,2001,Europe,High,12156.9572824221,78.3878048780488,8.24545956,3.47308993339539,0.57753,0.308706875,0.1644252597554762
GRC,2002,Europe,High,13782.195640943,78.6414634146341,8.46998692,3.52255010604858,0.56958,0.209541025,0.21644351427819644
GRC,2003,Europe,High,18020.612039764,78.8414634146341,8.68253994,3.52407002449036,0.56163,0.15920475,0.14076233320535955
GRC,2004,Europe,High,21449.2552764245,79.0390243902439,8.30002213,3.76059007644653,0.54073,0.185771425,0.08385909478958836
GRC,2005,Europe,High,22054.1315756886,79.2390243902439,8.76117897,4.0549201965332,0.59224,0.10668535,0.06535381139456725
GRC,2006,Europe,High,24416.0232970275,79.4390243902439,8.39596939,4.017667174339292,0.57051,0.0292963,0.0585926
GRC,2007,Europe,High,28440.7625328955,79.4390243902439,8.52304935,3.9804141521453835,0.58513,0.015437825,0.03087565
GRC,2008,Europe,High,31695.8331092209,79.9390243902439,8.948102,3.9431611299514757,0.67086,0.0,0.0
GRC,2009,Europe,High,29425.4573200263,80.1878048780488,9.53581333,3.905908107757568,0.63414,0.0,0.0
GRC,2010,Europe,High,26653.0488008626,80.3878048780488,9.61952496,3.8686550855636597,0.60491,0.0,0.0
GRC,2011,Europe,High,25504.7866510124,80.7317073170732,9.18577003,3.831402063369752,0.6837,0.10940169999999999,0.16670142273232103
GRC,2012,Europe,High,21624.346052551,80.6341463414634,9.04327774,3.794149041175844,0.71953,0.38702845,0.21399370818059893
GRC,2013,Europe,High,21573.3449762805,81.2853658536585,8.52183914,3.7568960189819363,0.82288,0.09325662500000001,0.0791816916665031
GRC,2014,Europe,High,21474.7257123892,81.3853658536585,7.94358587,3.719642996788028,0.84553,0.227323875,0.16036353262857436
GRC,2015,Europe,High,17980.7298238137,81.0365853658537,8.26719952,3.68238997459412,0.9716,0.416654125,0.19392204581828534
GRC,2016,Europe,High,17919.2426377048,81.3878048780488,8.45097542,3.575085043907165,1.00556,0.363688825,0.15226647182435085
GRC,2017,Europe,High,18631.9930129293,81.2878048780488,8.11336899,3.46778011322021,1.1492,0.2101037,0.17884358824233348
GRC,2018,Europe,High,19873.4015238771,81.7878048780488,8.07267761,3.57626008987427,1.2066,0.22582025,0.15714845503954744
GRC,2019,Europe,High,19335.3602002969,81.6390243902439,8.11709499,3.55062007904053,1.26236,0.335151075,0.039767644841367786
GRC,2020,Europe,High,17886.733165236,81.2878048780488,9.38074493,3.4922400315602635,1.48872,0.385025525,0.009058801119491472
GRC,2021,Europe,High,20654.7001960815,80.0829268292683,9.03178692,3.4338599840799966,1.43353,0.388199375,0.21833544277358138
GRC,2022,Europe,High,20886.5243087629,80.7878048780488,8.44938278,3.37547993659973,1.47714,0.2177838,0.04671869883162415
GRC,2023,Europe,High,23343.7103964562,81.7365853658537,8.39367008,3.37547993659973,1.4943,0.098687625,0.06631959093351802
GRC,2024,Europe,High,24626.1481858973,81.8390243902439,8.39367008,3.37547993659973,1.4943,0.129071775,0.02981717478360135
HUN,1995,Europe,Upper-middle,4509.41740910077,69.7917073170732,6.76979256,4.8316798210144,0.62791,0.07214899999999999,0.08499958988983418
HUN,1996,Europe,Upper-middle,4542.0120380978,70.3287804878049,6.76979256,4.31855010986328,0.62791,0.018848,0.037696
HUN,1997,Europe,Upper-middle,4606.0569733295,70.7024390243902,6.76979256,4.360085010528565,0.69745,0.12582075,0.10240422262522511
HUN,1998,Europe,Upper-middle,4751.7732430202,70.5578048780488,6.76979256,4.40161991119385,0.65606,0.4190728,0.15310859163458682
HUN,1999,Europe,Upper-middle,4801.95949584162,70.6770731707317,6.76979256,4.55900001525879,0.67067,0.19006435,0.10788494422097707
HUN,2000,Europe,Upper-middle,4629.91760812548,71.2463414634146,6.76979256,4.8624701499939,0.78999,0.136363925,0.09447823806042586
HUN,2001,Europe,Upper-middle,5280.94887987063,72.2487804878049,6.8197937,4.92643976211548,0.91225,0.093443025,0.12286014158525607
HUN,2002,Europe,Upper-middle,6658.04494326809,72.3487804878049,7.1181159,5.17711019515991,0.98314,0.0555988,0.1111976
HUN,2003,Europe,Upper-middle,8410.09248198479,72.3,8.12986469,5.79872989654541,0.91985,0.0870021,0.09989327455312828
HUN,2004,Europe,Upper-middle,10291.2694721409,72.6487804878049,7.76592064,5.33301019668579,0.86077,0.10479034999999999,0.0942813974440522
HUN,2005,Europe,Upper-middle,11212.2046968994,72.6487804878049,7.99248505,5.32539987564087,0.92043,0.059168725,0.04708523554132972
HUN,2006,Europe,Upper-middle,11478.4891640501,73.0975609756098,7.78556442,5.29485988616943,0.97835,0.298917675,0.0750672927368671
HUN,2007,Europe,Upper-middle,13934.605460375,73.1512195121951,7.20719147,5.13725996017456,0.95488,0.27706775,0.02660382245900014
HUN,2008,Europe,Upper-middle,15762.6322515113,73.7024390243903,7.09275723,4.97069978713989,0.97817,0.32362305,0.2531804270286113
HUN,2009,Europe,Upper-middle,13051.1831777184,73.9048780487805,7.2366724,4.95626020431519,1.13027,0.260305275,0.09207726180812774
HUN,2010,Europe,Upper-middle,13189.8433874768,74.2073170731707,7.46420383,4.73365020751953,1.13102,0.404876825,0.11850697544497468
HUN,2011,Europe,Upper-middle,14211.460557822,74.8585365853659,7.49342251,4.57056999206543,1.18116,0.291156075,0.08427915131906882
HUN,2012,Europe,Upper-middle,12950.1594488143,75.0634146341463,7.43047714,4.15359020233154,1.25758,0.40376802500000003,0.08635697800376356
HUN,2013,Europe,Upper-middle,13739.4620151401,75.5658536585366,7.23645353,4.19040012359619,1.38449,0.48526057499999997,0.11381242256975219
HUN,2014,Europe,Upper-middle,14352.501883174,75.7634146341463,7.04192352,4.59878015518188,1.3437,0.095466025,0.050852098351288975
HUN,2015,Europe,Upper-middle,12782.9412577973,75.5682926829269,6.8501935,4.49287986755371,1.33884,0.15820109999999998,0.11316412061853645
HUN,2016,Europe,Upper-middle,13215.8605277789,76.0634146341464,6.96752644,4.60210990905762,1.17645,0.0727399,0.08653000146007163
HUN,2017,Europe,Upper-middle,14736.1668157258,75.8170731707317,6.73338366,4.64034986495972,1.31498,0.1048895,0.08206602422890974
HUN,2018,Europe,Upper-middle,16605.0570511887,76.0658536585366,6.55460501,4.60567998886108,1.50196,0.037466625,0.04369789769164149
HUN,2019,Europe,Upper-middle,17012.8598553199,76.3195121951219,6.24677849,4.20140981674194,1.46473,0.121647675,0.04294858677452806
HUN,2020,Europe,Upper-middle,16386.9308821258,75.419512195122,7.230515,4.12265014648438,1.58067,0.18683745,0.10855066836193748
HUN,2021,Europe,Upper-middle,19030.628130329,74.0658536585366,7.33524847,4.65407991409302,1.63327,0.297142675,0.007203264478172409
HUN,2022,Europe,Upper-middle,18428.028825614,75.8682926829268,6.6474123,3.8011999130249,1.39056,0.14579387500000002,0.08466710527268446
HUN,2023,Europe,Upper-middle,22230.6277875187,76.5707317073171,6.36868954,3.8011999130249,1.37748,0.0182695,0.036539
HUN,2024,Europe,Upper-middle,23292.3263882478,76.7243902439025,6.36868954,3.8011999130249,1.37748,0.07235372500000001,0.0053046599937382095
IDN,1995,Asia-Pacific,Lower-middle,1011.22614205568,65.263,1.85297656,1.00434994697571,0.06769,0.141658125,0.05823328989643724
IDN,1996,Asia-Pacific,Lower-middle,1118.92133024129,65.465,1.85297656,1.07854998111725,0.06769,0.3364794,0.31644286031112584
IDN,1997,Asia-Pacific,Lower-middle,1044.60674832472,65.774,1.85297656,1.07208001613617,0.06769,0.26244455,0.20560403964205082
IDN,1998,Asia-Pacific,Lower-middle,454.877800792123,65.942,1.85297656,1.4190675318241126,0.06769,0.21717205,0.1699087360870437
IDN,1999,Asia-Pacific,Lower-middle,657.268934667018,66.001,1.85297656,1.7660550475120549,0.06769,0.27104585000000003,0.11819953878140416
IDN,2000,Asia-Pacific,Lower-middle,763.711124950924,66.292,1.85297656,2.1130425631999974,0.06769,0.44985232500000005,0.08711230663820795
IDN,2001,Asia-Pacific,Lower-middle,732.307093405708,66.583,2.11850214,2.46003007888794,0.04756,0.5489590249999999,0.19414209623989975
IDN,2002,Asia-Pacific,Lower-middle,881.002913569131,66.954,1.98062706,2.64568996429443,0.05203,0.21622305,0.15989528511853207
IDN,2003,Asia-Pacific,Lower-middle,1043.2105838671,67.134,2.24837184,3.21799993515015,0.0565,0.3106343,0.16454168965564117
IDN,2004,Asia-Pacific,Lower-middle,1126.84004447173,65.521,2.12002277,2.74846005439758,0.060969999999999996,0.322989825,0.037706758547363446
IDN,2005,Asia-Pacific,Lower-middle,1238.21447629488,67.531,2.53189397,2.87281990051269,0.06544,0.264383575,0.2032727150221327
IDN,2006,Asia-Pacific,Lower-middle,1558.31562847163,67.664,2.61946416,2.9585399627685502,0.06991,0.12682717500000001,0.0510220565626524
IDN,2007,Asia-Pacific,Lower-middle,1823.21976255073,67.914,2.82385564,3.04426002502441,0.07438,0.1999754,0.1125243583418571
IDN,2008,Asia-Pacific,Lower-middle,2124.55483920618,68.085,2.54842305,2.90190005302429,0.07885,0.249248525,0.1869377005080815
IDN,2009,Asia-Pacific,Lower-middle,2218.48541852977,68.267,2.62324095,3.52513003349304,0.08332,0.068499975,0.08478651517281016
IDN,2010,Asia-Pacific,Lower-middle,3065.68348377765,68.364,2.7908783,2.81227993965149,0.083665,0.07024945,0.046895770541737915
IDN,2011,Asia-Pacific,Lower-middle,3579.46442466152,68.629,2.98942471,3.18944001197815,0.08401,0.102765225,0.12302108889076363
IDN,2012,Asia-Pacific,Lower-middle,3632.27254030331,68.862,2.91427088,3.40748000144958,0.084355,0.32225955,0.3759800929850631
IDN,2013,Asia-Pacific,Lower-middle,3566.60284506078,69.064,2.86934805,3.35904002189636,0.0847,0.09163945000000001,0.06752142289932878
IDN,2014,Asia-Pacific,Lower-middle,3441.06808464008,69.292,2.96433568,3.28800988197327,0.13825,0.164782925,0.07856978282233679
IDN,2015,Asia-Pacific,Lower-middle,3288.22269725538,69.52,2.92428517,3.58361005783081,0.19180000000000003,0.1107355,0.129166225551264
IDN,2016,Asia-Pacific,Lower-middle,3521.46943457574,69.733,3.02147198,1.21023452496964,0.24535,0.129507475,0.1099838884244832
IDN,2017,Asia-Pacific,Lower-middle,3798.88326174526,69.953,2.90417194,1.05324382490056,0.23805,0.036368925,0.07273785
IDN,2018,Asia-Pacific,Lower-middle,3860.95353090726,70.08,2.86757827,0.994436460846179,0.22632,0.01740825,0.0348165
IDN,2019,Asia-Pacific,Lower-middle,4106.94856160358,70.349,2.87862897,0.964399077622927,0.27129,0.270875675,0.045263010602431576
IDN,2020,Asia-Pacific,Lower-middle,3853.70288774146,68.817,3.42067289,1.01593221347809,0.28068,0.11192912499999999,0.066043336471763
IDN,2021,Asia-Pacific,Lower-middle,4287.17313995098,67.452,3.70634937,1.03221750658374,0.28068,0.12613239999999998,0.037479909817483115
IDN,2022,Asia-Pacific,Lower-middle,4730.83484836107,70.925,2.69389749,0.863943349575907,0.28068,0.17298344999999998,0.07304001688633886
IDN,2023,Asia-Pacific,Lower-middle,4876.30774512252,71.146,2.70239949,1.27517088245674,0.28068,0.150007625,0.0666822255817533
IDN,2024,Asia-Pacific,Lower-middle,4925.43048751861,71.288,2.70239949,1.27517088245674,0.28068,0.211479875,0.0062221642238988305
IND,1995,Asia-Pacific,Lower-middle,375.17600537305,60.63,4.10568476,3.36137008666992,0.63905,0.19967664999999998,0.23076575650711983
IND,1996,Asia-Pacific,Lower-middle,401.046754673579,61.027,4.10568476,3.36137008666992,0.63905,0.180756825,0.23960483816402614
IND,1997,Asia-Pacific,Lower-middle,416.228116203753,61.439,4.10568476,3.36137008666992,0.68669,0.15339495,0.12653558273999452
IND,1998,Asia-Pacific,Lower-middle,413.630864056851,61.852,4.10568476,3.57257008552551,0.70378,0.184487,0.14509321393890207
IND,1999,Asia-Pacific,Lower-middle,441.927991436397,62.284,4.10568476,4.41538000106812,0.72413,0.15205354999999998,0.10908039250682651
IND,2000,Asia-Pacific,Lower-middle,442.750218937263,62.749,4.10568476,4.32480001449585,0.75699,0.08394935,0.09742943441241632
IND,2001,Asia-Pacific,Lower-middle,450.357900514128,63.158,4.33754253,4.08767334620158,0.73591,0.09948875,0.11905361892661363
IND,2002,Asia-Pacific,Lower-middle,469.149928973927,63.649,4.31453371,3.85054667790731,0.72567,0.045938375,0.06111430454977378
IND,2003,Asia-Pacific,Lower-middle,544.143133545002,64.086,4.07877731,3.61342000961304,0.71929,0.060459025,0.06981784746955824
IND,2004,Asia-Pacific,Lower-middle,624.258826510066,64.484,4.02679491,3.35254001617432,0.7569,0.07141145,0.024972288280478688
IND,2005,Asia-Pacific,Lower-middle,710.488080408949,64.939,3.85508275,3.18876004219055,0.82411,0.0860538,0.09944633916885359
IND,2006,Asia-Pacific,Lower-middle,801.668353659022,65.373,3.66901541,3.14284992218018,0.80473,0.0511348,0.07191026143798951
IND,2007,Asia-Pacific,Lower-middle,1021.88707706826,65.803,3.58103991,3.1879832744598433,0.80507,0.043145625,0.05506916530354502
IND,2008,Asia-Pacific,Lower-middle,992.519584923828,66.247,3.58856082,3.2331166267395064,0.85876,0.0,0.0
IND,2009,Asia-Pacific,Lower-middle,1094.94974598436,66.7,3.54637694,3.27824997901917,0.83314,0.020330175,0.04066035
IND,2010,Asia-Pacific,Lower-middle,1347.51939071367,67.162,3.33625913,3.377690076828,0.78849,0.067840575,0.08601079384094282
IND,2011,Asia-Pacific,Lower-middle,1445.46127486037,67.623,3.24634218,3.79618000984192,0.75502,0.064421925,0.12884385
IND,2012,Asia-Pacific,Lower-middle,1429.32199520032,68.076,3.32935286,3.8675000667572,0.74399,0.109609975,0.10974023619804407
IND,2013,Asia-Pacific,Lower-middle,1432.84397512195,68.499,3.74944186,3.84467005729675,0.70642,0.1232374,0.06235733600841737
IND,2014,Asia-Pacific,Lower-middle,1553.88396075118,68.932,3.61956549,3.89878023242693,0.70158,0.17700512499999999,0.09342576357070444
IND,2015,Asia-Pacific,Lower-middle,1583.99815907985,69.326,3.59565973,4.1145601272583,0.6931,0.211966625,0.16087826066850205
IND,2016,Asia-Pacific,Lower-middle,1707.50892912243,69.709,3.50430417,4.25406980514526,0.66984,0.22941240000000002,0.14041425218056272
IND,2017,Asia-Pacific,Lower-middle,1950.10468280866,70.068,2.93597651,4.30543994903565,0.66603,0.11002905,0.04325661944045867
IND,2018,Asia-Pacific,Lower-middle,1966.25455171679,70.415,2.8584938,4.36374998092651,0.66001,0.0749889,0.031225343132889136
IND,2019,Asia-Pacific,Lower-middle,2041.42863698585,70.746,2.95299792,3.89732003211975,0.65942,0.19371444999999998,0.08684383904789485
IND,2020,Asia-Pacific,Lower-middle,1907.04251637669,70.156,3.34146094,4.29335021972656,0.64558,0.1652159,0.15797183772124276
IND,2021,Asia-Pacific,Lower-middle,2239.61384367482,67.282,3.34680939,4.62949991226196,0.64558,0.061152200000000004,0.00761523048939864
IND,2022,Asia-Pacific,Lower-middle,2347.44829434623,71.698,3.39623499,4.09865814174589,0.64558,0.190869225,0.08504866272734198
IND,2023,Asia-Pacific,Lower-middle,2530.12031278204,72.003,3.33944035,4.09865814174589,0.64558,0.156311775,0.11276959666039939
IND,2024,Asia-Pacific,Lower-middle,2694.73780859961,72.235,3.33944035,4.09865814174589,0.64558,0.06612190000000001,0.05301563565697702
IRL,1995,Europe,High,19158.4564773907,75.4693170731707,5.8990283,4.87162017822266,1.27156,0.0476923,0.03188207181923199
IRL,1996,Europe,High,20835.8977130847,75.8317073170732,5.8990283,4.75392007827759,1.27156,0.01818975,0.0363795
IRL,1997,Europe,High,22551.1139134126,75.9853658536585,5.8990283,4.520730018615724,1.24271,0.032899075,0.06579815
IRL,1998,Europe,High,24294.8547674007,76.1804878048781,5.8990283,4.28753995895386,1.20801,0.1910385,0.2393117191370006
IRL,1999,Europe,High,26338.1077543817,76.0829268292683,5.8990283,4.13379001617432,1.15141,0.030115525000000004,0.034896847792255305
IRL,2000,Europe,High,26334.5672050501,76.5365853658537,5.8990283,4.13226985931396,1.08383,0.0412371,0.08247419999999998
IRL,2001,Europe,High,28282.409882073,77.1341463414634,6.39249372,4.08750009536743,1.05194,0.3740644,0.23587292239822696
IRL,2002,Europe,High,32705.4345565698,77.6341463414634,6.67263031,4.10487985610962,1.05575,0.5529563,0.5334543266132162
IRL,2003,Europe,High,41203.5295847568,78.1390243902439,7.00761414,4.20493984222412,1.12435,0.0897434,0.04034336398963279
IRL,2004,Europe,High,47754.2023194244,78.5390243902439,7.21972942,4.48295021057129,1.17778,0.055379125,0.07247409266118825
IRL,2005,Europe,High,50933.0216095589,78.9439024390244,7.64242792,4.51897001266479,1.19197,0.061399,0.08694841129623933
IRL,2006,Europe,High,54329.1618599624,79.2414634146342,7.51646996,4.54742002487183,1.19887,0.049060450000000005,0.059735575930456496
IRL,2007,Europe,High,61396.417461176,79.6414634146341,7.80773735,4.71541976928711,1.23409,0.0734889,0.06292805947037194
IRL,2008,Europe,High,61353.1065629523,80.0951219512195,9.12564754,5.45828008651733,1.39126,0.0908363,0.11555160804287118
IRL,2009,Europe,High,52133.0906162544,80.190243902439,10.52275753,6.15609979629517,1.61371,0.25359787500000003,0.1159398723764284
IRL,2010,Europe,High,48623.9666422487,80.7439024390244,10.52062798,6.04835987091065,1.59425,0.07121920000000001,0.08827954049483945
IRL,2011,Europe,High,52613.8540355689,80.7463414634146,10.4888649,5.77199983596802,1.53761,0.097087375,0.19417475
IRL,2012,Europe,High,49335.8408099555,80.8463414634146,10.47466946,5.70776987075806,1.5455,0.5028134,0.10075655235556642
IRL,2013,Europe,High,52537.6108648692,80.9487804878049,10.0333004,5.23177003860474,1.53562,0.30358395,0.1098344698619245
IRL,2014,Europe,High,57214.5379785709,81.3487804878049,9.23077869,4.73554992675781,1.47756,0.1444157,0.08686405258348627
IRL,2015,Europe,High,64250.1385181257,81.4536585365854,7.07827806,3.62438988685608,1.14062,0.250232225,0.05350297384279215
IRL,2016,Europe,High,64129.5571542383,81.6536585365854,7.3382206,3.65881991386414,1.14954,0.33751430000000004,0.14153191712286436
IRL,2017,Europe,High,72161.4047531385,82.1560975609756,6.91718578,3.37737011909485,1.20821,0.507382525,0.24483006780057842
IRL,2018,Europe,High,80804.1123164826,82.2048780487805,6.74710846,3.30347990989685,1.08244,0.24738597499999998,0.02860167418554084
IRL,2019,Europe,High,81827.6688873996,82.7024390243903,6.61860561,3.22984004020691,1.13733,1.0944172,0.29101974485779025
IRL,2020,Europe,High,86514.0706108754,82.4560975609756,6.97323275,3.19163990020752,1.12466,0.5170226,0.3735403083012417
IRL,2021,Europe,High,103783.446284479,82.2536585365854,6.44113493,2.90461993217468,1.0732,0.40240855,0.18105433231636117
IRL,2022,Europe,High,105190.685952731,82.509756097561,6.02078247,2.90461993217468,1.53215,0.5247115,0.05824271888313595
IRL,2023,Europe,High,106818.917130804,82.8073170731707,6.57538509,2.90461993217468,1.58829,0.32619765,0.12744693450950478
IRL,2024,Europe,High,112894.953240805,83.009756097561,6.85410833,2.90461993217468,1.58829,0.375445025,0.05739368388167089
IRN,1995,Middle East,Upper-middle,1550.0095955025,67.904,4.72250843,4.08178997039795,0.50218,0.01390435,0.027808699999999995
IRN,1996,Middle East,Upper-middle,1914.78121294313,68.328,4.72250843,3.53777003288269,0.50218,0.0694622,0.05741444236386288
IRN,1997,Middle East,Upper-middle,1790.06617575598,68.649,4.72250843,3.7653166453043636,0.50218,0.020086775,0.04017355
IRN,1998,Middle East,Upper-middle,1709.19334096046,69.214,4.72250843,3.992863257726037,0.50218,0.0396983,0.0793966
IRN,1999,Middle East,Upper-middle,1739.59462001458,69.686,4.72250843,4.22040987014771,0.50218,0.020409825,0.04081965
IRN,2000,Middle East,Upper-middle,1650.01385833785,70.166,4.72250843,4.03064012527466,0.50218,0.09778875,0.07867012956459396
IRN,2001,Middle East,Upper-middle,1881.02266635283,70.619,5.16087341,4.07168006896973,0.50218,0.35397049999999997,0.15245178860560038
IRN,2002,Middle East,Upper-middle,1891.25756091033,71.112,4.65182209,4.48487997055054,0.49558,0.074855925,0.09049346415122568
IRN,2003,Middle East,Upper-middle,2208.99636552406,70.464,4.95589161,4.36323022842407,0.59484,0.061386949999999996,0.08745286935721434
IRN,2004,Middle East,Upper-middle,2672.4226651404,72.04,5.12801409,4.29662990570068,0.50453,0.057120149999999995,0.06595683665011536
IRN,2005,Middle East,Upper-middle,3132.0508192007,72.446,5.29996157,4.05651998519897,0.62284,0.1371069,0.09000594589073917
IRN,2006,Middle East,Upper-middle,3618.91601364428,72.895,5.15990877,4.28998994827271,0.55921,0.0,0.0
IRN,2007,Middle East,Upper-middle,4687.99166260718,73.299,4.91188192,4.59681987762451,0.60284,0.0,0.0
IRN,2008,Middle East,Upper-middle,5377.4115072957,73.683,5.03990459,3.91376996040344,0.64647,0.053185825,0.10637165
IRN,2009,Middle East,Upper-middle,5415.52280553446,74.041,6.11493444,3.84244990348816,0.27258,0.07447865000000001,0.09508405426949007
IRN,2010,Middle East,Upper-middle,6291.19443655454,74.39,6.29153061,3.70917010307312,0.26442,0.0237914,0.0475828
IRN,2011,Middle East,Upper-middle,8025.68743364356,74.721,6.09787989,3.48497009277344,0.279385,0.0,0.0
IRN,2012,Middle East,Upper-middle,8114.08099831877,75.039,6.12235355,2.93899989128113,0.29435,0.072858475,0.09219452583609561
IRN,2013,Middle East,Upper-middle,6222.74194840326,75.349,5.73697805,2.85279011726379,0.23601,0.15823695,0.04833110710681062
IRN,2014,Middle East,Upper-middle,5672.06372896319,75.635,6.81539536,2.61668992042542,0.31492,0.21465220000000002,0.12976493302853434
IRN,2015,Middle East,Upper-middle,4952.73355532178,75.907,8.38232708,2.62911009788513,0.39383,0.28704945000000004,0.17496437142348914
IRN,2016,Middle East,Upper-middle,5710.59947089104,76.155,7.80285025,3.17396998405456,0.57683,0.22090342500000001,0.13615976651638265
IRN,2017,Middle East,Upper-middle,6000.93346404409,76.396,7.71801233,3.45956993103027,0.75983,0.388530525,0.1629047870101096
IRN,2018,Middle East,Upper-middle,4783.01067340237,76.621,6.63571692,3.61980009078979,0.77406,0.41936887500000003,0.15934811902350518
IRN,2019,Middle East,Upper-middle,3997.4935449585,76.855,6.23426771,3.24005007743835,0.78829,0.2337938,0.11057331311288451
IRN,2020,Middle East,Upper-middle,3202.50003502169,74.141,4.96098137,3.20495009422302,0.7574700000000001,0.311211825,0.1306287724484509
IRN,2021,Middle East,Upper-middle,4605.14881318992,73.752,4.85886621,2.93746507167816,0.72665,0.35762642499999997,0.1515845413032471
IRN,2022,Middle East,Upper-middle,4721.20437099984,76.799,5.62794113,2.6699800491333,0.72665,0.25404315,0.05911123088159022
IRN,2023,Middle East,Upper-middle,5049.29931642754,77.654,6.02542305,2.82443290958712,0.72665,0.18293245000000002,0.09927790984223697
IRN,2024,Middle East,Upper-middle,5190.16959024821,77.854,6.02542305,2.82443290958712,0.72665,0.3151887,0.03692070615052392
IRQ,1995,Middle East,Lower-middle,619.135530927038,64.761,2.99693608,,0.04554,0.066300625,0.09668249783472964
IRQ,1996,Middle East,Lower-middle,485.258492784825,64.618,2.99693608,,0.04554,0.041207675,0.04761323347707547
IRQ,1997,Middle East,Lower-middle,936.341170908421,64.241,2.99693608,,0.04554,0.071803875,0.04845958295744163
IRQ,1998,Middle East,Lower-middle,900.937142559106,64.405,2.99693608,,0.04554,0.041017225,0.08203445
IRQ,1999,Middle East,Lower-middle,1560.36466710272,64.532,2.99693608,,0.04554,0.094398975,0.06951546676279435
IRQ,2000,Middle East,Lower-middle,1980.18916038782,64.86,2.99693608,,0.04554,0.236019525,0.14882430671507427
IRQ,2001,Middle East,Lower-middle,1435.695683789,65.292,2.99693608,,0.04554,0.184026625,0.05418670441362132
IRQ,2002,Middle East,Lower-middle,1266.15961275094,65.724,2.99693608,,0.04554,0.13424465,0.15506880700621256
IRQ,2003,Middle East,Lower-middle,817.887862499622,64.834,2.99693608,,0.04554,0.0888227,0.06560123775737772
IRQ,2004,Middle East,Lower-middle,1328.37157628292,64.634,3.90128636,,0.04554,0.025851825,0.05170365
IRQ,2005,Middle East,Lower-middle,1762.39360423421,64.899,3.01704645,,0.04554,0.02814365,0.0562873
IRQ,2006,Middle East,Lower-middle,2276.55435744086,64.029,2.49370432,,0.04554,0.026566199999999998,0.0306761582866347
IRQ,2007,Middle East,Lower-middle,3128.99010329066,64.428,3.2148056,,0.04554,0.12193204999999999,0.11766626578796206
IRQ,2008,Middle East,Lower-middle,4542.96609046032,66.465,3.06604242,,0.03435,0.027639575,0.05527915
IRQ,2009,Middle East,Lower-middle,3714.71205987194,67.834,3.77203989,,0.04562,0.099493475,0.0746066004629338
IRQ,2010,Middle East,Lower-middle,4461.75196161555,68.092,3.23955345,,0.03684,0.24538675,0.10737223246713586
IRQ,2011,Middle East,Lower-middle,5775.54229080293,68.435,2.80316377,,0.03476,0.161442875,0.061194911076078606
IRQ,2012,Middle East,Lower-middle,6477.59618450955,68.827,2.69365859,,0.035956666666666665,0.222195325,0.07818952231176822
IRQ,2013,Middle East,Lower-middle,6650.35282247395,69.047,2.80868459,,0.03715333333333334,0.17384840000000001,0.14904568311547972
IRQ,2014,Middle East,Lower-middle,6249.39226978969,69.679,2.78786659,,0.03835,0.076585625,0.02091332158145058
IRQ,2015,Middle East,Lower-middle,4440.14189252367,69.977,3.15587044,,0.04017,0.093867175,0.07433434721232506
IRQ,2016,Middle East,Lower-middle,4334.42096404188,68.683,4.57253027,,0.03737,0.109220125,0.1060616203833531
IRQ,2017,Middle East,Lower-middle,4759.2846435467,69.788,4.08944416,,0.04596,0.092770725,0.07751582524445683
IRQ,2018,Middle East,Lower-middle,5646.68932074742,71.116,4.07600641,,0.04279,0.10014085,0.14913095893208536
IRQ,2019,Middle East,Lower-middle,5671.8568632942,71.245,4.207232,,0.03266,0.07527705,0.08957802911638918
IRQ,2020,Middle East,Lower-middle,4295.18945121228,69.651,5.72766161,,0.04053,0.1768991,0.06518492499737445
IRQ,2021,Middle East,Lower-middle,4868.49431080783,70.704,5.14179993,,0.0407,0.2310154,0.15601505752022782
IRQ,2022,Middle East,Lower-middle,6520.73154560584,72.037,4.33226347,,0.0407,0.225698925,0.15493033658521874
IRQ,2023,Middle East,Lower-middle,5965.31835077761,72.324,5.53275251,,0.0407,0.16856625,0.16037600169781221
IRQ,2024,Middle East,Lower-middle,6073.61032342708,72.424,5.53275251,,0.0407,0.08571727500000001,0.09898407254285493
ISR,1995,Middle East,High,19025.6840502517,77.4512195121951,6.59421921,6.40023994445801,2.4753,0.067940925,0.13588185
ISR,1996,Middle East,High,20224.2789080629,78.1048780487805,6.59421921,6.40023994445801,2.4753,0.067587675,0.08258027897027938
ISR,1997,Middle East,High,20469.4699017497,78.0,6.59421921,6.40023994445801,2.69533,0.083852925,0.0700454711865264
ISR,1998,Middle East,High,20188.8141481667,78.1487804878049,6.59421921,6.40023994445801,2.80723,0.314807725,0.18945150417776005
ISR,1999,Middle East,High,19823.2138876277,78.6585365853659,6.59421921,6.1956000328064,3.21199,0.3011638,0.0765083196370608
ISR,2000,Middle East,High,21706.5194056329,78.9536585365854,6.59421921,5.93116998672485,3.81316,0.25297112499999996,0.19589163554033942
ISR,2001,Middle East,High,20966.3052667971,79.4073170731707,6.99914265,6.17636013031006,4.05338,0.320232175,0.10120725920372098
ISR,2002,Middle East,High,19076.4584298321,79.4512195121951,6.90767479,6.24923992156982,3.99197,0.19824425,0.17663924874901574
ISR,2003,Middle East,High,19643.4690380742,79.6487804878049,6.84975958,6.13486003875732,3.76142,0.399545325,0.1814887033305999
ISR,2004,Middle East,High,20568.0694088834,80.1463414634146,6.79696989,5.75040006637573,3.74703,0.17550902499999999,0.06565734981911138
ISR,2005,Middle East,High,21286.8388636595,80.1512195121951,6.8828454,5.56489992141724,3.91123,0.252878875,0.04254061706568403
ISR,2006,Middle East,High,22527.2619795719,80.5536585365854,6.70000744,5.58409023284912,4.01416,0.15472029999999998,0.04848017035276725
ISR,2007,Middle East,High,25721.2594077311,80.5048780487805,6.67256165,5.33169984817505,4.28533,0.26855592500000003,0.10980845953718305
ISR,2008,Middle East,High,30269.217773489,80.9512195121951,6.80668306,5.40716981887817,4.24165,0.06824485,0.08633262384805641
ISR,2009,Middle East,High,28508.4938886475,81.4048780487805,6.86992359,5.34174013137817,4.01799,0.088350825,0.00269606017165171
ISR,2010,Middle East,High,31439.0887027614,81.6024390243903,6.85038328,5.40408992767334,3.8421,0.09136915,0.08018231568637813
ISR,2011,Middle East,High,34522.5215979073,81.6560975609756,6.80594969,5.42928981781006,3.91608,0.17348875,0.009022306509424292
ISR,2012,Middle East,High,33321.4300881602,81.7048780487805,6.94185257,5.56122016906738,4.06028,0.14364264999999998,0.0895187483176755
ISR,2013,Middle East,High,37034.3161080785,82.0560975609756,6.94074392,5.76972007751465,4.10651,0.212571425,0.17363721883788577
ISR,2014,Middle East,High,38343.3046626235,82.1536585365854,7.02990532,5.69225978851318,4.19613,0.2174539,0.0941186470942218
ISR,2015,Middle East,High,36213.1041481958,82.0512195121951,7.02090645,5.79657983779907,4.29761,0.1173937,0.056262793308426005
ISR,2016,Middle East,High,37671.5389138798,82.4073170731707,7.09919167,5.80271005630493,4.59051,0.10493015,0.12908518433139413
ISR,2017,Middle East,High,41138.470964272,82.5512195121951,7.17189407,6.00425004959106,4.74032,0.144043525,0.050565317748589626
ISR,2018,Middle East,High,42362.6652754196,82.8024390243903,7.23550367,6.06919002532959,4.91965,0.16504639999999998,0.1326050835498901
ISR,2019,Middle East,High,44250.6313628073,82.8048780487805,7.20701885,6.06899976730347,5.35528,0.2898825,0.11305568200537289
ISR,2020,Middle East,High,44575.5719045492,82.6487804878049,7.74801874,6.51824998855591,5.83209,0.181532525,0.08432127107669314
ISR,2021,Middle East,High,52270.9040241956,82.5,7.83961058,6.16727018356323,5.75725,0.13103652500000001,0.08941475197331347
ISR,2022,Middle East,High,54949.621556429,82.7,7.12004995,5.93291997909546,6.17831,0.20120112499999998,0.04121596842878377
ISR,2023,Middle East,High,52003.7200729997,83.1951219512195,7.09822369,5.93291997909546,6.34589,0.218855625,0.11216851797723443
ISR,2024,Middle East,High,54176.6844383302,83.1975609756098,7.09822369,5.93291997909546,6.34589,0.229898125,0.04351706703469915
ITA,1995,Europe,High,20712.1798690324,78.1707317073171,7.54701233,4.3087100982666,0.94421,0.12983899999999998,0.10342721434654743
ITA,1996,Europe,High,23122.9337219116,78.5219512195122,7.54701233,4.43967008590698,0.94421,0.1037932,0.09231378892303506
ITA,1997,Europe,High,21883.9872666651,78.8243902439024,7.54701233,4.44030499458313,0.98522,0.21637805000000002,0.17548528707135727
ITA,1998,Europe,High,22365.1837644545,78.9756097560976,7.54701233,4.44093990325928,1.00275,0.12024475,0.05215691807437117
ITA,1999,Europe,High,22049.9990620261,79.4243902439024,7.54701233,4.50165987014771,0.97865,0.042787925000000004,0.028625805176375974
ITA,2000,Europe,High,20190.0035636084,79.7780487804878,7.54701233,4.27996015548706,1.00104,0.097905575,0.04151048585023427
ITA,2001,Europe,High,20570.4385917862,80.1268292682927,7.71115828,4.63416004180908,1.03714,0.12367752500000001,0.05077334662808661
ITA,2002,Europe,High,22451.3964379368,80.2292682926829,7.83638906,4.41520977020264,1.07704,0.325888025,0.3110532969303104
ITA,2003,Europe,High,27577.5700319855,79.9829268292683,7.80670929,4.52654981613159,1.05539,0.23698745,0.209353821129008
ITA,2004,Europe,High,31348.1901841445,80.7804878048781,8.13726902,4.37002992630005,1.04662,0.38914597500000003,0.1711417895578668
ITA,2005,Europe,High,32062.723833669,80.7829268292683,8.30906773,4.22292995452881,1.04057,0.262198225,0.20056513896872133
ITA,2006,Europe,High,33537.1286994269,81.2829268292683,8.39791012,4.50464010238647,1.07903,0.1140529,0.09159790105520979
ITA,2007,Europe,High,37826.1754554823,81.4341463414634,8.10167217,4.08763980865479,1.12421,0.145880925,0.09943381307728859
ITA,2008,Europe,High,40828.5795580937,81.4853658536585,8.50157547,4.37188005447388,1.15548,0.02476965,0.0495393
ITA,2009,Europe,High,37099.6133958219,81.6365853658537,8.91290951,4.50414991378784,1.21261,0.050906125,0.10181225
ITA,2010,Europe,High,35856.8625485539,82.0365853658537,8.87928963,4.31626987457275,1.21296,0.10813357500000001,0.1079748357319851
ITA,2011,Europe,High,38432.3742820019,82.1878048780488,8.728508,4.09431982040405,1.19531,0.187957075,0.22886170361761235
ITA,2012,Europe,High,34854.3949441965,82.2390243902439,8.7983427,4.03481006622315,1.25559,0.450709325,0.18551645827619315
ITA,2013,Europe,High,35701.6746002376,82.690243902439,8.7897644,4.12192010879517,1.29425,0.320874325,0.2572161027915421
ITA,2014,Europe,High,36028.3494022349,83.090243902439,8.85913563,4.04026985168457,1.33148,0.212768075,0.10870847236983189
ITA,2015,Europe,High,30639.8829751432,82.5439024390244,8.84596729,4.05422019958496,1.33213,0.227256825,0.14074140942841176
ITA,2016,Europe,High,31391.5692898108,83.2439024390244,8.72043991,3.795490026474,1.35915,0.3774767,0.11847215610966712
ITA,2017,Europe,High,32844.115660604,82.9463414634147,8.69060516,4.02662992477417,1.36393,0.3789798,0.09817214040921522
ITA,2018,Europe,High,34904.1081923834,83.3463414634146,8.65467453,4.24094009399414,1.41934,0.28155595,0.0938355890768707
ITA,2019,Europe,High,33812.788724868,83.4975609756098,8.61536789,4.07843017578125,1.45558,0.45738565000000003,0.28119585570869166
ITA,2020,Europe,High,32091.4866621366,82.1951219512195,9.5643034,4.41803979873657,1.49869,0.328735125,0.2027145346581472
ITA,2021,Europe,High,36852.5425414951,82.6463414634146,9.28164482,4.17118978500366,1.41065,0.13590839999999998,0.054726189448380196
ITA,2022,Europe,High,35653.9042103495,82.7,8.85022926,4.06775999069214,1.36563,0.32163664999999997,0.02244005552882317
ITA,2023,Europe,High,39277.0838783918,83.3512195121951,8.40559483,4.06775999069214,1.37935,0.11312215,0.10799089260514828
ITA,2024,Europe,High,40385.3413957669,83.9512195121951,8.44437313,4.06775999069214,1.37935,0.138155325,0.05651342714508207
JPN,1995,Asia-Pacific,High,44197.6191013908,79.5360975609756,7.03456163,3.40211009979248,2.64303,0.0535546,0.040157799170854304
JPN,1996,Asia-Pacific,High,39150.0396308089,80.219756097561,7.03456163,3.36739675203959,2.64303,0.085163425,0.04865349896916459
JPN,1997,Asia-Pacific,High,35638.2319556941,80.4241463414634,7.03456163,3.3326834042867,2.72177,0.0404235,0.052063740237712465
JPN,1998,Asia-Pacific,High,32423.7556133801,80.5014634146342,7.03456163,3.29797005653381,2.82745,0.045516799999999996,0.06422439143565316
JPN,1999,Asia-Pacific,High,36610.1683163197,80.4609756097561,7.03456163,3.37812995910644,2.84672,0.1230609,0.09052352046229016
JPN,2000,Asia-Pacific,High,39169.3595701504,81.0760975609756,7.03456163,3.46011996269226,2.85841,0.148391825,0.06913474408232931
JPN,2001,Asia-Pacific,High,34406.1824638092,81.4163414634146,7.23947906,3.40082001686096,2.92348,0.29496175,0.06502337776505206
JPN,2002,Asia-Pacific,High,32820.7936433254,81.6907317073171,7.35235405,3.40898990631104,2.96514,0.11525629999999999,0.16078312685714258
JPN,2003,Asia-Pacific,High,35387.0374203599,81.76,7.48654842,3.46662998199463,2.99319,0.25416335,0.19317233027832081
JPN,2004,Asia-Pacific,High,38298.9801712303,82.030243902439,7.53518438,3.42611002922058,2.98125,0.08629890000000001,0.06785496197100598
JPN,2005,Asia-Pacific,High,37812.8950199948,81.9551219512195,7.65818596,3.31493997573852,3.13092,0.1418671,0.11648812963133481
JPN,2006,Asia-Pacific,High,35991.546002862,82.3219512195122,7.68688869,3.27667999267578,3.22766,0.08627415,0.03360506715050574
JPN,2007,Asia-Pacific,High,35779.0245416427,82.5070731707317,7.77935696,3.27934002876282,3.29257,0.148253825,0.08176841743621127
JPN,2008,Asia-Pacific,High,39876.3039685725,82.5875609756098,8.08909321,3.27241992950439,3.29224,0.322201825,0.04465498881300014
JPN,2009,Asia-Pacific,High,41308.9968370512,82.9314634146342,8.9587822,3.435969948768615,3.1959,0.158768925,0.1320098485071821
JPN,2010,Asia-Pacific,High,44968.1562349739,82.8426829268293,9.0630064,3.59951996803284,3.10495,0.15912785000000002,0.1359246133980769
JPN,2011,Asia-Pacific,High,48760.0789494211,82.5912195121951,10.48780155,3.60526990890503,3.20537,0.28456285000000003,0.14553307597336765
JPN,2012,Asia-Pacific,High,49145.2804308193,83.0960975609756,10.67169094,3.41945004463196,3.1737,0.33063635,0.10437845666913263
JPN,2013,Asia-Pacific,High,40898.6478964744,83.3319512195122,10.67438698,3.40874004364014,3.27895,0.15409045,0.19181104751516095
JPN,2014,Asia-Pacific,High,38475.3952461838,83.5878048780488,10.7290144,3.41529989242554,3.36788,0.122302925,0.04947134267380629
JPN,2015,Asia-Pacific,High,34960.6393843385,83.7939024390244,10.74969959,3.31221008300781,3.24071,0.1378596,0.09559351438666396
JPN,2016,Asia-Pacific,High,39375.4731620781,83.9848780487805,10.65891552,3.14643001556396,3.10665,0.16174185000000002,0.10494392312349486
JPN,2017,Asia-Pacific,High,38834.0529341227,84.099756097561,10.65627098,3.13057994842529,3.16636,0.05324235,0.06723169525005797
JPN,2018,Asia-Pacific,High,39751.1330982711,84.2109756097561,10.73988247,3.07782006263733,3.2192,0.08460965,0.08452893580269816
JPN,2019,Asia-Pacific,High,40415.9567649547,84.3563414634146,10.96998405,3.15533995628357,3.21824,0.20518182499999998,0.056656724773520926
JPN,2020,Asia-Pacific,High,40028.7341726762,84.56,11.44974613,3.30628991127014,3.26556,0.24763912500000002,0.15521456556413288
JPN,2021,Asia-Pacific,High,40094.5599795288,84.4456097560976,12.08108234,3.33663988113403,3.27383,0.08994427499999999,0.03700918096043872
JPN,2022,Asia-Pacific,High,34065.6438962526,83.9963414634146,12.32275677,3.33663988113403,3.40053,0.20128935,0.0958704895233669
JPN,2023,Asia-Pacific,High,33836.1756271617,84.0412195121951,10.73979473,3.33663988113403,3.44125,0.0901821,0.0764924837136739
JPN,2024,Asia-Pacific,High,32487.0778047567,84.0363414634146,10.73979473,3.33663988113403,3.44125,0.033663225,0.06732645
KEN,1995,Africa,Lower-middle,340.064842175429,55.856,3.62451434,5.32324981689453,0.35521,0.017196325,0.03439265
KEN,1996,Africa,Lower-middle,440.527078880876,55.575,3.62451434,5.32324981689453,0.35521,0.040730075000000004,0.04703125055048505
KEN,1997,Africa,Lower-middle,466.723814611399,55.478,3.62451434,5.32324981689453,0.35521,0.04343375,0.05038964664482179
KEN,1998,Africa,Lower-middle,487.883239905452,55.568,3.62451434,5.32324981689453,0.35521,0.045739825,0.052845293970631854
KEN,1999,Africa,Lower-middle,433.721235701305,55.866,3.62451434,5.32324981689453,0.35521,0.08886245,0.08857209092430489
KEN,2000,Africa,Lower-middle,414.626365130846,56.084,3.62451434,5.1867299079895,0.35521,0.0,0.0
KEN,2001,Africa,Lower-middle,410.700452474814,56.501,3.74002314,5.20621013641357,0.35521,0.23280385,0.10995598460446193
KEN,2002,Africa,Lower-middle,402.936385605382,56.759,3.82159472,6.17199993133545,0.35521,0.47821830000000004,0.5156006893140078
KEN,2003,Africa,Lower-middle,442.898457253405,57.369,4.03365707,6.49428987503052,0.35521,0.240905625,0.13064441418408404
KEN,2004,Africa,Lower-middle,463.662781300121,57.947,4.21159506,6.79693984985352,0.35521,0.46646227500000004,0.17807959192826064
KEN,2005,Africa,Lower-middle,523.456312433863,58.51,4.2174139,7.3356499671936,0.35521,0.536352625,0.1440868702951192
KEN,2006,Africa,Lower-middle,699.80237063381,59.059,5.0134387,7.04981994628906,0.35521,0.33036855,0.07811035097034197
KEN,2007,Africa,Lower-middle,840.201439476765,59.407,5.12358475,6.491237401962278,0.35521,0.33658185,0.05600178666134976
KEN,2008,Africa,Lower-middle,915.54435473604,59.955,5.19050598,5.9326548576354945,0.46754666666666667,0.255266,0.1055685395230353
KEN,2009,Africa,Lower-middle,1047.9678324485,60.483,5.29172945,5.374072313308712,0.5798833333333333,0.1783438,0.05513321285154106
KEN,2010,Africa,Lower-middle,1091.51873101194,60.915,5.38849831,4.81548976898193,0.69222,0.25988690000000003,0.13599679618258168
KEN,2011,Africa,Lower-middle,1096.14499807675,61.283,5.20212841,4.70012998580933,0.6684108333333333,0.23914565,0.19958423188633082
KEN,2012,Africa,Lower-middle,1285.00536171512,61.537,5.0180583,4.93122005462646,0.6446016666666666,0.31742485,0.131642496137924
KEN,2013,Africa,Lower-middle,1370.87885214659,61.729,4.93100405,4.83721017837524,0.6207925,0.4185879,0.22621731577096396
KEN,2014,Africa,Lower-middle,1482.81566253497,61.99,4.91267347,4.7172999382019,0.5969833333333333,0.270560925,0.1799993000462201
KEN,2015,Africa,Lower-middle,1489.11959777284,62.279,4.76439571,4.74349021911621,0.5731741666666667,0.3555673,0.21677338563721332
KEN,2016,Africa,Lower-middle,1554.12610314423,62.526,4.75429106,4.89518022537231,0.549365,0.422445525,0.22081036266803505
KEN,2017,Africa,Lower-middle,1667.48447230835,62.725,3.98597503,4.96308994293213,0.5255558333333333,0.812926875,0.24135455563199099
KEN,2018,Africa,Lower-middle,1836.45275528993,62.825,4.09903383,5.10761976242065,0.5017466666666667,0.444000475,0.19309936162841787
KEN,2019,Africa,Lower-middle,1960.40808854893,62.939,4.36874676,5.37359210998097,0.4779375,0.19362457500000002,0.18587186783386336
KEN,2020,Africa,Lower-middle,1927.66459027849,61.596,4.49248886,5.04574892454155,0.45412833333333336,0.373188325,0.08934646750865885
KEN,2021,Africa,Lower-middle,2061.35622089594,61.225,4.56992722,4.89040202257195,0.43031916666666664,0.345821775,0.09114317307754048
KEN,2022,Africa,Lower-middle,2109.56288513137,63.549,4.32241869,4.51101801829815,0.40651,0.43695075,0.1481336649212348
KEN,2023,Africa,Lower-middle,1942.58802756191,63.646,4.35172892,3.96229304413263,0.80427,0.10237969999999999,0.014970408436868601
KEN,2024,Africa,Lower-middle,2132.43452097647,63.834,4.35172892,4.02242346098974,0.81069,0.290360725,0.19906751844216702
KOR,1995,Asia-Pacific,High,13001.7205867019,73.7,3.71794796,2.83677005767822,2.14233,0.055946050000000004,0.09311493415918845
KOR,1996,Asia-Pacific,High,13864.9376534518,74.1512195121951,3.71794796,2.974430004755653,2.14233,0.049682050000000005,0.033810808381985386
KOR,1997,Asia-Pacific,High,12821.6893313675,74.6024390243903,3.71794796,3.1120899518330867,2.17409,0.065044975,0.09342436015837893
KOR,1998,Asia-Pacific,High,8583.43557499234,75.0048780487805,3.71794796,3.24974989891052,2.03608,0.1337707,0.15576766171202971
KOR,1999,Asia-Pacific,High,11062.5019301357,75.409756097561,3.71794796,3.25048995018005,1.9446,0.11314070000000001,0.09933167631368489
KOR,2000,Asia-Pacific,High,12710.2995795579,75.909756097561,3.71794796,3.312489315867421,2.0494,0.11348849999999999,0.07635404603900613
KOR,2001,Asia-Pacific,High,11981.4828218758,76.4121951219512,4.16983986,3.3744886815547916,2.19872,0.33885675000000004,0.17978384983307963
KOR,2002,Asia-Pacific,High,13642.9424537101,76.7658536585366,3.90854764,3.436488047242162,2.13042,0.34467895,0.1941674747851881
KOR,2003,Asia-Pacific,High,15211.5483770422,77.2146341463415,4.46640348,3.4984874129295327,2.19657,0.49543564999999995,0.0476148831605203
KOR,2004,Asia-Pacific,High,17121.6301633201,77.6658536585366,4.43287992,3.5604867786169034,2.35292,0.30618735,0.14703397457341846
KOR,2005,Asia-Pacific,High,20167.0474902506,78.1682926829268,4.65223551,3.6224861443042737,2.42725,0.10526194999999999,0.027154154974699547
KOR,2006,Asia-Pacific,High,22609.7059431449,78.6682926829268,4.95851803,3.6844855099916445,2.61516,0.2429757,0.21625077336797355
KOR,2007,Asia-Pacific,High,25078.4853957105,79.119512195122,4.95834208,3.7464848756790152,2.75895,0.37059002500000005,0.3716906163728949
KOR,2008,Asia-Pacific,High,22252.3125108061,79.5170731707317,5.24642324,3.808484241366386,2.86774,0.333449975,0.04350203350659789
KOR,2009,Asia-Pacific,High,19937.3029137734,79.9682926829268,5.68525076,3.8704836070537567,3.02145,0.29470450000000004,0.169811524506397
KOR,2010,Asia-Pacific,High,24071.2620526362,80.1170731707317,5.79390717,3.932482972741127,3.17913,0.31073015,0.08481219920453661
KOR,2011,Asia-Pacific,High,26175.2398553363,80.5682926829269,5.90292883,3.9944823384284978,3.44409,0.24338237499999998,0.0889675943502792
KOR,2012,Asia-Pacific,High,26600.5477433903,80.819512195122,5.9576025,4.0564817041158685,3.6852,0.485748825,0.03399813483142621
KOR,2013,Asia-Pacific,High,28449.3591104972,81.2707317073171,6.06858635,4.118481069803239,3.77487,0.0781367,0.06879703293684498
KOR,2014,Asia-Pacific,High,30667.0912467447,81.7219512195122,6.24487352,4.18048043549061,3.88983,0.30506395000000003,0.21697584608242304
KOR,2015,Asia-Pacific,High,30171.7906545222,82.0243902439024,6.46202612,4.24247980117798,3.78907,0.131674675,0.05077984907745557
KOR,2016,Asia-Pacific,High,30832.0628072516,82.2756097560976,6.6356945,4.11502981185913,3.78638,0.0699741,0.1399482
KOR,2017,Asia-Pacific,High,33296.9845439195,82.6268292682927,6.79827499,4.10775995254517,4.07341,0.06248165,0.04168063919955323
KOR,2018,Asia-Pacific,High,35363.9508228687,82.6268292682927,7.14222002,4.21645021438599,4.27155,0.09379905,0.07355234624250043
KOR,2019,Asia-Pacific,High,33826.9443301597,83.2268292682927,7.69397116,4.41813993453979,4.36379,0.116947325,0.1350624343404036
KOR,2020,Asia-Pacific,High,33645.7719545073,83.4268292682927,8.02722836,4.52706003189087,4.5214,0.08753820000000001,0.09290109054928616
KOR,2021,Asia-Pacific,High,37518.4635305697,83.5268292682927,8.34412766,4.55590009689331,4.59673,0.11301549999999999,0.09846869664747947
KOR,2022,Asia-Pacific,High,34822.4048404971,82.6804878048781,8.8595314,5.40910005569458,4.84753,0.17914380000000002,0.0703747103447917
KOR,2023,Asia-Pacific,High,35674.095995632,83.4292682926829,8.5650692,5.40910005569458,4.94352,0.11853485,0.1049012220333173
KOR,2024,Asia-Pacific,High,36238.639908315,83.6292682926829,8.67656994,5.40910005569458,4.94352,0.06423915,0.07418734089679092
KWT,1995,Middle East,High,16168.165602374,75.979756097561,2.20362997,5.85961008071899,0.20538,0.080472725,0.11732565728465293
KWT,1996,Middle East,High,18201.0958607918,75.9250487804878,2.20362997,5.85961008071899,0.20538,0.0480021,0.05542956800667553
KWT,1997,Middle East,High,16977.3895620399,75.9071463414634,2.20362997,5.5826301574707,0.20538,0.03155575,0.036454745611282674
KWT,1998,Middle East,High,14066.9509572183,75.9642926829269,2.20362997,5.833430171012875,0.25796,0.0,0.0
KWT,1999,Middle East,High,15853.6264423466,76.0779512195122,2.20362997,6.08423018455505,0.19763,0.01874345,0.0374869
KWT,2000,Middle East,High,19296.3471698729,76.2258780487805,2.20362997,6.335030198097225,0.12542,0.1004674,0.07251871581198883
KWT,2001,Middle East,High,17374.2318664227,76.3843414634146,3.18719625,6.5858302116394,0.17884,0.11386325,0.04384319829160126
KWT,2002,Middle East,High,18512.7523035862,76.5316341463415,3.12441754,6.551109790802,0.18001,0.0713216,0.1426432
KWT,2003,Middle East,High,22690.655175144,76.6445609756098,2.76042604,6.043089866638185,0.14347,0.077973425,0.05992400315145704
KWT,2004,Middle East,High,27552.2827399787,76.7276829268293,2.35702467,5.53506994247437,0.1301,0.04814445,0.032270698627031094
KWT,2005,Middle East,High,36122.6142741227,76.8007804878049,2.013309,4.73833990097046,0.10083,0.101079375,0.06770488196830786
KWT,2006,Middle East,High,42946.6374104066,76.8876829268293,1.8213098,3.75997996330261,0.08479,0.146165525,0.05421858951518228
KWT,2007,Middle East,High,45709.4132876371,77.0101707317073,1.92673647,3.979575925811927,0.08585,0.1843389,0.15300336997221117
KWT,2008,Middle East,High,55585.1889344442,77.1890487804878,1.92400301,4.199171888321244,0.08551,0.17391304999999999,0.11421246847860643
KWT,2009,Middle East,High,37907.1001320042,77.4333658536585,2.70638776,4.418767850830561,0.11213,0.1309535,0.10073638076927983
KWT,2010,Middle East,High,39212.252220155,77.7262195121951,2.67879915,4.638363813339878,0.1014,0.139770825,0.10652265112861754
KWT,2011,Middle East,High,49169.6063813095,78.052243902439,2.33303547,4.857959775849195,0.09898,0.21901567500000002,0.09281959377693824
KWT,2012,Middle East,High,52155.2225833921,78.3950243902439,2.33311439,5.077555738358512,0.09721,0.2020467,0.10855943935107623
KWT,2013,Middle East,High,49651.0439275077,78.7418048780488,2.48789287,5.297151700867829,0.30153,0.17753315,0.14433919678409143
KWT,2014,Middle East,High,44368.7813457751,79.0803414634146,2.9159987,5.516747663377146,0.42705,0.07441905,0.09636026153902863
KWT,2015,Middle East,High,29882.2126495698,79.3765609756098,4.21497965,5.736343625886462,0.0966,0.047787625,0.055199059429811244
KWT,2016,Middle East,High,27323.6890735517,79.6775853658537,4.73096323,5.95593958839578,0.07985,0.043683200000000005,0.05049358437082214
KWT,2017,Middle East,High,29047.6536135703,79.9160731707317,4.65326786,6.35444222156987,0.0804,0.125631375,0.14003672910555467
KWT,2018,Middle East,High,32067.9623756889,80.1063658536585,5.17201853,6.39165256830382,0.06329,0.042546175,0.04917219247544795
KWT,2019,Middle East,High,31707.8737443551,81.969756097561,5.18200397,6.72789551402991,0.18512,0.08527167499999999,0.06185920119493812
KWT,2020,Middle East,High,25236.0755848941,78.7609756097561,6.11295223,6.24513034913966,0.17805,0.110482075,0.034116250246803204
KWT,2021,Middle East,High,34018.6342592913,78.7365853658537,5.37273169,7.76246706467929,0.129075,0.1861565,0.10117175916908171
KWT,2022,Middle East,High,39981.7691035833,80.5878048780488,4.20024538,6.58236499988891,0.0801,0.129986,0.08781564149910881
KWT,2023,Middle East,High,34075.849012909,83.1878048780488,4.96311998,5.0262608311279,0.09547,0.267889175,0.21524012780973062
KWT,2024,Middle East,High,32717.7186631255,84.580487804878,4.96311998,6.43592667889685,0.08954,0.092620325,0.0015423919851429875
MAR,1995,Middle East,Lower-middle,1466.78820800781,64.725,3.69304585,4.73479986190796,0.24582,0.048394975,0.05850221185404732
MAR,1996,Middle East,Lower-middle,1596.83239746094,65.226,3.69304585,4.689666589101156,0.24582,0.0639162,0.042941304390994
MAR,1997,Middle East,Lower-middle,1426.30114746094,65.616,3.69304585,4.644533316294353,0.24582,0.02032025,0.0406405
MAR,1998,Middle East,Lower-middle,1668.49755859375,66.008,3.69304585,4.59940004348755,0.24582,0.072027325,0.05604418370169349
MAR,1999,Middle East,Lower-middle,1635.65673828125,66.404,3.69304585,4.62527990341187,0.34598,0.02595785,0.0519157
MAR,2000,Middle East,Lower-middle,1499.107421875,66.794,3.69304585,4.650625493791372,0.44614,0.0464972,0.0929944
MAR,2001,Middle East,Lower-middle,1506.24523925781,67.2,3.81601191,4.675971084170874,0.5463,0.118334,0.16767071560651253
MAR,2002,Middle East,Lower-middle,1596.02062988281,67.582,4.06117535,4.701316674550377,0.47179,0.31105547499999997,0.1659645411159941
MAR,2003,Middle East,Lower-middle,1941.87255859375,67.958,4.08037519,4.726662264929879,0.56588,0.14324947500000001,0.14589053927725804
MAR,2004,Middle East,Lower-middle,2183.55541992188,68.272,4.23211098,4.7520078553093805,0.5605433333333334,0.045067949999999996,0.03005414409389605
MAR,2005,Middle East,Lower-middle,2242.98828125,68.748,4.37350655,4.777353445688883,0.5552066666666666,0.07089215,0.08480237777033928
MAR,2006,Middle East,Lower-middle,2438.12646484375,69.157,4.56586647,4.802699036068385,0.54987,0.0,0.0
MAR,2007,Middle East,Lower-middle,2755.5859375,69.62,4.80759001,4.828044626447888,0.5774925,0.031281275,0.06256255
MAR,2008,Middle East,Lower-middle,3183.20043945313,70.051,4.83789158,4.85339021682739,0.605115,0.026249475,0.05249895
MAR,2009,Middle East,Lower-middle,3119.58862304688,70.454,5.27312183,4.83119010925293,0.6327375,0.14517055,0.04658992455460015
MAR,2010,Middle East,Lower-middle,3067.9853515625,70.821,5.41861057,5.07177620142598,0.66036,0.080563475,0.0537382664482443
MAR,2011,Middle East,Lower-middle,3301.98876953125,71.263,5.37019396,5.31236229359903,0.66036,0.0506529,0.058497215143457904
MAR,2012,Middle East,Lower-middle,3164.17724609375,71.674,5.39619017,5.55294838577208,0.66036,0.0,0.0
MAR,2013,Middle East,Lower-middle,3379.7431640625,72.117,5.25540543,5.5178543760996455,0.66036,0.07461945,0.1492389
MAR,2014,Middle East,Lower-middle,3435.40698242188,72.522,5.41626596,5.48276036642721,0.66036,0.0,0.0
MAR,2015,Middle East,Lower-middle,3146.24780273438,72.894,5.10435581,5.133369043677,0.66036,0.092700225,0.06242485252949475
MAR,2016,Middle East,Lower-middle,3140.85546875,73.228,5.09203386,5.08530197423073,0.66036,0.07686,0.15372
MAR,2017,Middle East,Lower-middle,3296.52661132813,73.608,4.98920393,4.73564982004448,0.66036,0.18537522499999998,0.14928952795119008
MAR,2018,Middle East,Lower-middle,3501.69799804688,73.946,4.94516659,4.96022713486949,0.66036,0.105603425,0.09758396762530121
MAR,2019,Middle East,Lower-middle,3508.09765625,74.245,5.020401,5.0032567210502,0.66036,0.03236665,0.0647333
MAR,2020,Middle East,Lower-middle,3268.0302734375,73.133,5.78939486,6.28428263644307,0.66036,0.19364112500000003,0.223598138720777
MAR,2021,Middle East,Lower-middle,3785.93627929688,73.385,5.45314503,5.64273401285138,0.66036,0.1661609,0.16201066307678638
MAR,2022,Middle East,Lower-middle,3463.1376953125,75.161,5.75281,5.91224674061277,0.66036,0.156480175,0.19001291718926858
MAR,2023,Middle East,Lower-middle,3813.72607421875,75.313,6.06396198,6.02096928801329,0.66036,0.130491225,0.051678263250253494
MAR,2024,Middle East,Lower-middle,4153.1943359375,75.493,6.06396198,6.02096928801329,0.66036,0.128605125,0.04800424842375065
MEX,1995,Latin America,Upper-middle,4183.87847727479,70.703,4.24436522,3.49746990203857,0.23838,0.1285691,0.15962283380824102
MEX,1996,Latin America,Upper-middle,4674.36792733681,71.088,4.24436522,3.3911066055297834,0.23838,0.2529345,0.07366747944210753
MEX,1997,Latin America,Upper-middle,5567.35599516667,71.472,4.24436522,3.284743309020997,0.26404,0.23814495,0.12774128202343205
MEX,1998,Latin America,Upper-middle,5832.69342004468,71.792,4.24436522,3.17838001251221,0.28519,0.2842198,0.11002632538182243
MEX,1999,Latin America,Upper-middle,6499.97182950425,72.203,4.24436522,3.36164999008179,0.32719,0.19499117500000002,0.12483594116763476
MEX,2000,Latin America,Upper-middle,7524.0271380091,72.562,4.24436522,3.80870008468628,0.29205,0.149170675,0.0630838600403397
MEX,2001,Latin America,Upper-middle,7952.76479510706,72.912,4.58201361,4.0313401222229,0.30815,0.143196925,0.11811394840730075
MEX,2002,Latin America,Upper-middle,7983.03398381759,73.106,4.83042812,4.24307012557983,0.33745,0.373682075,0.04708885339124853
MEX,2003,Latin America,Upper-middle,7434.0746485155,73.308,5.53978777,4.83262014389038,0.37454,0.227697175,0.1425365103052869
MEX,2004,Latin America,Upper-middle,7849.66759649565,73.432,5.6835022,4.51204013824463,0.37053,0.198730075,0.12421844949323148
MEX,2005,Latin America,Upper-middle,8671.75891885163,73.627,5.58110142,4.63395023345947,0.38103,0.255368025,0.13492537795800008
MEX,2006,Latin America,Upper-middle,9512.63575346699,73.746,5.40647888,4.49317979812622,0.35298,0.41276805000000005,0.10860405273225308
MEX,2007,Latin America,Upper-middle,10134.3327138119,73.796,5.50668049,4.47919988632202,0.38039,0.3103684,0.072995631333891
MEX,2008,Latin America,Upper-middle,10523.7685403244,73.695,5.44587374,4.60607004165649,0.42416,0.026158825,0.05231765
MEX,2009,Latin America,Upper-middle,8423.56933214711,73.628,5.84786463,4.94934988021851,0.45748,0.20721109999999998,0.04771648859189032
MEX,2010,Latin America,Upper-middle,9728.80078377082,73.718,5.4897337,4.93697023391724,0.47353,0.21239122500000002,0.2494545628367269
MEX,2011,Latin America,Upper-middle,10664.4944032313,73.921,5.30093002,4.9040699005127,0.45268,0.24858877499999998,0.18073327293243258
MEX,2012,Latin America,Upper-middle,10744.1335242686,74.128,5.42140484,4.88349008560181,0.40284,0.2817539,0.14157118462344892
MEX,2013,Latin America,Upper-middle,11216.8008505428,74.289,5.5773263,4.50858020782471,0.40806,0.2250533,0.07258339244638999
MEX,2014,Latin America,Upper-middle,11391.3773497683,74.404,5.35336781,5.06807994842529,0.41962,0.1322813,0.08527549275037935
MEX,2015,Latin America,Upper-middle,10021.2386118827,74.431,5.52738619,5.05087995529175,0.41477,0.182527625,0.039114730307935136
MEX,2016,Latin America,Upper-middle,9097.92397674769,74.376,5.38499022,4.75795984268188,0.37601,0.215969625,0.19353123993836885
MEX,2017,Latin America,Upper-middle,9649.27816772402,74.261,5.3117938,4.39752006530762,0.31955,0.50434105,0.1582132950208779
MEX,2018,Latin America,Upper-middle,10084.7937562021,74.301,5.23821402,4.13944005966187,0.29816,0.6606808,0.2866434427308023
MEX,2019,Latin America,Upper-middle,10369.5553585271,74.53,5.3013463,4.319550037384035,0.27629,0.5809583,0.09006935210443857
MEX,2020,Latin America,Upper-middle,8841.27075039868,70.449,6.05248594,4.4996600151062,0.29185,0.399743175,0.2755275704005121
MEX,2021,Latin America,Upper-middle,10314.0506722115,69.75,5.87678003,4.23823976516724,0.27305,0.411783825,0.13137316216481396
MEX,2022,Latin America,Upper-middle,11405.7940473759,73.973,5.70919704,4.05987977981567,0.25727,0.36459195,0.0313629882577644
MEX,2023,Latin America,Upper-middle,13860.9597809326,75.069,5.50398684,4.05987977981567,0.26746,0.20155125000000002,0.036114511576234846
MEX,2024,Latin America,Upper-middle,14185.7812248529,75.264,5.50398684,4.05987977981567,0.25372,0.227954975,0.13683226876411803
MYS,1995,Asia-Pacific,Upper-middle,4363.14458333034,71.979,2.51463366,4.3425498008728,0.21645,0.068394775,0.13678955
MYS,1996,Asia-Pacific,Upper-middle,4837.16897250768,72.119,2.51463366,4.91384983062744,0.21645,0.0680354,0.07858331580719494
MYS,1997,Asia-Pacific,Upper-middle,4678.56390058182,72.296,2.51463366,4.62037992477417,0.30717,0.041278725,0.027839947406005754
MYS,1998,Asia-Pacific,Upper-middle,3294.30978444095,72.385,2.51463366,5.1535849571228045,0.39789,0.19996395,0.08170985457738048
MYS,1999,Asia-Pacific,Upper-middle,3527.81581379249,72.428,2.51463366,5.68678998947144,0.43344000000000005,0.139500925,0.10860792265190648
MYS,2000,Asia-Pacific,Upper-middle,4083.52874483605,72.732,2.51463366,5.9716100692749,0.46899,0.015238325,0.030476650000000004
MYS,2001,Asia-Pacific,Upper-middle,3943.79943910239,73.08,2.6753974,7.48446989059448,0.560765,0.0,0.0
MYS,2002,Asia-Pacific,Upper-middle,4184.03163773539,73.469,2.66876554,7.65792989730835,0.65254,0.16170927499999999,0.07146843248322414
MYS,2003,Asia-Pacific,Upper-middle,4465.32194567208,73.727,2.92417073,7.50288009643555,0.62622,0.504689575,0.1950137782881913
MYS,2004,Asia-Pacific,Upper-middle,4939.24851854427,74.027,2.86016941,5.92389011383057,0.5999,0.12898395,0.04845488803966702
MYS,2005,Asia-Pacific,Upper-middle,5555.58179951206,74.37,2.78692698,5.204825162887575,0.60548,0.100702975,0.02888099949405895
MYS,2006,Asia-Pacific,Upper-middle,6158.40785533236,74.697,3.10897732,4.48576021194458,0.61106,0.091425225,0.034903770533222245
MYS,2007,Asia-Pacific,Upper-middle,7168.93031942508,74.961,3.07041144,4.37253999710083,0.699765,0.1040177,0.11227379546047243
MYS,2008,Asia-Pacific,Upper-middle,8371.82156086005,75.151,3.00692558,3.95851993560791,0.78847,0.303561175,0.23423167411776136
MYS,2009,Asia-Pacific,Upper-middle,7191.43287234626,75.269,3.2610569,5.97418022155762,1.01001,0.0,0.0
MYS,2010,Asia-Pacific,Upper-middle,8899.34505544675,75.376,3.16474271,4.96645021438599,1.03608,0.09357974999999999,0.10807101520578956
MYS,2011,Asia-Pacific,Upper-middle,10217.1068585031,75.488,3.31451917,5.76293992996216,1.03342,0.023757475,0.04751494999999999
MYS,2012,Asia-Pacific,Upper-middle,10600.5744240026,75.552,3.45786357,5.73902988433838,1.09269,0.1648595,0.12250792140290358
MYS,2013,Asia-Pacific,Upper-middle,10713.6407638899,75.464,3.51276922,5.48122978210449,1.1777199999999999,0.22439895,0.12260376100012865
MYS,2014,Asia-Pacific,Upper-middle,11013.3107334403,75.345,3.71036959,5.21264982223511,1.26275,0.043889675,0.05070519088333889
MYS,2015,Asia-Pacific,Upper-middle,9648.6797937523,75.288,3.82201481,4.89487981796265,1.27945,0.20170395000000002,0.2301589105111872
MYS,2016,Asia-Pacific,Upper-middle,9476.53409809923,75.371,3.70085335,4.75191020965576,1.41517,0.06510985,0.043414143386573914
MYS,2017,Asia-Pacific,Upper-middle,9862.54806612235,75.542,3.71472311,4.6753101348877,1.227715,0.142960475,0.12093277309230874
MYS,2018,Asia-Pacific,Upper-middle,10901.8019954421,75.734,3.75944281,4.47865009307861,1.04026,0.039375175,0.045522452299671126
MYS,2019,Asia-Pacific,Upper-middle,10920.191763972,75.9,3.83991051,4.15775012969971,0.995405,0.03966995,0.0793399
MYS,2020,Asia-Pacific,Upper-middle,9957.52626697613,76.057,4.08254337,3.91176009178162,0.95055,0.147015825,0.14298873022937564
MYS,2021,Asia-Pacific,Upper-middle,10903.1037480772,73.917,4.37438345,4.26109393398867,0.981325,0.384455825,0.24001914574813088
MYS,2022,Asia-Pacific,Upper-middle,11754.5678336248,75.444,3.90037823,3.49933781956284,1.0121,0.16259052499999999,0.06277755160742174
MYS,2023,Asia-Pacific,Upper-middle,11386.0395636528,76.657,3.95760036,3.51481008529663,1.0121,0.09837005,0.07283071287813038
MYS,2024,Asia-Pacific,Upper-middle,11874.4273684245,76.821,3.95760036,3.51481008529663,1.0121,0.210442725,0.15546147151216974
NGA,1995,Africa,Lower-middle,1271.61617353199,45.87,3.1973834,0.549233086121929,0.13223,0.47317715,0.16599156940327822
NGA,1996,Africa,Lower-middle,1632.72469370276,45.833,3.1973834,0.549233086121929,0.13223,0.186427125,0.12198808964475112
NGA,1997,Africa,Lower-middle,1720.27540949396,45.96,3.1973834,0.549233086121929,0.13223,0.18326525,0.16829526620582647
NGA,1998,Africa,Lower-middle,1822.46998452473,46.148,3.1973834,0.549233086121929,0.13223,0.19698635,0.18394803957039063
NGA,1999,Africa,Lower-middle,480.669363941805,46.609,3.1973834,0.549233086121929,0.13223,0.1326333,0.06488223789548776
NGA,2000,Africa,Lower-middle,547.318298903379,47.143,3.1973834,0.549233086121929,0.13223,0.03001835,0.034691351459549685
NGA,2001,Africa,Lower-middle,566.428231812933,47.549,3.18946862,0.549233086121929,0.13223,0.09583092499999998,0.12095983580107282
NGA,2002,Africa,Lower-middle,712.164852077686,48.02,2.49063969,0.549233086121929,0.13223,0.104389575,0.14221314406032412
NGA,2003,Africa,Lower-middle,763.388745367223,48.618,5.05360985,0.549233086121929,0.13223,0.241468875,0.14720060047917322
NGA,2004,Africa,Lower-middle,962.48104194733,49.148,4.63368416,0.549233086121929,0.13223,0.13979315,0.07264331550897622
NGA,2005,Africa,Lower-middle,1211.37703504386,49.538,4.46591949,0.549233086121929,0.13223,0.1989844,0.1385270453706664
NGA,2006,Africa,Lower-middle,1599.53891556365,49.876,4.25775146,0.549233086121929,0.13223,0.4207098,0.10474921154054892
NGA,2007,Africa,Lower-middle,1815.52697545827,50.381,3.90997243,0.549233086121929,0.13223,0.085313025,0.0990152179780588
NGA,2008,Africa,Lower-middle,2154.10543545364,50.748,3.69581532,0.549233086121929,0.14491416666666665,0.243536375,0.2073111200380461
NGA,2009,Africa,Lower-middle,1820.48633854782,51.08,3.5801971,0.549233086121929,0.15759833333333334,0.236905225,0.11512404105949882
NGA,2010,Africa,Lower-middle,2202.25672957344,51.315,3.29653287,0.549233086121929,0.1702825,0.701916475,0.16497638597270772
NGA,2011,Africa,Lower-middle,2418.41316975875,51.49,3.32077932,0.549233086121929,0.18296666666666667,0.483053925,0.13328704382775727
NGA,2012,Africa,Lower-middle,2633.19734671361,51.688,3.35984254,0.549233086121929,0.19565083333333333,0.484180075,0.10509359735021524
NGA,2013,Africa,Lower-middle,2872.79083379398,51.827,3.4206934,0.534206768008091,0.208335,0.4397126,0.1599427539811249
NGA,2014,Africa,Lower-middle,3088.72131316169,51.94,3.34840417,0.470742539133469,0.22101916666666668,0.305299025,0.23364688964755306
NGA,2015,Africa,Lower-middle,2585.73360671797,51.939,3.58194995,0.436954905120644,0.23370333333333335,0.73168305,0.07173124456086062
NGA,2016,Africa,Lower-middle,2070.4127339595,52.189,3.64773679,0.393045646249364,0.2463875,0.41727925,0.20271812550045115
NGA,2017,Africa,Lower-middle,1876.34027111773,52.397,3.74762511,0.396354013591345,0.2590716666666667,0.37956765000000003,0.14740060554933282
NGA,2018,Africa,Lower-middle,2057.87944554011,52.669,3.09069347,0.419998493796127,0.27175583333333336,0.223177025,0.03692074682987648
NGA,2019,Africa,Lower-middle,3189.81286498516,53.009,2.98547053,0.358479005206684,0.28444,0.349316425,0.12284132901588603
NGA,2020,Africa,Lower-middle,2797.18458068686,53.072,3.38063431,0.35963763718498,0.28444,0.490943125,0.3948469691036548
NGA,2021,Africa,Lower-middle,2787.48779224428,53.455,4.07625723,0.381919104397325,0.28444,0.37758289999999994,0.1613471253093156
NGA,2022,Africa,Lower-middle,2899.16047470324,54.079,4.21020174,0.348516707890877,0.28444,0.14879945,0.1351568079528984
NGA,2023,Africa,Lower-middle,2138.76383719983,54.462,4.19086456,0.319069049792343,0.28444,0.05094844999999999,0.06371324690603987
NGA,2024,Africa,Lower-middle,1084.16041805436,54.635,4.19086456,0.319069049792343,0.28444,0.173706925,0.05140961293755445
NLD,1995,Europe,High,29301.1940492376,77.4046341463415,7.70382404,4.57215023040771,1.83733,0.03349975,0.038682215880470626
NLD,1996,Europe,High,29063.6236532536,77.4356097560976,7.70382404,4.48540019989014,1.83733,0.0848763,0.11509697687831193
NLD,1997,Europe,High,26744.9601318097,77.7943902439024,7.70382404,4.509855031967165,1.84171,0.038080725,0.07616145
NLD,1998,Europe,High,27924.281808994,77.8829268292683,7.70382404,4.53430986404419,1.73966,0.01659365,0.0331873
NLD,1999,Europe,High,28318.7466538357,77.8365853658537,7.70382404,4.4996600151062,1.81986,0.03777005,0.0755401
NLD,2000,Europe,High,26225.1697734149,77.9878048780488,7.70382404,4.58325004577637,1.78907,0.0,0.0
NLD,2001,Europe,High,26955.7128032278,78.190243902439,8.04176903,4.68933010101318,1.79214,0.1664906,0.20470310890172952
NLD,2002,Europe,High,29446.5330872868,78.2926829268293,8.61879349,4.78904008865356,1.73931,0.12372235000000001,0.14714609332518255
NLD,2003,Europe,High,35896.7504630706,78.4926829268293,9.01979256,5.0199499130249,1.77665,0.108007675,0.1686250412884827
NLD,2004,Europe,High,40611.3414353091,79.0951219512195,9.07156658,5.0411901473999,1.78132,0.0920078,0.09240398759317696
NLD,2005,Europe,High,42165.396168388,79.3463414634146,9.05984592,5.08871984481812,1.7667,0.0549775,0.07143886556000173
NLD,2006,Europe,High,45123.5432406426,79.6975609756098,9.03575516,5.01913976669312,1.73208,0.08865635,0.03568448499861904
NLD,2007,Europe,High,52100.7996285947,80.0975609756098,9.00052166,4.85854005813599,1.66063,0.10754705,0.12413369134301667
NLD,2008,Europe,High,58246.7026905874,80.2512195121951,9.21819305,4.99737977981567,1.61247,0.0592271,0.06841319772119996
NLD,2009,Europe,High,53172.0261581418,80.5487804878049,9.90839005,5.38561010360718,1.65161,0.22869014999999998,0.28597880723322255
NLD,2010,Europe,High,51305.7338533973,80.7024390243902,10.09452248,5.45634984970093,1.69388,0.349789575,0.3228586023186453
NLD,2011,Europe,High,54701.7728030611,81.2048780487805,10.14537811,5.41595983505249,1.8651,0.023780075,0.04756015
NLD,2012,Europe,High,50473.9442002689,81.1048780487805,10.45467281,5.36694002151489,1.90094,0.24263815,0.18696645685449392
NLD,2013,Europe,High,52602.2860520766,81.3048780487805,10.50247383,5.48417997360229,2.13953,0.202024125,0.06846960641834084
NLD,2014,Europe,High,53457.2234864322,81.7073170731707,10.45699596,5.40205001831055,2.15067,0.22454639999999998,0.12297824412949362
NLD,2015,Europe,High,45793.8135434697,81.509756097561,10.18857956,5.27802991867065,2.11792,0.222992575,0.17225318765685926
NLD,2016,Europe,High,46808.5291492503,81.5609756097561,9.89148426,5.38952016830444,2.11546,0.407428225,0.2775582888382351
NLD,2017,Europe,High,49513.6817346384,81.7609756097561,9.93712521,5.08747005462646,2.14167,0.372439375,0.07897775798684821
NLD,2018,Europe,High,53955.0770024266,81.8121951219512,9.85083961,5.26723003387451,2.1027,0.1909611,0.07118174057724823
NLD,2019,Europe,High,53554.9007491475,82.1121951219512,9.93616295,5.0559401512146,2.14036,0.309688125,0.06668253652890813
NLD,2020,Europe,High,53467.9277413737,81.3585365853659,10.94954681,5.29139995574951,2.26514,0.385697925,0.16226230490302573
NLD,2021,Europe,High,60141.9880911492,81.309756097561,11.13498974,5.37661981582642,2.21542,0.14936095,0.04835712444817894
NLD,2022,Europe,High,59123.318556487,81.6146341463415,10.03109169,5.17918014526367,2.17529,0.211044425,0.03676169803263309
NLD,2023,Europe,High,63515.6030780019,81.8634146341464,9.83150005,5.17918014526367,2.26719,0.117860775,0.10096300546323472
NLD,2024,Europe,High,67520.4218956281,81.9658536585366,10.00551128,5.17918014526367,2.26719,0.268201325,0.12574884998292896
NOR,1995,Europe,High,34875.7043347536,77.7365853658537,7.70270586,7.69568014144897,1.5935,0.1623589,0.0809995395458929
NOR,1996,Europe,High,37321.9741993473,78.1504878048781,7.70270586,7.13806009292603,1.5935,0.15271247500000001,0.0660067514506092
NOR,1997,Europe,High,36629.0309036621,78.1426829268293,7.70270586,7.30343008041382,1.5935,0.34390175,0.23218363108707016
NOR,1998,Europe,High,34803.4634058738,78.3292682926829,7.70270586,7.35761022567749,1.598935,0.08642775,0.12797806112876015
NOR,1999,Europe,High,36393.2927471088,78.2829268292683,7.70270586,6.96224021911621,1.60437,0.06976394999999999,0.10170368830035943
NOR,2000,Europe,High,38178.2368777076,78.6341463414634,7.70270586,6.45935010910034,1.58228,0.0567096,0.07375251184228689
NOR,2001,Europe,High,38601.897639231,78.7853658536585,8.00972462,6.82014989852905,1.56019,0.12115632500000001,0.09065544518558075
NOR,2002,Europe,High,43170.557174499,78.9878048780488,8.98267078,7.42243003845215,1.62644,0.184927275,0.16756858904296223
NOR,2003,Europe,High,50250.3298214345,79.390243902439,9.19355106,7.39930009841919,1.67572,0.07649162500000001,0.08034982198948856
NOR,2004,Europe,High,57768.6980958462,79.8414634146342,8.79598331,7.27745008468628,1.53976,0.048735025,0.03257779720733893
NOR,2005,Europe,High,67047.1704558264,80.0414634146342,8.29899502,6.84081983566284,1.47715,0.0448481,0.05697083115103728
NOR,2006,Europe,High,74434.4996835671,80.3439024390244,7.8822999,6.35823011398315,1.44972,0.0742313,0.027384619389114517
NOR,2007,Europe,High,85502.2677087731,80.3951219512195,8.01673985,6.50672006607056,1.55795,0.18425597500000002,0.11245139127716103
NOR,2008,Europe,High,97503.5407803783,80.5926829268293,7.91507673,6.2491397857666,1.54556,0.15674495,0.13239622351949218
NOR,2009,Europe,High,80347.5700665184,80.7951219512195,9.03254128,7.07068014144897,1.71678,0.198428975,0.07696442643881544
NOR,2010,Europe,High,88163.2085931423,80.9975609756098,8.8581152,6.71042013168335,1.6412,0.17139797499999998,0.09683574971398304
NOR,2011,Europe,High,101221.813476644,81.2951219512195,8.73474026,6.4148998260498,1.61714,0.381022325,0.17155567382173395
NOR,2012,Europe,High,102175.919298374,81.4512195121951,8.72188568,7.32766008377075,1.61053,0.1834538,0.1552641962491031
NOR,2013,Europe,High,103553.840134417,81.7512195121951,8.87431335,7.43905019760132,1.64216,0.19676310000000002,0.1659827459870654
NOR,2014,Europe,High,97666.6951838749,82.1,9.28297901,7.64402008056641,1.70369,0.361054475,0.13433729894987903
NOR,2015,Europe,High,74809.9658049898,82.3048780487805,10.06992245,7.52335977554321,1.92351,0.2680305,0.10111488124550876
NOR,2016,Europe,High,70867.3609970749,82.4073170731707,10.53049755,7.98443984985352,2.03286,0.584127575,0.5924594048894173
NOR,2017,Europe,High,76131.8384032764,82.609756097561,10.22983646,7.84599018096924,2.08168,0.222917875,0.1688059175734148
NOR,2018,Europe,High,82792.8427113304,82.7585365853659,9.96037865,7.59564018249512,2.03482,0.126023375,0.13832737191431962
NOR,2019,Europe,High,76430.5889473338,82.9585365853659,10.43807507,7.86455011367798,2.13599,0.083578975,0.11369461330424806
NOR,2020,Europe,High,68340.0181033702,83.209756097561,11.42416382,8.37281036376953,2.24436,0.471554725,0.1677193721091549
NOR,2021,Europe,High,93072.8925119571,83.1634146341463,9.8142643,6.9602198600769,1.88764,0.449945125,0.14811765554946232
NOR,2022,Europe,High,109269.520580298,82.509756097561,7.90873051,5.43234014511108,1.55081,0.306235375,0.06998965491848896
NOR,2023,Europe,High,87497.2179649556,83.0121951219512,9.42925453,5.43234014511108,1.85142,0.326479975,0.19909099549066128
NOR,2024,Europe,High,86785.4334489176,83.1609756097561,9.42925453,5.43234014511108,1.85142,0.073527675,0.0061854997854525326
NZL,1995,Asia-Pacific,High,17400.4201848172,76.7341463414634,7.46995974,5.74212980270386,1.05649,0.0346308,0.040117710671805126
NZL,1996,Asia-Pacific,High,18794.436039393,76.7878048780488,7.46995974,6.38371992111206,1.05649,0.275571375,0.13847637887561368
NZL,1997,Asia-Pacific,High,17474.187029724,77.3341463414634,7.46995974,6.15721988677979,1.05649,0.16098222499999998,0.12669798803578466
NZL,1998,Asia-Pacific,High,14738.4455703918,78.0853658536585,7.46995974,6.396714925765995,1.01018,0.053191550000000004,0.06683172231216251
NZL,1999,Asia-Pacific,High,15322.2238340267,77.890243902439,7.46995974,6.6362099647522,0.96387,0.140199425,0.10841243704705886
NZL,2000,Asia-Pacific,High,13641.1027183822,78.6365853658537,7.46995974,5.60442018508911,1.03208,0.134277125,0.11250731178062384
NZL,2001,Asia-Pacific,High,13882.8568268586,78.6926829268293,7.5789361,5.626034003037672,1.10029,0.300484175,0.30524331780776004
NZL,2002,Asia-Pacific,High,16874.1874918196,78.8463414634146,7.90034246,5.647647820986234,1.1246,0.2119352,0.2025114191248319
NZL,2003,Asia-Pacific,High,21913.7081719961,79.1463414634146,7.72179937,5.669261638934795,1.14891,0.12881695,0.059683902458451905
NZL,2004,Asia-Pacific,High,25420.234882944,79.5487804878049,7.90095711,5.690875456883356,1.13467,0.0188608,0.0377216
NZL,2005,Asia-Pacific,High,27751.0654708859,79.8512195121951,8.27324677,5.712489274831918,1.12043,0.07479179999999999,0.08636570434645918
NZL,2006,Asia-Pacific,High,26654.5932018985,80.0487804878049,8.63846684,5.7341030927804795,1.139035,0.09010705000000001,0.08946262251899767
NZL,2007,Asia-Pacific,High,32479.9817381467,80.1512195121951,8.32899952,5.755716910729041,1.15764,0.070793225,0.09664494568389234
NZL,2008,Asia-Pacific,High,31324.7397977102,80.3512195121951,8.65133667,5.777330728677603,1.2034,0.156618025,0.06051125363816635
NZL,2009,Asia-Pacific,High,28276.7255416225,80.7024390243902,9.13566399,5.798944546626164,1.24916,0.028891725,0.05778345
NZL,2010,Asia-Pacific,High,33761.9009639947,80.9048780487805,9.09511089,5.820558364574725,1.239995,0.141374475,0.14241106896119124
NZL,2011,Asia-Pacific,High,38431.7766788499,81.1560975609756,9.10748196,5.842172182523287,1.23083,0.11400450000000001,0.09281711635644939
NZL,2012,Asia-Pacific,High,40053.6991536369,81.4073170731707,9.20243168,5.8637860004718485,1.1917900000000001,0.1499245,0.10095259864117746
NZL,2013,Asia-Pacific,High,43000.4646849189,81.4048780487805,8.9393549,5.88539981842041,1.15275,0.08928675,0.10338026245134997
NZL,2014,Asia-Pacific,High,44618.266973847,81.4568292682927,8.97204113,5.8033299446106,1.18991,0.09254319999999999,0.07499092978171872
NZL,2015,Asia-Pacific,High,38665.3723018158,81.6124390243903,8.88920593,5.70350980758667,1.22707,0.13983335,0.10881389520866962
NZL,2016,Asia-Pacific,High,40113.7195382428,81.6585365853659,8.76869011,5.49972009658813,1.2874750000000001,0.2701679,0.30096482276867503
NZL,2017,Asia-Pacific,High,42950.3841711138,81.8585365853659,8.61795807,5.27543020248413,1.34788,0.35079265,0.10668653456259916
NZL,2018,Asia-Pacific,High,43257.0769238879,81.7073170731707,8.56966972,5.1896800994873,1.40604,0.370549825,0.19580192825758683
NZL,2019,Asia-Pacific,High,42855.831861632,82.0560975609756,8.61898708,5.1741099357605,1.4642,0.30530257499999996,0.2334298351820146
NZL,2020,Asia-Pacific,High,41997.7830324279,82.2560975609756,9.25240231,5.64268016815185,1.47512,0.12100587500000001,0.11699929408480421
NZL,2021,Asia-Pacific,High,49950.4251691316,82.2073170731707,9.55072403,5.5409197807312,1.48604,0.121079775,0.17965433657406985
NZL,2022,Asia-Pacific,High,49099.7090423358,81.9585365853658,10.56814575,5.16741991043091,1.51726,0.207129875,0.08415518243666974
NZL,2023,Asia-Pacific,High,49075.9562832927,81.7585365853659,10.12947655,5.21326017379761,1.54848,0.18276125,0.196913251671398
NZL,2024,Asia-Pacific,High,49205.1792146792,82.009756097561,10.06186676,5.21326017379761,1.54848,0.1014167,0.08531335530950983
PAK,1995,Asia-Pacific,Lower-middle,450.550279346206,60.273,2.48079324,2.79531002044678,0.15565,0.016992925,0.03398585
PAK,1996,Asia-Pacific,Lower-middle,456.996961832943,60.466,2.48079324,2.81057000160217,0.15565,0.067927525,0.09467118175401901
PAK,1997,Asia-Pacific,Lower-middle,438.030942680153,60.623,2.48079324,3.02230000495911,0.15565,0.308881925,0.21509700299222176
PAK,1998,Asia-Pacific,Lower-middle,424.453697798497,61.134,2.48079324,2.8168900012969997,0.10919,0.210651425,0.09554302034648667
PAK,1999,Asia-Pacific,Lower-middle,418.249257055367,61.54,2.48079324,2.61147999763489,0.1159,0.157278125,0.10841318800224062
PAK,2000,Asia-Pacific,Lower-middle,642.338346499898,61.903,2.48079324,1.83782005310059,0.09536,0.042764275,0.08552855
PAK,2001,Asia-Pacific,Lower-middle,609.939506905073,62.241,2.33959723,1.739210039377215,0.12408,0.11538837500000002,0.13944565886610635
PAK,2002,Asia-Pacific,Lower-middle,599.937345723927,62.556,2.42219901,1.64060002565384,0.16228,0.241165825,0.23610189721567787
PAK,2003,Asia-Pacific,Lower-middle,672.44178669894,62.834,2.10399199,1.541990011930465,0.21800666666666665,0.06782555,0.07833833812706266
PAK,2004,Asia-Pacific,Lower-middle,771.902247348954,63.097,2.03666282,1.44337999820709,0.27373333333333333,0.0,0.0
PAK,2005,Asia-Pacific,Lower-middle,827.619861189926,62.416,2.37323904,1.67058002948761,0.32946,0.0611247,0.1222494
PAK,2006,Asia-Pacific,Lower-middle,900.873564984808,63.624,2.73132491,1.98055994510651,0.42644499999999996,0.01740705,0.0348141
PAK,2007,Asia-Pacific,Lower-middle,998.090114197524,63.807,2.62370729,2.23465991020203,0.52343,0.1019632,0.08932461359890305
PAK,2008,Asia-Pacific,Lower-middle,1067.04324565284,64.002,2.56806731,2.27265000343323,0.46280499999999997,0.057992249999999995,0.06696491531847105
PAK,2009,Asia-Pacific,Lower-middle,963.788066395225,64.206,2.49995875,2.17916989326477,0.40218,0.0,0.0
PAK,2010,Asia-Pacific,Lower-middle,987.304571124485,64.378,2.42967653,2.05268001556396,0.353545,0.1011155,0.08459818550627037
PAK,2011,Asia-Pacific,Lower-middle,1131.73513834324,64.659,2.23121333,2.00100994110107,0.30491,0.1585945,0.1401538923367929
PAK,2012,Asia-Pacific,Lower-middle,1204.36475491585,64.883,2.22185278,1.97880005836487,0.28335,0.14107572499999999,0.04914238972722531
PAK,2013,Asia-Pacific,Lower-middle,1225.4340119198,65.129,2.4164784,2.23698997497559,0.26179,0.044183125000000004,0.05111251907738292
PAK,2014,Asia-Pacific,Lower-middle,1266.61340849959,65.374,2.48899078,2.2043399810791,0.24186000000000002,0.1922897,0.23650620133979575
PAK,2015,Asia-Pacific,Lower-middle,1380.47020838317,65.641,2.49493265,2.38609004020691,0.22193,0.0,0.0
PAK,2016,Asia-Pacific,Lower-middle,1424.69161195897,65.943,2.57026362,2.66805005073547,0.21703499999999998,0.13427187499999998,0.07200340196085066
PAK,2017,Asia-Pacific,Lower-middle,1519.23459514248,66.223,2.7863009,2.57617998123169,0.21214,0.041206525,0.08241305
PAK,2018,Asia-Pacific,Lower-middle,1569.33814626355,66.481,2.82844949,2.33216949688293,0.19344499999999998,0.0555885,0.111177
PAK,2019,Asia-Pacific,Lower-middle,1390.41690981745,66.729,2.84736943,2.21492004394531,0.17475,0.025990225,0.05198045
PAK,2020,Asia-Pacific,Lower-middle,1278.39735206896,65.701,2.95273018,2.05718240718423,0.16953000000000001,0.09574487500000001,0.05068612050166363
PAK,2021,Asia-Pacific,Lower-middle,1455.31922370186,65.773,2.99015832,1.68746129213991,0.16431,0.072447875,0.0897387138999802
PAK,2022,Asia-Pacific,Lower-middle,1538.3228133171,67.417,2.90354776,1.97300945756988,0.16415000000000002,0.19915265000000001,0.14809420888543662
PAK,2023,Asia-Pacific,Lower-middle,1360.32417758419,67.649,2.51988316,1.94658005237579,0.16399,0.28152195,0.049689606546339235
PAK,2024,Asia-Pacific,Lower-middle,1478.77277977996,67.799,2.51988316,1.94658005237579,0.16399,0.192577,0.04232781130123945
PER,1995,Latin America,Upper-middle,2189.53431515311,67.22,4.41482639,3.11879992485046,0.0836,0.045689350000000004,0.05841188548628895
PER,1996,Latin America,Upper-middle,2226.91682429265,67.85,4.41482639,3.11879992485046,0.0836,0.023843575,0.04768714999999999
PER,1997,Latin America,Upper-middle,2300.67200774461,68.324,4.41482639,3.1984899044036847,0.0836,0.159430925,0.1408831585244637
PER,1998,Latin America,Upper-middle,2156.39377651613,68.724,4.41482639,3.27817988395691,0.10072,0.2690751,0.26718924166406854
PER,1999,Latin America,Upper-middle,1916.53397367908,69.302,4.41482639,3.44133996963501,0.09849,0.278347775,0.163829198890824
PER,2000,Latin America,Upper-middle,1945.41338451698,69.821,4.41482639,3.22802996635437,0.11266,0.5270095,0.3125130382015551
PER,2001,Latin America,Upper-middle,1929.57273038846,70.315,4.72161007,3.03712010383606,0.11096,0.48632664999999997,0.2987883149205415
PER,2002,Latin America,Upper-middle,2007.37019626753,70.815,4.93902588,2.82056999206543,0.10614,0.137571275,0.23202893961181328
PER,2003,Latin America,Upper-middle,2129.44114197634,71.278,4.58703804,2.93779993057251,0.10813,0.1757117,0.1407886027556208
PER,2004,Latin America,Upper-middle,2397.25147277714,71.447,4.42972279,2.95787000656128,0.15578,0.288377625,0.19601899879903434
PER,2005,Latin America,Upper-middle,2706.66947297608,71.988,4.66598511,2.83903002738953,0.14535714285714285,0.250206725,0.05594434758819846
PER,2006,Latin America,Upper-middle,3129.55996496982,72.337,4.409585,2.65281009674072,0.13493428571428573,0.27160225,0.22538758201664527
PER,2007,Latin America,Upper-middle,3581.0893081917,72.746,4.42611313,2.62940001487732,0.12451142857142858,0.0,0.0
PER,2008,Latin America,Upper-middle,4197.58444634142,72.743,4.53098345,2.8677499294281,0.11408857142857143,0.027780875,0.05556175
PER,2009,Latin America,Upper-middle,4181.18755462253,72.631,4.95976877,3.13994002342224,0.10366571428571429,0.054722525,0.06331906097142076
PER,2010,Latin America,Upper-middle,5072.11494019615,72.886,4.70582962,2.86730003356934,0.09324285714285716,0.22398225,0.09138223991223167
PER,2011,Latin America,Upper-middle,5861.35793645245,73.327,4.52216864,2.6635000705719,0.08282,0.5584537749999999,0.641838823236968
PER,2012,Latin America,Upper-middle,6519.37852981527,73.979,4.72939587,2.92276000976562,0.0553,0.276456525,0.15417055756878215
PER,2013,Latin America,Upper-middle,6746.80025696601,74.591,4.71272659,3.29729008674622,0.08174,0.379358875,0.09818822655028028
PER,2014,Latin America,Upper-middle,6667.13410360861,75.26,4.90967321,3.69599008560181,0.10805,0.12426569999999999,0.12706513218275106
PER,2015,Latin America,Upper-middle,6231.71150338894,75.732,4.90453625,3.96933007240295,0.11702,0.20950844999999998,0.11426848033949112
PER,2016,Latin America,Upper-middle,6217.03599995447,75.951,4.89353323,3.81316995620727,0.12008,0.170202775,0.20722491217290734
PER,2017,Latin America,Upper-middle,6736.16693725487,75.958,4.80915499,3.93130993843079,0.12085,0.179701375,0.1471276311543003
PER,2018,Latin America,Upper-middle,6978.49121548627,76.018,5.0835557,3.71392011642456,0.12683,0.39176849999999996,0.18195094198917097
PER,2019,Latin America,Upper-middle,7037.00803692604,76.275,5.12525272,3.822429895401,0.15696,0.375352925,0.08129511656897047
PER,2020,Latin America,Upper-middle,6133.32552410183,73.832,6.34739399,4.25937986373901,0.17229,0.33977005,0.2235477063920585
PER,2021,Latin America,Upper-middle,6826.20255614477,71.596,6.67309427,3.92765998840332,0.13754,0.750809775,0.06593460130055002
PER,2022,Latin America,Upper-middle,7350.63034300417,76.834,6.0974617,3.83975005149841,0.16206,0.757123525,0.1576307112610225
PER,2023,Latin America,Upper-middle,7887.54185920108,77.74,5.63786411,4.24538993835449,0.17611,0.24526494999999998,0.1633533072286876
PER,2024,Latin America,Upper-middle,8452.37167056621,77.941,5.63786411,4.35778999328613,0.17611,0.289398475,0.058994835192434446
POL,1995,Europe,Upper-middle,3700.95956775144,71.8926829268293,5.26548243,4.31374979019165,0.6369,0.04489405,0.0897881
POL,1996,Europe,Upper-middle,4163.51195431959,72.2463414634146,5.26548243,6.23327016830444,0.6369,0.07206850000000001,0.006466197231242906
POL,1997,Europe,Upper-middle,4137.00831823145,72.6463414634146,5.26548243,5.579230070114135,0.641,0.052300025,0.03597918015161685
POL,1998,Europe,Upper-middle,4533.5356551781,72.9975609756098,5.26548243,4.92518997192383,0.65746,0.187694625,0.09146797598658504
POL,1999,Europe,Upper-middle,4415.50067547826,73.0439024390244,5.26548243,4.57368993759155,0.67786,0.0,0.0
POL,2000,Europe,Upper-middle,4520.64100449111,73.7487804878049,5.26548243,4.96281003952026,0.63806,0.114522325,0.08755613495003743
POL,2001,Europe,Upper-middle,5015.23790036613,74.2,5.64010143,5.29358005523682,0.61861,0.0,0.0
POL,2002,Europe,Upper-middle,5223.45178967082,74.4975609756098,6.04828405,5.37052011489868,0.55501,0.098251825,0.11558282203875496
POL,2003,Europe,Upper-middle,5720.81366178104,74.5975609756098,5.93375778,5.30664014816284,0.53626,0.2951515,0.10217215551329693
POL,2004,Europe,Upper-middle,6711.72715262967,74.8463414634146,5.84185648,5.33129978179932,0.54999,0.32840132499999997,0.15936476665711222
POL,2005,Europe,Upper-middle,8043.92332253757,74.9951219512195,5.79073858,5.41065979003906,0.56121,0.22440822500000002,0.08121631535228928
POL,2006,Europe,Upper-middle,9068.85528307627,75.1439024390244,5.78148365,5.18848991394043,0.54899,0.179976475,0.08160961343683211
POL,2007,Europe,Upper-middle,11272.5293683383,75.2439024390244,5.86390114,4.86086988449097,0.56103,0.06683777499999999,0.07721321059777161
POL,2008,Europe,Upper-middle,14048.5604672654,75.5439024390244,6.35196781,5.02344989776611,0.59719,0.171127875,0.16946035829588335
POL,2009,Europe,Upper-middle,11556.3026866026,75.6951219512195,6.57037735,4.97665977478027,0.65932,0.31911595,0.08517499540305241
POL,2010,Europe,Upper-middle,12567.7317676382,76.2463414634146,6.43533468,5.08126020431519,0.72252,0.265363425,0.16468364145191378
POL,2011,Europe,Upper-middle,13867.6669408192,76.6951219512195,6.24533606,4.82901000976562,0.74726,0.256697,0.12002482457950106
POL,2012,Europe,Upper-middle,13087.420943321,76.7463414634146,6.22854042,4.83311986923218,0.88476,0.1388599,0.08349708920343671
POL,2013,Europe,Upper-middle,13621.9023794031,77.0,6.44993687,4.99779987335205,0.8807,0.06080195,0.041058762217298594
POL,2014,Europe,Upper-middle,14262.2841914116,77.6024390243903,6.39059496,4.93858003616333,0.9454,0.194662725,0.1881161160237009
POL,2015,Europe,Upper-middle,12637.5220324406,77.4512195121951,6.36490345,4.78748989105225,0.99807,0.46853455,0.2247784627338586
POL,2016,Europe,Upper-middle,12464.0110508476,77.8512195121951,6.5470438,4.62726020812988,0.9616,0.41922975,0.3478499621276823
POL,2017,Europe,Upper-middle,13913.3402919927,77.7536585365854,6.53713226,4.54246997833252,1.03055,0.33074892499999997,0.23048083422826254
POL,2018,Europe,Upper-middle,15658.2120316794,77.6024390243903,6.25094128,4.55985021591187,1.19426,0.15396265,0.06522073387630142
POL,2019,Europe,Upper-middle,15874.5220531254,77.9048780487805,6.38906956,4.62736988067627,1.3088,0.24007737499999998,0.11903691631513239
POL,2020,Europe,Upper-middle,16150.9304813473,76.4,6.42739105,4.80081987380981,1.37128,0.3360337,0.14454971744213127
POL,2021,Europe,Upper-middle,18635.5104895754,75.3512195121951,6.3654809,4.61998987197876,1.41558,0.24653277499999998,0.13873704551554533
POL,2022,Europe,Upper-middle,18891.2121169279,77.1560975609756,6.46619797,4.31372976303101,1.44162,0.2056471,0.04140062921486419
POL,2023,Europe,Upper-middle,22145.2660647429,78.2585365853659,7.13848782,4.31372976303101,1.55525,0.17247542500000002,0.024913964220676856
POL,2024,Europe,Upper-middle,25103.565661423,78.409756097561,8.06380177,4.31372976303101,1.55525,0.0343971,0.03978618227860858
PRT,1995,Europe,High,11781.3618502221,75.3121951219512,8.60104179,4.61330986022949,0.5495,0.18489307500000002,0.07835424939777781
PRT,1996,Europe,High,12185.0914010629,75.2609756097561,8.60104179,5.065110206604,0.5495,0.043576475,0.050591451014795966
PRT,1997,Europe,High,11575.5071124358,75.4121951219512,8.60104179,5.059030214945474,0.56374,0.233912875,0.18647014418516394
PRT,1998,Europe,High,12199.206385024,75.7121951219512,8.60104179,5.052950223286946,0.62486,0.079249725,0.0649799880223327
PRT,1999,Europe,High,12475.2917701476,75.9634146341463,8.60104179,5.04687023162842,0.68121,0.035080875,0.04052414247543267
PRT,2000,Europe,High,11526.3720667968,76.3146341463415,8.60104179,5.16386985778809,0.72156,0.036614825000000004,0.04228943815630368
PRT,2001,Europe,High,11734.7649743954,76.8146341463415,8.62751579,5.33713006973267,0.76482,0.26277275,0.13167897145478472
PRT,2002,Europe,High,12936.6928204482,77.0658536585366,8.78642941,5.25872993469238,0.72184,0.25054675000000004,0.2905792304410107
PRT,2003,Europe,High,15797.7821340276,77.219512195122,9.12415695,5.28152990341187,0.69802,0.1282849,0.04265890376158299
PRT,2004,Europe,High,18064.1580932987,77.6707317073171,9.5325079,5.04640007019043,0.7293,0.192088675,0.0738453490027808
PRT,2005,Europe,High,18780.12751241,78.0707317073171,9.65306759,5.07393980026245,0.75755,0.236287225,0.10379075857491278
PRT,2006,Europe,High,19839.4540499032,78.419512195122,9.35422611,4.90769004821777,0.95448,0.06109275,0.08714748685825656
PRT,2007,Europe,High,22811.0564844365,78.3219512195122,9.25186634,4.92149019241333,1.12417,0.10401887500000001,0.07491726954698653
PRT,2008,Europe,High,24949.0413566739,78.5243902439025,9.58307838,4.69608020782471,1.44335,0.118052975,0.09408579548785512
PRT,2009,Europe,High,23151.2154130712,78.7268292682927,10.13070393,5.56315994262695,1.58002,0.02803005,0.0560601
PRT,2010,Europe,High,22551.935098809,79.0268292682927,10.01858425,5.40499019622803,1.53317,0.100796475,0.009870413646305134
PRT,2011,Europe,High,23246.5425416481,80.4707317073171,9.71847439,5.11688995361328,1.45558,0.17201765,0.1228675483886205
PRT,2012,Europe,High,20593.4274224109,80.3731707317073,9.64000225,4.94226980209351,1.37661,0.29949380000000003,0.12472937053297967
PRT,2013,Europe,High,21676.4859642714,80.7219512195122,9.39476109,5.26528978347778,1.32325,0.314005625,0.08915860264720675
PRT,2014,Europe,High,22120.6850127107,81.1219512195122,9.33570766,5.12005996704102,1.28892,0.240701,0.1103321491700402
PRT,2015,Europe,High,19215.7813014347,81.1243902439025,9.33309937,4.89425992965698,1.24552,0.329493925,0.18602942219993723
PRT,2016,Europe,High,19980.2808866516,81.1243902439025,9.39989281,4.960555076599119,1.2815,0.27842485,0.1624900777043837
PRT,2017,Europe,High,21442.3842768879,81.4243902439025,9.32668972,5.02685022354126,1.32224,0.1741177,0.17696344902660924
PRT,2018,Europe,High,23541.1401075289,81.3243902439024,9.42121029,4.6793999671936,1.35078,0.11234982500000001,0.07524105355058833
PRT,2019,Europe,High,23343.3628970034,81.6756097560976,9.50868607,4.6275200843811,1.39487,0.375298275,0.08595322599151917
PRT,2020,Europe,High,22299.4044062173,81.3292682926829,10.52074051,4.86407995223999,1.60979,0.4080015,0.07862890804562064
PRT,2021,Europe,High,24711.4510062111,81.3780487804878,11.22031498,4.77341985702515,1.66711,0.176021325,0.07563982362756516
PRT,2022,Europe,High,24620.5197587181,81.6317073170732,10.5492239,4.55160999298096,1.69051,0.35461855,0.04521559620061053
PRT,2023,Europe,High,27634.6183139773,82.3292682926829,10.02761173,4.55160999298096,1.69491,0.12404752499999999,0.16896671007760425
PRT,2024,Europe,High,29292.242104753,82.3829268292683,10.24061108,4.55160999298096,1.69491,0.396865275,0.12894558283806842
QAT,1995,Middle East,High,15822.5090711554,74.404,1.97258496,3.57767009735107,0.4786,0.097572975,0.11286778289575153
QAT,1996,Middle East,High,17124.7920861356,74.558,1.97258496,3.57767009735107,0.4786,0.212018725,0.09687631344318641
QAT,1997,Middle East,High,20522.8012995179,74.713,1.97258496,3.57767009735107,0.4786,0.0225144,0.04502880000000001
QAT,1998,Middle East,High,17665.4408438222,74.872,1.97258496,3.57767009735107,0.4786,0.07962985,0.09576699964773878
QAT,1999,Middle East,High,20233.6846826643,75.048,1.97258496,4.34530019760132,0.4786,0.0,0.0
QAT,2000,Middle East,High,27535.182940934,75.25,1.97258496,3.72598004341125,0.4786,0.121936025,0.09030354604452603
QAT,2001,Middle East,High,25870.7991864314,75.486,2.3197093,3.20019006729126,0.4786,0.06282607500000001,0.043263140038942695
QAT,2002,Middle East,High,27226.6593510117,75.766,2.46044064,3.84656000137329,0.4786,0.03735525,0.0747105
QAT,2003,Middle East,High,31602.470865136,76.097,3.50257182,3.37393999099731,0.4786,0.074588325,0.07714975696221711
QAT,2004,Middle East,High,41035.5008380177,76.484,3.18311739,3.46258997917175,0.4786,0.092660775,0.10327512548141735
QAT,2005,Middle East,High,53949.6764091147,76.909,2.56300044,3.97187995910644,0.4786,0.016840675,0.03368135
QAT,2006,Middle East,High,62582.4453138755,77.323,2.288064,4.057103315989173,0.4786,0.1110564,0.1110148437595922
QAT,2007,Middle East,High,65954.3419525051,77.741,2.07008052,4.142326672871906,0.4786,0.037938575,0.04565003389545109
QAT,2008,Middle East,High,80781.4039187792,78.262,1.63775349,4.22755002975464,0.4786,0.0,0.0
QAT,2009,Middle East,High,60785.7351551657,78.837,2.38356304,3.41315007209778,0.4786,0.0,0.0
QAT,2010,Middle East,High,76462.6119486736,79.444,1.87017763,4.53965997695923,0.4786,0.0278769,0.0557538
QAT,2011,Middle East,High,103261.510293068,79.994,1.599962,4.01223993301392,0.4786,0.0,0.0
QAT,2012,Middle East,High,108470.387023229,80.499,1.74822152,3.50744009017944,0.4786,0.029036,0.05807199999999999
QAT,2013,Middle East,High,103697.062789144,80.974,2.07620168,4.07384014129639,0.49201,0.0865822,0.11655657136598234
QAT,2014,Middle East,High,95840.6898934238,81.395,2.42293572,3.60535001754761,0.50542,0.024059275,0.04811855
QAT,2015,Middle East,High,68985.2433380102,81.785,3.63581347,3.3927199840545668,0.51883,0.02353605,0.0470721
QAT,2016,Middle East,High,61253.6217997091,82.147,3.54971433,3.1800899505615234,0.5229833333333334,0.10060595,0.11730106971065239
QAT,2017,Middle East,High,63279.8767486216,82.458,3.21237087,2.96745991706848,0.5271366666666667,0.159645675,0.11512835848864157
QAT,2018,Middle East,High,71039.9308240078,82.714,2.96176219,2.88561999797821,0.53129,0.10079540000000001,0.04782880240852089
QAT,2019,Middle East,High,66841.3623185691,82.945,3.18468714,2.80378007888794,0.5810533333333333,0.087770525,0.10245256635332517
QAT,2020,Middle East,High,51683.5681078949,80.409,3.81872201,3.23368000984192,0.6308166666666667,0.12856695,0.05179354365262785
QAT,2021,Middle East,High,71751.9363398856,81.083,2.8927927,3.23368000984192,0.68058,0.153602925,0.1519515072591554
QAT,2022,Middle East,High,88701.4689763536,81.857,2.18613315,3.23368000984192,0.68058,0.080667225,0.06004031549586078
QAT,2023,Middle East,High,81816.9797967481,82.368,2.52358818,3.23368000984192,0.68058,0.027100275,0.05420055000000001
QAT,2024,Middle East,High,76688.6941743178,82.522,2.52358818,3.23368000984192,0.68058,0.0,0.0
ROU,1995,Europe,Upper-middle,1650.04922365201,69.4560975609756,4.20876169,3.24121999740601,0.67472,0.09097655,0.14551117214712417
ROU,1996,Europe,Upper-middle,1633.01064354117,69.1048780487805,4.20876169,3.24121999740601,0.67472,0.107583025,0.098817482946436
ROU,1997,Europe,Upper-middle,1577.33656023974,69.0048780487805,4.20876169,3.1480724811553973,0.57451,0.01755125,0.0351025
ROU,1998,Europe,Upper-middle,1852.5549693339,69.8073170731708,4.20876169,3.054924964904785,0.49541,0.09307735,0.1082823513963533
ROU,1999,Europe,Upper-middle,1599.90622808339,70.5121951219512,4.20876169,2.9617774486541726,0.39832,0.033322275,0.03854889548330146
ROU,2000,Europe,Upper-middle,1659.92904910528,71.1634146341463,4.20876169,2.86862993240356,0.36626,0.21655237500000002,0.11418190521436616
ROU,2001,Europe,Upper-middle,1825.19299373184,71.1609756097561,4.37598133,3.26629996299744,0.39129,0.106780875,0.09529394307598552
ROU,2002,Europe,Upper-middle,2119.85509684554,71.009756097561,4.57694626,3.50411009788513,0.37721,0.13013045,0.12297213174879638
ROU,2003,Europe,Upper-middle,2679.40626016154,71.309756097561,5.37136793,3.54397010803223,0.39708,0.07035525000000001,0.05466914402363244
ROU,2004,Europe,Upper-middle,3494.99056448955,71.5609756097561,5.47733593,3.31273007392883,0.38942,0.1464062,0.15492167728313555
ROU,2005,Europe,Upper-middle,4618.00350802913,71.9121951219512,5.52778196,3.50038003921509,0.41262,0.169455075,0.11514493107735643
ROU,2006,Europe,Upper-middle,5757.53127301178,72.1634146341463,5.07106066,4.30650997161865,0.45682,0.070279075,0.07141915979354443
ROU,2007,Europe,Upper-middle,8360.33775916596,72.5658536585366,5.02223349,4.14953994750977,0.51148,0.113789925,0.08109254695981108
ROU,2008,Europe,Upper-middle,10435.1561230787,72.5658536585366,5.02277184,4.09722995758057,0.55215,0.1544644,0.12710992326557358
ROU,2009,Europe,Upper-middle,8548.4543409242,73.309756097561,5.27816248,4.00193023681641,0.44393,0.188247625,0.0519008933553412
ROU,2010,Europe,Upper-middle,8399.5374234284,73.4585365853659,5.63882685,3.41647005081177,0.44657,0.10730894999999999,0.13015707293841802
ROU,2011,Europe,Upper-middle,9560.6755277458,74.409756097561,4.47503996,2.91359996795654,0.47457,0.087975475,0.0023007744498682735
ROU,2012,Europe,Upper-middle,8929.95366231474,74.4121951219512,4.50939083,2.8234601020813,0.46244,0.22279149999999998,0.21623577808619
ROU,2013,Europe,Upper-middle,9497.67411615237,75.0634146341463,5.2240696,3.06785011291504,0.39022,0.371989375,0.10483721603633496
ROU,2014,Europe,Upper-middle,10031.7710755404,74.909756097561,5.0276823,3.12494993209839,0.38207,0.22425694999999998,0.07354734606634922
ROU,2015,Europe,Upper-middle,8977.01748158196,74.9121951219512,4.94292021,3.10693001747131,0.48796,0.1482486,0.12938864739677383
ROU,2016,Europe,Upper-middle,9404.54005870715,75.209756097561,5.08012772,3.0255401134491,0.48863,0.1443487,0.07537177530198778
ROU,2017,Europe,Upper-middle,10727.9822007426,75.209756097561,5.18878555,3.11819005012512,0.50693,0.20045307499999998,0.28475617186265834
ROU,2018,Europe,Upper-middle,12416.134317959,75.3585365853659,5.51454878,3.31710004806519,0.49698,0.134971875,0.09940554306923315
ROU,2019,Europe,Upper-middle,12909.6104013244,75.6073170731707,5.69924641,3.55761003494263,0.47491,0.441303575,0.13576595458809187
ROU,2020,Europe,Upper-middle,13009.1770573223,74.2536585365854,6.20959711,3.57968997955322,0.46414,0.3381379,0.11667388085159991
ROU,2021,Europe,Upper-middle,14907.9803652143,72.809756097561,6.45246983,3.31562995910644,0.47108,0.39964152500000005,0.18617789834777876
ROU,2022,Europe,Upper-middle,15503.551804598,75.1536585365854,5.79823256,3.2788200378418,0.46274,0.26123095,0.08295469187978462
ROU,2023,Europe,Upper-middle,18244.4186876321,76.4048780487805,5.70901489,3.2788200378418,0.51656,0.133455125,0.06125525467170823
ROU,2024,Europe,Upper-middle,20080.2096215595,76.4585365853659,5.70901489,3.2788200378418,0.51656,0.274421,0.05987811740689025
RUS,1995,Europe,Upper-middle,2665.77978515625,64.6907317073171,5.01989794,2.93979001045227,0.96591,0.18718832500000002,0.09685028714802983
RUS,1996,Europe,Upper-middle,2643.92919921875,65.8541463414634,5.01989794,2.93979001045227,0.96591,0.213315475,0.11298815133323714
RUS,1997,Europe,Upper-middle,2737.57202148438,66.6987804878049,5.01989794,2.93979001045227,1.04374,0.17210595,0.1384182052661306
RUS,1998,Europe,Upper-middle,1834.86181640625,67.029756097561,5.01989794,2.93979001045227,0.95383,0.26998397500000004,0.0996572679103528
RUS,1999,Europe,Upper-middle,1330.75720214844,65.9821951219512,5.01989794,2.93979001045227,0.99623,0.139594575,0.08151316096281119
RUS,2000,Europe,Upper-middle,1771.59411621094,65.4836585365854,5.01989794,2.93979001045227,1.04983,0.1094724,0.10345421110697557
RUS,2001,Europe,Upper-middle,2100.3525390625,65.3834146341463,5.24284792,3.10601997375488,1.17694,0.11514365,0.08863940033433214
RUS,2002,Europe,Upper-middle,2377.52954101563,65.1287804878049,5.52166557,3.83502006530762,1.24652,0.09007942499999999,0.1068729318496932
RUS,2003,Europe,Upper-middle,2975.123046875,65.0275609756098,5.16368914,3.67855000495911,1.28604,0.32827007500000005,0.24774630298773212
RUS,2004,Europe,Upper-middle,4102.36474609375,65.4709756097561,4.7603755,3.54785990715027,1.15133,0.478633625,0.15340638734279993
RUS,2005,Europe,Upper-middle,5323.455078125,65.529756097561,4.77177477,3.77192997932434,1.06797,0.3858752,0.2433873882321897
RUS,2006,Europe,Upper-middle,6920.19970703125,66.7275609756098,4.76654387,3.86626005172729,1.07294,0.181719425,0.15239804626950604
RUS,2007,Europe,Upper-middle,9101.2392578125,67.5868292682927,4.74792528,3.98400497436523,1.11611,0.2148757,0.2099620878866627
RUS,2008,Europe,Upper-middle,11635.2841796875,67.9492682926829,4.90364122,4.10174989700317,1.04435,0.24602854999999998,0.10366536815518478
RUS,2009,Europe,Upper-middle,8562.82421875,68.6846341463415,5.64392471,4.095746101135705,1.25192,0.0417538,0.048335618652432015
RUS,2010,Europe,Upper-middle,10674.990234375,68.8412195121951,4.97111797,4.08974230526824,1.1302,0.16683985,0.15051575263283906
RUS,2011,Europe,Upper-middle,14305.33203125,69.6839024390244,4.79491472,3.71261270253186,1.01545,0.26072164999999997,0.20012240565161613
RUS,2012,Europe,Upper-middle,15401.8515625,70.0721951219512,4.93637276,3.79310011863708,1.02766,0.162395125,0.06695391782792974
RUS,2013,Europe,Upper-middle,15941.4482421875,70.5787804878049,5.08104849,3.76382994651794,1.02732,0.1896336,0.12451587285308915
RUS,2014,Europe,Upper-middle,14055.47265625,70.7436585365854,5.1820941,4.01387977600098,1.07241,0.246648975,0.14378372935077124
RUS,2015,Europe,Upper-middle,9277.7138671875,71.1834146341463,5.29604626,3.83402991294861,1.10085,0.2904617,0.09100563123730311
RUS,2016,Europe,Upper-middle,8663.158203125,71.6512195121951,5.28970337,3.76044011116028,1.10238,0.376323825,0.27431657612601995
RUS,2017,Europe,Upper-middle,10658.9130859375,72.4514634146342,5.35890055,4.68990993499756,1.10967,0.27046025,0.09912525226135199
RUS,2018,Europe,Upper-middle,11211.8876953125,72.6621951219512,5.35520792,4.67819023132324,0.99001,0.300319825,0.09289676933497651
RUS,2019,Europe,Upper-middle,11447.701171875,73.0839024390244,5.64849091,3.69561429198336,1.03531,0.34603422500000003,0.07341104833553665
RUS,2020,Europe,Upper-middle,10108.3271484375,71.3387804878049,8.04076004,4.01641864383637,1.09099,0.15829025,0.15538330515789012
RUS,2021,Europe,Upper-middle,12425.029296875,69.900243902439,7.0299139,3.99480697864774,0.96602,0.12889815,0.05109405154552402
RUS,2022,Europe,Upper-middle,15619.6142578125,72.5456097560976,6.8788662,4.05402755323777,0.91494,0.306819625,0.06653263679715767
RUS,2023,Europe,Upper-middle,14159.3876953125,73.2546341463415,7.04438496,4.16454853394225,0.93518,0.270214325,0.15446027348327843
RUS,2024,Europe,Upper-middle,14889.0185546875,73.4404878048781,7.04438496,4.16454853394225,0.93706,0.0,0.0
SAU,1995,Middle East,High,10786.4008952769,70.944,4.2115941,5.69247007369995,0.06233,0.07549402499999999,0.055180311462596575
SAU,1996,Middle East,High,11471.5045960191,71.288,4.2115941,4.94373989105225,0.06233,0.0339236,0.0678472
SAU,1997,Middle East,High,11545.3455998551,71.624,4.2115941,4.37706995010376,0.06233,0.07778285,0.11124642704774837
SAU,1998,Middle East,High,9836.05729768574,71.957,4.2115941,8.28131008148193,0.06233,0.017405825,0.03481165
SAU,1999,Middle East,High,10452.1899400479,72.29,4.2115941,7.07226991653442,0.06233,0.105434,0.12065198840919836
SAU,2000,Middle East,High,11714.5623675159,72.607,4.2115941,5.90982007980347,0.06233,0.1363403,0.12414648329772912
SAU,2001,Middle East,High,10805.311325122,72.951,4.46173573,7.71887016296387,0.06233,0.17323935,0.1405791240782808
SAU,2002,Middle East,High,10586.0543471363,73.296,4.2493763,7.63688993453979,0.06233,0.133819925,0.04844625437398816
SAU,2003,Middle East,High,11487.220410693,73.657,3.97909737,7.10509014129639,0.06233,0.08397925,0.0709871801092047
SAU,2004,Middle East,High,13154.4978989446,74.027,3.58400965,6.27747011184692,0.05315,0.01509205,0.0301841
SAU,2005,Middle East,High,15975.7473782258,74.4,3.4186728,5.43093013763428,0.0423,0.041506275,0.02768949950509218
SAU,2006,Middle East,High,17563.6145370639,74.762,3.61922002,5.89117002487183,0.04245,0.0605193,0.08629077411102533
SAU,2007,Middle East,High,18596.1502627898,75.066,3.56229162,5.51449012756348,0.04521,0.08565225,0.037333340530014185
SAU,2008,Middle East,High,22320.4888964331,75.301,2.97100711,5.13781023025513,0.04902,0.23295855,0.13552017017818171
SAU,2009,Middle East,High,17718.3911648365,75.447,4.29042768,5.094014867146813,0.07338,0.091537325,0.07165974849627346
SAU,2010,Middle East,High,22028.3901426586,75.616,3.64786148,5.050219504038495,0.884,0.187391725,0.0815043567929705
SAU,2011,Middle East,High,27126.7498747702,75.808,3.68218255,5.006424140930178,0.88541,0.117921925,0.08934889671996982
SAU,2012,Middle East,High,28733.4375513452,76.09,3.98779845,4.962628777821861,0.85824,0.082426575,0.06168739273878549
SAU,2013,Middle East,High,27865.465604962,76.517,4.42293596,4.918833414713543,0.79069,0.050127,0.10025399999999998
SAU,2014,Middle East,High,27805.4850319422,77.116,5.15800905,4.875038051605226,0.74576,0.058201425,0.03923810363446693
SAU,2015,Middle East,High,23256.1549553531,77.776,5.8620224,4.831242688496909,0.70083,0.112986,0.07636892211731156
SAU,2016,Middle East,High,22267.7217050387,78.354,6.24142838,4.787447325388591,0.6558999999999999,0.1051241,0.03651158463675148
SAU,2017,Middle East,High,23929.2907135982,78.721,6.03126049,4.743651962280274,0.61097,0.25604515,0.1616884881151098
SAU,2018,Middle East,High,29360.0658968566,78.75,5.34063101,4.699856599171957,0.56604,0.1697326,0.07341387692378057
SAU,2019,Middle East,High,29566.7933827436,78.313,5.46743011,4.656061236063639,0.52111,0.194109375,0.1367683623551484
SAU,2020,Middle East,High,24338.8307301067,77.596,6.64630127,4.612265872955322,0.47618,0.164071775,0.09562815023688982
SAU,2021,Middle East,High,31920.7653655643,77.089,5.93033648,4.568470509847005,0.39379,0.129562325,0.06957209573065794
SAU,2022,Middle East,High,38510.2276211037,77.31,5.31400585,4.524675146738687,0.41439,0.24790812499999998,0.03670065113967098
SAU,2023,Middle East,High,36156.848337701,78.732,5.68722248,4.48087978363037,0.49487,0.161924075,0.11140715824860252
SAU,2024,Middle East,High,35121.6628687742,78.982,5.68722248,4.48087978363037,0.63522,0.016815775,0.03363155
SWE,1995,Europe,High,30254.0273028727,78.7404878048781,7.32495546,6.15396022796631,3.27265,0.12989605,0.14463831199276583
SWE,1996,Europe,High,33022.2444768661,78.9590243902439,7.32495546,6.833740234375,3.27265,0.1178646,0.0959796862552002
SWE,1997,Europe,High,30324.1845796306,79.1975609756098,7.32495546,6.94643521308899,3.27265,0.17307675,0.06553452470855851
SWE,1998,Europe,High,30605.3669074811,79.3390243902439,7.32495546,7.05913019180298,3.32545,0.054431825,0.036337146707501676
SWE,1999,Europe,High,30968.8710702052,79.4414634146342,7.32495546,6.84251022338867,3.37825,0.0616939,0.0496461927009514
SWE,2000,Europe,High,29632.5890811623,79.6439024390244,7.32495546,6.7383599281311,3.6252,0.084066425,0.06282355958042997
SWE,2001,Europe,High,27259.3174300217,79.7951219512195,7.89248943,6.61482000350952,3.87215,0.140589175,0.19429967212772772
SWE,2002,Europe,High,29957.7776664916,79.8463414634146,8.18597412,6.91077995300293,3.727225,0.23055585,0.26994571994543026
SWE,2003,Europe,High,37292.2419727801,80.0951219512195,8.31654263,6.79678010940552,3.5823,0.3285106,0.2288814048955048
SWE,2004,Europe,High,42758.0048564929,80.4975609756098,8.1428194,6.6729998588562,3.36628,0.143478925,0.09597342068668024
SWE,2005,Europe,High,43378.4077394363,80.5463414634146,8.15987301,6.51516008377075,3.3641,0.029392975000000002,0.0339562959817837
SWE,2006,Europe,High,46531.3762240485,80.7487804878049,8.0421772,6.37277984619141,3.47963,0.059118199999999996,0.0002525035577307135
SWE,2007,Europe,High,53568.3057787832,80.9,7.9882226,6.18673992156982,3.24176,0.10763525,0.04732470850767775
SWE,2008,Europe,High,55817.1759726485,81.1,8.22603607,6.38263988494873,3.49083,0.177200925,0.12553595950009372
SWE,2009,Europe,High,46707.6425044751,81.3512195121951,8.77742958,6.78425979614258,3.41266,0.2275097,0.14951033553430346
SWE,2010,Europe,High,52542.5759090299,81.4512195121951,8.32384682,6.56318998336792,3.18756,0.111231675,0.09086826114800757
SWE,2011,Europe,High,60379.4814599322,81.8024390243903,10.50179005,6.40655994415283,3.20686,0.167534825,0.19879428884828615
SWE,2012,Europe,High,57749.5615420853,81.7048780487805,10.834198,7.57456016540527,3.24636,0.306910625,0.11227149544081007
SWE,2013,Europe,High,60843.9888799369,81.9560975609756,10.9872179,7.6465802192688,3.27557,0.23604635000000002,0.12424897501153348
SWE,2014,Europe,High,59583.4584491714,82.2536585365854,11.07212639,7.62924003601074,3.12457,0.419254675,0.04803685488048907
SWE,2015,Europe,High,51188.1652120493,82.2048780487805,10.93069172,7.49442005157471,3.24088,0.36279995,0.11650237557456357
SWE,2016,Europe,High,51703.5088332851,82.3073170731707,10.95692444,7.63991022109985,3.25643,0.34265477499999997,0.27865198884604403
SWE,2017,Europe,High,53210.2233318965,82.409756097561,10.94730949,7.63849020004272,3.39374,0.1352895,0.12572228035955546
SWE,2018,Europe,High,54018.4554391861,82.5585365853659,11.09132671,7.69825983047485,3.34602,0.1456746,0.10968948465712959
SWE,2019,Europe,High,51648.9892820514,83.109756097561,10.93444347,7.66307020187378,3.39847,0.11648995000000001,0.10356714002206492
SWE,2020,Europe,High,52568.5726980146,82.3560975609756,11.42458725,7.95333003997803,3.50181,0.376876575,0.2020717396110331
SWE,2021,Europe,High,60647.5416365347,83.0560975609756,11.23013592,7.60224008560181,3.41565,0.083811125,0.05884653133937322
SWE,2022,Europe,High,54836.8907235124,83.0585365853659,10.85505676,7.31909990310669,3.47239,0.240586025,0.15891644345521905
SWE,2023,Europe,High,54950.2834725622,83.309756097561,11.152915,7.31909990310669,3.59978,0.1569454,0.1425078347480119
SWE,2024,Europe,High,57117.4877440616,84.0634146341463,11.21510124,7.31909990310669,3.59978,0.07358545,0.0014792354162426863
THA,1995,Asia-Pacific,Upper-middle,2864.36515719866,69.757,3.10125351,3.14497995376587,0.11918,0.105261275,0.1106326093574396
THA,1996,Asia-Pacific,Upper-middle,3054.65690806473,69.94,3.10125351,3.49960994720459,0.11918,0.1206424,0.16376813551752573
THA,1997,Asia-Pacific,Upper-middle,2473.14096982086,70.362,3.10125351,4.57718992233276,0.10214,0.106665875,0.06757315984715505
THA,1998,Asia-Pacific,Upper-middle,1847.70379269771,70.703,3.10125351,4.62569999694824,0.17525000000000002,0.1535181,0.11818340373659351
THA,1999,Asia-Pacific,Upper-middle,2033.24490520569,70.979,3.10125351,4.83267021179199,0.24836,0.280147725,0.11915132306895504
THA,2000,Asia-Pacific,Upper-middle,2005.97694514234,71.205,3.10125351,5.25345993041992,0.24471,0.334899025,0.423884934069372
THA,2001,Asia-Pacific,Upper-middle,1889.93432467144,71.52,3.02623773,4.81787014007568,0.25231,0.181096625,0.04560460984303926
THA,2002,Asia-Pacific,Upper-middle,2089.75183111554,71.775,3.334723,3.86491990089417,0.23055,0.1170352,0.19820312381715885
THA,2003,Asia-Pacific,Upper-middle,2347.54001286066,72.101,3.24312782,3.72561001777649,0.24534,0.32973755,0.06369993667137093
THA,2004,Asia-Pacific,Upper-middle,2641.56268717857,72.1,3.13893151,4.03088998794556,0.23828,0.049516975,0.008471966492054842
THA,2005,Asia-Pacific,Upper-middle,2867.70383436062,72.894,3.15972233,3.93859004974365,0.21889,0.0845175,0.07296767681734152
THA,2006,Asia-Pacific,Upper-middle,3331.32043511773,73.341,3.09970832,4.05038022994995,0.23271,0.49259094999999997,0.4048952252284575
THA,2007,Asia-Pacific,Upper-middle,3918.52817434581,73.779,3.19277525,3.60314989089966,0.2008,0.3955844,0.14526096893033585
THA,2008,Asia-Pacific,Upper-middle,4309.13509292986,74.221,3.45933938,3.50850009918213,0.20331,0.1262695,0.19161881242263246
THA,2009,Asia-Pacific,Upper-middle,4135.43986952819,74.669,3.61939645,3.86193990707398,0.23455,0.067000975,0.045027890843074514
THA,2010,Asia-Pacific,Upper-middle,4973.86288823778,75.012,3.39009809,3.50846004486084,0.298005,0.109465475,0.08225069128975451
THA,2011,Asia-Pacific,Upper-middle,5373.6232832898,75.302,3.56825495,4.80556011199951,0.36146,0.1350226,0.15370218337783406
THA,2012,Asia-Pacific,Upper-middle,5725.52802835463,75.59,3.5229404,4.53672981262207,0.40154500000000004,0.120290125,0.07437950506155913
THA,2013,Asia-Pacific,Upper-middle,6018.08244729255,75.96,3.45313334,4.12401008605957,0.44163,0.12872635,0.05925578593169897
THA,2014,Asia-Pacific,Upper-middle,5801.1978916205,76.279,3.68448091,3.91917751852112,0.47988,0.296913125,0.22016967969275233
THA,2015,Asia-Pacific,Upper-middle,5688.85335397884,76.563,3.8522861,3.86397622727286,0.61609,0.30135815,0.2570880293947905
THA,2016,Asia-Pacific,Upper-middle,5833.57715617098,76.769,3.93900609,3.76761756770937,0.77829,0.342450075,0.16035141072549328
THA,2017,Asia-Pacific,Upper-middle,6413.09182530343,76.989,3.85276842,3.46532147640365,1.00165,0.295644425,0.0976037951049164
THA,2018,Asia-Pacific,Upper-middle,7099.77650081458,77.19,3.87040329,3.19769395901619,1.11375,0.18512255,0.0771440381550642
THA,2019,Asia-Pacific,Upper-middle,7605.69657797759,77.197,3.78911877,3.02221411183282,1.14317,0.11201975,0.09367669822179188
THA,2020,Asia-Pacific,Upper-middle,6985.64393892574,77.331,4.35724688,3.15314171737183,1.32818,0.08586735000000001,0.024850424139170477
THA,2021,Asia-Pacific,Upper-middle,7057.20754802279,77.606,5.15399981,2.98212428478268,1.20822,0.208614775,0.17259994454182917
THA,2022,Asia-Pacific,Upper-middle,6909.35281815827,75.291,5.35471153,2.61187022798634,1.15902,0.22959369999999998,0.10894552940186822
THA,2023,Asia-Pacific,Upper-middle,7195.10130919449,76.412,4.53787661,2.52122219628772,0.93628,0.188502625,0.11700778371138038
THA,2024,Asia-Pacific,Upper-middle,7346.62022142185,76.564,4.53787661,2.52122219628772,0.93628,0.110197125,0.10183718510123158
TUR,1995,Europe,Upper-middle,3845.98997887841,69.734,4.59957218,2.2511100769043,0.45159,0.15028505,0.12718947809263417
TUR,1996,Europe,Upper-middle,4041.36210281686,70.245,4.59957218,1.5007400512695335,0.45159,0.4787362,0.2420416976058189
TUR,1997,Europe,Upper-middle,4197.37636165642,70.668,4.59957218,0.7503700256347667,0.49168,0.11002377499999999,0.1355989857973472
TUR,1998,Europe,Upper-middle,4331.02761275037,71.144,4.59957218,0.0,0.36198,0.2025167,0.09324596275431983
TUR,1999,Europe,Upper-middle,3973.77763854116,70.752,4.59957218,0.32473153334397536,0.45557,0.21661735,0.12824641037322124
TUR,2000,Europe,Upper-middle,4199.3798635759,71.931,4.59957218,0.6494630666879507,0.46558,0.257335825,0.12494076656686491
TUR,2001,Europe,Upper-middle,3052.2256706793,72.271,4.88784933,0.9741946000319262,0.52247,0.448042175,0.2734879391890786
TUR,2002,Europe,Upper-middle,3591.08628982587,72.605,5.06227875,1.2989261333759015,0.50904,0.21805762499999998,0.15094305016392495
TUR,2003,Europe,Upper-middle,4649.63668068586,72.906,5.01427698,1.6236576667198768,0.46532,0.26450995,0.14469382828140945
TUR,2004,Europe,Upper-middle,5979.6054216148,73.223,4.9096446,1.9483892000638523,0.49713,0.29616552500000004,0.187476433481569
TUR,2005,Europe,Upper-middle,7331.85429430255,73.51,4.89389706,2.2731207334078274,0.56381,0.135868325,0.044754733135939556
TUR,2006,Europe,Upper-middle,7990.08251407245,73.804,5.14591694,2.597852266751803,0.55292,0.1871986,0.06571370659606209
TUR,2007,Europe,Upper-middle,9766.91734545294,74.129,5.23760796,2.9225838000957785,0.68616,0.15554625,0.08162723369666523
TUR,2008,Europe,Upper-middle,10913.4079047769,74.38,5.21761751,3.2473153334397535,0.68741,0.325971925,0.18425217307010475
TUR,2009,Europe,Upper-middle,9076.92472236977,74.679,5.49438715,3.572046866783729,0.80363,0.17483865,0.17487820211008767
TUR,2010,Europe,Upper-middle,10698.9699409757,74.964,5.02053452,3.8967784001277046,0.79369,0.21765537499999998,0.10245488731561726
TUR,2011,Europe,Upper-middle,11373.6355760885,74.823,4.6530509,4.22150993347168,0.79393,0.32091675,0.06607444490434002
TUR,2012,Europe,Upper-middle,11776.7593362033,75.552,4.44444656,4.38721990585327,0.82595,0.47478435,0.19164761932342564
TUR,2013,Europe,Upper-middle,12635.5570016068,76.171,4.37099934,4.34479999542236,0.81206,0.231531175,0.08674413059085034
TUR,2014,Europe,Upper-middle,12209.3862327674,76.452,4.32517862,4.41256999969482,0.8564,0.392007375,0.11054550228487739
TUR,2015,Europe,Upper-middle,11064.6494504662,76.539,4.11690426,4.30550003051758,0.96732,0.72211465,0.14889016644075814
TUR,2016,Europe,Upper-middle,10984.3643169061,76.595,4.28469229,4.62773990631104,1.11979,0.5131195749999999,0.11982918817746019
TUR,2017,Europe,Upper-middle,10756.3877677883,77.037,4.17974997,4.32369995117188,1.17632,0.373288,0.11336020488475368
TUR,2018,Europe,Upper-middle,9684.11819884721,77.454,4.12101603,4.29729986190796,1.27093,0.304825125,0.32004444757100403
TUR,2019,Europe,Upper-middle,9395.23378001368,77.737,4.35954332,4.44776010513306,1.3196,0.331389875,0.1554128265616532
TUR,2020,Europe,Upper-middle,8798.11791709313,76.525,4.61640215,4.03382015228271,1.36748,0.203652975,0.16403287595240118
TUR,2021,Europe,Upper-middle,9981.76398411336,75.722,4.56065559,3.53787994384766,1.40209,0.27870537500000003,0.09097406521268851
TUR,2022,Europe,Upper-middle,10897.8397861365,77.591,3.70338893,3.09571003913879,1.32342,0.318319575,0.06651449624246707
TUR,2023,Europe,Upper-middle,13375.0947282864,77.156,4.27524424,3.09571003913879,1.42224,0.51247935,0.06655832167648158
TUR,2024,Europe,Upper-middle,15892.7157287241,77.421,4.27524424,3.09571003913879,1.42224,0.373581925,0.0814397950651226
UKR,1995,Europe,Lower-middle,933.191772460938,67.114,5.30685186,5.45600986480713,1.1923,0.050298024999999996,0.05916115826488272
UKR,1996,Europe,Lower-middle,869.846069335938,67.097,5.30685186,5.45600986480713,1.1923,0.13822755,0.04808551412573923
UKR,1997,Europe,Lower-middle,987.489807128906,67.658,5.30685186,5.45600986480713,1.1923,0.19505825,0.09095643203664416
UKR,1998,Europe,Lower-middle,831.336791992188,67.993,5.30685186,4.44884014129639,1.06993,0.136551725,0.10139833990611401
UKR,1999,Europe,Lower-middle,631.910461425781,68.004,5.30685186,3.61807990074158,0.96968,0.18933490000000003,0.16964541125750107
UKR,2000,Europe,Lower-middle,653.294311523438,67.786,5.30685186,4.02293014526367,0.92904,0.201859675,0.06237238656528356
UKR,2001,Europe,Lower-middle,800.49072265625,67.675,5.72534418,4.52568006515503,0.98944,0.27404785,0.15652229812689097
UKR,2002,Europe,Lower-middle,903.011901855469,67.699,5.99220037,5.24006986618042,0.96269,0.20437422500000002,0.10084632765144451
UKR,2003,Europe,Lower-middle,1076.48156738281,67.638,6.54574108,5.4001898765564,1.07166,0.293174925,0.06855093951879263
UKR,2004,Europe,Lower-middle,1401.01806640625,67.472,6.16856956,5.12376022338867,1.04392,0.211528625,0.08459896034587244
UKR,2005,Europe,Lower-middle,1875.33508300781,67.517,6.3461585,5.84819984436035,0.99518,0.2139651,0.1757603356023385
UKR,2006,Europe,Lower-middle,2366.494140625,67.49,6.4171896,5.97945976257324,0.91403,0.2811469,0.13938920634943966
UKR,2007,Europe,Lower-middle,3160.32763671875,67.715,6.01776791,5.90244007110596,0.81869,0.347966,0.41048141490346834
UKR,2008,Europe,Lower-middle,4017.806640625,68.262,5.49754429,6.15242004394531,0.80991,0.279303675,0.16961111529644068
UKR,2009,Europe,Lower-middle,2607.08764648438,69.159,6.60991716,7.05074977874756,0.82596,0.62004615,0.13863267852154001
UKR,2010,Europe,Lower-middle,3039.63232421875,70.188,6.81387615,6.494224786758425,0.80278,0.158903125,0.31780625
UKR,2011,Europe,Lower-middle,3656.69799804688,70.711,6.81669855,5.93769979476929,0.7109,0.069212675,0.04614604392298976
UKR,2012,Europe,Lower-middle,3951.34228515625,71.09,7.11789227,6.44267988204956,0.72363,0.19314525,0.073147164788687
UKR,2013,Europe,Lower-middle,4129.89697265625,71.474,6.94358015,6.41987991333008,0.733,0.226542725,0.12141322933440642
UKR,2014,Europe,Lower-middle,3054.908203125,71.803,7.19506168,5.87491989135742,0.65034,0.2195605,0.12121875825803528
UKR,2015,Europe,Lower-middle,2094.47387695313,72.686,7.78352833,5.33951727495092,0.61477,0.19703985000000002,0.14248747546968235
UKR,2016,Europe,Lower-middle,2158.46118164063,73.389,7.55205393,5.00976991653442,0.48339,0.50100485,0.1547073867270403
UKR,2017,Europe,Lower-middle,2604.28759765625,73.993,7.44610357,5.41706991195679,0.44878,0.23864792499999998,0.11683972955395995
UKR,2018,Europe,Lower-middle,3059.0517578125,73.569,7.52051353,5.3199200630188,0.47113,0.19058975,0.3259926194560597
UKR,2019,Europe,Lower-middle,3619.86157226563,73.92,7.09389353,5.44129991531372,0.43384,0.3265024,0.3980196634853861
UKR,2020,Europe,Lower-middle,3709.76928710938,73.283,7.56217051,5.38230991363525,0.40318,0.1443952,0.13748484905705066
UKR,2021,Europe,Lower-middle,4775.94580078125,71.631,8.2027483,5.14010000228882,0.38478,0.199625575,0.19391026928979935
UKR,2022,Europe,Lower-middle,4199.6708984375,72.658,8.2027483,5.14010000228882,0.32673,0.1502886,0.16710334112329012
UKR,2023,Europe,Lower-middle,5139.59814453125,73.422,8.2027483,5.14010000228882,0.32209,0.2981473,0.12638011695439547
UKR,2024,Europe,Lower-middle,5389.47314453125,74.692,8.2027483,5.14010000228882,0.36988,0.225888025,0.0130436180078931
USA,1995,North America,High,28690.8757013347,75.6219512195122,12.49002075,4.93064022064209,2.45013,0.0731018,0.1160335394054667
USA,1996,North America,High,29967.7127181749,76.0268292682927,12.49002075,4.93064022064209,2.45013,0.035233375,0.040763784976404
USA,1997,North America,High,31459.1389804773,76.4292682926829,12.49002075,4.93064022064209,2.47714,0.01239095,0.0247819
USA,1998,North America,High,32853.6769523009,76.5804878048781,12.49002075,4.93064022064209,2.49621,0.109960625,0.0928292505952506
USA,1999,North America,High,34515.3902272076,76.5829268292683,12.49002075,4.93064022064209,2.54362,0.058658025,0.06776237256375521
USA,2000,North America,High,36329.9560727102,76.6365853658537,12.49002075,4.93064022064209,2.61982,0.063456175,0.08157431214691606
USA,2001,North America,High,37133.623113437,76.8365853658537,13.16817093,4.93064022064209,2.63715,0.24732305,0.1226410769182577
USA,2002,North America,High,37997.7596573051,76.9365853658537,13.99535275,4.93064022064209,2.54746,0.26978,0.13468633947883007
USA,2003,North America,High,39490.2749557007,77.0365853658537,14.50557518,4.93064022064209,2.55014,0.303085025,0.18234078999228112
USA,2004,North America,High,41724.6316287624,77.4878048780488,14.55123138,4.93064022064209,2.48685,0.08925915,0.07535002484748539
USA,2005,North America,High,44123.4070679055,77.4878048780488,14.57946205,4.93064022064209,2.50192,0.124968,0.06395548563946646
USA,2006,North America,High,46302.0008800056,77.6878048780488,14.70878792,4.93064022064209,2.54545,0.059715199999999996,0.049648685052006494
USA,2007,North America,High,48050.2237771135,77.9878048780488,14.91832542,4.93064022064209,2.61516,0.2736985,0.1968475926444449
USA,2008,North America,High,48570.0459804586,78.0390243902439,15.20723629,4.93064022064209,2.74481,0.150782375,0.05972522062040318
USA,2009,North America,High,47194.9433547336,78.390243902439,16.20067596,4.93064022064209,2.7918,0.255069825,0.12391034247030863
USA,2010,North America,High,48642.6100179312,78.5414634146342,16.19722366,4.93064022064209,2.71443,0.206717725,0.09142755366242625
USA,2011,North America,High,50024.868799398,78.6414634146341,16.14000511,4.93064022064209,2.73803,0.181616675,0.07408556239683838
USA,2012,North America,High,51708.4011556577,78.7414634146342,16.11975479,4.93064022064209,2.67272,0.381228075,0.26795588428215034
USA,2013,North America,High,53179.0127634561,78.7414634146342,15.95227051,4.93064022064209,2.69591,0.222607475,0.19120022265207354
USA,2014,North America,High,54973.4207515712,78.8414634146341,16.1415844,4.93064022064209,2.70882,0.147042175,0.059949451054721936
USA,2015,North America,High,56572.9188996063,78.690243902439,16.40155411,4.93064022064209,2.77328,0.268378,0.15736945836569857
USA,2016,North America,High,57638.1018367192,78.5390243902439,16.69203949,4.78327989578247,2.83677,0.21463927500000002,0.13182617342425781
USA,2017,North America,High,59635.0984397965,78.5390243902439,16.63827515,5.09296989440918,2.88315,0.18586695,0.166949222497351
USA,2018,North America,High,62499.8744390068,78.6390243902439,16.51312637,4.89502000808716,2.98956,0.192278625,0.13424393122398184
USA,2019,North America,High,64746.4506778863,78.7878048780488,16.54486084,4.95746994018555,3.14297,0.5385438499999999,0.16708408462466834
USA,2020,North America,High,63515.9491807833,76.9804878048781,18.51597404,5.39530992507935,3.41788,0.36990097499999997,0.25916099231707135
USA,2021,North America,High,70205.050916026,76.3292682926829,17.35207748,5.42038011550903,3.4689,0.09720875,0.06722538927788617
USA,2022,North America,High,76657.2488844403,77.4341463414634,16.52875137,5.42038011550903,3.48736,0.176641775,0.01514251135344355
USA,2023,North America,High,81032.262117545,78.3853658536585,16.69414902,5.42038011550903,3.44716,0.367047225,0.1661170803647511
USA,2024,North America,High,84534.0407841548,78.890243902439,16.69414902,5.42038011550903,3.44716,0.302335725,0.03322943917245419
ZAF,1995,Africa,Upper-middle,3855.6340871567,61.603,7.3366189,5.04734992980957,0.52694,0.01264605,0.0252921
ZAF,1996,Africa,Upper-middle,3617.55336002932,61.079,7.3366189,5.04734992980957,0.52694,0.097631525,0.07468509946396604
ZAF,1997,Africa,Upper-middle,3700.23554789867,60.538,7.3366189,5.128623326619467,0.52694,0.071366775,0.05633308616969693
ZAF,1998,Africa,Upper-middle,3309.60933087472,59.912,7.3366189,5.209896723429363,0.555765,0.036589825,0.07317965
ZAF,1999,Africa,Upper-middle,3242.36830483958,59.19,7.3366189,5.29117012023926,0.5845899999999999,0.08302319999999999,0.09790404565045649
ZAF,2000,Africa,Upper-middle,3217.84693448467,58.368,7.3366189,4.90882015228271,0.613415,0.16296755,0.16257852934014175
ZAF,2001,Africa,Upper-middle,2847.15191945908,57.161,7.12327909,4.63617992401123,0.64224,0.2287649,0.0749474059596906
ZAF,2002,Africa,Upper-middle,2688.23676032806,55.58,6.67774487,4.54569005966187,0.65937,0.0815469,0.09699051164462773
ZAF,2003,Africa,Upper-middle,4062.21755993786,54.245,7.04098177,4.35209989547729,0.6765,0.129454725,0.04959653507469885
ZAF,2004,Africa,Upper-middle,5221.46333731721,53.963,6.938416,4.50897979736328,0.72681,0.103162825,0.05891017054829469
ZAF,2005,Africa,Upper-middle,5836.87663325127,53.914,6.86216164,4.5245099067688,0.77024,0.05933935,0.08358859373437265
ZAF,2006,Africa,Upper-middle,6077.38293388876,54.22,6.87650871,4.52652978897095,0.80291,0.254678925,0.19779696758619894
ZAF,2007,Africa,Upper-middle,6591.85535960564,54.948,6.90510845,4.44668006896973,0.79364,0.425711675,0.18232414996928548
ZAF,2008,Africa,Upper-middle,6184.75474328399,55.982,7.14832258,4.37424993515015,0.80567,0.633633025,0.2668062301425309
ZAF,2009,Africa,Upper-middle,6374.70560042992,57.413,7.64941454,4.76118993759155,0.74993,0.14778995,0.0807936986972994
ZAF,2010,Africa,Upper-middle,7973.47195771517,58.886,7.79358244,5.13496017456055,0.66284,0.261953125,0.07135644042319635
ZAF,2011,Africa,Upper-middle,8646.05571071635,60.602,7.94434404,5.28899002075195,0.66753,0.494458625,0.22011062469474107
ZAF,2012,Africa,Upper-middle,8076.97678479741,61.737,8.00428867,5.52322006225586,0.66934,0.72272995,0.2586963025327124
ZAF,2013,Africa,Upper-middle,7331.65467384919,62.388,8.10322285,5.35070991516113,0.6633,0.5499399,0.11986901521563724
ZAF,2014,Africa,Upper-middle,6856.73137092522,63.184,7.87136555,5.48977994918823,0.70987,0.494686575,0.2931822215549728
ZAF,2015,Africa,Upper-middle,6112.27382485974,64.053,8.05304241,5.48285007476807,0.73147,0.731975,0.2901548762021069
ZAF,2016,Africa,Upper-middle,5651.20585165749,64.749,8.07959366,5.4442400932312,0.74992,1.2623438,0.2907172102352387
ZAF,2017,Africa,Upper-middle,6618.33508255701,65.422,7.97711372,5.59868001937866,0.76257,1.3428805,0.3502217761985493
ZAF,2018,Africa,Upper-middle,6914.1780318076,65.726,8.0819664,5.64401006698608,0.68586,0.6189295499999999,0.32302214178024496
ZAF,2019,Africa,Upper-middle,6533.71121032856,66.071,8.24652863,5.91159009933472,0.61304,1.0235029500000001,0.13989601884355635
ZAF,2020,Africa,Upper-middle,5580.60383075189,65.15,9.02174091,6.17067003250122,0.60296,0.4575531,0.22109513526466384
ZAF,2021,Africa,Upper-middle,6828.75624590017,62.01,8.6645031,6.5551700592041,0.6139,0.370317925,0.07332843756489818
ZAF,2022,Africa,Upper-middle,6534.24867783397,65.454,8.74512291,6.15599012374878,0.61479,0.4658046,0.15994385960492513
ZAF,2023,Africa,Upper-middle,6034.27208964673,66.139,8.90966797,6.12347984313965,0.61479,0.34095195,0.04253351012119736
ZAF,2024,Africa,Upper-middle,6267.186814093,66.312,8.90966797,6.02110004425049,0.61479,0.6328067749999999,0.1691737727247021
