country_iso3,year,education_spend_pct_gdp,gdp_per_capita_usd,govt_effectiveness,health_spend_pct_gdp,life_expectancy,rd_spend_pct_gdp,researchers_per_million,researchers_per_million_imputed,govt_effectiveness_imputed
ARE,1995,,27003.2006807782,0.776639640331268,,71.392,,2168.42732,True,True
ARE,1996,,28323.1650870532,0.776639640331268,,71.82,,2168.42732,True,False
ARE,1997,,27982.7957040564,0.776639640331268,,72.559,,2168.42732,True,True
ARE,1998,,24889.4269192279,0.752557337284088,,73.66,,2168.42732,True,False
ARE,1999,,25855.8605046587,0.752557337284088,,74.982,,2168.42732,True,True
ARE,2000,,29865.502347066,0.747685492038727,2.39504457,76.347,,2168.42732,True,False
ARE,2001,,27745.1708087672,0.747685492038727,2.48436403,77.621,,2168.42732,True,True
ARE,2002,,27753.6089526346,0.796371579170227,2.71770859,78.721,,2168.42732,True,False
ARE,2003,,29659.5428567811,0.537254989147186,2.64634395,79.6,,2168.42732,True,False
ARE,2004,,33376.7152295209,0.687684059143066,2.46225643,80.272,,2168.42732,True,False
ARE,2005,,38719.3138307623,0.716674387454987,2.3202107,80.779,,2168.42732,True,False
ARE,2006,,44342.6048322482,0.945923328399658,2.3254137,81.155,,2168.42732,True,False
ARE,2007,,45854.7325158162,0.943043947219849,2.56602693,81.438,,2168.42732,True,False
ARE,2008,,50054.1700681803,0.898490905761719,2.92857623,81.591,,2168.42732,True,False
ARE,2009,,37803.0663738777,1.00920045375824,4.05000162,81.679,,2168.42732,True,False
ARE,2010,,44795.2949302268,0.918635427951813,3.74433136,81.886,,2168.42732,True,False
ARE,2011,,51921.904511613,1.07076179981232,3.56666398,81.898,0.47252,2168.42732,True,False
ARE,2012,,53141.6124340099,1.16282367706299,3.33596373,81.913,,2168.42732,True,False
ARE,2013,,53247.2409495441,1.19010066986084,3.50222182,81.95,,2168.42732,True,False
ARE,2014,,52725.2358407934,1.45158290863037,3.53405499,81.99,0.67523,2168.42732,True,False
ARE,2015,,44910.334995523,1.5004917383194,3.46609354,82.076,0.86569,2168.42732,False,False
ARE,2016,,42721.0999383185,1.4101870059967,3.89580107,82.195,0.9318,2509.55341,False,False
ARE,2017,,43733.6192287435,1.40890324115753,4.00854969,82.388,,2509.55341,True,False
ARE,2018,,47135.3591943971,1.42633962631226,4.09854221,82.449,1.26389,2464.56964,False,False
ARE,2019,3.86019992828369,45938.6073581994,1.38027024269104,4.40291262,82.596,1.31065,2476.63113,False,False
ARE,2020,3.98417997360229,37991.7492971665,1.2852668762207,5.82477045,81.936,1.48831,2581.47405,False,False
ARE,2021,3.89404010772705,44118.5047192771,1.36370348930359,5.30494308,79.083,1.49469,2606.78477,False,False
ARE,2022,,50759.7589231191,1.29912793636322,4.56536388,80.487,,2606.78477,True,False
ARE,2023,,49850.6872175164,1.60428190231323,4.97095108,82.909,,2606.78477,True,False
ARE,2024,,50273.5060469837,1.60428190231323,,83.069,,2606.78477,True,True
ARG,1995,,7357.6162773788,0.165690049529076,,72.864,,694.1551,True,True
ARG,1996,3.73198008537292,7663.21271287469,0.165690049529076,,73.056,0.41749,694.1551,True,False
ARG,1997,,8146.78710021431,0.165690049529076,,73.407,0.41959,694.1551,False,True
ARG,1998,4.03986978530884,8218.99212764682,0.328712493181229,,73.412,0.41131,702.90202,False,False
ARG,1999,4.52167987823486,7705.54288252851,0.328712493181229,,73.683,0.45337,710.82614,False,True
ARG,2000,4.58030986785889,7637.01489203628,-0.0280386935919523,8.22001076,73.91,0.43884,713.92711,False,False
ARG,2001,4.833740234375,7141.47507662826,-0.0280386935919523,8.26966286,74.154,0.4246,685.59721,False,True
ARG,2002,4.01734018325806,2569.69963519124,-0.228479072451591,7.33203077,74.312,0.38886,689.51093,False,False
ARG,2003,3.53504991531372,3320.47775133903,-0.0342199839651585,6.92670012,74.307,0.41012,715.84326,False,False
ARG,2004,3.48652005195618,4242.02099089422,0.015197392553091,7.09477043,74.871,0.40376,763.13901,False,False
ARG,2005,3.86000990867615,5067.65342293276,-0.0979790613055229,7.73392439,75.231,0.42075,816.8412,False,False
ARG,2006,4.12821006774902,5869.38028970204,-0.0339163094758987,7.70940399,75.279,0.45216,888.89168,False,False
ARG,2007,4.46260976791382,7185.25155147027,-0.0125325033441186,7.86196613,74.783,0.46007,971.29008,False,False
ARG,2008,4.84438991546631,8944.1102657357,-0.123509347438812,8.24087811,75.428,0.47055,1032.67483,False,False
ARG,2009,5.53105020523071,8150.23527028221,-0.294032037258148,9.56852913,75.577,0.58398,1031.64133,False,False
ARG,2010,5.01972007751465,10260.1313108254,-0.1117919459939,9.4852438,75.68,0.56104,1119.05035,False,False
ARG,2011,5.29063987731934,12704.2831819684,-0.0723610669374466,9.51042366,76.1,0.56597,1175.37229,False,False
ARG,2012,5.3458399772644,12949.717486654,-0.206967011094093,9.8851881,75.802,0.63491,1197.6554,False,False
ARG,2013,5.43660020828247,12963.675773326,-0.254236966371536,9.92091465,75.829,0.61849,1193.37333,False,False
ARG,2014,5.36144018173218,12233.1444119186,-0.111114293336868,9.79773045,76.268,0.59396,1202.47388,False,False
ARG,2015,5.77611017227173,13679.6264980954,-0.0494756102561951,10.27364159,76.6,0.62262,1225.50983,False,False
ARG,2016,5.54548978805542,12699.9623137756,0.218796372413635,10.05355549,76.105,0.55815,1254.06674,False,False
ARG,2017,5.45432996749878,14532.5009308511,0.135085612535477,10.26057911,76.543,0.55632,1206.01905,False,False
ARG,2018,4.87773990631104,11752.7998922979,0.0280606187880039,10.17289257,76.77,0.4883,1220.93622,False,False
ARG,2019,4.77165985107422,9955.97478680428,-0.120795331895351,10.11911297,76.847,0.47813,1224.69939,False,False
ARG,2020,5.27689981460571,8535.59938004389,-0.254261821508408,10.67246342,75.878,0.54126,1250.48347,False,False
ARG,2021,4.65393018722534,10738.0179223384,-0.390557259321213,11.00910187,73.948,0.5236,1288.13477,False,False
ARG,2022,4.79263019561768,13962.1894087223,-0.28348970413208,10.15950489,75.806,0.54951,1301.43112,False,False
ARG,2023,5.00324010848999,14261.8465667948,-0.377517342567444,10.2695179,77.395,0.60111,1312.75278,False,False
ARG,2024,,13969.7836603737,-0.377517342567444,,77.543,,1312.75278,True,True
AUS,1995,,20479.1748274233,1.8005645275116,,77.8292682926829,,3353.7053,True,True
AUS,1996,,22055.838490507,1.8005645275116,,78.0780487804878,1.66218,3353.7053,False,False
AUS,1997,,23683.4948964934,1.8005645275116,,78.4804878048781,,3353.7053,True,True
AUS,1998,,21516.0403147759,1.61811804771423,,78.6317073170732,1.51351,3379.7753,False,False
AUS,1999,,20749.6443779096,1.61811804771423,,78.9317073170732,,3379.7753,True,True
AUS,2000,,21908.9968019784,1.73217022418976,7.58869076,79.2341463414634,1.57198,3470.70203,False,False
AUS,2001,,19733.6510102645,1.73217022418976,7.67391729,79.6341463414634,,3470.70203,True,True
AUS,2002,,20335.0960191023,1.65919864177704,7.87221003,79.9365853658537,1.74654,3755.80266,False,False
AUS,2003,,23757.5898471684,1.77327883243561,7.87659502,80.2390243902439,,3755.80266,True,False
AUS,2004,,30886.0500949401,1.98494184017181,8.08257675,80.490243902439,1.84802,4073.65927,False,False
AUS,2005,,34535.20727091,1.74618124961853,7.9648633,80.8414634146341,,4073.65927,True,False
AUS,2006,,36658.8243476122,1.70789933204651,7.97161102,81.0414634146342,2.17862,4269.01789,False,False
AUS,2007,,41128.2476618402,1.81895518302917,8.0517149,81.2926829268293,,4269.01789,True,False
AUS,2008,,49811.2067218988,1.78476786613464,8.24737453,81.3951219512195,2.39898,4379.63519,False,False
AUS,2009,,42954.8494884573,1.70196378231049,8.54273987,81.5439024390244,,4379.63519,True,False
AUS,2010,,52313.8939041213,1.76339137554169,8.4193306,81.6951219512195,2.3702,4568.56658,False,False
AUS,2011,,62799.3895017032,1.69013810157776,8.53425312,81.8951219512195,2.23459,4568.56658,True,False
AUS,2012,,68301.4402512587,1.61314845085144,8.67020702,82.0463414634146,,4568.56658,True,False
AUS,2013,,68476.6788496118,1.632453083992,8.7465601,82.1487804878049,2.17733,4568.56658,True,False
AUS,2014,,62817.2061751737,1.60089492797852,9.82833862,82.3,,4568.56658,True,False
AUS,2015,,56970.3613028094,1.53325247764587,10.13642025,82.4,1.91969,4568.56658,True,False
AUS,2016,,50084.4440606385,1.53218841552734,10.08958244,82.4487804878049,,4568.56658,True,False
AUS,2017,,54117.547718609,1.49838602542877,10.10880566,82.5,1.88102,4568.56658,True,False
AUS,2018,,57410.1737346009,1.55598998069763,10.08907509,82.7487804878049,,4568.56658,True,False
AUS,2019,,55194.7585097428,1.53869080543518,10.25421429,82.9,1.82826,4568.56658,True,False
AUS,2020,5.38625001907349,51983.4523666382,1.57335329055786,10.70324135,83.2,,4568.56658,True,False
AUS,2021,5.34109020233154,60758.9044397144,1.47172200679779,10.51612186,83.3,1.85783,4568.56658,True,False
AUS,2022,5.05915021896362,65169.5191118657,1.52843272686005,9.89226055,83.2,,4568.56658,True,False
AUS,2023,,65058.3773146674,1.58987963199615,10.39852047,83.0512195121951,,4568.56658,True,False
AUS,2024,,64603.9856308464,1.58987963199615,,83.0512195121951,,4568.56658,True,True
AUT,1995,5.44969987869263,30207.0674314652,1.73164963722229,,76.6682926829268,,2347.32828,True,True
AUT,1996,5.28883981704712,29645.9451251491,1.73164963722229,,76.8707317073171,1.58947,2347.32828,True,False
AUT,1997,,26571.7523626508,1.73164963722229,,77.319512195122,1.66324,2347.32828,True,True
AUT,1998,6.13726997375488,27212.4642905708,1.80350625514984,,77.6707317073171,1.74106,2347.32828,False,False
AUT,1999,6.13599014282227,27078.7081612201,1.80350625514984,,77.8756097560976,1.85251,2347.32828,True,True
AUT,2000,5.62036991119385,24487.2974685956,1.84726524353027,9.38934517,78.1268292682927,1.89667,2347.32828,True,False
AUT,2001,5.60476016998291,24430.495982841,1.84726524353027,9.45243549,78.5756097560976,2.00257,2347.32828,True,True
AUT,2002,5.56255006790161,26334.862215032,1.88022816181183,9.59139919,78.6780487804878,2.0811,2992.22105,False,False
AUT,2003,5.39253997802734,32110.1159661425,1.93046128749847,9.69844246,78.6317073170732,2.18701,2992.22105,True,False
AUT,2004,5.34223985671997,36614.2506533707,1.84377062320709,9.81532383,79.1804878048781,2.18238,3186.95396,False,False
AUT,2005,5.28515005111694,38157.37022862,1.67952907085419,9.71779728,79.3317073170732,2.38942,3470.7262,False,False
AUT,2006,5.26367998123169,40382.2078298575,1.82738518714905,9.64073944,79.8804878048781,2.376,3536.82275,False,False
AUT,2007,5.17918014526367,46622.9622913635,1.86356592178345,9.60482597,80.1804878048781,2.4336,3823.63127,False,False
AUT,2008,5.2985200881958,51581.3982361071,1.77165818214417,9.83415222,80.4317073170732,2.58632,4152.75477,False,False
AUT,2009,5.76567983627319,47857.4446635266,1.66273927688599,10.31152916,80.3317073170732,2.61279,4157.93027,False,False
AUT,2010,5.73625993728638,46611.1393420232,1.81252110004425,10.31620026,80.5804878048781,2.74321,4379.18237,False,False
AUT,2011,5.62787008285522,51116.8953522042,1.60288524627686,10.1370182,80.9829268292683,2.68567,4430.53569,False,False
AUT,2012,5.51612997055054,48250.4059142637,1.56018972396851,10.30198097,80.9365853658537,2.93372,4720.81116,False,False
AUT,2013,5.59404993057251,50305.3545774973,1.57137954235077,10.40574837,81.1365853658537,2.97993,4782.1241,False,False
AUT,2014,5.49767017364502,51314.9722616322,1.5529956817627,10.51159096,81.490243902439,3.11263,5009.44199,False,False
AUT,2015,5.49143981933594,43915.228020857,1.4509791135788,10.51688385,81.190243902439,3.06917,5073.42857,False,False
AUT,2016,5.50954008102417,45061.4993920192,1.47481060028076,10.51713753,81.6414634146342,3.13356,5400.34772,False,False
AUT,2017,5.40181016921997,47163.7425775142,1.46775150299072,10.57132816,81.6439024390244,3.07376,5416.07999,False,False
AUT,2018,5.25437021255493,51194.0749841299,1.45611667633057,10.5157156,81.6926829268293,3.10828,5682.44087,False,False
AUT,2019,5.23678016662598,49885.9947355204,1.49212622642517,10.62530422,81.8951219512195,3.14405,5958.85643,False,False
AUT,2020,5.57961988449097,48716.4098900349,1.60586321353912,11.41292953,81.1926829268293,3.20758,5829.2859,False,False
AUT,2021,5.48071002960205,53648.6437976214,1.52829468250275,12.185215,81.190243902439,3.25565,6323.00331,False,False
AUT,2022,5.27749013900757,52336.7725223758,1.46492278575897,11.22519779,81.2951219512195,3.17775,6632.30683,False,False
AUT,2023,,56579.504175468,1.32668149471283,11.15297318,81.7926829268293,3.25517,6633.64894,False,False
AUT,2024,,58268.8787651601,1.32668149471283,11.8325634,81.9951219512195,,6633.64894,True,True
BEL,1995,2.98866009712219,28413.8264387368,1.71154367923737,,76.8407317073171,,2477.43906,True,True
BEL,1996,3.04948997497559,27489.5551770488,1.71154367923737,,77.1873170731707,1.74299,2477.43906,False,False
BEL,1997,,24820.9380503896,1.71154367923737,,77.3707317073171,1.80971,2582.2631,False,True
BEL,1998,,25338.4432934904,1.77015435695648,,77.4731707317073,1.83825,2707.1088,False,False
BEL,1999,,25252.8019066564,1.77015435695648,,77.619512195122,1.90564,2910.88176,False,True
BEL,2000,,23098.8865077401,1.65919423103333,7.99917603,77.7219512195122,1.9362,2982.55342,False,False
BEL,2001,,23015.0712632462,1.65919423103333,8.14988899,77.9731707317073,2.03279,3140.73254,False,True
BEL,2002,,25006.191397109,1.91511082649231,8.3182106,78.0756097560976,1.90325,2974.5959,False,False
BEL,2003,,30655.2092679024,1.86878955364227,9.18925285,78.1292682926829,1.8412,2985.44684,False,False
BEL,2004,,35429.4077933344,1.85430920124054,9.35496902,78.8780487804878,1.8205,3116.44787,False,False
BEL,2005,5.79584980010986,36809.7013403619,1.70650970935822,9.25018311,78.9804878048781,1.7906,3173.07923,False,False
BEL,2006,,38705.1067959147,1.74316394329071,9.1325655,79.380487804878,1.82269,3318.08595,False,False
BEL,2007,,44319.165448813,1.60233938694,9.1392889,79.7829268292683,1.84999,3431.0838,False,False
BEL,2008,6.33294010162354,48303.397956286,1.38118207454681,9.60036659,79.6804878048781,1.93684,3447.86531,False,False
BEL,2009,6.43465995788574,44923.3400135081,1.56746017932892,10.54393387,80.0341463414634,1.99134,3554.67756,False,False
BEL,2010,6.44078016281128,44197.393671162,1.65420985221863,10.41325188,80.1829268292683,2.0613,3755.63584,False,False
BEL,2011,6.38481998443604,47760.8298776546,1.72347581386566,10.41302204,80.5853658536585,2.15739,3880.19574,False,False
BEL,2012,6.56625986099243,44874.1709182123,1.67117416858673,10.5865345,80.3853658536585,2.27079,4116.61624,False,False
BEL,2013,6.60135984420776,46964.5946777056,1.70195496082306,10.63787556,80.5878048780488,2.32047,4161.62059,False,False
BEL,2014,6.55866003036499,47995.7786961339,1.51735270023346,10.62032604,81.2878048780488,2.35858,4544.86674,False,False
BEL,2015,6.46963977813721,40893.804537772,1.52944529056549,10.88387299,80.9926829268293,2.43496,4731.81573,False,False
BEL,2016,6.48613023757935,41854.5498296444,1.39763832092285,10.89833736,81.4390243902439,2.53291,4798.32663,False,False
BEL,2017,6.44915008544922,44035.3239358548,1.24078404903412,10.94042683,81.4926829268293,2.67654,4757.30821,False,False
BEL,2018,6.38883018493652,47487.2100392561,1.22463178634644,10.9937973,81.5951219512195,2.86365,5040.00069,False,False
BEL,2019,6.32381010055542,46716.6227467964,1.11331832408905,10.85831451,81.9951219512195,3.15154,5290.87935,False,False
BEL,2020,6.75470018386841,45906.2875805246,1.07823526859283,11.46253014,80.6951219512195,3.36823,5418.91258,False,False
BEL,2021,6.38081979751587,51658.238294958,1.08557260036469,11.28825092,81.790243902439,3.40589,5770.89032,False,False
BEL,2022,6.27611017227173,50605.7496677086,1.22718644142151,10.73976326,81.7487804878049,3.19592,5818.71223,False,False
BEL,2023,,55291.4754541329,1.03702199459076,10.80371571,82.4,3.27235,5990.12849,False,False
BEL,2024,,56614.5679499036,1.03702199459076,,82.3,,5990.12849,True,True
BRA,1995,4.56816005706787,4756.75013552302,-0.143133714795113,,67.701,,298.53981,True,True
BRA,1996,,5179.13052009976,-0.143133714795113,,68.108,,298.53981,True,False
BRA,1997,,5299.39794248133,-0.143133714795113,,68.505,,298.53981,True,True
BRA,1998,4.75666999816895,5105.89246192003,-0.201571121811867,,68.848,,298.53981,True,False
BRA,1999,3.80062007904053,3493.57192043228,-0.201571121811867,,69.211,,298.53981,True,True
BRA,2000,3.94893002510071,3766.54786339835,0.0430850870907307,8.33457184,69.584,1.04752,298.53981,False,False
BRA,2001,3.84467005729675,3176.28975052524,0.0430850870907307,8.54963303,69.98,1.06197,341.27926,False,True
BRA,2002,3.75037002563477,2855.94017137049,-0.0346153452992439,8.69686985,70.396,1.00967,403.16475,False,False
BRA,2003,,3090.6068907839,0.0817573666572571,8.18899441,70.884,0.99939,428.48507,False,False
BRA,2004,3.97448992729187,3663.82262497811,-0.0922709181904793,8.12491989,71.361,0.96343,489.27106,False,False
BRA,2005,4.47909021377563,4827.78165890291,-0.157670244574547,8.03539562,71.832,1.00247,515.766,False,False
BRA,2006,4.87060022354126,5934.14561857454,-0.391295492649078,8.24952507,72.296,0.98807,550.49741,False,False
BRA,2007,4.97426986694336,7409.69003822861,-0.290289968252182,8.20182991,72.73,1.08138,562.55469,False,False
BRA,2008,5.26884984970093,8908.33338467948,-0.148200899362564,8.01128483,73.111,1.12904,598.65285,False,False
BRA,2009,5.46355009078979,8678.6584730653,-0.151303574442863,8.39480495,73.457,1.11866,634.14103,False,False
BRA,2010,5.64879989624023,11403.2840038694,-0.0868625491857529,7.94516611,73.779,1.15992,696.09998,False,False
BRA,2011,5.73741006851196,13396.6263158041,-0.152404069900513,7.78819132,74.047,1.13966,749.17174,False,False
BRA,2012,5.85510015487671,12521.7238454434,-0.16054867208004,7.73637724,74.335,1.12684,801.40894,False,False
BRA,2013,5.8388500213623,12458.8903396625,-0.119030974805355,7.9766016,74.609,1.19567,852.71699,False,False
BRA,2014,5.94848012924194,12274.9941630213,-0.175920635461807,8.39644146,74.823,1.26971,903.20079,False,False
BRA,2015,6.24105978012085,8936.1955889444,-0.255271553993225,8.90929985,75.106,1.28464,903.20079,True,False
BRA,2016,6.31403017044067,8836.28546025694,-0.249387070536613,9.16901684,75.081,1.19584,903.20079,True,False
BRA,2017,6.32047986984253,10080.5078722821,-0.317140609025955,9.47125053,75.383,1.1175,903.20079,True,False
BRA,2018,6.08851003646851,9300.66072904004,-0.520569622516632,9.46475029,75.633,1.15016,903.20079,True,False
BRA,2019,5.96346998214722,9029.83304401079,-0.234114676713943,9.61449146,75.809,1.15115,903.20079,True,False
BRA,2020,5.7714900970459,7074.19407495707,-0.465709209442139,9.62326527,74.506,1.21907,903.20079,True,False
BRA,2021,5.4969801902771,7972.53696080695,-0.492990374565125,9.63646507,73.038,1.13371,903.20079,True,False
BRA,2022,5.61920976638794,9281.33282136864,-0.588259339332581,9.38739491,74.872,1.18873,903.20079,True,False
BRA,2023,,10377.5897719195,-0.546764314174652,9.73092747,75.848,1.1938,903.20079,True,False
BRA,2024,,10310.5488778166,-0.546764314174652,,76.023,,903.20079,True,True
CAN,1995,6.30476999282837,20679.634792669,1.74236369132996,,77.9773170731707,,3055.67247,True,True
CAN,1996,,21296.9723536904,1.74236369132996,,78.220243902439,1.60682,3055.67247,False,False
CAN,1997,,21901.5628548392,1.74236369132996,,78.4124390243903,1.61386,3114.23872,False,True
CAN,1998,5.49377012252808,21024.5850687045,1.87730169296265,,78.6236585365854,1.71051,3153.03798,False,False
CAN,1999,5.53079986572266,22315.2466731545,1.87730169296265,,78.8390243902439,1.74984,3238.35328,False,True
CAN,2000,5.42330980300903,24271.0020563821,1.84907865524292,8.24808502,79.1668292682927,1.85849,3510.48256,False,False
CAN,2001,4.95304012298584,23822.096210932,1.84907865524292,8.62476349,79.3980487804878,2.02116,3688.26825,False,True
CAN,2002,4.99306011199951,24256.0192337185,1.86085593700409,8.85665226,79.5307317073171,1.9717,3695.33994,False,False
CAN,2003,,28301.8645937428,1.92467999458313,9.01086521,79.7151219512195,1.96782,3888.4744,False,False
CAN,2004,,32145.5412620217,1.90069770812988,9.06623363,79.9921951219512,1.99735,4076.68444,False,False
CAN,2005,4.76589012145996,36383.6600068095,1.88245940208435,9.03529835,80.1126829268293,1.97127,4234.36344,False,False
CAN,2006,,40504.0370977806,1.89211332798004,9.33188725,80.5436585365854,1.94304,4315.13916,False,False
CAN,2007,4.76642990112305,44660.0838892281,1.75481534004211,9.4346962,80.5436585365854,1.90358,4596.69506,False,False
CAN,2008,4.62612009048462,46710.2526864484,1.78248238563538,9.59427929,80.7246341463415,1.85578,4725.99112,False,False
CAN,2009,4.84057998657227,40874.8831932903,1.74208331108093,10.70402527,81.0660975609756,1.91742,4466.14043,False,False
CAN,2010,5.35637998580933,47560.6666009406,1.77782678604126,10.70066547,81.3221951219512,1.82504,4664.07888,False,False
CAN,2011,5.26204013824463,52223.8588398531,1.77254545688629,10.40518665,81.4826829268293,1.78714,4802.7188,False,False
CAN,2012,,52670.3447335415,1.75697004795074,10.5407114,81.6636585365854,1.77303,4652.42914,False,False
CAN,2013,4.58899021148682,52638.1187235237,1.78074109554291,10.43559265,81.7448780487805,1.70624,4647.61399,False,False
CAN,2014,4.84358978271484,50960.8431174661,1.75371766090393,10.28115654,81.7843902439025,1.71482,4564.22043,False,False
CAN,2015,4.73936986923218,43594.1941045394,1.7309353351593,10.76397896,81.8258536585366,1.6936,4545.96875,False,False
CAN,2016,4.81642007827759,42314.0615817218,1.7445410490036,11.05626965,81.94,1.72903,4400.49278,False,False
CAN,2017,4.95998001098633,45129.628116623,1.81557297706604,10.9242115,81.8078048780488,1.68702,4429.05796,False,False
CAN,2018,4.88898992538452,46539.1761570405,1.67513394355774,10.92262077,81.8036585365854,1.7372,4715.91861,False,False
CAN,2019,4.77293014526367,46352.8693445211,1.69731068611145,11.04823494,82.1585365853659,1.75578,4850.93689,False,False
CAN,2020,4.88794994354248,43537.839298904,1.59831285476685,13.01732922,81.53,1.93413,5155.65021,False,False
CAN,2021,4.74858999252319,52886.6616372703,1.5614572763443,12.38106632,81.4514634146342,1.87064,5507.58596,False,False
CAN,2022,4.84426021575928,56256.8007264015,1.56661772727966,11.08119678,81.0948780487805,1.81291,5624.26883,False,False
CAN,2023,,54220.3285039875,1.51680326461792,11.18692875,81.6263414634146,1.81048,5624.26883,True,False
CAN,2024,,54340.3477224733,1.51680326461792,11.3095665,82.1080487804878,1.7908,5624.26883,True,True
CHE,1995,4.9128999710083,50113.8321221345,1.75708055496216,,78.4170731707317,,3130.03604,True,True
CHE,1996,4.92260980606079,48092.6433036512,1.75708055496216,,78.8960975609756,2.37649,3130.03604,False,False
CHE,1997,,41584.441782159,1.75708055496216,,79.079512195122,,3130.03604,True,True
CHE,1998,4.75152015686035,42680.5867322391,1.9069150686264,,79.3243902439025,,3130.03604,True,False
CHE,1999,4.75953006744385,41695.6912912021,1.9069150686264,,79.580487804878,,3130.03604,True,True
CHE,2000,4.65878009796143,38865.021939688,1.95634055137634,9.13442421,79.6804878048781,2.26386,3643.69175,False,False
CHE,2001,4.82218980789185,39638.7911061864,1.95634055137634,9.46040058,80.1804878048781,,3643.69175,True,True
CHE,2002,5.17882013320923,42458.7384679187,1.93704175949097,9.88000107,80.3853658536585,,3643.69175,True,False
CHE,2003,5.38400983810425,49335.7456291067,1.75373554229736,10.13696766,80.5365853658537,,3643.69175,True,False
CHE,2004,5.3142900466919,54659.4571488233,2.1585156917572,10.22576523,81.0878048780488,2.60818,3451.74588,False,False
CHE,2005,5.08472013473511,56242.8933645639,1.84628260135651,10.05823421,81.2365853658537,,3451.74588,True,False
CHE,2006,4.84120988845825,59011.0324592016,2.07526707649231,9.5802002,81.490243902439,,3451.74588,True,False
CHE,2007,4.58396005630493,64989.1553256031,2.03580713272095,9.41693783,81.7414634146342,,3451.74588,True,False
CHE,2008,4.75724983215332,74175.1927898555,2.02759099006653,9.53167725,81.9926829268293,2.65296,3313.52642,False,False
CHE,2009,4.92561006546021,71568.3123885672,1.94502568244934,10.1415062,82.0439024390244,,3313.52642,True,False
CHE,2010,4.80210018157959,76531.3729407691,1.8709591627121,9.9907856,82.2463414634147,,3313.52642,True,False
CHE,2011,4.85663986206055,90476.7589651577,1.86164331436157,10.10393143,82.6951219512195,,3313.52642,True,False
CHE,2012,4.89862012863159,85836.2076767359,1.88282430171967,10.33511066,82.6975609756098,2.87456,4497.48676,False,False
CHE,2013,4.91392993927002,87304.3305813557,1.81637847423553,10.59444523,82.7975609756098,,4497.48676,True,False
CHE,2014,4.93057012557983,88724.9909402638,2.10431861877441,10.6751194,83.1975609756098,,4497.48676,True,False
CHE,2015,4.99560022354126,83806.4476003837,1.96745336055756,10.97983074,82.8975609756098,3.04577,5310.67497,False,False
CHE,2016,4.98164987564087,82153.0745447889,1.97178089618683,11.20248795,83.6024390243903,,5310.67497,True,False
CHE,2017,5.01765012741089,82254.3769269767,2.01780319213867,11.37471581,83.5512195121951,3.04671,5257.57173,False,False
CHE,2018,4.9300799369812,85217.3691512274,1.99707686901093,11.19891071,83.7536585365854,,5257.57173,True,False
CHE,2019,5.01438999176025,84121.9310304414,1.91622769832611,11.42588997,83.9048780487805,3.14983,5561.84719,False,False
CHE,2020,5.27676010131836,85897.7843338323,1.97202301025391,11.98960876,83.0,,5561.84719,True,False
CHE,2021,5.02535009384155,93664.7736696111,1.99079787731171,11.95855618,83.7512195121951,3.24862,6003.41115,False,False
CHE,2022,4.86427021026611,94394.5106803525,2.04943490028381,11.59911823,83.6048780487805,,6003.41115,True,False
CHE,2023,,100623.549627296,2.13492703437805,11.69096088,84.1560975609756,3.22178,6107.95842,False,False
CHE,2024,,103998.186685604,2.13492703437805,,84.4073170731707,,6107.95842,True,True
CHN,1995,1.83266997337341,612.680277898627,-0.348653882741928,,70.363,,447.0994,True,True
CHN,1996,1.84320998191833,713.337387811657,-0.348653882741928,,70.823,0.56014,447.0994,False,False
CHN,1997,,786.743548510999,-0.348653882741928,,71.227,0.63467,476.21305,False,True
CHN,1998,1.82997000217438,835.095348597432,-0.198783293366432,,71.601,0.64185,389.62565,False,False
CHN,1999,1.87120997905731,881.146614068925,-0.198783293366432,,71.952,0.74295,422.97614,False,True
CHN,2000,,969.199513696287,-0.158842876553535,4.4535861,72.288,0.88409,549.57477,False,False
CHN,2001,,1065.40597574519,-0.158842876553535,4.19752026,72.675,0.92948,582.78825,False,True
CHN,2002,,1163.55957673426,-0.123097203671932,4.32156181,73.034,1.04418,631.73478,False,False
CHN,2003,,1306.97245408557,-0.147587299346924,4.35460472,73.385,1.10465,667.9285,False,False
CHN,2004,,1530.92726215723,-0.109930388629436,4.22949076,73.727,1.19732,713.42588,False,False
CHN,2005,,1777.64496828464,-0.140640497207642,4.11230803,74.085,1.29008,856.65892,False,False
CHN,2006,,2129.25696999613,0.0357880145311356,3.88655019,74.404,1.34923,931.20148,False,False
CHN,2007,,2734.72709877693,0.165997371077538,3.61737728,74.789,1.35321,1076.73747,False,False
CHN,2008,,3523.44302065213,0.165779024362564,3.83627748,74.833,1.4233,1197.58885,False,False
CHN,2009,,3898.24459158811,0.0932420492172241,4.27631998,75.317,1.6366,861.24883,False,False
CHN,2010,,4629.24551710077,0.0918448567390442,4.15821123,75.668,1.68456,898.85545,False,False
CHN,2011,,5703.76027973346,0.0836087092757225,4.26719379,75.889,1.75244,972.01743,False,False
CHN,2012,,6405.0574241349,0.0153677640482783,4.49046612,76.2,1.88095,1028.98334,False,False
CHN,2013,,7147.03518622344,-0.00512068951502442,4.63882637,76.452,1.96246,1079.63795,False,False
CHN,2014,,7781.06597484974,0.354851633310318,4.69880247,76.714,1.98475,1101.80087,False,False
CHN,2015,,8175.33285077393,0.417423009872437,4.85367584,76.975,2.01703,1162.7108,False,False
CHN,2016,,8254.86859320357,0.356383770704269,4.88338089,77.214,2.0595,1208.86205,False,False
CHN,2017,,8979.67652709856,0.416875630617142,4.9695034,77.235,2.07771,1235.84935,False,False
CHN,2018,,10085.6638148819,0.496678441762924,5.06933308,77.709,2.10232,1317.48914,False,False
CHN,2019,,10342.9009524335,0.544862508773804,5.26516867,77.94,2.20144,1483.85803,False,False
CHN,2020,,10627.4637989619,0.643971681594849,5.50441837,78.019,2.35712,1600.30633,False,False
CHN,2021,,12887.4357242941,0.80791163444519,5.25590324,78.117,2.38165,1685.97511,False,False
CHN,2022,,12970.6056414327,0.494212538003922,5.88078785,78.202,2.4945,1849.23669,False,False
CHN,2023,3.89714002609253,12951.1782397043,0.679014027118683,5.94388866,77.953,2.57729,2107.27003,False,False
CHN,2024,,13303.1481543868,0.679014027118683,,78.017,,2107.27003,True,True
COL,1995,,2583.66576349858,-0.45862889289856,,69.81,,58.0547,True,True
COL,1996,,2664.64056059983,-0.45862889289856,,70.209,,58.0547,True,False
COL,1997,,2873.2814350993,-0.45862889289856,,70.632,,58.0547,True,True
COL,1998,3.92645001411438,2604.87166959518,-0.325808048248291,,70.924,,58.0547,True,False
COL,1999,4.44080018997192,2241.22911801216,-0.325808048248291,,70.913,,58.0547,True,True
COL,2000,3.5112099647522,2555.00751039968,-0.403075814247131,5.63529348,70.905,0.13106,58.0547,True,False
COL,2001,3.70867991447449,2472.99084035833,-0.403075814247131,5.94238281,71.185,0.1329,58.0547,True,True
COL,2002,4.26812982559204,2428.92969771584,-0.487907588481903,5.73296595,71.537,0.15559,58.0547,True,False
COL,2003,4.32513999938965,2311.94218760291,-0.221860736608505,5.77505445,72.309,0.17398,58.0547,True,False
COL,2004,4.07934999465942,2818.57195413044,-0.215896517038345,5.79892111,72.76,0.16964,58.0547,True,False
COL,2005,4.02098989486694,3456.06610874512,-0.197672158479691,6.06710577,73.156,0.16557,58.0547,True,False
COL,2006,3.91671991348267,3789.85361217027,-0.191516101360321,6.33546638,73.497,0.16427,58.0547,True,False
COL,2007,4.08301019668579,4769.926147194,-0.0502213798463345,6.49102163,73.751,0.18307,58.0547,True,False
COL,2008,3.9387800693512,5541.83629665898,-0.0256232153624296,6.84192181,74.206,0.19541,58.0547,True,False
COL,2009,4.77651977539062,5250.97292433518,-0.300557911396027,7.31134558,74.531,0.19351,58.0547,True,False
COL,2010,4.83382987976074,6398.2958447102,-0.123824141919613,7.07130194,74.876,0.19358,58.0547,True,False
COL,2011,4.46608018875122,7400.9940695669,-0.0504269637167454,6.78076792,75.18,0.19842,58.0547,True,False
COL,2012,4.37038993835449,8108.59838244229,-0.00116499257273972,6.74601603,75.611,0.22116,58.0547,True,False
COL,2013,4.87855005264282,8279.10255642981,0.0531518310308456,7.01724052,75.834,0.25761,58.0547,False,False
COL,2014,4.62945985794067,8187.20824890084,-0.135854035615921,7.18553209,75.95,0.30317,59.05478,False,False
COL,2015,4.47038984298706,6248.51490534512,-0.0937390848994255,7.52338505,76.067,0.36542,70.66931,False,False
COL,2016,4.47721004486084,5959.84250367574,-0.03696658462286,7.53117037,76.228,0.27051,91.2603,False,False
COL,2017,4.53551006317139,6479.53231292429,-0.140821367502213,7.67864323,76.418,0.26109,90.24729,False,False
COL,2018,4.44910001754761,6816.96818309544,-0.139370113611221,7.71777487,76.579,0.31233,90.24729,True,False
COL,2019,4.51068019866943,6472.54544924705,0.0327151045203209,7.83404827,76.793,0.32201,90.24729,True,False
COL,2020,5.26166009902954,5339.68711357943,0.00847531855106354,8.69751263,74.757,0.2894,90.24729,True,False
COL,2021,,6222.62164397614,-0.0478276498615742,9.14150524,72.698,,90.24729,True,False
COL,2022,,6680.44506854481,0.01379637978971,7.59037256,76.508,,90.24729,True,False
COL,2023,,7000.83660501046,-0.075877919793129,8.15838146,77.725,,90.24729,True,False
COL,2024,,7919.20886825345,-0.075877919793129,8.14139366,77.913,,90.24729,True,True
CZE,1995,4.48584985733032,5865.29460556726,0.62058299779892,,73.0748780487805,,1258.0318,True,True
CZE,1996,4.2188401222229,6573.19643136362,0.62058299779892,,73.7146341463415,0.88366,1258.0318,False,False
CZE,1997,,6069.38762357837,0.62058299779892,,73.8248780487805,0.98251,1222.7761,False,True
CZE,1998,3.55989003181458,6526.59635780951,0.585556745529175,,74.5146341463415,1.05423,1223.32114,False,False
CZE,1999,3.64439988136292,6377.6211077224,0.585556745529175,,74.6682926829268,1.04295,1319.35303,False,True
CZE,2000,3.61999011039734,6062.92152842793,0.587459146976471,5.66916943,74.9682926829268,1.10377,1352.21409,False,False
CZE,2001,3.71491003036499,6669.07494847497,0.587459146976471,5.83479309,75.1731707317073,1.09343,1465.05243,False,True
CZE,2002,3.9390299320221,8101.26018588111,0.921997308731079,6.14656258,75.2219512195122,1.09272,1463.13284,False,False
CZE,2003,4.10311985015869,9852.45677945801,0.854176342487335,6.50168419,75.1707317073171,1.13817,1543.13456,False,False
CZE,2004,3.98130011558533,11782.5546676117,0.864507555961609,6.33308411,75.7219512195122,1.13619,1589.73189,False,False
CZE,2005,3.86250996589661,13442.4916284309,0.913030743598938,6.33529043,75.9243902439025,1.15998,2353.41029,False,False
CZE,2006,4.19625997543335,15259.0788162004,1.08249938488007,6.16489983,76.5243902439024,1.22564,2552.57872,False,False
CZE,2007,3.85006999969482,18452.6532812196,0.845191836357117,5.99029112,76.7243902439025,1.2967,2701.68545,False,False
CZE,2008,3.73207998275757,22774.7045076205,0.951468646526337,6.33855247,76.9756097560976,1.2352,2876.01839,False,False
CZE,2009,4.1553201675415,19817.4215836554,0.873511850833893,7.2650013,77.0780487804878,1.28943,2765.27088,False,False
CZE,2010,3.99341988563538,20160.4355077059,0.9017294049263,7.47836781,77.4243902439025,1.31352,2799.12504,False,False
CZE,2011,4.20787000656128,22049.1080788682,0.922613501548767,7.47281456,77.8731707317073,1.5323,2925.87928,False,False
CZE,2012,4.19049978256226,20014.0354015165,0.921718597412109,7.53974962,78.0756097560976,1.757,3162.1117,False,False
CZE,2013,4.02132987976074,20260.4954999375,0.915809273719788,7.44831276,78.1756097560976,1.86743,3260.83143,False,False
CZE,2014,3.93603992462158,20038.4163180257,1.03113341331482,7.53919601,78.8243902439024,1.94392,3428.30846,False,False
CZE,2015,5.71913003921509,17931.5987670768,1.02559614181519,7.29346752,78.5780487804878,1.906,3619.16017,False,False
CZE,2016,5.50080013275146,18753.9686718096,1.00811576843262,7.32258606,79.0268292682927,1.65411,3546.92776,False,False
CZE,2017,3.75574994087219,20913.197632212,1.03059422969818,7.24190664,78.9780487804878,1.74513,3718.34571,False,False
CZE,2018,4.21541023254395,23705.9329811299,0.951154172420502,7.37173605,79.0292682926829,1.87652,3906.6782,False,False
CZE,2019,4.46737003326416,24062.7190013343,0.919642746448517,7.48754358,79.2292682926829,1.89547,4027.58714,False,False
CZE,2020,4.62503004074097,23472.8915454417,0.910964906215668,8.96995831,78.2268292682927,1.94537,4187.18471,False,False
CZE,2021,4.65163993835449,27696.4619527544,1.06974017620087,9.15420723,77.2219512195122,1.93302,4560.45106,False,False
CZE,2022,4.30291986465454,28282.2236715857,1.09341883659363,8.47063065,78.9292682926829,1.89089,4696.6857,False,False
CZE,2023,,31761.5944102491,1.1140114068985,8.42677402,79.8268292682927,1.83369,4504.58395,False,False
CZE,2024,,31823.3078290564,1.1140114068985,8.50710297,79.9780487804878,,4504.58395,True,True
DEU,1995,4.41835021972656,31747.2449398447,1.7246767282486,,76.4219512195122,,2801.62099,True,True
DEU,1996,4.47798013687134,30599.7891048363,1.7246767282486,,76.6731707317073,2.13663,2801.62099,False,False
DEU,1997,,27046.9565464237,1.7246767282486,,77.0731707317073,2.18161,2862.8306,False,True
DEU,1998,4.44445991516113,27395.9440608051,1.81250166893005,,77.4756097560976,2.20748,2884.30523,False,False
DEU,1999,,26965.4922773722,1.81250166893005,,77.7268292682927,2.32772,3120.9,False,True
DEU,2000,,23925.8559901991,1.80453169345856,9.75930405,77.9268292682927,2.38654,3154.48437,False,False
DEU,2001,,23878.3641471651,1.80453169345856,9.78105545,78.3292682926829,2.3792,3230.26868,False,True
DEU,2002,,25486.5942008748,1.66001808643341,10.028965,78.2292682926829,2.40856,3240.75467,False,False
DEU,2003,,30711.1022511331,1.35740518569946,10.22255325,78.3804878048781,2.44232,3275.18656,False,False
DEU,2004,,34566.7359143735,1.46714746952057,9.97466278,78.6804878048781,2.40278,3290.96185,False,False
DEU,2005,,35084.4363546269,1.5005247592926,10.1068058,78.9317073170732,2.40266,3315.75626,False,False
DEU,2006,,36980.3349948954,1.64597606658936,9.96236897,79.1317073170732,2.43043,3411.78697,False,False
DEU,2007,,42350.9217211489,1.63131237030029,9.83482933,79.5341463414634,2.41918,3573.67338,False,False
DEU,2008,4.47337007522583,46379.1647953479,1.51405537128448,10.03185749,79.7365853658537,2.57152,3726.67445,False,False
DEU,2009,,42471.8868625226,1.57510924339294,10.97003078,79.8365853658537,2.68864,3916.78276,False,False
DEU,2010,4.99525022506714,42396.9665976293,1.51569378376007,10.8311739,79.9878048780488,2.67632,4056.42386,False,False
DEU,2011,4.88583993911743,47630.9761883572,1.50013899803162,10.52106953,80.4365853658537,2.75016,4191.51741,False,False
DEU,2012,4.83153009414673,44718.0159214069,1.53097581863403,10.59356213,80.5390243902439,2.82499,4355.567,False,False
DEU,2013,4.83911991119385,47206.8353514242,1.51041460037231,10.7432127,80.490243902439,2.78067,4380.38742,False,False
DEU,2014,4.82582998275757,48959.5991203133,1.6648246049881,10.76819706,81.090243902439,2.82218,4336.01915,False,False
DEU,2015,4.76157999038696,41929.7549110722,1.65639758110046,10.92317677,80.6414634146341,2.87725,4755.29531,False,False
DEU,2016,4.76321983337402,42948.9381932694,1.66018795967102,10.97133732,80.990243902439,2.88393,4839.84645,False,False
DEU,2017,4.77830982208252,45553.9341495339,1.61311173439026,11.05091095,80.9926829268293,2.9886,5058.39528,False,False
DEU,2018,4.88401985168457,48916.1686612154,1.52356374263763,11.18380833,80.8926829268293,3.05057,5209.2143,False,False
DEU,2019,5.02757978439331,47656.199739747,1.49534583091736,11.42805386,81.2926829268293,3.11256,5398.63462,False,False
DEU,2020,5.51600980758667,47394.8734504469,1.31368815898895,12.46780777,81.0414634146342,3.0897,5390.05249,False,False
DEU,2021,5.36734008789062,52349.2459994422,1.28911292552948,12.72403336,80.790243902439,3.0786,5520.57631,False,False
DEU,2022,5.23916006088257,50506.5179638543,1.28929960727692,12.44708347,80.6080487804878,3.07096,5801.62324,False,False
DEU,2023,,54776.7668235491,1.18541669845581,11.74428654,81.0414634146342,3.1539,5926.07432,False,False
DEU,2024,,56103.7323182554,1.18541669845581,12.26655293,80.7926829268293,,5926.07432,True,True
DNK,1995,7.4773998260498,35321.0980773087,1.75904786586761,,75.2126829268293,,3180.15253,True,True
DNK,1996,7.89128017425537,35621.9878051732,1.75904786586761,,75.5914634146342,1.80812,3180.15253,False,False
DNK,1997,,32779.879045297,1.75904786586761,,75.9451219512195,1.89238,3319.53904,False,True
DNK,1998,8.11200046539307,33346.4884298957,1.91074895858765,,76.1390243902439,2.00749,3319.53904,True,False
DNK,1999,7.93461990356445,33426.2381077405,1.91074895858765,,76.3414634146341,2.12857,3565.39014,False,True
DNK,2000,8.09002017974854,30722.0251837567,1.89654886722565,8.11006165,76.5926829268293,2.18774,3565.39014,True,False
DNK,2001,8.21092987060547,30768.4775471112,1.89654886722565,8.44370651,76.7926829268293,2.32339,3636.56281,False,True
DNK,2002,8.20600032806396,33257.1622586509,2.0240433216095,8.69506168,76.8951219512195,2.43935,4758.77798,False,False
DNK,2003,8.10986042022705,40519.0974905924,2.08797860145569,8.89037418,77.1439024390244,2.50711,4621.86049,False,False
DNK,2004,8.1876802444458,46625.050098011,2.28722190856934,8.98551464,77.4926829268293,2.41328,4847.79783,False,False
DNK,2005,8.06474018096924,48925.8076698784,2.11490678787231,9.06716251,77.8439024390244,2.38721,5207.24681,False,False
DNK,2006,7.71623992919922,52119.1787984282,2.22395443916321,9.15257931,78.0951219512195,2.39875,5314.72934,False,False
DNK,2007,7.59683990478516,58631.6566433635,2.34719085693359,9.30215549,78.1951219512195,2.50921,5539.33467,False,False
DNK,2008,7.441969871521,64616.6657583663,2.2413592338562,9.46797943,78.4463414634146,2.76081,6519.6824,False,False
DNK,2009,8.41279029846191,58412.7472358513,2.22860789299011,10.62873173,78.5975609756098,3.04209,6674.9003,False,False
DNK,2010,8.55023002624512,58104.5445594981,2.10007047653198,10.59621811,79.1,2.91389,6763.58309,False,False
DNK,2011,8.47716045379639,61809.737898222,2.10107469558716,10.39758492,79.8,2.94198,7045.77406,False,False
DNK,2012,7.24570989608765,58443.7747103968,1.98699104785919,10.53344631,80.0512195121951,2.9845,7181.8507,False,False
DNK,2013,8.46860980987549,61377.5940590412,1.94326293468475,10.29778957,80.3,2.96145,7115.41931,False,False
DNK,2014,7.63833999633789,62520.4509747011,1.78492867946625,10.31388664,80.7,2.91543,7358.18842,False,False
DNK,2015,,53094.0133607574,1.79474246501923,10.3754549,80.7024390243902,3.06422,7566.45783,False,False
DNK,2016,7.71534013748169,54500.9260410217,1.82117700576782,10.28229332,80.8536585365854,3.10209,7852.0565,False,False
DNK,2017,7.3700098991394,57521.5514992225,1.74683058261871,10.1137991,81.1024390243903,2.93576,7647.61749,False,False
DNK,2018,7.32747983932495,61324.7665045565,1.81060206890106,10.14163208,80.9536585365854,2.97895,7597.52556,False,False
DNK,2019,7.27585983276367,59404.2663247723,1.87326776981354,10.18468761,81.4512195121951,2.90605,7693.54905,False,False
DNK,2020,7.38574981689453,60985.4885601514,1.8400673866272,10.69237614,81.6024390243903,2.96533,7651.2843,False,False
DNK,2021,6.95915985107422,69340.7334922138,1.95973408222198,10.65575886,81.4048780487805,2.74323,7708.2373,False,False
DNK,2022,6.35586023330688,67781.0940939514,1.9901350736618,9.47411346,81.3048780487805,2.86709,9037.46818,False,False
DNK,2023,,68043.5466971243,2.01564884185791,9.5572958,81.7536585365854,3.04841,8837.51688,False,False
DNK,2024,,71026.4832271897,2.01564884185791,9.38812923,82.2536585365854,,8837.51688,True,True
EGY,1995,4.60400009155273,916.326617700876,-0.473676085472107,,65.214,,591.25817,True,True
EGY,1996,4.67156982421875,1008.97637629447,-0.473676085472107,,65.733,0.2126,591.25817,True,False
EGY,1997,,1146.20172117634,-0.473676085472107,,66.207,0.19756,591.25817,True,True
EGY,1998,,1212.82259820477,-0.204747274518013,,66.635,0.1991,591.25817,True,False
EGY,1999,,1268.30949160496,-0.204747274518013,,67.01,0.18651,591.25817,True,True
EGY,2000,,1366.09274372613,-0.174759328365326,4.92244291,67.332,0.19247,591.25817,True,False
EGY,2001,,1295.1374184163,-0.174759328365326,5.40030336,67.612,,591.25817,True,True
EGY,2002,,1116.82884626213,-0.446098297834396,5.5107379,67.846,,591.25817,True,False
EGY,2003,4.94563007354736,1031.27556291284,-0.389788568019867,5.2242527,68.045,,591.25817,True,False
EGY,2004,4.67072010040283,991.255689145253,-0.278711497783661,4.85732365,68.211,0.26994,591.25817,True,False
EGY,2005,4.79442977905273,1105.53920713903,-0.399056732654572,4.92229176,68.355,0.24141,591.25817,True,False
EGY,2006,4.00178003311157,1298.97900203124,-0.49823722243309,4.84190083,68.493,0.25903,591.25817,True,False
EGY,2007,3.68460988998413,1547.74170735909,-0.374726384878159,4.44493246,68.627,0.2551,591.25817,False,False
EGY,2008,3.76082992553711,1896.21594269779,-0.380703538656235,4.46634817,68.761,0.27024,410.61485,False,False
EGY,2009,,2161.63964573927,-0.208088099956512,4.37870932,68.915,0.43312,405.67613,False,False
EGY,2010,,2455.08194645282,-0.321309953927994,4.15319157,69.078,0.43345,461.31975,False,False
EGY,2011,,2590.64384891965,-0.440889060497284,4.35707569,69.232,0.53154,461.59381,False,False
EGY,2012,,2996.0677072015,-0.681878209114075,4.45891809,69.464,0.50899,485.09394,False,False
EGY,2013,,3025.52563552448,-0.782936871051788,4.6710043,69.632,0.63895,505.91384,False,False
EGY,2014,,3133.39102265541,-0.716656744480133,4.77415323,69.911,0.63649,632.88092,False,False
EGY,2015,,3306.98159414141,-0.690327763557434,5.06153202,70.135,0.71858,631.04334,False,False
EGY,2016,,3270.6287768197,-0.536168873310089,5.07462406,70.437,0.70848,646.99675,False,False
EGY,2017,,2395.10333299491,-0.530632019042969,5.34661913,70.709,0.64486,636.00218,False,False
EGY,2018,,2484.70315630508,-0.454036295413971,4.74892998,70.974,0.68839,645.44342,False,False
EGY,2019,,2962.98892023003,-0.251354306936264,4.5994668,71.213,0.79617,776.5619,False,False
EGY,2020,,3511.11381026379,-0.44617161154747,4.15384626,69.79,0.91564,790.65531,False,False
EGY,2021,,3827.35415374308,-0.457696795463562,4.60955143,68.976,0.91175,808.43512,False,False
EGY,2022,,4233.30783744856,-0.448231309652328,4.72362804,71.01,1.01968,829.2751,False,False
EGY,2023,,3456.78968456253,-0.239516973495483,4.88449335,71.633,1.03356,845.3181,False,False
EGY,2024,,3338.47371395895,-0.239516973495483,,71.806,1.01757,1120.22393,False,True
ESP,1995,4.43779993057251,15460.9110266653,1.62002718448639,,77.9807317073171,,1286.11531,True,True
ESP,1996,4.45979976654053,16100.6215831114,1.62002718448639,,78.1204878048781,0.78795,1286.11531,False,False
ESP,1997,,14722.3717633536,1.62002718448639,,78.6041463414634,0.77825,1336.11001,False,True
ESP,1998,4.29121017456055,15382.3348573373,1.5973025560379,,78.6658536585366,0.8487,1487.41148,False,False
ESP,1999,4.26387977600098,15707.9473068138,1.5973025560379,,78.7170731707317,0.83921,1512.15158,False,True
ESP,2000,4.16786003112793,14743.2671031455,1.68575727939606,6.80217838,78.9658536585366,0.88315,1874.09659,False,False
ESP,2001,4.11147022247315,15368.2337984435,1.68575727939606,6.76929569,79.3682926829268,0.88838,1947.04358,False,True
ESP,2002,4.13351011276245,17111.0685058941,1.78612041473389,6.79878616,79.5682926829268,0.95947,2014.3626,False,False
ESP,2003,4.17126989364624,21522.0170990262,1.81680715084076,7.59223175,79.619512195122,1.0232,2195.10581,False,False
ESP,2004,4.15485000610352,24925.0267844576,1.33226644992828,7.68447876,79.8707317073171,1.04013,2356.18397,False,False
ESP,2005,4.14090013504028,26450.9530130382,1.50157427787781,7.77807474,80.1707317073171,1.09866,2516.19827,False,False
ESP,2006,4.17999982833862,28421.686527407,0.830167770385742,7.87072468,80.8219512195122,1.17567,2613.24064,False,False
ESP,2007,4.24615001678467,32652.015594702,0.987038195133209,7.96241188,80.8731707317073,1.23823,2720.22197,False,False
ESP,2008,4.51630020141602,35603.248328071,0.912503182888031,8.4290638,81.1756097560976,1.32156,2850.35985,False,False
ESP,2009,4.89520978927612,32279.8208476151,0.9416823387146,9.1530304,81.4756097560976,1.35898,2876.51477,False,False
ESP,2010,4.83606004714966,30658.7422282912,0.942974150180817,9.16992569,81.6268292682927,1.35436,2879.99747,False,False
ESP,2011,4.71897983551025,31824.6219134777,0.97240149974823,9.21749687,82.4756097560976,1.32726,2775.30203,False,False
ESP,2012,4.46012020111084,28456.4438151477,1.05716216564178,9.2189045,82.4268292682927,1.29268,2693.39973,False,False
ESP,2013,4.32852983474731,29228.846559842,1.16768598556519,9.13714981,83.0780487804878,1.26864,2623.64689,False,False
ESP,2014,4.27524995803833,29707.765509467,1.1732976436615,9.1512289,83.2292682926829,1.23401,2614.44648,False,False
ESP,2015,4.24903011322021,25982.4416197775,1.15725028514862,9.17553329,82.8317073170732,1.21165,2622.53289,False,False
ESP,2016,4.19327020645142,26755.6061149398,1.0948657989502,8.88084984,83.3292682926829,1.1808,2712.74943,False,False
ESP,2017,4.17846012115479,28381.3425596906,1.00125849246979,9.0217495,83.2829268292683,1.20198,2847.3656,False,False
ESP,2018,4.15045022964478,30602.4212881113,0.969246029853821,9.07122517,83.4317073170732,1.23288,2984.29629,False,False
ESP,2019,4.20255994796753,29786.5245689007,0.968808770179749,9.21539497,83.8317073170732,1.24207,3048.15265,False,False
ESP,2020,4.85118007659912,27233.9426461608,0.853928565979004,10.79479218,82.2317073170732,1.39637,3051.64642,False,False
ESP,2021,4.81316995620728,30799.4775937775,0.907896876335144,10.34419918,83.1780487804878,1.39617,3229.64887,False,False
ESP,2022,4.58553981781006,30319.4987196616,0.920230388641357,9.6799593,83.1341463414634,1.40684,3387.49657,False,False
ESP,2023,,33493.2225409111,0.752065539360046,9.2206583,83.9341463414634,1.49362,3653.80306,False,False
ESP,2024,,35326.7683069278,0.752065539360046,,83.8878048780488,,3653.80306,True,True
FIN,1995,6.81648015975952,26246.2743214462,1.72499644756317,,76.409512195122,,7855.56192,True,True
FIN,1996,6.86610984802246,25756.6777073618,1.72499644756317,,76.6934146341464,2.45511,7855.56192,True,False
FIN,1997,,24682.29083271,1.72499644756317,,76.8785365853659,2.6226,7855.56192,True,True
FIN,1998,,25999.9861694953,1.94985711574554,,77.0907317073171,2.78542,7855.56192,True,False
FIN,1999,5.87123012542725,26180.4128562349,1.94985711574554,,77.2912195121951,3.05687,7855.56192,True,True
FIN,2000,5.71163988113403,24335.9225082659,2.02971863746643,7.09544373,77.4658536585366,3.24271,7855.56192,True,False
FIN,2001,5.84084987640381,24965.202996776,2.02971863746643,7.25165653,77.9658536585366,3.19405,7855.56192,True,True
FIN,2002,6.01865005493164,26989.389260959,2.09640264511108,7.63005877,78.119512195122,3.25409,7855.56192,True,False
FIN,2003,6.168869972229,32920.0857192568,2.19400310516357,7.93988276,78.3682926829268,3.29898,7855.56192,True,False
FIN,2004,6.15823984146118,37768.1334202029,2.14761972427368,8.05999184,78.7146341463415,3.30943,7855.56192,False,False
FIN,2005,6.02582979202271,39049.8703780223,2.12453174591064,8.28901291,78.8170731707317,3.32412,7558.69966,False,False
FIN,2006,5.92960977554321,41214.0187765069,2.1676173210144,8.2858429,79.2146341463415,3.33285,7689.18984,False,False
FIN,2007,5.67164993286133,48473.0240091455,1.96812081336975,8.08415604,79.2634146341464,3.33727,7390.55027,False,False
FIN,2008,5.83046007156372,53769.4726240385,2.04124021530151,8.34362221,79.5682926829268,3.53719,7712.31606,False,False
FIN,2009,6.45998001098633,47478.3495310999,2.22546005249023,9.16182804,79.719512195122,3.73427,7669.28354,False,False
FIN,2010,6.504310131073,46506.2919016566,2.22388696670532,9.14183331,79.8707317073171,3.70524,7740.92101,False,False
FIN,2011,6.45624017715454,51060.3242589767,2.23519229888916,9.23903561,80.4707317073171,3.62434,7441.97757,False,False
FIN,2012,7.1715497970581,47551.6740841369,2.2103111743927,9.61732101,80.6268292682927,3.4095,7492.46096,False,False
FIN,2013,7.15288019180298,49691.0145200739,2.18062210083008,9.84504986,80.9756097560976,3.28462,7222.80668,False,False
FIN,2014,7.13832998275757,50073.7760815871,2.02504563331604,9.83066177,81.1804878048781,3.16344,7022.1865,False,False
FIN,2015,7.07199001312256,42560.3456767103,1.84316194057465,9.69998264,81.4804878048781,2.88826,6855.97138,False,False
FIN,2016,6.90873003005981,43451.2562442158,1.84161901473999,9.45625591,81.4292682926829,2.74716,6543.69993,False,False
FIN,2017,6.40826988220215,46085.0174739036,1.9772777557373,9.19148445,81.6317073170732,2.74723,6731.45341,False,False
FIN,2018,6.31771993637085,49654.2497035329,2.01387786865234,9.10587025,81.7341463414634,2.77601,6872.68968,False,False
FIN,2019,6.45300006866455,48358.1807773701,1.97280502319336,9.22295189,81.9829268292683,2.81534,7245.85837,False,False
FIN,2020,6.6812801361084,48828.6846862799,1.90100395679474,9.69977188,81.9317073170732,2.93278,7548.32504,False,False
FIN,2021,6.58820009231567,53099.1351400148,1.91831088066101,9.90969753,81.8853658536585,3.01133,7870.42868,False,False
FIN,2022,6.37578010559082,50440.560224974,1.75458240509033,9.74152565,81.1878048780488,2.982,8073.32591,False,False
FIN,2023,,52834.2916752703,1.73860657215118,10.47389507,81.5853658536585,3.0938,8314.89822,False,False
FIN,2024,,53149.7671934051,1.73860657215118,,82.3365853658537,,8314.89822,True,True
FRA,1995,5.8120698928833,26791.8151982369,1.25185739994049,,77.7512195121951,,2656.27136,True,True
FRA,1996,5.78116989135742,26757.6351494145,1.25185739994049,,77.9536585365854,2.23224,2656.27136,False,False
FRA,1997,,24169.4008102822,1.25185739994049,,78.3048780487805,2.15216,2646.3481,False,True
FRA,1998,5.71147012710571,24869.4030795939,1.45350337028503,,78.6048780487805,2.10343,2654.5869,False,False
FRA,1999,,24576.3152254528,1.45350337028503,,78.7560975609756,2.1165,2723.93306,False,True
FRA,2000,,22340.5939516217,1.63705730438232,9.61744022,79.0560975609756,2.10066,2902.95091,False,False
FRA,2001,,22331.7948343036,1.63705730438232,9.75719261,79.1585365853659,2.1494,2971.39049,False,True
FRA,2002,,24144.5727019529,1.54408168792725,10.08250141,79.2609756097561,2.18758,3100.95366,False,False
FRA,2003,,29479.5222101175,1.6510945558548,10.13474941,79.1146341463415,2.13086,3184.63585,False,False
FRA,2004,,33644.9282220364,1.75563025474548,10.2117033,80.1634146341463,2.10438,3320.66694,False,False
FRA,2005,,34696.3718316971,1.66645479202271,10.23720551,80.1634146341463,2.05599,3297.84746,False,False
FRA,2006,,36431.5658906555,1.62847626209259,10.39764977,80.8121951219512,2.05331,3405.181,False,False
FRA,2007,,41486.1907828787,1.46457493305206,10.33418846,81.1121951219512,2.02815,3563.56539,False,False
FRA,2008,,45464.8181385158,1.57403433322906,10.51340675,81.2146341463415,2.06363,3636.48425,False,False
FRA,2009,,41728.0884164132,1.47705447673798,11.29095459,81.4146341463415,2.21273,3722.99987,False,False
FRA,2010,,40694.8211697025,1.46266102790833,11.22430801,81.6634146341463,2.17771,3849.5934,False,False
FRA,2011,,43929.7840873812,1.39230680465698,11.17601013,82.1146341463415,2.18761,3920.65709,False,False
FRA,2012,,40863.5814412333,1.37338125705719,11.33749485,81.9682926829268,2.22761,4052.17043,False,False
FRA,2013,,42669.1795111893,1.48205244541168,11.37891197,82.219512195122,2.23369,4133.56261,False,False
FRA,2014,,43148.0459288416,1.41287088394165,11.57935429,82.719512195122,2.27173,4210.03605,False,False
FRA,2015,,36702.4323733379,1.41732227802277,11.50032997,82.3219512195122,2.22401,4310.70957,False,False
FRA,2016,,37024.2157133669,1.38062357902527,11.57036018,82.5731707317073,2.22468,4392.04699,False,False
FRA,2017,5.46482992172241,38687.1626407164,1.30890679359436,11.44944572,82.5756097560976,2.20422,4546.76212,False,False
FRA,2018,5.42540979385376,41418.1766484844,1.41971850395203,11.30847645,82.6756097560976,2.20407,4670.53241,False,False
FRA,2019,5.36638021469116,40408.2848574751,1.33822000026703,11.17058277,82.8268292682927,2.19668,4773.97249,False,False
FRA,2020,5.65871000289917,39169.8606000707,1.2042510509491,12.12949371,82.1756097560976,2.2742,4883.2219,False,False
FRA,2021,5.41743993759155,43725.0999521245,1.22854030132294,12.24894238,82.3243902439024,2.21278,5058.05374,False,False
FRA,2022,5.32434988021851,40988.6396406579,1.16521215438843,11.82888794,82.1292682926829,2.21937,5181.84576,False,False
FRA,2023,,44700.1384177544,1.14462625980377,11.51974583,82.8317073170732,2.17832,5368.63555,False,False
FRA,2024,,46103.0840855884,1.14462625980377,11.53530598,82.9804878048781,,5368.63555,True,True
GBR,1995,4.83926010131836,23252.6157127423,1.88219606876373,,76.8365853658537,,2485.75438,True,True
GBR,1996,4.37826013565063,24503.3829602903,1.88219606876373,,77.0878048780488,1.5754,2485.75438,False,False
GBR,1997,,26910.1381529902,1.88219606876373,,77.2109756097561,1.53729,2495.08042,False,True
GBR,1998,4.20707988739014,28396.3523548013,1.86216461658478,,77.190243902439,1.54777,2694.02542,False,False
GBR,1999,3.988450050354,28858.0065333126,1.86216461658478,,77.390243902439,1.62268,2853.23907,False,True
GBR,2000,4.01820993423462,28383.8761094996,1.76882231235504,7.14559078,77.7414634146342,1.60963,2893.37563,False,False
GBR,2001,4.1001501083374,28013.8729635508,1.76882231235504,7.43276882,77.9926829268293,1.59544,3078.40932,False,True
GBR,2002,4.61190986633301,30158.7017807858,1.77972555160522,7.85946798,78.1439024390244,1.61383,3335.62719,False,False
GBR,2003,4.8012900352478,34556.7726095905,1.74633467197418,8.05214596,78.4463414634146,1.58131,3631.25708,False,False
GBR,2004,4.73555994033813,40504.4118103928,1.86802077293396,8.32219028,78.7463414634146,1.53089,3818.23524,False,False
GBR,2005,4.92975997924805,42240.2462987547,1.76157212257385,8.38108349,79.0487804878049,1.55004,4117.74512,False,False
GBR,2006,4.97648000717163,44695.161023424,1.6667982339859,8.53970814,79.2487804878049,1.57625,4176.43751,False,False
GBR,2007,4.9244499206543,50629.0799172887,1.64163875579834,8.76035309,79.4487804878049,1.6183,4122.71329,False,False
GBR,2008,4.90972995758057,47652.4030691881,1.63480663299561,9.03295708,79.6,1.60901,4077.28663,False,False
GBR,2009,5.06263017654419,39009.3715547821,1.50809645652771,9.83944035,80.0512195121951,1.66991,4113.41572,False,False
GBR,2010,5.69868993759155,39778.3220528565,1.6179975271225,9.78799534,80.4024390243902,1.63887,4089.20558,False,False
GBR,2011,5.57219982147217,42295.9273835322,1.60419464111328,9.79682636,80.9512195121951,1.64681,3973.02377,False,False
GBR,2012,,42688.3263728372,1.59121036529541,9.89332199,80.9048780487805,1.57587,4017.98198,False,False
GBR,2013,5.52529001235962,43606.9837896348,1.51226651668549,9.99087143,81.0048780487805,1.62096,4171.80763,False,False
GBR,2014,5.60134983062744,47746.2421759562,1.62349116802216,9.97686195,81.3048780487805,2.26488,4280.79983,False,False
GBR,2015,5.55453014373779,45255.3449216209,1.70522773265839,9.94044876,80.9560975609756,2.27566,4389.5625,False,False
GBR,2016,5.42795991897583,41257.9085545556,1.57377743721008,9.87085724,81.1560975609756,2.32051,4434.65942,False,False
GBR,2017,5.45254993438721,40916.8115070354,1.4309287071228,9.70468903,81.2560975609756,2.32602,4472.69458,False,False
GBR,2018,5.20438003540039,43702.9976303165,1.36169874668121,9.79496574,81.2560975609756,2.70889,4472.69458,True,False
GBR,2019,5.26116991043091,43158.7411267323,1.44982588291168,9.97954082,81.3691219512195,2.6707,4472.69458,True,False
GBR,2020,5.43936014175415,40812.6794663879,1.33215415477753,12.10388088,80.331756097561,2.93993,4472.69458,True,False
GBR,2021,5.90681982040405,47691.3768799404,1.23967301845551,12.08347321,80.6473170731707,2.89968,4472.69458,True,False
GBR,2022,,47057.043229179,1.23809003829956,11.09679794,81.0112195121951,2.75224,4472.69458,True,False
GBR,2023,,49944.4702124201,1.16114270687103,10.99128914,81.2380975609756,2.67614,4472.69458,True,False
GBR,2024,,53246.3676145108,1.16114270687103,11.133358,81.3868536585366,,4472.69458,True,True
GRC,1995,,12779.081491606,0.837555170059204,,77.5853658536585,,1034.83571,True,True
GRC,1996,,13432.5262183244,0.837555170059204,,77.6853658536585,,1034.83571,True,False
GRC,1997,,13015.9175046854,0.837555170059204,,78.1365853658537,0.44268,1034.83571,False,True
GRC,1998,2.9923300743103,13022.9648774809,0.736908495426178,,77.8390243902439,,1034.83571,True,False
GRC,1999,3.14823007583618,12742.5404388143,0.736908495426178,,77.9878048780488,0.59085,1378.09346,False,True
GRC,2000,3.35086011886597,11638.2010697215,0.587037920951843,7.51388931,77.8878048780488,,1378.09346,True,False
GRC,2001,3.47308993339539,12156.9572824221,0.587037920951843,8.24545956,78.3878048780488,0.57753,1329.34234,False,True
GRC,2002,3.52255010604858,13782.195640943,0.776045680046082,8.46998692,78.6414634146341,,1329.34234,True,False
GRC,2003,3.52407002449036,18020.612039764,0.703846335411072,8.68253994,78.8414634146341,0.56163,1433.39172,False,False
GRC,2004,3.76059007644653,21449.2552764245,0.785955905914307,8.30002213,79.0390243902439,0.54073,1433.39172,True,False
GRC,2005,4.0549201965332,22054.1315756886,0.709748506546021,8.76117897,79.2390243902439,0.59224,1787.19397,False,False
GRC,2006,,24416.0232970275,0.629231572151184,8.39596939,79.4390243902439,0.57051,1809.7524,False,False
GRC,2007,,28440.7625328955,0.551828980445862,8.52304935,79.4390243902439,0.58513,1904.75068,False,False
GRC,2008,,31695.8331092209,0.577969372272491,8.948102,79.9390243902439,0.67086,1904.75068,True,False
GRC,2009,,29425.4573200263,0.615196585655212,9.53581333,80.1878048780488,0.63414,1904.75068,True,False
GRC,2010,,26653.0488008626,0.492912799119949,9.61952496,80.3878048780488,0.60491,1904.75068,True,False
GRC,2011,,25504.7866510124,0.451953709125519,9.18577003,80.7317073170732,0.6837,2217.3345,False,False
GRC,2012,,21624.346052551,0.276448935270309,9.04327774,80.6341463414634,0.71953,2236.28739,False,False
GRC,2013,,21573.3449762805,0.357173413038254,8.52183914,81.2853658536585,0.82288,2655.47213,False,False
GRC,2014,,21474.7257123892,0.298027336597443,7.94358587,81.3853658536585,0.84553,2733.92303,False,False
GRC,2015,3.68238997459412,17980.7298238137,0.145935848355293,8.26719952,81.0365853658537,0.9716,3196.52298,False,False
GRC,2016,,17919.2426377048,0.124417319893837,8.45097542,81.3878048780488,1.00556,2726.60076,False,False
GRC,2017,3.46778011322021,18631.9930129293,0.239155456423759,8.11336899,81.2878048780488,1.1492,3250.61522,False,False
GRC,2018,3.57626008987427,19873.4015238771,0.25846466422081,8.07267761,81.7878048780488,1.2066,3416.08087,False,False
GRC,2019,3.55062007904053,19335.3602002969,0.314295798540115,8.11709499,81.6390243902439,1.26236,3644.60084,False,False
GRC,2020,,17886.733165236,0.402936995029449,9.38074493,81.2878048780488,1.48872,4008.18457,False,False
GRC,2021,,20654.7001960815,0.406026542186737,9.03178692,80.0829268292683,1.43353,4244.36826,False,False
GRC,2022,3.37547993659973,20886.5243087629,0.446967661380768,8.44938278,80.7878048780488,1.47714,4926.78077,False,False
GRC,2023,,23343.7103964562,0.148003026843071,8.39367008,81.7365853658537,1.4943,5283.3671,False,False
GRC,2024,,24626.1481858973,0.148003026843071,,81.8390243902439,,5283.3671,True,True
HUN,1995,4.8316798210144,4509.41740910077,0.863268733024597,,69.7917073170732,,1009.14592,True,True
HUN,1996,4.31855010986328,4542.0120380978,0.863268733024597,,70.3287804878049,0.62791,1009.14592,False,False
HUN,1997,,4606.0569733295,0.863268733024597,,70.7024390243902,0.69745,1083.88096,False,True
HUN,1998,4.40161991119385,4751.7732430202,0.936182856559753,,70.5578048780488,0.65606,1142.65899,False,False
HUN,1999,4.55900001525879,4801.95949584162,0.936182856559753,,70.6770731707317,0.67067,1228.7746,False,True
HUN,2000,4.8624701499939,4629.91760812548,0.999929845333099,6.76979256,71.2463414634146,0.78999,1411.99814,False,False
HUN,2001,4.92643976211548,5280.94887987063,0.999929845333099,6.8197937,72.2487804878049,0.91225,1440.86103,False,True
HUN,2002,5.17711019515991,6658.04494326809,0.991949141025543,7.1181159,72.3487804878049,0.98314,1473.69545,False,False
HUN,2003,5.79872989654541,8410.09248198479,0.827253758907318,8.12986469,72.3,0.91985,1499.67591,False,False
HUN,2004,5.33301019668579,10291.2694721409,0.801826775074005,7.76592064,72.6487804878049,0.86077,1476.26637,False,False
HUN,2005,5.32539987564087,11212.2046968994,0.7481929063797,7.99248505,72.6487804878049,0.92043,1575.84829,False,False
HUN,2006,5.29485988616943,11478.4891640501,0.839411973953247,7.78556442,73.0975609756098,0.97835,1745.00319,False,False
HUN,2007,5.13725996017456,13934.605460375,0.691066801548004,7.20719147,73.1512195121951,0.95488,1731.42684,False,False
HUN,2008,4.97069978713989,15762.6322515113,0.695977866649628,7.09275723,73.7024390243903,0.97817,1845.99803,False,False
HUN,2009,4.95626020431519,13051.1831777184,0.66804838180542,7.2366724,73.9048780487805,1.13027,2004.50214,False,False
HUN,2010,4.73365020751953,13189.8433874768,0.644822657108307,7.46420383,74.2073170731707,1.13102,2135.63344,False,False
HUN,2011,4.57056999206543,14211.460557822,0.65021163225174,7.49342251,74.8585365853659,1.18116,2309.99213,False,False
HUN,2012,4.15359020233154,12950.1594488143,0.608617842197418,7.43047714,75.0634146341463,1.25758,2400.89424,False,False
HUN,2013,4.19040012359619,13739.4620151401,0.678418397903442,7.23645353,75.5658536585366,1.38449,2527.84945,False,False
HUN,2014,4.59878015518188,14352.501883174,0.582895636558533,7.04192352,75.7634146341463,1.3437,2654.79529,False,False
HUN,2015,4.49287986755371,12782.9412577973,0.509736955165863,6.8501935,75.5682926829269,1.33884,2569.66887,False,False
HUN,2016,4.60210990905762,13215.8605277789,0.457127034664154,6.96752644,76.0634146341464,1.17645,2625.94197,False,False
HUN,2017,4.64034986495972,14736.1668157258,0.481280267238617,6.73338366,75.8170731707317,1.31498,2902.24254,False,False
HUN,2018,4.60567998886108,16605.0570511887,0.443152636289597,6.55460501,76.0658536585366,1.50196,3846.48666,False,False
HUN,2019,4.20140981674194,17012.8598553199,0.450478911399841,6.24677849,76.3195121951219,1.46473,4021.15293,False,False
HUN,2020,4.12265014648438,16386.9308821258,0.538535594940186,7.230515,75.419512195122,1.58067,4309.61589,False,False
HUN,2021,4.65407991409302,19030.628130329,0.596821069717407,7.33524847,74.0658536585366,1.63327,4452.48668,False,False
HUN,2022,3.8011999130249,18428.028825614,0.533869922161102,6.6474123,75.8682926829268,1.39056,4725.1504,False,False
HUN,2023,,22230.6277875187,0.372758895158768,6.36868954,76.5707317073171,1.37748,4567.0829,False,False
HUN,2024,,23292.3263882478,0.372758895158768,,76.7243902439025,,4567.0829,True,True
IDN,1995,1.00434994697571,1011.22614205568,-0.705335676670074,,65.263,,209.65817,True,True
IDN,1996,1.07854998111725,1118.92133024129,-0.705335676670074,,65.465,,209.65817,True,False
IDN,1997,1.07208001613617,1044.60674832472,-0.705335676670074,,65.774,,209.65817,True,True
IDN,1998,,454.877800792123,-0.694517493247986,,65.942,,209.65817,True,False
IDN,1999,,657.268934667018,-0.694517493247986,,66.001,,209.65817,True,True
IDN,2000,,763.711124950924,-0.366054028272629,1.85297656,66.292,0.06769,209.65817,False,False
IDN,2001,2.46003007888794,732.307093405708,-0.366054028272629,2.11850214,66.583,0.04756,196.3356,False,True
IDN,2002,2.64568996429443,881.002913569131,-0.550523042678833,1.98062706,66.954,,196.3356,True,False
IDN,2003,3.21799993515015,1043.2105838671,-0.596454501152039,2.24837184,67.134,,196.3356,True,False
IDN,2004,2.74846005439758,1126.84004447173,-0.490505009889603,2.12002277,65.521,,196.3356,True,False
IDN,2005,2.87281990051269,1238.21447629488,-0.502644717693329,2.53189397,67.531,,196.3356,True,False
IDN,2006,,1558.31562847163,-0.348611891269684,2.61946416,67.664,,196.3356,True,False
IDN,2007,3.04426002502441,1823.21976255073,-0.307463616132736,2.82385564,67.914,,196.3356,True,False
IDN,2008,2.90190005302429,2124.55483920618,-0.262719124555588,2.54842305,68.085,,196.3356,True,False
IDN,2009,3.52513003349304,2218.48541852977,-0.330059111118317,2.62324095,68.267,0.08332,88.33347,False,False
IDN,2010,2.81227993965149,3065.68348377765,-0.266941010951996,2.7908783,68.364,,88.33347,True,False
IDN,2011,3.18944001197815,3579.46442466152,-0.321591943502426,2.98942471,68.629,,88.33347,True,False
IDN,2012,3.40748000144958,3632.27254030331,-0.330479681491852,2.91427088,68.862,,88.33347,True,False
IDN,2013,3.35904002189636,3566.60284506078,-0.244262352585793,2.86934805,69.064,0.0847,88.33347,True,False
IDN,2014,3.28800988197327,3441.06808464008,-0.0666907653212547,2.96433568,69.292,,88.33347,True,False
IDN,2015,3.58361005783081,3288.22269725538,-0.325818121433258,2.92428517,69.52,,88.33347,True,False
IDN,2016,1.21023452496964,3521.46943457574,-0.0507822521030903,3.02147198,69.733,0.24535,177.73496,False,False
IDN,2017,1.05324382490056,3798.88326174526,-0.0197342690080404,2.90417194,69.953,0.23805,214.08281,False,False
IDN,2018,0.994436460846179,3860.95353090726,0.141379877924919,2.86757827,70.08,0.22632,215.18755,False,False
IDN,2019,0.964399077622927,4106.94856160358,0.138700008392334,2.87862897,70.349,0.27129,387.17063,False,False
IDN,2020,1.01593221347809,3853.70288774146,0.31706503033638,3.42067289,68.817,0.28068,395.34168,False,False
IDN,2021,1.03221750658374,4287.17313995098,0.346443444490433,3.70634937,67.452,,395.34168,True,False
IDN,2022,0.863943349575907,4730.83484836107,0.436147511005402,2.69389749,70.925,,395.34168,True,False
IDN,2023,1.27517088245674,4876.30774512252,0.58032637834549,2.70239949,71.146,,395.34168,True,False
IDN,2024,,4925.43048751861,0.58032637834549,,71.288,,395.34168,True,True
IND,1995,,375.17600537305,-0.111606687307358,,60.63,,153.94902,True,True
IND,1996,,401.046754673579,-0.111606687307358,,61.027,0.63905,153.94902,False,False
IND,1997,3.36137008666992,416.228116203753,-0.111606687307358,,61.439,0.68669,153.94902,True,True
IND,1998,3.57257008552551,413.630864056851,-0.11445739865303,,61.852,0.70378,116.49341,False,False
IND,1999,4.41538000106812,441.927991436397,-0.11445739865303,,62.284,0.72413,116.49341,True,True
IND,2000,4.32480001449585,442.750218937263,-0.187351524829865,4.10568476,62.749,0.75699,110.62568,False,False
IND,2001,,450.357900514128,-0.187351524829865,4.33754253,63.158,0.73591,110.62568,True,True
IND,2002,,469.149928973927,-0.189068421721458,4.31453371,63.649,0.72567,110.62568,True,False
IND,2003,3.61342000961304,544.143133545002,-0.143909424543381,4.07877731,64.086,0.71929,110.62568,True,False
IND,2004,3.35254001617432,624.258826510066,-0.179698884487152,4.02679491,64.484,0.7569,110.62568,True,False
IND,2005,3.18876004219055,710.488080408949,-0.0987746343016624,3.85508275,64.939,0.82411,135.14649,False,False
IND,2006,3.14284992218018,801.668353659022,-0.0953764915466309,3.66901541,65.373,0.80473,135.14649,True,False
IND,2007,,1021.88707706826,0.136991709470749,3.58103991,65.803,0.80507,135.14649,True,False
IND,2008,,992.519584923828,-0.00973291415721178,3.58856082,66.247,0.85876,135.14649,True,False
IND,2009,3.27824997901917,1094.94974598436,-0.00329578877426684,3.54637694,66.7,0.83314,135.14649,True,False
IND,2010,3.377690076828,1347.51939071367,0.0316559858620167,3.33625913,67.162,0.78849,156.19059,False,False
IND,2011,3.79618000984192,1445.46127486037,0.0225540697574615,3.24634218,67.623,0.75502,156.19059,True,False
IND,2012,3.8675000667572,1429.32199520032,-0.15608711540699,3.32935286,68.076,0.74399,156.19059,True,False
IND,2013,3.84467005729675,1432.84397512195,-0.157355144619942,3.74944186,68.499,0.70642,156.19059,True,False
IND,2014,3.89878023242693,1553.88396075118,-0.222846582531929,3.61956549,68.932,0.70158,156.19059,True,False
IND,2015,4.1145601272583,1583.99815907985,0.0800815001130104,3.59565973,69.326,0.6931,214.34935,False,False
IND,2016,4.25406980514526,1707.50892912243,0.0613894164562225,3.50430417,69.709,0.66984,214.34935,True,False
IND,2017,4.30543994903565,1950.10468280866,0.0410966314375401,2.93597651,70.068,0.66603,214.34935,True,False
IND,2018,4.36374998092651,1966.25455171679,0.262917786836624,2.8584938,70.415,0.66001,250.00794,False,False
IND,2019,3.89732003211975,2041.42863698585,0.130771830677986,2.95299792,70.746,0.65942,250.00794,True,False
IND,2020,4.29335021972656,1907.04251637669,0.374532461166382,3.34146094,70.156,0.64558,259.26325,False,False
IND,2021,4.62949991226196,2239.61384367482,0.249238416552544,3.34680939,67.282,,259.26325,True,False
IND,2022,4.09865814174589,2347.44829434623,0.369541674852371,3.39623499,71.698,,259.26325,True,False
IND,2023,,2530.12031278204,0.47511014342308,3.33944035,72.003,,259.26325,True,False
IND,2024,,2694.73780859961,0.47511014342308,,72.235,,259.26325,True,True
IRL,1995,4.87162017822266,19158.4564773907,1.67031967639923,,75.4693170731707,,1771.6011,True,True
IRL,1996,4.75392007827759,20835.8977130847,1.67031967639923,,75.8317073170732,1.27156,1771.6011,False,False
IRL,1997,,22551.1139134126,1.67031967639923,,75.9853658536585,1.24271,1929.23033,False,True
IRL,1998,4.28753995895386,24294.8547674007,1.73684322834015,,76.1804878048781,1.20801,2091.11026,False,False
IRL,1999,4.13379001617432,26338.1077543817,1.73684322834015,,76.0829268292683,1.15141,2111.48773,False,True
IRL,2000,4.13226985931396,26334.5672050501,1.59273290634155,5.8990283,76.5365853658537,1.08383,2255.69685,False,False
IRL,2001,4.08750009536743,28282.409882073,1.59273290634155,6.39249372,77.1341463414634,1.05194,2336.65114,False,True
IRL,2002,4.10487985610962,32705.4345565698,1.57149362564087,6.67263031,77.6341463414634,1.05575,2406.49548,False,False
IRL,2003,4.20493984222412,41203.5295847568,1.49655044078827,7.00761414,78.1390243902439,1.12435,2534.61201,False,False
IRL,2004,4.48295021057129,47754.2023194244,1.51924753189087,7.21972942,78.5390243902439,1.17778,2735.33169,False,False
IRL,2005,4.51897001266479,50933.0216095589,1.73055720329285,7.64242792,78.9439024390244,1.19197,2821.26494,False,False
IRL,2006,4.54742002487183,54329.1618599624,1.53167414665222,7.51646996,79.2414634146342,1.19887,2895.65117,False,False
IRL,2007,4.71541976928711,61396.417461176,1.55425381660461,7.80773735,79.6414634146341,1.23409,2929.08877,False,False
IRL,2008,5.45828008651733,61353.1065629523,1.49149310588837,9.12564754,80.0951219512195,1.39126,3256.66919,False,False
IRL,2009,6.15609979629517,52133.0906162544,1.33218801021576,10.52275753,80.190243902439,1.61371,3139.86576,False,False
IRL,2010,6.04835987091065,48623.9666422487,1.34430372714996,10.52062798,80.7439024390244,1.59425,3116.61747,False,False
IRL,2011,5.77199983596802,52613.8540355689,1.45015203952789,10.4888649,80.7463414634146,1.53761,3341.4018,False,False
IRL,2012,5.70776987075806,49335.8408099555,1.53906953334808,10.47466946,80.8463414634146,1.5455,4873.66344,False,False
IRL,2013,5.23177003860474,52537.6108648692,1.50404286384583,10.0333004,80.9487804878049,1.53562,5141.73776,False,False
IRL,2014,4.73554992675781,57214.5379785709,1.59883308410645,9.23077869,81.3487804878049,1.47756,5290.95054,False,False
IRL,2015,3.62438988685608,64250.1385181257,1.52084052562714,7.07827806,81.4536585365854,1.14062,5242.06636,False,False
IRL,2016,3.65881991386414,64129.5571542383,1.32955777645111,7.3382206,81.6536585365854,1.14954,5143.85544,False,False
IRL,2017,3.37737011909485,72161.4047531385,1.26728880405426,6.91718578,82.1560975609756,1.20821,5114.19434,False,False
IRL,2018,3.30347990989685,80804.1123164826,1.37824308872223,6.74710846,82.2048780487805,1.08244,4656.77702,False,False
IRL,2019,3.22984004020691,81827.6688873996,1.2575615644455,6.61860561,82.7024390243903,1.13733,4961.4389,False,False
IRL,2020,3.19163990020752,86514.0706108754,1.43524384498596,6.97323275,82.4560975609756,1.12466,5196.11055,False,False
IRL,2021,2.90461993217468,103783.446284479,1.46342539787292,6.44113493,82.2536585365854,1.0732,5213.43167,False,False
IRL,2022,,105190.685952731,1.5485702753067,6.02078247,82.509756097561,1.53215,5554.98837,False,False
IRL,2023,,106818.917130804,1.59114551544189,6.57538509,82.8073170731707,1.58829,5752.79698,False,False
IRL,2024,,112894.953240805,1.59114551544189,6.85410833,83.009756097561,,5752.79698,True,True
IRN,1995,4.08178997039795,1550.0095955025,-0.600068271160126,,67.904,,695.93817,True,True
IRN,1996,3.53777003288269,1914.78121294313,-0.600068271160126,,68.328,,695.93817,True,False
IRN,1997,,1790.06617575598,-0.600068271160126,,68.649,,695.93817,True,True
IRN,1998,,1709.19334096046,-0.490328997373581,,69.214,,695.93817,True,False
IRN,1999,4.22040987014771,1739.59462001458,-0.490328997373581,,69.686,,695.93817,True,True
IRN,2000,4.03064012527466,1650.01385833785,-0.492341905832291,4.72250843,70.166,,695.93817,True,False
IRN,2001,4.07168006896973,1881.02266635283,-0.492341905832291,5.16087341,70.619,0.50218,695.93817,True,True
IRN,2002,4.48487997055054,1891.25756091033,-0.616700828075409,4.65182209,71.112,0.49558,695.93817,True,False
IRN,2003,4.36323022842407,2208.99636552406,-0.565392553806305,4.95589161,70.464,0.59484,695.93817,True,False
IRN,2004,4.29662990570068,2672.4226651404,-0.501296877861023,5.12801409,72.04,0.50453,695.93817,True,False
IRN,2005,4.05651998519897,3132.0508192007,-0.662730693817139,5.29996157,72.446,0.62284,695.93817,True,False
IRN,2006,4.28998994827271,3618.91601364428,-0.555354535579681,5.15990877,72.895,0.55921,695.93817,False,False
IRN,2007,4.59681987762451,4687.99166260718,-0.648909568786621,4.91188192,73.299,,695.93817,True,False
IRN,2008,3.91376996040344,5377.4115072957,-0.682821750640869,5.03990459,73.683,0.64647,723.09305,False,False
IRN,2009,3.84244990348816,5415.52280553446,-0.577192842960358,6.11493444,74.041,0.27258,687.77269,False,False
IRN,2010,3.70917010307312,6291.19443655454,-0.49773833155632,6.29153061,74.39,0.26442,712.4395,False,False
IRN,2011,3.48497009277344,8025.68743364356,-0.452714681625366,6.09787989,74.721,,712.4395,True,False
IRN,2012,2.93899989128113,8114.08099831877,-0.542041420936584,6.12235355,75.039,0.29435,667.69317,False,False
IRN,2013,2.85279011726379,6222.74194840326,-0.690026342868805,5.73697805,75.349,0.23601,650.49973,False,False
IRN,2014,2.61668992042542,5672.06372896319,-0.438457310199738,6.81539536,75.635,,650.49973,True,False
IRN,2015,2.62911009788513,4952.73355532178,-0.253069669008255,8.38232708,75.907,0.39383,789.46238,False,False
IRN,2016,3.17396998405456,5710.59947089104,-0.237505525350571,7.80285025,76.155,,789.46238,True,False
IRN,2017,3.45956993103027,6000.93346404409,-0.241994991898537,7.71801233,76.396,0.75983,1409.14676,False,False
IRN,2018,3.61980009078979,4783.01067340237,-0.47861048579216,6.63571692,76.621,,1409.14676,True,False
IRN,2019,3.24005007743835,3997.4935449585,-0.599589228630066,6.23426771,76.855,0.78829,1588.4273,False,False
IRN,2020,3.20495009422302,3202.50003502169,-1.01759469509125,4.96098137,74.141,,1588.4273,True,False
IRN,2021,,4605.14881318992,-0.887051045894623,4.85886621,73.752,0.72665,2239.74005,False,False
IRN,2022,2.6699800491333,4721.20437099984,-0.882911622524261,5.62794113,76.799,,2239.74005,True,False
IRN,2023,2.82443290958712,5049.29931642754,-1.02239692211151,6.02542305,77.654,,2239.74005,True,False
IRN,2024,,5190.16959024821,-1.02239692211151,,77.854,,2239.74005,True,True
IRQ,1995,,619.135530927038,-2.08864450454712,,64.761,,370.8675,True,True
IRQ,1996,,485.258492784825,-2.08864450454712,,64.618,,370.8675,True,False
IRQ,1997,,936.341170908421,-2.08864450454712,,64.241,,370.8675,True,True
IRQ,1998,,900.937142559106,-1.91937220096588,,64.405,,370.8675,True,False
IRQ,1999,,1560.36466710272,-1.91937220096588,,64.532,,370.8675,True,True
IRQ,2000,,1980.18916038782,-1.9281210899353,,64.86,,370.8675,True,False
IRQ,2001,,1435.695683789,-1.9281210899353,,65.292,,370.8675,True,True
IRQ,2002,,1266.15961275094,-1.96257197856903,,65.724,,370.8675,True,False
IRQ,2003,,817.887862499622,-1.74967467784882,2.99693608,64.834,,370.8675,True,False
IRQ,2004,,1328.37157628292,-1.61869239807129,3.90128636,64.634,,370.8675,True,False
IRQ,2005,,1762.39360423421,-1.63549697399139,3.01704645,64.899,,370.8675,True,False
IRQ,2006,,2276.55435744086,-1.73054528236389,2.49370432,64.029,,370.8675,True,False
IRQ,2007,,3128.99010329066,-1.56380665302277,3.2148056,64.428,0.04554,370.8675,False,False
IRQ,2008,,4542.96609046032,-1.2360702753067,3.06604242,66.465,0.03435,391.66134,False,False
IRQ,2009,,3714.71205987194,-1.18672871589661,3.77203989,67.834,0.04562,407.43142,False,False
IRQ,2010,,4461.75196161555,-1.1039627790451,3.23955345,68.092,0.03684,420.64715,False,False
IRQ,2011,,5775.54229080293,-1.07451224327087,2.80316377,68.435,0.03476,429.8312,False,False
IRQ,2012,,6477.59618450955,-1.05595529079437,2.69365859,68.827,,429.8312,True,False
IRQ,2013,,6650.35282247395,-1.04929423332214,2.80868459,69.047,,429.8312,True,False
IRQ,2014,,6249.39226978969,-1.05569767951965,2.78786659,69.679,0.03835,66.44057,False,False
IRQ,2015,,4440.14189252367,-1.2022225856781,3.15587044,69.977,0.04017,63.15466,False,False
IRQ,2016,,4334.42096404188,-1.23010790348053,4.57253027,68.683,0.03737,62.30752,False,False
IRQ,2017,,4759.2846435467,-1.22211647033691,4.08944416,69.788,0.04596,102.2908,False,False
IRQ,2018,,5646.68932074742,-1.26693630218506,4.07600641,71.116,0.04279,107.3521,False,False
IRQ,2019,,5671.8568632942,-1.31078171730042,4.207232,71.245,0.03266,118.26846,False,False
IRQ,2020,,4295.18945121228,-1.30339181423187,5.72766161,69.651,0.04053,136.59963,False,False
IRQ,2021,,4868.49431080783,-1.32009863853455,5.14179993,70.704,0.0407,164.28484,False,False
IRQ,2022,,6520.73154560584,-1.30276036262512,4.33226347,72.037,,164.28484,True,False
IRQ,2023,,5965.31835077761,-1.38960635662079,5.53275251,72.324,,164.28484,True,False
IRQ,2024,,6073.61032342708,-1.38960635662079,,72.424,,164.28484,True,True
ISR,1995,,19025.6840502517,0.77417254447937,,77.4512195121951,,,True,True
ISR,1996,,20224.2789080629,0.77417254447937,,78.1048780487805,2.4753,,True,False
ISR,1997,,20469.4699017497,0.77417254447937,,78.0,2.69533,,True,True
ISR,1998,6.40023994445801,20188.8141481667,1.04076933860779,,78.1487804878049,2.80723,,True,False
ISR,1999,6.1956000328064,19823.2138876277,1.04076933860779,,78.6585365853659,3.21199,,True,True
ISR,2000,5.93116998672485,21706.5194056329,1.05533421039581,6.59421921,78.9536585365854,3.81316,,True,False
ISR,2001,6.17636013031006,20966.3052667971,1.05533421039581,6.99914265,79.4073170731707,4.05338,,True,True
ISR,2002,6.24923992156982,19076.4584298321,1.03079378604889,6.90767479,79.4512195121951,3.99197,,True,False
ISR,2003,6.13486003875732,19643.4690380742,1.13986682891846,6.84975958,79.6487804878049,3.76142,,True,False
ISR,2004,5.75040006637573,20568.0694088834,1.2419970035553,6.79696989,80.1463414634146,3.74703,,True,False
ISR,2005,5.56489992141724,21286.8388636595,1.03845989704132,6.8828454,80.1512195121951,3.91123,,True,False
ISR,2006,5.58409023284912,22527.2619795719,1.24783563613892,6.70000744,80.5536585365854,4.01416,,True,False
ISR,2007,5.33169984817505,25721.2594077311,1.23067355155945,6.67256165,80.5048780487805,4.28533,,True,False
ISR,2008,5.40716981887817,30269.217773489,1.32564425468445,6.80668306,80.9512195121951,4.24165,,True,False
ISR,2009,5.34174013137817,28508.4938886475,1.27143526077271,6.86992359,81.4048780487805,4.01799,,True,False
ISR,2010,5.40408992767334,31439.0887027614,1.38622903823853,6.85038328,81.6024390243903,3.8421,,True,False
ISR,2011,5.42928981781006,34522.5215979073,1.33679676055908,6.80594969,81.6560975609756,3.91608,,True,False
ISR,2012,5.56122016906738,33321.4300881602,1.26981163024902,6.94185257,81.7048780487805,4.06028,,True,False
ISR,2013,5.76972007751465,37034.3161080785,1.24306440353394,6.94074392,82.0560975609756,4.10651,,True,False
ISR,2014,5.69225978851318,38343.3046626235,1.20617961883545,7.02990532,82.1536585365854,4.19613,,True,False
ISR,2015,5.79657983779907,36213.1041481958,1.35655665397644,7.02090645,82.0512195121951,4.29761,,True,False
ISR,2016,5.80271005630493,37671.5389138798,1.30955588817596,7.09919167,82.4073170731707,4.59051,,True,False
ISR,2017,6.00425004959106,41138.470964272,1.34878790378571,7.17189407,82.5512195121951,4.74032,,True,False
ISR,2018,6.06919002532959,42362.6652754196,1.16925418376923,7.23550367,82.8024390243903,4.91965,,True,False
ISR,2019,6.06899976730347,44250.6313628073,1.28858661651611,7.20701885,82.8048780487805,5.35528,,True,False
ISR,2020,6.51824998855591,44575.5719045492,1.0519632101059,7.74801874,82.6487804878049,5.83209,,True,False
ISR,2021,6.16727018356323,52270.9040241956,1.25080215930939,7.83961058,82.5,5.75725,,True,False
ISR,2022,5.93291997909546,54949.621556429,1.23610758781433,7.12004995,82.7,6.17831,,True,False
ISR,2023,,52003.7200729997,1.1453697681427,7.09822369,83.1951219512195,6.34589,,True,False
ISR,2024,,54176.6844383302,1.1453697681427,,83.1975609756098,,,True,True
ITA,1995,4.3087100982666,20712.1798690324,0.840325474739075,,78.1707317073171,,1337.61364,True,True
ITA,1996,4.43967008590698,23122.9337219116,0.840325474739075,,78.5219512195122,0.94421,1337.61364,False,False
ITA,1997,,21883.9872666651,0.840325474739075,,78.8243902439024,0.98522,1148.96073,False,True
ITA,1998,4.44093990325928,22365.1837644545,0.829069972038269,,78.9756097560976,1.00275,1142.51929,False,False
ITA,1999,4.50165987014771,22049.9990620261,0.829069972038269,,79.4243902439024,0.97865,1137.5056,False,True
ITA,2000,4.27996015548706,20190.0035636084,0.72274261713028,7.54701233,79.7780487804878,1.00104,1154.70198,False,False
ITA,2001,4.63416004180908,20570.4385917862,0.72274261713028,7.71115828,80.1268292682927,1.03714,1164.25597,False,True
ITA,2002,4.41520977020264,22451.3964379368,0.753255426883698,7.83638906,80.2292682926829,1.07704,1242.88215,False,False
ITA,2003,4.52654981613159,27577.5700319855,0.743869483470917,7.80670929,79.9829268292683,1.05539,1222.71837,False,False
ITA,2004,4.37002992630005,31348.1901841445,0.628187000751495,8.13726902,80.7804878048781,1.04662,1242.48468,False,False
ITA,2005,4.22292995452881,32062.723833669,0.556203484535217,8.30906773,80.7829268292683,1.04057,1412.59398,False,False
ITA,2006,4.50464010238647,33537.1286994269,0.35609769821167,8.39791012,81.2829268292683,1.07903,1507.90404,False,False
ITA,2007,4.08763980865479,37826.1754554823,0.191648334264755,8.10167217,81.4341463414634,1.12421,1579.89282,False,False
ITA,2008,4.37188005447388,40828.5795580937,0.272778868675232,8.50157547,81.4853658536585,1.15548,1613.51417,False,False
ITA,2009,4.50414991378784,37099.6133958219,0.417277067899704,8.91290951,81.6365853658537,1.21261,1703.84695,False,False
ITA,2010,4.31626987457275,35856.8625485539,0.467300355434418,8.87928963,82.0365853658537,1.21296,1722.66807,False,False
ITA,2011,4.09431982040405,38432.3742820019,0.403479129076004,8.728508,82.1878048780488,1.19531,1760.64483,False,False
ITA,2012,4.03481006622315,34854.3949441965,0.447511166334152,8.7983427,82.2390243902439,1.25559,1831.34278,False,False
ITA,2013,4.12192010879517,35701.6746002376,0.532426714897156,8.7897644,82.690243902439,1.29425,1916.30366,False,False
ITA,2014,4.04026985168457,36028.3494022349,0.472872227430344,8.85913563,83.090243902439,1.33148,1947.34437,False,False
ITA,2015,4.05422019958496,30639.8829751432,0.49019667506218,8.84596729,82.5439024390244,1.33213,2075.80841,False,False
ITA,2016,3.795490026474,31391.5692898108,0.544244647026062,8.72043991,83.2439024390244,1.35915,2209.59265,False,False
ITA,2017,4.02662992477417,32844.115660604,0.491924196481705,8.69060516,82.9463414634147,1.36393,2322.42382,False,False
ITA,2018,4.24094009399414,34904.1081923834,0.408853262662888,8.65467453,83.3463414634146,1.41934,2524.31271,False,False
ITA,2019,4.07843017578125,33812.788724868,0.450929790735245,8.61536789,83.4975609756098,1.45558,2670.65345,False,False
ITA,2020,4.41803979873657,32091.4866621366,0.360754579305649,9.5643034,82.1951219512195,1.49869,2614.68181,False,False
ITA,2021,4.17118978500366,36852.5425414951,0.325260877609253,9.28164482,82.6463414634146,1.41065,2658.8949,False,False
ITA,2022,4.06775999069214,35653.9042103495,0.448645293712616,8.85022926,82.7,1.36563,2795.53412,False,False
ITA,2023,,39277.0838783918,0.611036896705627,8.40559483,83.3512195121951,1.37935,2855.12509,False,False
ITA,2024,,40385.3413957669,0.611036896705627,8.44437313,83.9512195121951,,2855.12509,True,True
JPN,1995,3.40211009979248,44197.6191013908,0.910290777683258,,79.5360975609756,,4906.38735,True,True
JPN,1996,,39150.0396308089,0.910290777683258,,80.219756097561,2.64303,4906.38735,False,False
JPN,1997,,35638.2319556941,0.910290777683258,,80.4241463414634,2.72177,4959.03285,False,True
JPN,1998,3.29797005653381,32423.7556133801,1.01681685447693,,80.5014634146342,2.82745,5164.5008,False,False
JPN,1999,3.37812995910644,36610.1683163197,1.01681685447693,,80.4609756097561,2.84672,5201.03384,False,True
JPN,2000,3.46011996269226,39169.3595701504,1.14183568954468,7.03456163,81.0760975609756,2.85841,5102.41299,False,False
JPN,2001,3.40082001686096,34406.1824638092,1.14183568954468,7.23947906,81.4163414634146,2.92348,5136.2064,False,True
JPN,2002,3.40898990631104,32820.7936433254,1.0168479681015,7.35235405,81.6907317073171,2.96514,4891.16889,False,False
JPN,2003,3.46662998199463,35387.0374203599,1.15746104717255,7.48654842,81.76,2.99319,5113.02549,False,False
JPN,2004,3.42611002922058,38298.9801712303,1.34332299232483,7.53518438,82.030243902439,2.98125,5117.27802,False,False
JPN,2005,3.31493997573852,37812.8950199948,1.28548622131348,7.65818596,81.9551219512195,3.13092,5322.47485,False,False
JPN,2006,3.27667999267578,35991.546002862,1.5849609375,7.68688869,82.3219512195122,3.22766,5352.83117,False,False
JPN,2007,3.27934002876282,35779.0245416427,1.44125950336456,7.77935696,82.5070731707317,3.29257,5344.2381,False,False
JPN,2008,3.27241992950439,39876.3039685725,1.45174884796143,8.08909321,82.5875609756098,3.29224,5125.12165,False,False
JPN,2009,,41308.9968370512,1.45010435581207,8.9587822,82.9314634146342,3.1959,5114.01193,False,False
JPN,2010,3.59951996803284,44968.1562349739,1.52235090732574,9.0630064,82.8426829268293,3.10495,5117.18164,False,False
JPN,2011,3.60526990890503,48760.0789494211,1.46691274642944,10.48780155,82.5912195121951,3.20537,5123.33234,False,False
JPN,2012,3.41945004463196,49145.2804308193,1.40798962116241,10.67169094,83.0960975609756,3.1737,5048.63399,False,False
JPN,2013,3.40874004364014,40898.6478964744,1.61050939559937,10.67438698,83.3319512195122,3.27895,5166.83422,False,False
JPN,2014,3.41529989242554,38475.3952461838,1.80541300773621,10.7290144,83.5878048780488,3.36788,5351.53211,False,False
JPN,2015,3.31221008300781,34960.6393843385,1.75316548347473,10.74969959,83.7939024390244,3.24071,5198.48902,False,False
JPN,2016,3.14643001556396,39375.4731620781,1.78482556343079,10.65891552,83.9848780487805,3.10665,5232.70894,False,False
JPN,2017,3.13057994842529,38834.0529341227,1.57989025115967,10.65627098,84.099756097561,3.16636,5319.83455,False,False
JPN,2018,3.07782006263733,39751.1330982711,1.63458871841431,10.73988247,84.2109756097561,3.2192,5339.51713,False,False
JPN,2019,3.15533995628357,40415.9567649547,1.55003654956818,10.96998405,84.3563414634146,3.21824,5376.11987,False,False
JPN,2020,3.30628991127014,40028.7341726762,1.5473005771637,11.44974613,84.56,3.26556,5450.44287,False,False
JPN,2021,3.33663988113403,40094.5599795288,1.36116814613342,12.08108234,84.4456097560976,3.27383,5589.76698,False,False
JPN,2022,,34065.6438962526,1.61941540241241,12.32275677,83.9963414634146,3.40053,5629.79566,False,False
JPN,2023,,33836.1756271617,1.63126504421234,10.73979473,84.0412195121951,3.44125,5608.63075,False,False
JPN,2024,,32487.0778047567,1.63126504421234,,84.0363414634146,,5608.63075,True,True
KEN,1995,,340.064842175429,-0.5208500623703,,55.856,,56.1911,True,True
KEN,1996,,440.527078880876,-0.5208500623703,,55.575,,56.1911,True,False
KEN,1997,,466.723814611399,-0.5208500623703,,55.478,,56.1911,True,True
KEN,1998,,487.883239905452,-0.490328997373581,,55.568,,56.1911,True,False
KEN,1999,5.32324981689453,433.721235701305,-0.490328997373581,,55.866,,56.1911,True,True
KEN,2000,5.1867299079895,414.626365130846,-0.62007862329483,3.62451434,56.084,,56.1911,True,False
KEN,2001,5.20621013641357,410.700452474814,-0.62007862329483,3.74002314,56.501,,56.1911,True,True
KEN,2002,6.17199993133545,402.936385605382,-0.756493151187897,3.82159472,56.759,,56.1911,True,False
KEN,2003,6.49428987503052,442.898457253405,-0.705886006355286,4.03365707,57.369,,56.1911,True,False
KEN,2004,6.79693984985352,463.662781300121,-0.666135549545288,4.21159506,57.947,,56.1911,True,False
KEN,2005,7.3356499671936,523.456312433863,-0.709110260009766,4.2174139,58.51,,56.1911,True,False
KEN,2006,7.04981994628906,699.80237063381,-0.655459582805634,5.0134387,59.059,,56.1911,True,False
KEN,2007,,840.201439476765,-0.529211044311523,5.12358475,59.407,0.35521,56.1911,False,False
KEN,2008,,915.54435473604,-0.624475121498108,5.19050598,59.955,,56.1911,True,False
KEN,2009,,1047.9678324485,-0.664479374885559,5.29172945,60.483,,56.1911,True,False
KEN,2010,4.81548976898193,1091.51873101194,-0.582948446273804,5.38849831,60.915,0.69222,226.90023,False,False
KEN,2011,4.70012998580933,1096.14499807675,-0.578526675701141,5.20212841,61.283,,226.90023,True,False
KEN,2012,4.93122005462646,1285.00536171512,-0.540134847164154,5.0180583,61.537,,226.90023,True,False
KEN,2013,4.83721017837524,1370.87885214659,-0.477865993976593,4.93100405,61.729,,226.90023,True,False
KEN,2014,4.7172999382019,1482.81566253497,-0.358901530504227,4.91267347,61.99,,226.90023,True,False
KEN,2015,4.74349021911621,1489.11959777284,-0.393976986408234,4.76439571,62.279,,226.90023,True,False
KEN,2016,4.89518022537231,1554.12610314423,-0.402430564165115,4.75429106,62.526,,226.90023,True,False
KEN,2017,4.96308994293213,1667.48447230835,-0.390356600284576,3.98597503,62.725,,226.90023,True,False
KEN,2018,5.10761976242065,1836.45275528993,-0.493653178215027,4.09903383,62.825,,226.90023,True,False
KEN,2019,5.37359210998097,1960.40808854893,-0.441659152507782,4.36874676,62.939,,226.90023,True,False
KEN,2020,5.04574892454155,1927.66459027849,-0.399473369121552,4.49248886,61.596,,226.90023,True,False
KEN,2021,4.89040202257195,2061.35622089594,-0.325909495353699,4.56992722,61.225,,226.90023,True,False
KEN,2022,4.51101801829815,2109.56288513137,-0.329533219337463,4.32241869,63.549,0.40651,168.60477,False,False
KEN,2023,3.96229304413263,1942.58802756191,-0.303605198860168,4.35172892,63.646,0.80427,200.85225,False,False
KEN,2024,4.02242346098974,2132.43452097647,-0.303605198860168,,63.834,0.81069,384.02423,False,True
KOR,1995,2.83677005767822,13001.7205867019,0.473718643188477,,73.7,,2186.08907,True,True
KOR,1996,,13864.9376534518,0.473718643188477,,74.1512195121951,2.14233,2186.08907,False,False
KOR,1997,,12821.6893313675,0.473718643188477,,74.6024390243903,2.17409,2241.82853,False,True
KOR,1998,3.24974989891052,8583.43557499234,0.290556639432907,,75.0048780487805,2.03608,2007.82828,False,False
KOR,1999,3.25048995018005,11062.5019301357,0.290556639432907,,75.409756097561,1.9446,2161.01827,False,True
KOR,2000,,12710.2995795579,0.613540589809418,3.71794796,75.909756097561,2.0494,2324.08478,False,False
KOR,2001,,11981.4828218758,0.613540589809418,4.16983986,76.4121951219512,2.19872,2906.71111,False,True
KOR,2002,,13642.9424537101,0.796305239200592,3.90854764,76.7658536585366,2.13042,3007.81714,False,False
KOR,2003,,15211.5483770422,0.790476679801941,4.46640348,77.2146341463415,2.19657,3189.96825,False,False
KOR,2004,,17121.6301633201,0.815539062023163,4.43287992,77.6658536585366,2.35292,3281.04385,False,False
KOR,2005,,20167.0474902506,0.924596548080444,4.65223551,78.1682926829268,2.42725,3763.23464,False,False
KOR,2006,,22609.7059431449,0.984207689762115,4.95851803,78.6682926829268,2.61516,4173.2456,False,False
KOR,2007,,25078.4853957105,1.20181572437286,4.95834208,79.119512195122,2.75895,4614.74679,False,False
KOR,2008,,22252.3125108061,0.994486927986145,5.24642324,79.5170731707317,2.86774,4892.49313,False,False
KOR,2009,,19937.3029137734,1.02481615543365,5.68525076,79.9682926829268,3.02145,5037.92837,False,False
KOR,2010,,24071.2620526362,1.14781618118286,5.79390717,80.1170731707317,3.17913,5429.43919,False,False
KOR,2011,,26175.2398553363,1.15794360637665,5.90292883,80.5682926829269,3.44409,5908.82443,False,False
KOR,2012,,26600.5477433903,1.07450258731842,5.9576025,80.819512195122,3.6852,6393.34374,False,False
KOR,2013,,28449.3591104972,1.0034042596817,6.06858635,81.2707317073171,3.77487,6457.88851,False,False
KOR,2014,,30667.0912467447,1.03528797626495,6.24487352,81.7219512195122,3.88983,6867.33385,False,False
KOR,2015,4.24247980117798,30171.7906545222,0.977552056312561,6.46202612,82.0243902439024,3.78907,7020.43916,False,False
KOR,2016,4.11502981185913,30832.0628072516,1.02125263214111,6.6356945,82.2756097560976,3.78638,7057.16003,False,False
KOR,2017,4.10775995254517,33296.9845439195,1.02912318706512,6.79827499,82.6268292682927,4.07341,7453.21918,False,False
KOR,2018,4.21645021438599,35363.9508228687,1.1352561712265,7.14222002,82.6268292682927,4.27155,7918.46916,False,False
KOR,2019,4.41813993453979,33826.9443301597,1.33254516124725,7.69397116,83.2268292682927,4.36379,8328.96727,False,False
KOR,2020,4.52706003189087,33645.7719545073,1.3701868057251,8.02722836,83.4268292682927,4.5214,8620.009,False,False
KOR,2021,4.55590009689331,37518.4635305697,1.36565375328064,8.34412766,83.5268292682927,4.59673,9071.4503,False,False
KOR,2022,5.40910005569458,34822.4048404971,1.34904730319977,8.8595314,82.6804878048781,4.84753,9434.7613,False,False
KOR,2023,,35674.095995632,1.40480732917786,8.5650692,83.4292682926829,4.94352,9471.82543,False,False
KOR,2024,,36238.639908315,1.40480732917786,8.67656994,83.6292682926829,,9471.82543,True,True
KWT,1995,,16168.165602374,0.115851625800133,,75.979756097561,,189.29425,True,True
KWT,1996,5.85961008071899,18201.0958607918,0.115851625800133,,75.9250487804878,,189.29425,True,False
KWT,1997,5.5826301574707,16977.3895620399,0.115851625800133,,75.9071463414634,0.20538,189.29425,False,True
KWT,1998,,14066.9509572183,-0.0834641233086586,,75.9642926829269,0.25796,181.69805,False,False
KWT,1999,,15853.6264423466,-0.0834641233086586,,76.0779512195122,0.19763,174.10772,False,True
KWT,2000,,19296.3471698729,-0.0979407951235771,2.20362997,76.2258780487805,0.12542,168.07987,False,False
KWT,2001,6.5858302116394,17374.2318664227,-0.0979407951235771,3.18719625,76.3843414634146,0.17884,169.54601,False,True
KWT,2002,6.551109790802,18512.7523035862,0.0672201365232468,3.12441754,76.5316341463415,0.18001,170.06803,False,False
KWT,2003,,22690.655175144,0.0714321210980415,2.76042604,76.6445609756098,0.14347,171.66419,False,False
KWT,2004,5.53506994247437,27552.2827399787,0.0861663743853569,2.35702467,76.7276829268293,0.1301,174.76497,False,False
KWT,2005,4.73833990097046,36122.6142741227,0.1588224619627,2.013309,76.8007804878049,0.10083,176.11884,False,False
KWT,2006,3.75997996330261,42946.6374104066,0.267627269029617,1.8213098,76.8876829268293,0.08479,170.93793,False,False
KWT,2007,,45709.4132876371,0.0755886510014534,1.92673647,77.0101707317073,0.08585,193.74141,False,False
KWT,2008,,55585.1889344442,-0.0328413285315037,1.92400301,77.1890487804878,0.08551,156.22965,False,False
KWT,2009,,37907.1001320042,0.179979756474495,2.70638776,77.4333658536585,0.11213,147.61475,False,False
KWT,2010,,39212.252220155,0.145233184099197,2.67879915,77.7262195121951,0.1014,141.92742,False,False
KWT,2011,,49169.6063813095,0.00304531049914658,2.33303547,78.052243902439,0.09898,136.13419,False,False
KWT,2012,,52155.2225833921,-0.0892168805003166,2.33311439,78.3950243902439,0.09721,135.22051,False,False
KWT,2013,,49651.0439275077,-0.0887207984924316,2.48789287,78.7418048780488,0.30153,135.22051,True,False
KWT,2014,,44368.7813457751,-0.162443950772285,2.9159987,79.0803414634146,0.42705,637.96147,False,False
KWT,2015,,29882.2126495698,-0.0792806819081306,4.21497965,79.3765609756098,0.0966,405.49843,False,False
KWT,2016,5.95593958839578,27323.6890735517,-0.204460740089417,4.73096323,79.6775853658537,0.07985,481.99315,False,False
KWT,2017,6.35444222156987,29047.6536135703,-0.215939998626709,4.65326786,79.9160731707317,0.0804,498.31295,False,False
KWT,2018,6.39165256830382,32067.9623756889,-0.121419370174408,5.17201853,80.1063658536585,0.06329,502.98169,False,False
KWT,2019,6.72789551402991,31707.8737443551,-0.017414465546608,5.18200397,81.969756097561,0.18512,175.34012,False,False
KWT,2020,6.24513034913966,25236.0755848941,-0.195234432816505,6.11295223,78.7609756097561,0.17805,165.97953,False,False
KWT,2021,7.76246706467929,34018.6342592913,-0.073397770524025,5.37273169,78.7365853658537,,165.97953,True,False
KWT,2022,6.58236499988891,39981.7691035833,0.1114886328578,4.20024538,80.5878048780488,0.0801,176.25862,False,False
KWT,2023,5.0262608311279,34075.849012909,0.0075402706861496,4.96311998,83.1878048780488,0.09547,159.38516,False,False
KWT,2024,6.43592667889685,32717.7186631255,0.0075402706861496,,84.580487804878,0.08954,144.75416,False,True
MAR,1995,4.73479986190796,1466.78820800781,-0.104411050677299,,64.725,,653.41079,True,True
MAR,1996,,1596.83239746094,-0.104411050677299,,65.226,,653.41079,True,False
MAR,1997,,1426.30114746094,-0.104411050677299,,65.616,,653.41079,True,True
MAR,1998,4.59940004348755,1668.49755859375,0.0239137783646584,,66.008,0.24582,653.41079,True,False
MAR,1999,4.62527990341187,1635.65673828125,0.0239137783646584,,66.404,,653.41079,True,True
MAR,2000,,1499.107421875,0.0260655991733074,3.69304585,66.794,,653.41079,True,False
MAR,2001,,1506.24523925781,0.0260655991733074,3.81601191,67.2,0.5463,653.41079,True,True
MAR,2002,,1596.02062988281,-0.195086255669594,4.06117535,67.582,0.47179,653.41079,True,False
MAR,2003,,1941.87255859375,-0.215569257736206,4.08037519,67.958,0.56588,653.41079,True,False
MAR,2004,,2183.55541992188,-0.224266529083252,4.23211098,68.272,,653.41079,True,False
MAR,2005,,2242.98828125,-0.403397768735886,4.37350655,68.748,,653.41079,True,False
MAR,2006,,2438.12646484375,-0.269640743732452,4.56586647,69.157,0.54987,653.41079,False,False
MAR,2007,,2755.5859375,-0.34261354804039,4.80759001,69.62,,644.48667,False,False
MAR,2008,4.85339021682739,3183.20043945313,-0.356555700302124,4.83789158,70.051,,659.40797,False,False
MAR,2009,4.83119010925293,3119.58862304688,-0.283303052186966,5.27312183,70.454,,659.40797,True,False
MAR,2010,,3067.9853515625,-0.230588346719742,5.41861057,70.821,0.66036,721.98655,False,False
MAR,2011,,3301.98876953125,-0.266206502914429,5.37019396,71.263,,847.79094,False,False
MAR,2012,5.55294838577208,3164.17724609375,-0.141056269407272,5.39619017,71.674,,853.0081,False,False
MAR,2013,,3379.7431640625,-0.0853616520762444,5.25540543,72.117,,853.0081,True,False
MAR,2014,5.48276036642721,3435.40698242188,-0.136379525065422,5.41626596,72.522,,1030.14364,False,False
MAR,2015,5.133369043677,3146.24780273438,-0.148065835237503,5.10435581,72.894,,1030.14364,True,False
MAR,2016,5.08530197423073,3140.85546875,-0.193648084998131,5.09203386,73.228,,1083.42555,False,False
MAR,2017,4.73564982004448,3296.52661132813,-0.305200457572937,4.98920393,73.608,,1083.42555,True,False
MAR,2018,4.96022713486949,3501.69799804688,-0.349403738975525,4.94516659,73.946,,1083.42555,True,False
MAR,2019,5.0032567210502,3508.09765625,-0.251563876867294,5.020401,74.245,,1083.42555,True,False
MAR,2020,6.28428263644307,3268.0302734375,-0.186065658926964,5.78939486,73.133,,1083.42555,True,False
MAR,2021,5.64273401285138,3785.93627929688,-0.170099332928658,5.45314503,73.385,,1083.42555,True,False
MAR,2022,5.91224674061277,3463.1376953125,-0.0818562060594559,5.75281,75.161,,1083.42555,True,False
MAR,2023,6.02096928801329,3813.72607421875,-0.0359151102602482,6.06396198,75.313,,1083.42555,True,False
MAR,2024,,4153.1943359375,-0.0359151102602482,,75.493,,1083.42555,True,True
MEX,1995,3.49746990203857,4183.87847727479,0.225326701998711,,70.703,,217.03384,True,True
MEX,1996,,4674.36792733681,0.225326701998711,,71.088,0.23838,217.03384,False,False
MEX,1997,,5567.35599516667,0.225326701998711,,71.472,0.26404,229.69194,False,True
MEX,1998,3.17838001251221,5832.69342004468,0.38436958193779,,71.792,0.28519,219.74652,False,False
MEX,1999,3.36164999008179,6499.97182950425,0.38436958193779,,72.203,0.32719,227.07752,False,True
MEX,2000,3.80870008468628,7524.0271380091,0.276181936264038,4.24436522,72.562,0.29205,227.09051,False,False
MEX,2001,4.0313401222229,7952.76479510706,0.276181936264038,4.58201361,72.912,0.30815,235.3859,False,True
MEX,2002,4.24307012557983,7983.03398381759,0.218386545777321,4.83042812,73.106,0.33745,308.76297,False,False
MEX,2003,4.83262014389038,7434.0746485155,0.131819322705269,5.53978777,73.308,0.37454,328.13432,False,False
MEX,2004,4.51204013824463,7849.66759649565,0.0758338123559952,5.6835022,73.432,0.37053,383.11111,False,False
MEX,2005,4.63395023345947,8671.75891885163,0.0314169824123383,5.58110142,73.627,0.38103,417.90546,False,False
MEX,2006,4.49317979812622,9512.63575346699,0.0504711605608463,5.40647888,73.746,0.35298,340.43454,False,False
MEX,2007,4.47919988632202,10134.3327138119,0.136410132050514,5.50668049,73.796,0.38039,351.25363,False,False
MEX,2008,4.60607004165649,10523.7685403244,0.16068996489048,5.44587374,73.695,0.42416,343.53328,False,False
MEX,2009,4.94934988021851,8423.56933214711,0.141515776515007,5.84786463,73.628,0.45748,386.49816,False,False
MEX,2010,4.93697023391724,9728.80078377082,0.0962913855910301,5.4897337,73.718,0.47353,341.23898,False,False
MEX,2011,4.9040699005127,10664.4944032313,0.25232720375061,5.30093002,73.921,0.45268,348.02663,False,False
MEX,2012,4.88349008560181,10744.1335242686,0.296199023723602,5.42140484,74.128,0.40284,250.69335,False,False
MEX,2013,4.50858020782471,11216.8008505428,0.302350997924805,5.5773263,74.289,0.40806,254.46546,False,False
MEX,2014,5.06807994842529,11391.3773497683,0.133970901370049,5.35336781,74.404,0.41962,262.92059,False,False
MEX,2015,5.05087995529175,10021.2386118827,0.117517560720444,5.52738619,74.431,0.41477,284.58114,False,False
MEX,2016,4.75795984268188,9097.92397674769,0.0276105776429176,5.38499022,74.376,0.37601,319.5511,False,False
MEX,2017,4.39752006530762,9649.27816772402,-0.0653025507926941,5.3117938,74.261,0.31955,330.64996,False,False
MEX,2018,4.13944005966187,10084.7937562021,-0.292850613594055,5.23821402,74.301,0.29816,342.55971,False,False
MEX,2019,,10369.5553585271,-0.306684851646423,5.3013463,74.53,0.27629,355.30353,False,False
MEX,2020,4.4996600151062,8841.27075039868,-0.27033868432045,6.05248594,70.449,0.29185,369.04189,False,False
MEX,2021,4.23823976516724,10314.0506722115,-0.3435437977314,5.87678003,69.75,0.27305,384.76538,False,False
MEX,2022,4.05987977981567,11405.7940473759,-0.281723529100418,5.70919704,73.973,0.25727,401.92849,False,False
MEX,2023,,13860.9597809326,-0.198361441493034,5.50398684,75.069,0.26746,419.44361,False,False
MEX,2024,,14185.7812248529,-0.198361441493034,,75.264,0.25372,438.24497,False,True
MYS,1995,4.3425498008728,4363.14458333034,0.53628271818161,,71.979,,91.99322,True,True
MYS,1996,4.91384983062744,4837.16897250768,0.53628271818161,,72.119,0.21645,91.99322,False,False
MYS,1997,4.62037992477417,4678.56390058182,0.53628271818161,,72.296,,91.99322,True,True
MYS,1998,,3294.30978444095,0.754812836647034,,72.385,0.39789,157.86504,False,False
MYS,1999,5.68678998947144,3527.81581379249,0.754812836647034,,72.428,,157.86504,True,True
MYS,2000,5.9716100692749,4083.52874483605,0.99294239282608,2.51463366,72.732,0.46899,282.98354,False,False
MYS,2001,7.48446989059448,3943.79943910239,0.99294239282608,2.6753974,73.08,,282.98354,True,True
MYS,2002,7.65792989730835,4184.03163773539,0.92150604724884,2.66876554,73.469,0.65254,300.56079,False,False
MYS,2003,7.50288009643555,4465.32194567208,1.04106783866882,2.92417073,73.727,,300.56079,True,False
MYS,2004,5.92389011383057,4939.24851854427,1.04575204849243,2.86016941,74.027,0.5999,507.42811,False,False
MYS,2005,,5555.58179951206,1.04338908195496,2.78692698,74.37,,507.42811,True,False
MYS,2006,4.48576021194458,6158.40785533236,1.23769116401672,3.10897732,74.697,0.61106,371.05001,False,False
MYS,2007,4.37253999710083,7168.93031942508,1.22411561012268,3.07041144,74.961,,371.05001,True,False
MYS,2008,3.95851993560791,8371.82156086005,1.05022716522217,3.00692558,75.151,0.78847,598.97222,False,False
MYS,2009,5.97418022155762,7191.43287234626,0.895370304584503,3.2610569,75.269,1.01001,1063.03522,False,False
MYS,2010,4.96645021438599,8899.34505544675,1.04647839069366,3.16474271,75.376,1.03608,1452.73369,False,False
MYS,2011,5.76293992996216,10217.1068585031,0.98675674200058,3.31451917,75.488,1.03342,1633.85555,False,False
MYS,2012,5.73902988433838,10600.5744240026,0.906338155269623,3.45786357,75.552,1.09269,1769.90749,False,False
MYS,2013,5.48122978210449,10713.6407638899,0.993431925773621,3.51276922,75.464,,1769.90749,True,False
MYS,2014,5.21264982223511,11013.3107334403,1.14593541622162,3.71036959,75.345,1.26275,2015.97275,False,False
MYS,2015,4.89487981796265,9648.6797937523,0.91708517074585,3.82201481,75.288,1.27945,2256.60241,False,False
MYS,2016,4.75191020965576,9476.53409809923,0.817718744277954,3.70085335,75.371,1.41517,2334.07987,False,False
MYS,2017,4.6753101348877,9862.54806612235,0.77773243188858,3.71472311,75.542,,2334.07987,True,False
MYS,2018,4.47865009307861,10901.8019954421,1.05388987064362,3.75944281,75.734,1.04026,2110.44315,False,False
MYS,2019,4.15775012969971,10920.191763972,0.967774987220764,3.83991051,75.9,,2110.44315,True,False
MYS,2020,3.91176009178162,9957.52626697613,1.02225887775421,4.08254337,76.057,0.95055,711.51035,False,False
MYS,2021,4.26109393398867,10903.1037480772,0.952433526515961,4.37438345,73.917,,711.51035,True,False
MYS,2022,3.49933781956284,11754.5678336248,0.992667615413666,3.90037823,75.444,1.0121,1218.32989,False,False
MYS,2023,3.51481008529663,11386.0395636528,0.875369668006897,3.95760036,76.657,,1218.32989,True,False
MYS,2024,,11874.4273684245,0.875369668006897,,76.821,,1218.32989,True,True
NGA,1995,,1271.61617353199,-0.923635601997375,,45.87,,37.55812,True,True
NGA,1996,,1632.72469370276,-0.923635601997375,,45.833,,37.55812,True,False
NGA,1997,,1720.27540949396,-0.923635601997375,,45.96,,37.55812,True,True
NGA,1998,,1822.46998452473,-1.11976456642151,,46.148,,37.55812,True,False
NGA,1999,,480.669363941805,-1.11976456642151,,46.609,,37.55812,True,True
NGA,2000,,547.318298903379,-0.970691919326782,3.1973834,47.143,,37.55812,True,False
NGA,2001,,566.428231812933,-0.970691919326782,3.18946862,47.549,,37.55812,True,True
NGA,2002,,712.164852077686,-1.0197149515152,2.49063969,48.02,,37.55812,True,False
NGA,2003,,763.388745367223,-0.916132032871246,5.05360985,48.618,,37.55812,True,False
NGA,2004,,962.48104194733,-0.935620546340942,4.63368416,49.148,,37.55812,True,False
NGA,2005,,1211.37703504386,-0.897212326526642,4.46591949,49.538,,37.55812,True,False
NGA,2006,,1599.53891556365,-0.96748149394989,4.25775146,49.876,,37.55812,True,False
NGA,2007,,1815.52697545827,-1.03206491470337,3.90997243,50.381,0.13223,37.55812,False,False
NGA,2008,,2154.10543545364,-0.987497508525848,3.69581532,50.748,,37.55812,True,False
NGA,2009,,1820.48633854782,-1.20047557353973,3.5801971,51.08,,37.55812,True,False
NGA,2010,,2202.25672957344,-1.16522252559662,3.29653287,51.315,,37.55812,True,False
NGA,2011,,2418.41316975875,-1.10223460197449,3.32077932,51.49,,37.55812,True,False
NGA,2012,0.549233086121929,2633.19734671361,-1.00097513198853,3.35984254,51.688,,37.55812,True,False
NGA,2013,0.534206768008091,2872.79083379398,-0.998286724090576,3.4206934,51.827,,37.55812,True,False
NGA,2014,0.470742539133469,3088.72131316169,-1.18984341621399,3.34840417,51.94,,37.55812,True,False
NGA,2015,0.436954905120644,2585.73360671797,-0.99655681848526,3.58194995,51.939,,37.55812,True,False
NGA,2016,0.393045646249364,2070.4127339595,-1.12036550045013,3.64773679,52.189,,37.55812,True,False
NGA,2017,0.396354013591345,1876.34027111773,-1.04120397567749,3.74762511,52.397,,37.55812,True,False
NGA,2018,0.419998493796127,2057.87944554011,-1.11820352077484,3.09069347,52.669,,37.55812,True,False
NGA,2019,0.358479005206684,3189.81286498516,-1.21315038204193,2.98547053,53.009,0.28444,22.12011,False,False
NGA,2020,0.35963763718498,2797.18458068686,-1.14378702640533,3.38063431,53.072,,22.12011,True,False
NGA,2021,0.381919104397325,2787.48779224428,-1.02695763111115,4.07625723,53.455,,22.12011,True,False
NGA,2022,0.348516707890877,2899.16047470324,-1.04151690006256,4.21020174,54.079,,22.12011,True,False
NGA,2023,0.319069049792343,2138.76383719983,-0.847906708717346,4.19086456,54.462,,22.12011,True,False
NGA,2024,,1084.16041805436,-0.847906708717346,,54.635,,22.12011,True,True
NLD,1995,4.57215023040771,29301.1940492376,1.94293475151062,,77.4046341463415,,2277.62765,True,True
NLD,1996,4.48540019989014,29063.6236532536,1.94293475151062,,77.4356097560976,1.83733,2277.62765,False,False
NLD,1997,,26744.9601318097,1.94293475151062,,77.7943902439024,1.84171,2427.11356,False,True
NLD,1998,4.53430986404419,27924.281808994,2.00421094894409,,77.8829268292683,1.73966,2478.35144,False,False
NLD,1999,4.4996600151062,28318.7466538357,2.00421094894409,,77.8365853658537,1.81986,2631.55841,False,True
NLD,2000,4.58325004577637,26225.1697734149,1.9833756685257,7.70382404,77.9878048780488,1.78907,2637.93221,False,False
NLD,2001,4.68933010101318,26955.7128032278,1.9833756685257,8.04176903,78.190243902439,1.79214,2828.29837,False,True
NLD,2002,4.78904008865356,29446.5330872868,1.93344473838806,8.61879349,78.2926829268293,1.73931,2701.16441,False,False
NLD,2003,5.0199499130249,35896.7504630706,1.95480120182037,9.01979256,78.4926829268293,1.77665,2681.97594,False,False
NLD,2004,5.0411901473999,40611.3414353091,2.07049989700317,9.07156658,79.0951219512195,1.78132,2951.21244,False,False
NLD,2005,5.08871984481812,42165.396168388,1.93773639202118,9.05984592,79.3463414634146,1.7667,2908.98454,False,False
NLD,2006,5.01913976669312,45123.5432406426,1.78492248058319,9.03575516,79.6975609756098,1.73208,3224.9245,False,False
NLD,2007,4.85854005813599,52100.7996285947,1.72176647186279,9.00052166,80.0975609756098,1.66063,3093.10821,False,False
NLD,2008,4.99737977981567,58246.7026905874,1.68715620040894,9.21819305,80.2512195121951,1.61247,3063.96158,False,False
NLD,2009,5.38561010360718,53172.0261581418,1.73591732978821,9.90839005,80.5487804878049,1.65161,2822.24977,False,False
NLD,2010,5.45634984970093,51305.7338533973,1.77032697200775,10.09452248,80.7024390243902,1.69388,3210.02025,False,False
NLD,2011,5.41595983505249,54701.7728030611,1.82099711894989,10.14537811,81.2048780487805,1.8651,3648.13368,False,False
NLD,2012,5.36694002151489,50473.9442002689,1.83936905860901,10.45467281,81.1048780487805,1.90094,4336.14629,False,False
NLD,2013,5.48417997360229,52602.2860520766,1.80873382091522,10.50247383,81.3048780487805,2.13953,4887.39056,False,False
NLD,2014,5.40205001831055,53457.2234864322,1.83546948432922,10.45699596,81.7073170731707,2.15067,4926.09272,False,False
NLD,2015,5.27802991867065,45793.8135434697,1.82862544059753,10.18857956,81.509756097561,2.11792,4891.78146,False,False
NLD,2016,5.38952016830444,46808.5291492503,1.82028615474701,9.89148426,81.5609756097561,2.11546,5109.20509,False,False
NLD,2017,5.08747005462646,49513.6817346384,1.81402194499969,9.93712521,81.7609756097561,2.14167,5273.17623,False,False
NLD,2018,5.26723003387451,53955.0770024266,1.80973696708679,9.85083961,81.8121951219512,2.1027,5496.79039,False,False
NLD,2019,5.0559401512146,53554.9007491475,1.76715266704559,9.93616295,82.1121951219512,2.14036,5592.12175,False,False
NLD,2020,5.29139995574951,53467.9277413737,1.8052179813385,10.94954681,81.3585365853659,2.26514,5799.27532,False,False
NLD,2021,5.37661981582642,60141.9880911492,1.72513651847839,11.13498974,81.309756097561,2.21542,6003.86605,False,False
NLD,2022,5.17918014526367,59123.318556487,1.57889866828918,10.03109169,81.6146341463415,2.17529,6319.17518,False,False
NLD,2023,,63515.6030780019,1.62553191184998,9.83150005,81.8634146341464,2.26719,6563.33599,False,False
NLD,2024,,67520.4218956281,1.62553191184998,10.00551128,81.9658536585366,,6563.33599,True,True
NOR,1995,7.69568014144897,34875.7043347536,1.95087599754333,,77.7365853658537,,3981.76176,True,True
NOR,1996,7.13806009292603,37321.9741993473,1.95087599754333,,78.1504878048781,,3981.76176,True,False
NOR,1997,7.30343008041382,36629.0309036621,1.95087599754333,,78.1426829268293,1.5935,3981.76176,False,True
NOR,1998,7.35761022567749,34803.4634058738,1.91207957267761,,78.3292682926829,,3981.76176,True,False
NOR,1999,6.96224021911621,36393.2927471088,1.91207957267761,,78.2829268292683,1.60437,4115.69293,False,True
NOR,2000,6.45935010910034,38178.2368777076,1.81612300872803,7.70270586,78.6341463414634,,4115.69293,True,False
NOR,2001,6.82014989852905,38601.897639231,1.81612300872803,8.00972462,78.7853658536585,1.56019,4371.19907,False,True
NOR,2002,7.42243003845215,43170.557174499,1.83372235298157,8.98267078,78.9878048780488,1.62644,4371.19907,True,False
NOR,2003,7.39930009841919,50250.3298214345,1.83412086963654,9.19355106,79.390243902439,1.67572,4513.7416,False,False
NOR,2004,7.27745008468628,57768.6980958462,2.05889225006104,8.79598331,79.8414634146342,1.53976,4514.09712,False,False
NOR,2005,6.84081983566284,67047.1704558264,1.85913348197937,8.29899502,80.0414634146342,1.47715,4602.55542,False,False
NOR,2006,6.35823011398315,74434.4996835671,1.87561547756195,7.8822999,80.3439024390244,1.44972,4866.24486,False,False
NOR,2007,6.50672006607056,85502.2677087731,2.01804304122925,8.01673985,80.3951219512195,1.55795,5202.07257,False,False
NOR,2008,6.2491397857666,97503.5407803783,1.83281362056732,7.91507673,80.5926829268293,1.54556,5399.5311,False,False
NOR,2009,7.07068014144897,80347.5700665184,1.83760952949524,9.03254128,80.7951219512195,1.71678,5474.54077,False,False
NOR,2010,6.71042013168335,88163.2085931423,1.87354242801666,8.8581152,80.9975609756098,1.6412,5444.69765,False,False
NOR,2011,6.4148998260498,101221.813476644,1.83171236515045,8.73474026,81.2951219512195,1.61714,5533.91801,False,False
NOR,2012,7.32766008377075,102175.919298374,1.8999354839325,8.72188568,81.4512195121951,1.61053,5584.13377,False,False
NOR,2013,7.43905019760132,103553.840134417,1.87676703929901,8.87431335,81.7512195121951,1.64216,5605.02472,False,False
NOR,2014,7.64402008056641,97666.6951838749,1.82170379161835,9.28297901,82.1,1.70369,5722.57126,False,False
NOR,2015,7.52335977554321,74809.9658049898,1.8330682516098,10.06992245,82.3048780487805,1.92351,5929.85725,False,False
NOR,2016,7.98443984985352,70867.3609970749,1.83236646652222,10.53049755,82.4073170731707,2.03286,6120.84923,False,False
NOR,2017,7.84599018096924,76131.8384032764,1.94444799423218,10.22983646,82.609756097561,2.08168,6396.1696,False,False
NOR,2018,7.59564018249512,82792.8427113304,1.84514558315277,9.96037865,82.7585365853659,2.03482,6484.23611,False,False
NOR,2019,7.86455011367798,76430.5889473338,1.82773196697235,10.43807507,82.9585365853659,2.13599,6737.55318,False,False
NOR,2020,8.37281036376953,68340.0181033702,1.88777232170105,11.42416382,83.209756097561,2.24436,6766.01432,False,False
NOR,2021,6.9602198600769,93072.8925119571,1.79539930820465,9.8142643,83.1634146341463,1.88764,7228.72168,False,False
NOR,2022,5.43234014511108,109269.520580298,1.94172024726868,7.90873051,82.509756097561,1.55081,7394.77328,False,False
NOR,2023,,87497.2179649556,1.79993534088135,9.42925453,83.0121951219512,1.85142,7450.59492,False,False
NOR,2024,,86785.4334489176,1.79993534088135,,83.1609756097561,,7450.59492,True,True
NZL,1995,5.74212980270386,17400.4201848172,1.77176654338837,,76.7341463414634,,2200.13553,True,True
NZL,1996,6.38371992111206,18794.436039393,1.77176654338837,,76.7878048780488,,2200.13553,True,False
NZL,1997,6.15721988677979,17474.187029724,1.77176654338837,,77.3341463414634,1.05649,2200.13553,False,True
NZL,1998,,14738.4455703918,1.62870609760284,,78.0853658536585,,2200.13553,True,False
NZL,1999,6.6362099647522,15322.2238340267,1.62870609760284,,77.890243902439,0.96387,2292.23305,False,True
NZL,2000,5.60442018508911,13641.1027183822,1.58685111999512,7.46995974,78.6365853658537,,2292.23305,True,False
NZL,2001,,13882.8568268586,1.58685111999512,7.5789361,78.6926829268293,1.10029,2669.46316,False,True
NZL,2002,,16874.1874918196,1.6784462928772,7.90034246,78.8463414634146,,2669.46316,True,False
NZL,2003,,21913.7081719961,1.76194429397583,7.72179937,79.1463414634146,1.14891,3100.17298,False,False
NZL,2004,,25420.234882944,1.9400452375412,7.90095711,79.5487804878049,,3100.17298,True,False
NZL,2005,,27751.0654708859,1.74136209487915,8.27324677,79.8512195121951,1.12043,3159.23406,False,False
NZL,2006,,26654.5932018985,1.58340215682983,8.63846684,80.0487804878049,,3159.23406,True,False
NZL,2007,,32479.9817381467,1.65778410434723,8.32899952,80.1512195121951,1.15764,3472.58808,False,False
NZL,2008,,31324.7397977102,1.66906487941742,8.65133667,80.3512195121951,,3472.58808,True,False
NZL,2009,,28276.7255416225,1.84807932376862,9.13566399,80.7024390243902,1.24916,3760.38719,False,False
NZL,2010,,33761.9009639947,1.81132459640503,9.09511089,80.9048780487805,,3760.38719,True,False
NZL,2011,,38431.7766788499,1.87170588970184,9.10748196,81.1560975609756,1.23083,3731.3373,False,False
NZL,2012,,40053.6991536369,1.79215371608734,9.20243168,81.4073170731707,,3731.3373,True,False
NZL,2013,5.88539981842041,43000.4646849189,1.7499874830246,8.9393549,81.4048780487805,1.15275,4043.95577,False,False
NZL,2014,5.8033299446106,44618.266973847,1.92498862743378,8.97204113,81.4568292682927,,4043.95577,True,False
NZL,2015,5.70350980758667,38665.3723018158,1.85281825065613,8.88920593,81.6124390243903,1.22707,5476.90357,False,False
NZL,2016,5.49972009658813,40113.7195382428,1.8059014081955,8.76869011,81.6585365853659,,5476.90357,True,False
NZL,2017,5.27543020248413,42950.3841711138,1.72795903682709,8.61795807,81.8585365853659,1.34788,5035.55839,False,False
NZL,2018,5.1896800994873,43257.0769238879,1.62871909141541,8.56966972,81.7073170731707,,5035.55839,True,False
NZL,2019,5.1741099357605,42855.831861632,1.63243579864502,8.61898708,82.0560975609756,1.4642,5665.38305,False,False
NZL,2020,5.64268016815185,41997.7830324279,1.53874325752258,9.25240231,82.2560975609756,,5665.38305,True,False
NZL,2021,5.5409197807312,49950.4251691316,1.30568933486938,9.55072403,82.2073170731707,1.48604,5094.76159,False,False
NZL,2022,5.16741991043091,49099.7090423358,1.34026157855988,10.56814575,81.9585365853658,,5094.76159,True,False
NZL,2023,5.21326017379761,49075.9562832927,1.5299768447876,10.12947655,81.7585365853659,1.54848,5435.46099,False,False
NZL,2024,,49205.1792146792,1.5299768447876,10.06186676,82.009756097561,,5435.46099,True,True
PAK,1995,2.79531002044678,450.550279346206,-0.624154627323151,,60.273,,70.9917,True,True
PAK,1996,2.81057000160217,456.996961832943,-0.624154627323151,,60.466,,70.9917,True,False
PAK,1997,3.02230000495911,438.030942680153,-0.624154627323151,,60.623,0.15565,70.9917,False,True
PAK,1998,,424.453697798497,-0.490328997373581,,61.134,0.10919,70.9917,True,False
PAK,1999,2.61147999763489,418.249257055367,-0.490328997373581,,61.54,0.1159,70.9917,True,True
PAK,2000,1.83782005310059,642.338346499898,-0.492341905832291,2.48079324,61.903,0.09536,70.9917,True,False
PAK,2001,,609.939506905073,-0.492341905832291,2.33959723,62.241,0.12408,70.9917,True,True
PAK,2002,,599.937345723927,-0.549481332302094,2.42219901,62.556,0.16228,70.9917,True,False
PAK,2003,,672.44178669894,-0.586459815502167,2.10399199,62.834,,70.9917,True,False
PAK,2004,1.44337999820709,771.902247348954,-0.543261051177979,2.03666282,63.097,,70.9917,True,False
PAK,2005,1.67058002948761,827.619861189926,-0.457726120948792,2.37323904,62.416,0.32946,73.17722,False,False
PAK,2006,1.98055994510651,900.873564984808,-0.383815377950668,2.73132491,63.624,,73.17722,True,False
PAK,2007,2.23465991020203,998.090114197524,-0.489426851272583,2.62370729,63.807,0.52343,144.82577,False,False
PAK,2008,2.27265000343323,1067.04324565284,-0.73821085691452,2.56806731,64.002,,144.82577,True,False
PAK,2009,2.17916989326477,963.788066395225,-0.812300384044647,2.49995875,64.206,0.40218,143.85657,False,False
PAK,2010,2.05268001556396,987.304571124485,-0.775662660598755,2.42967653,64.378,,143.85657,True,False
PAK,2011,2.00100994110107,1131.73513834324,-0.833723247051239,2.23121333,64.659,0.30491,130.07654,False,False
PAK,2012,1.97880005836487,1204.36475491585,-0.783729493618011,2.22185278,64.883,,130.07654,True,False
PAK,2013,2.23698997497559,1225.4340119198,-0.798744976520538,2.4164784,65.129,0.26179,144.40494,False,False
PAK,2014,2.2043399810791,1266.61340849959,-0.762600779533386,2.48899078,65.374,,144.40494,True,False
PAK,2015,2.38609004020691,1380.47020838317,-0.709552943706512,2.49493265,65.641,0.22193,257.67288,False,False
PAK,2016,2.66805005073547,1424.69161195897,-0.700057625770569,2.57026362,65.943,,257.67288,True,False
PAK,2017,2.57617998123169,1519.23459514248,-0.634695649147034,2.7863009,66.223,0.21214,314.96263,False,False
PAK,2018,2.33216949688293,1569.33814626355,-0.666645467281342,2.82844949,66.481,,314.96263,True,False
PAK,2019,2.21492004394531,1390.41690981745,-0.718214333057404,2.84736943,66.729,0.17475,362.3767,False,False
PAK,2020,2.05718240718423,1278.39735206896,-0.571128666400909,2.95273018,65.701,,362.3767,True,False
PAK,2021,1.68746129213991,1455.31922370186,-0.438822388648987,2.99015832,65.773,0.16431,401.38994,False,False
PAK,2022,1.97300945756988,1538.3228133171,-0.624728679656982,2.90354776,67.417,,401.38994,True,False
PAK,2023,1.94658005237579,1360.32417758419,-0.577790379524231,2.51988316,67.649,0.16399,473.71632,False,False
PAK,2024,,1478.77277977996,-0.577790379524231,,67.799,,473.71632,True,True
PER,1995,,2189.53431515311,0.0341111831367016,,67.22,,,True,True
PER,1996,3.11879992485046,2226.91682429265,0.0341111831367016,,67.85,,,True,False
PER,1997,,2300.67200774461,0.0341111831367016,,68.324,0.0836,,True,True
PER,1998,3.27817988395691,2156.39377651613,0.0721104592084885,,68.724,0.10072,,True,False
PER,1999,3.44133996963501,1916.53397367908,0.0721104592084885,,69.302,0.09849,,True,True
PER,2000,3.22802996635437,1945.41338451698,-0.183523014187813,4.41482639,69.821,0.11266,,True,False
PER,2001,3.03712010383606,1929.57273038846,-0.183523014187813,4.72161007,70.315,0.11096,,True,True
PER,2002,2.82056999206543,2007.37019626753,-0.391418874263763,4.93902588,70.815,0.10614,,True,False
PER,2003,2.93779993057251,2129.44114197634,-0.585180282592773,4.58703804,71.278,0.10813,,True,False
PER,2004,2.95787000656128,2397.25147277714,-0.649820864200592,4.42972279,71.447,0.15578,,True,False
PER,2005,2.83903002738953,2706.66947297608,-0.695960521697998,4.66598511,71.988,,,True,False
PER,2006,2.65281009674072,3129.55996496982,-0.757418632507324,4.409585,72.337,,,True,False
PER,2007,2.62940001487732,3581.0893081917,-0.627492427825928,4.42611313,72.746,,,True,False
PER,2008,2.8677499294281,4197.58444634142,-0.431019514799118,4.53098345,72.743,,,True,False
PER,2009,3.13994002342224,4181.18755462253,-0.489155441522598,4.95976877,72.631,,,True,False
PER,2010,2.86730003356934,5072.11494019615,-0.239367961883545,4.70582962,72.886,,,True,False
PER,2011,2.6635000705719,5861.35793645245,-0.206647053360939,4.52216864,73.327,0.08282,,True,False
PER,2012,2.92276000976562,6519.37852981527,-0.18742011487484,4.72939587,73.979,0.0553,,True,False
PER,2013,3.29729008674622,6746.80025696601,-0.151038065552711,4.71272659,74.591,0.08174,,True,False
PER,2014,3.69599008560181,6667.13410360861,-0.326710402965546,4.90967321,75.26,0.10805,,True,False
PER,2015,3.96933007240295,6231.71150338894,-0.367453664541245,4.90453625,75.732,0.11702,,True,False
PER,2016,3.81316995620727,6217.03599995447,-0.256282150745392,4.89353323,75.951,0.12008,,True,False
PER,2017,3.93130993843079,6736.16693725487,-0.204775094985962,4.80915499,75.958,0.12085,,True,False
PER,2018,3.71392011642456,6978.49121548627,-0.323809534311295,5.0835557,76.018,0.12683,,True,False
PER,2019,3.822429895401,7037.00803692604,-0.125898167490959,5.12525272,76.275,0.15696,,True,False
PER,2020,4.25937986373901,6133.32552410183,-0.294280052185059,6.34739399,73.832,0.17229,,True,False
PER,2021,3.92765998840332,6826.20255614477,-0.295280516147614,6.67309427,71.596,0.13754,,True,False
PER,2022,3.83975005149841,7350.63034300417,-0.39837571978569,6.0974617,76.834,0.16206,,True,False
PER,2023,4.24538993835449,7887.54185920108,-0.491872787475586,5.63786411,77.74,0.17611,,True,False
PER,2024,4.35778999328613,8452.37167056621,-0.491872787475586,,77.941,,,True,True
POL,1995,4.31374979019165,3700.95956775144,0.681182622909546,,71.8926829268293,,1367.8676,True,True
POL,1996,6.23327016830444,4163.51195431959,0.681182622909546,,72.2463414634146,0.6369,1367.8676,False,False
POL,1997,,4137.00831823145,0.681182622909546,,72.6463414634146,0.641,1449.61312,False,True
POL,1998,4.92518997192383,4533.5356551781,0.624520897865295,,72.9975609756098,0.65746,1465.27746,False,False
POL,1999,4.57368993759155,4415.50067547826,0.624520897865295,,73.0439024390244,0.67786,1472.95828,False,True
POL,2000,4.96281003952026,4520.64100449111,0.568725228309631,5.26548243,73.7487804878049,0.63806,1441.97757,False,False
POL,2001,5.29358005523682,5015.23790036613,0.568725228309631,5.64010143,74.2,0.61861,1467.79064,False,True
POL,2002,5.37052011489868,5223.45178967082,0.454926639795303,6.04828405,74.4975609756098,0.55501,1483.34389,False,False
POL,2003,5.30664014816284,5720.81366178104,0.50964617729187,5.93375778,74.5975609756098,0.53626,1533.19754,False,False
POL,2004,5.33129978179932,6711.72715262967,0.439104020595551,5.84185648,74.8463414634146,0.54999,1595.82994,False,False
POL,2005,5.41065979003906,8043.92332253757,0.446039795875549,5.79073858,74.9951219512195,0.56121,1629.60294,False,False
POL,2006,5.18848991394043,9068.85528307627,0.332138866186142,5.78148365,75.1439024390244,0.54899,1563.45879,False,False
POL,2007,4.86086988449097,11272.5293683383,0.358851343393326,5.86390114,75.2439024390244,0.56103,1614.00137,False,False
POL,2008,5.02344989776611,14048.5604672654,0.462065756320953,6.35196781,75.5439024390244,0.59719,1626.3818,False,False
POL,2009,4.97665977478027,11556.3026866026,0.517221808433533,6.57037735,75.6951219512195,0.65932,1608.44328,False,False
POL,2010,5.08126020431519,12567.7317676382,0.630121886730194,6.43533468,76.2463414634146,0.72252,1697.02812,False,False
POL,2011,4.82901000976562,13867.6669408192,0.596360862255096,6.24533606,76.6951219512195,0.74726,1679.90071,False,False
POL,2012,4.83311986923218,13087.420943321,0.657871425151825,6.22854042,76.7463414634146,0.88476,1752.07893,False,False
POL,2013,4.99779987335205,13621.9023794031,0.659244894981384,6.44993687,77.0,0.8807,1868.31303,False,False
POL,2014,4.93858003616333,14262.2841914116,0.768983721733093,6.39059496,77.6024390243903,0.9454,2054.74753,False,False
POL,2015,4.78748989105225,12637.5220324406,0.74108874797821,6.36490345,77.4512195121951,0.99807,2158.37831,False,False
POL,2016,4.62726020812988,12464.0110508476,0.651506066322327,6.5470438,77.8512195121951,0.9616,2304.00747,False,False
POL,2017,4.54246997833252,13913.3402919927,0.550776779651642,6.53713226,77.7536585365854,1.03055,2994.85672,False,False
POL,2018,4.55985021591187,15658.2120316794,0.546892523765564,6.25094128,77.6024390243903,1.19426,3079.49249,False,False
POL,2019,4.62736988067627,15874.5220531254,0.512824833393097,6.38906956,77.9048780487805,1.3088,3159.06604,False,False
POL,2020,4.80081987380981,16150.9304813473,0.324195116758347,6.42739105,76.4,1.37128,3260.15498,False,False
POL,2021,4.61998987197876,18635.5104895754,0.254306375980377,6.3654809,75.3512195121951,1.41558,3558.20467,False,False
POL,2022,4.31372976303101,18891.2121169279,0.258881956338882,6.46619797,77.1560975609756,1.44162,3721.07204,False,False
POL,2023,,22145.2660647429,0.421437799930573,7.13848782,78.2585365853659,1.55525,3675.06022,False,False
POL,2024,,25103.565661423,0.421437799930573,8.06380177,78.409756097561,,3675.06022,True,True
PRT,1995,4.61330986022949,11781.3618502221,1.27418982982635,,75.3121951219512,,1255.99385,True,True
PRT,1996,5.065110206604,12185.0914010629,1.27418982982635,,75.2609756097561,0.5495,1255.99385,False,False
PRT,1997,,11575.5071124358,1.27418982982635,,75.4121951219512,0.56374,1352.48105,False,True
PRT,1998,,12199.206385024,1.1116589307785,,75.7121951219512,0.62486,1450.22471,False,False
PRT,1999,5.04687023162842,12475.2917701476,1.1116589307785,,75.9634146341463,0.68121,1546.5656,False,True
PRT,2000,5.16386985778809,11526.3720667968,0.972350239753723,8.60104179,76.3146341463415,0.72156,1633.81566,False,False
PRT,2001,5.33713006973267,11734.7649743954,0.972350239753723,8.62751579,76.8146341463415,0.76482,1717.30179,False,True
PRT,2002,5.25872993469238,12936.6928204482,1.15235102176666,8.78642941,77.0658536585366,0.72184,1827.5988,False,False
PRT,2003,5.28152990341187,15797.7821340276,1.1067943572998,9.12415695,77.219512195122,0.69802,1939.08763,False,False
PRT,2004,5.04640007019043,18064.1580932987,1.04428017139435,9.5325079,77.6707317073171,0.7293,1975.6442,False,False
PRT,2005,5.07393980026245,18780.12751241,1.05113351345062,9.65306759,78.0707317073171,0.75755,2013.3272,False,False
PRT,2006,4.90769004821777,19839.4540499032,0.867630779743195,9.35422611,78.419512195122,0.95448,2344.86601,False,False
PRT,2007,4.92149019241333,22811.0564844365,0.894493699073792,9.25186634,78.3219512195122,1.12417,2674.3872,False,False
PRT,2008,4.69608020782471,24949.0413566739,1.0773845911026,9.58307838,78.5243902439025,1.44335,3827.16557,False,False
PRT,2009,5.56315994262695,23151.2154130712,1.15220522880554,10.13070393,78.7268292682927,1.58002,3768.61566,False,False
PRT,2010,5.40499019622803,22551.935098809,0.981475114822388,10.01858425,79.0268292682927,1.53317,3923.75527,False,False
PRT,2011,5.11688995361328,23246.5425416481,0.921245932579041,9.71847439,80.4707317073171,1.45558,4166.14892,False,False
PRT,2012,4.94226980209351,20593.4274224109,1.00191485881805,9.64000225,80.3731707317073,1.37661,4032.33558,False,False
PRT,2013,5.26528978347778,21676.4859642714,1.19421780109406,9.39476109,80.7219512195122,1.32325,3605.75824,False,False
PRT,2014,5.12005996704102,22120.6850127107,0.983170330524445,9.33570766,81.1219512195122,1.28892,3658.36239,False,False
PRT,2015,4.89425992965698,19215.7813014347,1.15793454647064,9.33309937,81.1243902439025,1.24552,3724.60014,False,False
PRT,2016,,19980.2808866516,1.14832854270935,9.39989281,81.1243902439025,1.2815,3992.10969,False,False
PRT,2017,5.02685022354126,21442.3842768879,1.2940491437912,9.32668972,81.4243902439025,1.32224,4348.10903,False,False
PRT,2018,4.6793999671936,23541.1401075289,1.18115174770355,9.42121029,81.3243902439024,1.35078,4614.40041,False,False
PRT,2019,4.6275200843811,23343.3628970034,1.13418579101562,9.50868607,81.6756097560976,1.39487,4859.21726,False,False
PRT,2020,4.86407995223999,22299.4044062173,0.979601144790649,10.52074051,81.3292682926829,1.60979,5131.43982,False,False
PRT,2021,4.77341985702515,24711.4510062111,0.952431321144104,11.22031498,81.3780487804878,1.66711,5430.93667,False,False
PRT,2022,4.55160999298096,24620.5197587181,1.00113356113434,10.5492239,81.6317073170732,1.69051,5686.65428,False,False
PRT,2023,,27634.6183139773,0.987550020217896,10.02761173,82.3292682926829,1.69491,5983.27041,False,False
PRT,2024,,29292.242104753,0.987550020217896,10.24061108,82.3829268292683,,5983.27041,True,True
QAT,1995,,15822.5090711554,0.556376993656158,,74.404,,647.4387,True,True
QAT,1996,,17124.7920861356,0.556376993656158,,74.558,,647.4387,True,False
QAT,1997,,20522.8012995179,0.556376993656158,,74.713,,647.4387,True,True
QAT,1998,3.57767009735107,17665.4408438222,0.430778682231903,,74.872,,647.4387,True,False
QAT,1999,4.34530019760132,20233.6846826643,0.430778682231903,,75.048,,647.4387,True,True
QAT,2000,3.72598004341125,27535.182940934,0.420466750860214,1.97258496,75.25,,647.4387,True,False
QAT,2001,3.20019006729126,25870.7991864314,0.420466750860214,2.3197093,75.486,,647.4387,True,True
QAT,2002,3.84656000137329,27226.6593510117,0.450908303260803,2.46044064,75.766,,647.4387,True,False
QAT,2003,3.37393999099731,31602.470865136,0.442997604608536,3.50257182,76.097,,647.4387,True,False
QAT,2004,3.46258997917175,41035.5008380177,0.509624004364014,3.18311739,76.484,,647.4387,True,False
QAT,2005,3.97187995910644,53949.6764091147,0.398244440555573,2.56300044,76.909,,647.4387,True,False
QAT,2006,,62582.4453138755,0.571517407894135,2.288064,77.323,,647.4387,True,False
QAT,2007,,65954.3419525051,0.459136933088303,2.07008052,77.741,,647.4387,True,False
QAT,2008,4.22755002975464,80781.4039187792,0.614897131919861,1.63775349,78.262,,647.4387,True,False
QAT,2009,3.41315007209778,60785.7351551657,0.968605577945709,2.38356304,78.837,,647.4387,True,False
QAT,2010,4.53965997695923,76462.6119486736,0.849948763847351,1.87017763,79.444,,647.4387,True,False
QAT,2011,4.01223993301392,103261.510293068,0.760745763778687,1.599962,79.994,,647.4387,True,False
QAT,2012,3.50744009017944,108470.387023229,0.946534693241119,1.74822152,80.499,0.4786,647.4387,False,False
QAT,2013,4.07384014129639,103697.062789144,1.06640684604645,2.07620168,80.974,,647.4387,True,False
QAT,2014,3.60535001754761,95840.6898934238,0.957515239715576,2.42293572,81.395,,647.4387,True,False
QAT,2015,,68985.2433380102,0.941626787185669,3.63581347,81.785,0.51883,643.91403,False,False
QAT,2016,,61253.6217997091,0.723663330078125,3.54971433,82.147,,643.91403,True,False
QAT,2017,2.96745991706848,63279.8767486216,0.728521347045898,3.21237087,82.458,,643.91403,True,False
QAT,2018,,71039.9308240078,0.630391478538513,2.96176219,82.714,0.53129,585.61288,False,False
QAT,2019,2.80378007888794,66841.3623185691,0.707392990589142,3.18468714,82.945,,585.61288,True,False
QAT,2020,3.23368000984192,51683.5681078949,0.867067635059357,3.81872201,80.409,,585.61288,True,False
QAT,2021,,71751.9363398856,1.07608556747437,2.8927927,81.083,0.68058,947.77921,False,False
QAT,2022,,88701.4689763536,1.13661742210388,2.18613315,81.857,,947.77921,True,False
QAT,2023,,81816.9797967481,1.19741261005402,2.52358818,82.368,,947.77921,True,False
QAT,2024,,76688.6941743178,1.19741261005402,,82.522,,947.77921,True,True
ROU,1995,,1650.04922365201,-0.286933869123459,,69.4560975609756,,1340.54887,True,True
ROU,1996,3.24121999740601,1633.01064354117,-0.286933869123459,,69.1048780487805,0.67472,1340.54887,False,False
ROU,1997,,1577.33656023974,-0.286933869123459,,69.0048780487805,0.57451,1264.78609,False,True
ROU,1998,,1852.5549693339,-0.52674263715744,,69.8073170731708,0.49541,1230.48005,False,False
ROU,1999,,1599.90622808339,-0.52674263715744,,70.5121951219512,0.39832,1056.12086,False,True
ROU,2000,2.86862993240356,1659.92904910528,-0.262158989906311,4.20876169,71.1634146341463,0.36626,926.23746,False,False
ROU,2001,3.26629996299744,1825.19299373184,-0.262158989906311,4.37598133,71.1609756097561,0.39129,897.21217,False,True
ROU,2002,3.50411009788513,2119.85509684554,-0.196587815880775,4.57694626,71.009756097561,0.37721,928.25307,False,False
ROU,2003,3.54397010803223,2679.40626016154,-0.283442199230194,5.37136793,71.309756097561,0.39708,966.74922,False,False
ROU,2004,3.31273007392883,3494.99056448955,-0.17491602897644,5.47733593,71.5609756097561,0.38942,988.65988,False,False
ROU,2005,3.50038003921509,4618.00350802913,-0.289697855710983,5.52778196,71.9121951219512,0.41262,1077.55642,False,False
ROU,2006,4.30650997161865,5757.53127301178,-0.189176306128502,5.07106066,72.1634146341463,0.45682,900.56598,False,False
ROU,2007,4.14953994750977,8360.33775916596,-0.352275401353836,5.02223349,72.5658536585366,0.51148,897.74358,False,False
ROU,2008,4.09722995758057,10435.1561230787,-0.357895225286484,5.02277184,72.5658536585366,0.55215,932.80168,False,False
ROU,2009,4.00193023681641,8548.4543409242,-0.363970696926117,5.27816248,73.309756097561,0.44393,933.38509,False,False
ROU,2010,3.41647005081177,8399.5374234284,-0.112342447042465,5.63882685,73.4585365853659,0.44657,964.52527,False,False
ROU,2011,2.91359996795654,9560.6755277458,-0.194315671920776,4.47503996,74.409756097561,0.47457,789.87506,False,False
ROU,2012,2.8234601020813,8929.95366231474,-0.169484630227089,4.50939083,74.4121951219512,0.46244,891.59994,False,False
ROU,2013,3.06785011291504,9497.67411615237,0.134710595011711,5.2240696,75.0634146341463,0.39022,923.69506,False,False
ROU,2014,3.12494993209839,10031.7710755404,0.224672213196754,5.0276823,74.909756097561,0.38207,904.75745,False,False
ROU,2015,3.10693001747131,8977.01748158196,0.0987904593348503,4.94292021,74.9121951219512,0.48796,876.41011,False,False
ROU,2016,3.0255401134491,9404.54005870715,-0.0682618692517281,5.08012772,75.209756097561,0.48863,910.44851,False,False
ROU,2017,3.11819005012512,10727.9822007426,-0.0847913026809692,5.18878555,75.209756097561,0.50693,887.74694,False,False
ROU,2018,3.31710004806519,12416.134317959,-0.177138328552246,5.51454878,75.3585365853659,0.49698,876.17129,False,False
ROU,2019,3.55761003494263,12909.6104013244,-0.215103924274445,5.69924641,75.6073170731707,0.47491,887.46612,False,False
ROU,2020,3.57968997955322,13009.1770573223,-0.286944448947906,6.20959711,74.2536585365854,0.46414,942.32049,False,False
ROU,2021,3.31562995910644,14907.9803652143,-0.163359016180038,6.45246983,72.809756097561,0.47108,988.67695,False,False
ROU,2022,3.2788200378418,15503.551804598,-0.000462350901216269,5.79823256,75.1536585365854,0.46274,998.72545,False,False
ROU,2023,,18244.4186876321,-0.0926659479737282,5.70901489,76.4048780487805,0.51656,1082.10503,False,False
ROU,2024,,20080.2096215595,-0.0926659479737282,,76.4585365853659,,1082.10503,True,True
RUS,1995,,2665.77978515625,-0.452226608991623,,64.6907317073171,,3792.63573,True,True
RUS,1996,,2643.92919921875,-0.452226608991623,,65.8541463414634,0.96591,3792.63573,False,False
RUS,1997,,2737.57202148438,-0.452226608991623,,66.6987804878049,1.04374,3598.52212,False,True
RUS,1998,,1834.86181640625,-0.662553489208221,,67.029756097561,0.95383,3333.54675,False,False
RUS,1999,,1330.75720214844,-0.662553489208221,,65.9821951219512,0.99623,3368.95669,False,True
RUS,2000,2.93979001045227,1771.59411621094,-0.673456251621246,5.01989794,65.4836585365854,1.04983,3446.16801,False,False
RUS,2001,3.10601997375488,2100.3525390625,-0.673456251621246,5.24284792,65.3834146341463,1.17694,3452.78814,False,True
RUS,2002,3.83502006530762,2377.52954101563,-0.376179724931717,5.52166557,65.1287804878049,1.24652,3375.24439,False,False
RUS,2003,3.67855000495911,2975.123046875,-0.499138176441193,5.16368914,65.0275609756098,1.28604,3335.95046,False,False
RUS,2004,3.54785990715027,4102.36474609375,-0.484211027622223,4.7603755,65.4709756097561,1.15133,3283.69795,False,False
RUS,2005,3.77192997932434,5323.455078125,-0.526238322257996,4.77177477,65.529756097561,1.06797,3206.1882,False,False
RUS,2006,3.86626005172729,6920.19970703125,-0.468877643346786,4.76654387,66.7275609756098,1.07294,3218.09388,False,False
RUS,2007,,9101.2392578125,-0.412203580141068,4.74792528,67.5868292682927,1.11611,3259.50421,False,False
RUS,2008,4.10174989700317,11635.2841796875,-0.416781842708588,4.90364122,67.9492682926829,1.04435,3137.57879,False,False
RUS,2009,,8562.82421875,-0.497236013412476,5.64392471,68.6846341463415,1.25192,3075.23481,False,False
RUS,2010,4.08974230526824,10674.990234375,-0.601686894893646,4.97111797,68.8412195121951,1.1302,3071.56116,False,False
RUS,2011,3.71261270253186,14305.33203125,-0.601444661617279,4.79491472,69.6839024390244,1.01545,3109.37401,False,False
RUS,2012,3.79310011863708,15401.8515625,-0.534914612770081,4.93637276,70.0721951219512,1.02766,3075.21492,False,False
RUS,2013,3.76382994651794,15941.4482421875,-0.452954411506653,5.08104849,70.5787804878049,1.02732,3050.2782,False,False
RUS,2014,4.01387977600098,14055.47265625,-0.195760622620583,5.1820941,70.7436585365854,1.07241,3072.93883,False,False
RUS,2015,3.83402991294861,9277.7138671875,-0.332078844308853,5.29604626,71.1834146341463,1.10085,3096.02745,False,False
RUS,2016,3.76044011116028,8663.158203125,-0.324105769395828,5.28970337,71.6512195121951,1.10238,2946.99732,False,False
RUS,2017,4.68990993499756,10658.9130859375,-0.191041514277458,5.35890055,72.4514634146342,1.10967,2811.96725,False,False
RUS,2018,4.67819023132324,11211.8876953125,-0.103785149753094,5.35520792,72.6621951219512,0.99001,2772.63667,False,False
RUS,2019,3.69561429198336,11447.701171875,0.0241736769676208,5.64849091,73.0839024390244,1.03531,2734.68619,False,False
RUS,2020,4.01641864383637,10108.3271484375,-0.111088737845421,8.04076004,71.3387804878049,1.09099,2710.16353,False,False
RUS,2021,3.99480697864774,12425.029296875,-0.210440874099731,7.0299139,69.900243902439,0.96602,2647.79283,False,False
RUS,2022,4.05402755323777,15619.6142578125,-0.696263790130615,6.8788662,72.5456097560976,0.91494,2657.93662,False,False
RUS,2023,4.16454853394225,14159.3876953125,-0.712461888790131,7.04438496,73.2546341463415,0.93518,2652.98533,False,False
RUS,2024,,14889.0185546875,-0.712461888790131,,73.4404878048781,0.93706,2638.56451,False,True
SAU,1995,5.69247007369995,10786.4008952769,-0.183629289269447,,70.944,,512.05775,True,True
SAU,1996,4.94373989105225,11471.5045960191,-0.183629289269447,,71.288,,512.05775,True,False
SAU,1997,4.37706995010376,11545.3455998551,-0.183629289269447,,71.624,,512.05775,True,True
SAU,1998,8.28131008148193,9836.05729768574,-0.219085738062859,,71.957,,512.05775,True,False
SAU,1999,7.07226991653442,10452.1899400479,-0.219085738062859,,72.29,,512.05775,True,True
SAU,2000,5.90982007980347,11714.5623675159,-0.229407846927643,4.2115941,72.607,,512.05775,True,False
SAU,2001,7.71887016296387,10805.311325122,-0.229407846927643,4.46173573,72.951,,512.05775,True,True
SAU,2002,7.63688993453979,10586.0543471363,-0.337844789028168,4.2493763,73.296,,512.05775,True,False
SAU,2003,7.10509014129639,11487.220410693,-0.366576313972473,3.97909737,73.657,0.06233,512.05775,True,False
SAU,2004,6.27747011184692,13154.4978989446,-0.386468946933746,3.58400965,74.027,0.05315,512.05775,True,False
SAU,2005,5.43093013763428,15975.7473782258,-0.391905188560486,3.4186728,74.4,0.0423,512.05775,True,False
SAU,2006,5.89117002487183,17563.6145370639,-0.198544204235077,3.61922002,74.762,0.04245,512.05775,True,False
SAU,2007,,18596.1502627898,-0.136533141136169,3.56229162,75.066,0.04521,512.05775,True,False
SAU,2008,5.13781023025513,22320.4888964331,-0.109230503439903,2.97100711,75.301,0.04902,512.05775,True,False
SAU,2009,,17718.3911648365,-0.110996946692467,4.29042768,75.447,0.07338,512.05775,True,False
SAU,2010,,22028.3901426586,-0.0236956626176834,3.64786148,75.616,0.884,512.05775,True,False
SAU,2011,,27126.7498747702,-0.317042857408524,3.68218255,75.808,0.88541,512.05775,True,False
SAU,2012,,28733.4375513452,0.01908940076828,3.98779845,76.09,0.85824,512.05775,True,False
SAU,2013,,27865.465604962,0.057302076369524,4.42293596,76.517,0.79069,512.05775,True,False
SAU,2014,,27805.4850319422,0.192474737763405,5.15800905,77.116,,512.05775,True,False
SAU,2015,,23256.1549553531,0.154987290501595,5.8620224,77.776,,512.05775,True,False
SAU,2016,,22267.7217050387,0.214122653007507,6.24142838,78.354,,512.05775,True,False
SAU,2017,,23929.2907135982,0.210743635892868,6.03126049,78.721,,512.05775,True,False
SAU,2018,,29360.0658968566,0.273804366588593,5.34063101,78.75,,512.05775,True,False
SAU,2019,,29566.7933827436,0.261275202035904,5.46743011,78.313,,512.05775,True,False
SAU,2020,,24338.8307301067,0.113618113100529,6.64630127,77.596,0.47618,512.05775,False,False
SAU,2021,,31920.7653655643,0.464676141738892,5.93033648,77.089,0.39379,794.29927,False,False
SAU,2022,,38510.2276211037,0.582258403301239,5.31400585,77.31,0.41439,958.18871,False,False
SAU,2023,4.48087978363037,36156.848337701,0.796441078186035,5.68722248,78.732,0.49487,1120.62603,False,False
SAU,2024,,35121.6628687742,0.796441078186035,,78.982,0.63522,1234.71384,False,True
SWE,1995,6.15396022796631,30254.0273028727,1.92191684246063,,78.7404878048781,,4169.89584,True,True
SWE,1996,6.833740234375,33022.2444768661,1.92191684246063,,78.9590243902439,,4169.89584,True,False
SWE,1997,,30324.1845796306,1.92191684246063,,79.1975609756098,3.27265,4169.89584,False,True
SWE,1998,7.05913019180298,30605.3669074811,1.88449275493622,,79.3390243902439,,4169.89584,True,False
SWE,1999,6.84251022338867,30968.8710702052,1.88449275493622,,79.4414634146342,3.37825,4508.76656,False,True
SWE,2000,6.7383599281311,29632.5890811623,1.87932634353638,7.32495546,79.6439024390244,,4508.76656,True,False
SWE,2001,6.61482000350952,27259.3174300217,1.87932634353638,7.89248943,79.7951219512195,3.87215,5177.98913,False,True
SWE,2002,6.91077995300293,29957.7776664916,1.96259272098541,8.18597412,79.8463414634146,,5177.98913,True,False
SWE,2003,6.79678010940552,37292.2419727801,2.01690196990967,8.31654263,80.0951219512195,3.5823,5389.38189,False,False
SWE,2004,6.6729998588562,42758.0048564929,2.09973764419556,8.1428194,80.4975609756098,3.36628,5434.9691,False,False
SWE,2005,6.51516008377075,43378.4077394363,1.8879017829895,8.15987301,80.5463414634146,3.3641,6103.30894,False,False
SWE,2006,6.37277984619141,46531.3762240485,1.80057287216187,8.0421772,80.7487804878049,3.47963,6159.34885,False,False
SWE,2007,6.18673992156982,53568.3057787832,2.01871752738953,7.9882226,80.9,3.24176,5026.89783,False,False
SWE,2008,6.38263988494873,55817.1759726485,1.94697892665863,8.22603607,81.1,3.49083,5468.69683,False,False
SWE,2009,6.78425979614258,46707.6425044751,2.04168105125427,8.77742958,81.3512195121951,3.41266,5110.718,False,False
SWE,2010,6.56318998336792,52542.5759090299,1.96262037754059,8.32384682,81.4512195121951,3.18756,5279.17412,False,False
SWE,2011,6.40655994415283,60379.4814599322,1.92519795894623,10.50179005,81.8024390243903,3.20686,5172.47477,False,False
SWE,2012,7.57456016540527,57749.5615420853,1.91103565692902,10.834198,81.7048780487805,3.24636,5196.71759,False,False
SWE,2013,7.6465802192688,60843.9888799369,1.78899824619293,10.9872179,81.9560975609756,3.27557,6717.6193,False,False
SWE,2014,7.62924003601074,59583.4584491714,1.68137550354004,11.07212639,82.2536585365854,3.12457,6909.46438,False,False
SWE,2015,7.49442005157471,51188.1652120493,1.6848486661911,10.93069172,82.2048780487805,3.24088,6846.13413,False,False
SWE,2016,7.63991022109985,51703.5088332851,1.66307485103607,10.95692444,82.3073170731707,3.25643,7143.443,False,False
SWE,2017,7.63849020004272,53210.2233318965,1.67575168609619,10.94730949,82.409756097561,3.39374,7316.6476,False,False
SWE,2018,7.69825983047485,54018.4554391861,1.67109441757202,11.09132671,82.5585365853659,3.34602,7425.66896,False,False
SWE,2019,7.66307020187378,51648.9892820514,1.67401242256165,10.93444347,83.109756097561,3.39847,7685.83827,False,False
SWE,2020,7.95333003997803,52568.5726980146,1.6700267791748,11.42458725,82.3560975609756,3.50181,7754.64384,False,False
SWE,2021,7.60224008560181,60647.5416365347,1.61025524139404,11.23013592,83.0560975609756,3.41565,8159.79705,False,False
SWE,2022,7.31909990310669,54836.8907235124,1.5724048614502,10.85505676,83.0585365853659,3.47239,8639.24439,False,False
SWE,2023,,54950.2834725622,1.60138332843781,11.152915,83.309756097561,3.59978,8910.73864,False,False
SWE,2024,,57117.4877440616,1.60138332843781,11.21510124,84.0634146341463,,8910.73864,True,True
THA,1995,3.14497995376587,2864.36515719866,0.180224552750587,,69.757,,101.45653,True,True
THA,1996,3.49960994720459,3054.65690806473,0.180224552750587,,69.94,0.11918,101.45653,False,False
THA,1997,4.57718992233276,2473.14096982086,0.180224552750587,,70.362,0.10214,73.08507,False,True
THA,1998,4.62569999694824,1847.70379269771,0.0358141399919987,,70.703,,73.08507,True,False
THA,1999,4.83267021179199,2033.24490520569,0.0358141399919987,,70.979,0.24836,168.24107,False,True
THA,2000,5.25345993041992,2005.97694514234,0.177485346794128,3.10125351,71.205,0.24471,168.24107,True,False
THA,2001,4.81787014007568,1889.93432467144,0.177485346794128,3.02623773,71.52,0.25231,279.59954,False,True
THA,2002,3.86491990089417,2089.75183111554,0.261051058769226,3.334723,71.775,0.23055,279.59954,True,False
THA,2003,3.72561001777649,2347.54001286066,0.305083304643631,3.24312782,72.101,0.24534,280.52762,False,False
THA,2004,4.03088998794556,2641.56268717857,0.261547863483429,3.13893151,72.1,0.23828,280.52762,True,False
THA,2005,3.93859004974365,2867.70383436062,0.340901643037796,3.15972233,72.894,0.21889,311.93079,False,False
THA,2006,4.05038022994995,3331.32043511773,0.417947977781296,3.09970832,73.341,0.23271,311.93079,True,False
THA,2007,3.60314989089966,3918.52817434581,0.285919487476349,3.19277525,73.779,0.2008,320.05038,False,False
THA,2008,3.50850009918213,4309.13509292986,0.156943961977959,3.45933938,74.221,0.20331,320.05038,True,False
THA,2009,3.86193990707398,4135.43986952819,0.206796795129776,3.61939645,74.669,0.23455,324.12834,False,False
THA,2010,3.50846004486084,4973.86288823778,0.0832910686731339,3.39009809,75.012,,324.12834,True,False
THA,2011,4.80556011199951,5373.6232832898,0.099299393594265,3.56825495,75.302,0.36146,528.55687,False,False
THA,2012,4.53672981262207,5725.52802835463,0.130159914493561,3.5229404,75.59,,528.55687,True,False
THA,2013,4.12401008605957,6018.08244729255,0.16293603181839,3.45313334,75.96,0.44163,773.81018,False,False
THA,2014,3.91917751852112,5801.1978916205,0.256995350122452,3.68448091,76.279,0.47988,941.80061,False,False
THA,2015,3.86397622727286,5688.85335397884,0.238737538456917,3.8522861,76.563,0.61609,844.08077,False,False
THA,2016,3.76761756770937,5833.57715617098,0.22570513188839,3.93900609,76.769,0.77829,1179.07394,False,False
THA,2017,3.46532147640365,6413.09182530343,0.257845818996429,3.85276842,76.989,1.00165,1315.74983,False,False
THA,2018,3.19769395901619,7099.77650081458,0.254539996385574,3.87040329,77.19,1.11375,1712.15367,False,False
THA,2019,3.02221411183282,7605.69657797759,0.260609537363052,3.78911877,77.197,1.14317,1744.16222,False,False
THA,2020,3.15314171737183,6985.64393892574,0.201812535524368,4.35724688,77.331,1.32818,2018.34788,False,False
THA,2021,2.98212428478268,7057.20754802279,0.220056802034378,5.15399981,77.606,1.20822,1695.79586,False,False
THA,2022,2.61187022798634,6909.35281815827,0.127444162964821,5.35471153,75.291,1.15902,1863.07585,False,False
THA,2023,2.52122219628772,7195.10130919449,0.171705812215805,4.53787661,76.412,0.93628,1591.96746,False,False
THA,2024,,7346.62022142185,0.171705812215805,,76.564,,1591.96746,True,True
TUR,1995,2.2511100769043,3845.98997887841,-0.076127216219902,,69.734,,294.0892,True,True
TUR,1996,,4041.36210281686,-0.076127216219902,,70.245,0.45159,294.0892,False,False
TUR,1997,,4197.37636165642,-0.076127216219902,,70.668,0.49168,302.97728,False,True
TUR,1998,0.0,4331.02761275037,-0.3128622174263,,71.144,0.36198,298.97969,False,False
TUR,1999,,3973.77763854116,-0.3128622174263,,70.752,0.45557,312.68431,False,True
TUR,2000,,4199.3798635759,-0.0204347390681505,4.59957218,71.931,0.46558,355.04829,False,False
TUR,2001,,3052.2256706793,-0.0204347390681505,4.88784933,72.271,0.52247,344.81485,False,True
TUR,2002,,3591.08628982587,0.0525650456547737,5.06227875,72.605,0.50904,360.00407,False,False
TUR,2003,,4649.63668068586,0.0348631851375103,5.01427698,72.906,0.46532,484.24236,False,False
TUR,2004,,5979.6054216148,-0.0198382139205933,4.9096446,73.223,0.49713,496.59332,False,False
TUR,2005,,7331.85429430255,0.144592627882957,4.89389706,73.51,0.56381,567.50023,False,False
TUR,2006,,7990.08251407245,0.10542806237936,5.14591694,73.804,0.55292,612.17385,False,False
TUR,2007,,9766.91734545294,0.326100617647171,5.23760796,74.129,0.68616,705.52013,False,False
TUR,2008,,10913.4079047769,0.289960533380508,5.21761751,74.38,0.68741,742.74528,False,False
TUR,2009,,9076.92472236977,0.28977906703949,5.49438715,74.679,0.80363,801.95239,False,False
TUR,2010,,10698.9699409757,0.315034985542297,5.02053452,74.964,0.79369,882.50416,False,False
TUR,2011,4.22150993347168,11373.6355760885,0.365056276321411,4.6530509,74.823,0.79393,977.26304,False,False
TUR,2012,4.38721990585327,11776.7593362033,0.432250022888184,4.44444656,75.552,0.82595,1100.18611,False,False
TUR,2013,4.34479999542236,12635.5570016068,0.398709654808044,4.37099934,76.171,0.81206,1175.90164,False,False
TUR,2014,4.41256999969482,12209.3862327674,0.392252773046494,4.32517862,76.452,0.8564,1163.53689,False,False
TUR,2015,4.30550003051758,11064.6494504662,0.199524775147438,4.11690426,76.539,0.96732,1136.18026,False,False
TUR,2016,4.62773990631104,10984.3643169061,-0.00650703674182296,4.28469229,76.595,1.11979,1263.789,False,False
TUR,2017,4.32369995117188,10756.3877677883,0.0138382893055677,4.17974997,77.037,1.17632,1420.59574,False,False
TUR,2018,4.29729986190796,9684.11819884721,-0.0684682950377464,4.12101603,77.454,1.27093,1585.08328,False,False
TUR,2019,4.44776010513306,9395.23378001368,-0.0204638708382845,4.35954332,77.737,1.3196,1737.57621,False,False
TUR,2020,4.03382015228271,8798.11791709313,-0.15879775583744,4.61640215,76.525,1.36748,1964.65668,False,False
TUR,2021,3.53787994384766,9981.76398411336,-0.119116462767124,4.56065559,75.722,1.40209,2209.69913,False,False
TUR,2022,3.09571003913879,10897.8397861365,-0.199645325541496,3.70338893,77.591,1.32342,2478.67633,False,False
TUR,2023,,13375.0947282864,-0.247911587357521,4.27524424,77.156,1.42224,2644.6573,False,False
TUR,2024,,15892.7157287241,-0.247911587357521,,77.421,,2644.6573,True,True
UKR,1995,,933.191772460938,-0.670080244541168,,67.114,,1451.9222,True,True
UKR,1996,,869.846069335938,-0.670080244541168,,67.097,,1451.9222,True,False
UKR,1997,5.45600986480713,987.489807128906,-0.670080244541168,,67.658,1.1923,1451.9222,True,True
UKR,1998,4.44884014129639,831.336791992188,-0.848181307315826,,67.993,1.06993,1451.9222,True,False
UKR,1999,3.61807990074158,631.910461425781,-0.848181307315826,,68.004,0.96968,1451.9222,True,True
UKR,2000,4.02293014526367,653.294311523438,-0.675985157489777,5.30685186,67.786,0.92904,1451.9222,True,False
UKR,2001,4.52568006515503,800.49072265625,-0.675985157489777,5.72534418,67.675,0.98944,1451.9222,True,True
UKR,2002,5.24006986618042,903.011901855469,-0.695505380630493,5.99220037,67.699,0.96269,1451.9222,True,False
UKR,2003,5.4001898765564,1076.48156738281,-0.673910856246948,6.54574108,67.638,1.07166,1451.9222,True,False
UKR,2004,5.12376022338867,1401.01806640625,-0.666463196277618,6.16856956,67.472,1.04392,1451.9222,True,False
UKR,2005,5.84819984436035,1875.33508300781,-0.671290218830109,6.3461585,67.517,0.99518,1451.9222,True,False
UKR,2006,5.97945976257324,2366.494140625,-0.523428201675415,6.4171896,67.49,0.91403,1451.9222,False,False
UKR,2007,5.90244007110596,3160.32763671875,-0.724815309047699,6.01776791,67.715,0.81869,1430.03134,False,False
UKR,2008,6.15242004394531,4017.806640625,-0.787461042404175,5.49754429,68.262,0.80991,1404.84115,False,False
UKR,2009,7.05074977874756,2607.08764648438,-0.844365835189819,6.60991716,69.159,0.82596,1324.32376,False,False
UKR,2010,,3039.63232421875,-0.820753991603851,6.81387615,70.188,0.80278,1306.70104,False,False
UKR,2011,5.93769979476929,3656.69799804688,-0.867093980312347,6.81669855,70.711,0.7109,1237.47634,False,False
UKR,2012,6.44267988204956,3951.34228515625,-0.59455281496048,7.11789227,71.09,0.72363,1210.04567,False,False
UKR,2013,6.41987991333008,4129.89697265625,-0.664322078227997,6.94358015,71.474,0.733,1139.62164,False,False
UKR,2014,5.87491989135742,3054.908203125,-0.39884689450264,7.19506168,71.803,0.65034,1002.50854,False,False
UKR,2015,5.33951727495092,2094.47387695313,-0.554407000541687,7.78352833,72.686,0.61477,1005.99722,False,False
UKR,2016,5.00976991653442,2158.46118164063,-0.609457552433014,7.55205393,73.389,0.48339,1037.24086,False,False
UKR,2017,5.41706991195679,2604.28759765625,-0.514022350311279,7.44610357,73.993,0.44878,994.07744,False,False
UKR,2018,5.3199200630188,3059.0517578125,-0.459631830453873,7.52051353,73.569,0.47113,988.07663,False,False
UKR,2019,5.44129991531372,3619.86157226563,-0.334266752004623,7.09389353,73.92,0.43384,880.55411,False,False
UKR,2020,5.38230991363525,3709.76928710938,-0.410091131925583,7.56217051,73.283,0.40318,846.24846,False,False
UKR,2021,5.14010000228882,4775.94580078125,-0.439535766839981,8.2027483,71.631,0.38478,774.07275,False,False
UKR,2022,,4199.6708984375,-0.497119277715683,,72.658,0.32673,586.07925,False,False
UKR,2023,,5139.59814453125,-0.357320100069046,,73.422,0.32209,586.07925,True,False
UKR,2024,,5389.47314453125,-0.357320100069046,,74.692,0.36988,586.07925,True,True
USA,1995,,28690.8757013347,1.52492046356201,,75.6219512195122,,3206.67656,True,True
USA,1996,,29967.7127181749,1.52492046356201,,76.0268292682927,2.45013,3206.67656,False,False
USA,1997,,31459.1389804773,1.52492046356201,,76.4292682926829,2.47714,3310.87683,False,True
USA,1998,,32853.6769523009,1.6985274553299,,76.5804878048781,2.49621,3472.48581,False,False
USA,1999,,34515.3902272076,1.6985274553299,,76.5829268292683,2.54362,3547.1262,False,True
USA,2000,,36329.9560727102,1.72488653659821,12.49002075,76.6365853658537,2.61982,3556.3917,False,False
USA,2001,,37133.623113437,1.72488653659821,13.16817093,76.8365853658537,2.63715,3598.59475,False,True
USA,2002,,37997.7596573051,1.62092781066895,13.99535275,76.9365853658537,2.54746,3645.74808,False,False
USA,2003,,39490.2749557007,1.54012453556061,14.50557518,77.0365853658537,2.55014,3851.4654,False,False
USA,2004,,41724.6316287624,1.74025785923004,14.55123138,77.4878048780488,2.48685,3710.14634,False,False
USA,2005,,44123.4070679055,1.53101277351379,14.57946205,77.4878048780488,2.50192,3635.29099,False,False
USA,2006,,46302.0008800056,1.5816855430603,14.70878792,77.6878048780488,2.54545,3674.19384,False,False
USA,2007,,48050.2237771135,1.64327275753021,14.91832542,77.9878048780488,2.61516,3624.05411,False,False
USA,2008,,48570.0459804586,1.60507559776306,15.20723629,78.0390243902439,2.74481,3751.46069,False,False
USA,2009,,47194.9433547336,1.50298464298248,16.20067596,78.390243902439,2.7918,3877.89208,False,False
USA,2010,,48642.6100179312,1.55227208137512,16.19722366,78.5414634146342,2.71443,3643.92768,False,False
USA,2011,,50024.868799398,1.5137984752655,16.14000511,78.6414634146341,2.73803,3754.88228,False,False
USA,2012,,51708.4011556577,1.5213223695755,16.11975479,78.7414634146342,2.67272,3734.6577,False,False
USA,2013,,53179.0127634561,1.51647663116455,15.95227051,78.7414634146342,2.69591,3815.20951,False,False
USA,2014,,54973.4207515712,1.46162545681,16.1415844,78.8414634146341,2.70882,3915.0339,False,False
USA,2015,4.93064022064209,56572.9188996063,1.43219923973083,16.40155411,78.690243902439,2.77328,3949.66371,False,False
USA,2016,4.78327989578247,57638.1018367192,1.44050490856171,16.69203949,78.5390243902439,2.83677,3897.11007,False,False
USA,2017,5.09296989440918,59635.0984397965,1.51742815971375,16.63827515,78.5390243902439,2.88315,4020.59227,False,False
USA,2018,4.89502000808716,62499.8744390068,1.53697216510773,16.51312637,78.6390243902439,2.98956,4322.78826,False,False
USA,2019,4.95746994018555,64746.4506778863,1.45341503620148,16.54486084,78.7878048780488,3.14297,4367.20971,False,False
USA,2020,5.39530992507935,63515.9491807833,1.27459323406219,18.51597404,76.9804878048781,3.41788,4567.79267,False,False
USA,2021,5.42038011550903,70205.050916026,1.2975310087204,17.35207748,76.3292682926829,3.4689,4900.77179,False,False
USA,2022,,76657.2488844403,1.25549554824829,16.52875137,77.4341463414634,3.48736,4937.49441,False,False
USA,2023,,81032.262117545,1.21720099449158,16.69414902,78.3853658536585,3.44716,4937.49441,True,False
USA,2024,,84534.0407841548,1.21720099449158,,78.890243902439,,4937.49441,True,True
ZAF,1995,,3855.6340871567,1.02049589157104,,61.603,,188.02634,True,True
ZAF,1996,5.04734992980957,3617.55336002932,1.02049589157104,,61.079,,188.02634,True,False
ZAF,1997,,3700.23554789867,1.02049589157104,,60.538,0.52694,188.02634,False,True
ZAF,1998,,3309.60933087472,0.624708473682404,,59.912,,188.02634,True,False
ZAF,1999,5.29117012023926,3242.36830483958,0.624708473682404,,59.19,,188.02634,True,True
ZAF,2000,4.90882015228271,3217.84693448467,0.645909368991852,7.3366189,58.368,,188.02634,True,False
ZAF,2001,4.63617992401123,2847.15191945908,0.645909368991852,7.12327909,57.161,0.64224,299.48395,False,True
ZAF,2002,4.54569005966187,2688.23676032806,0.607831418514252,6.67774487,55.58,,299.48395,True,False
ZAF,2003,4.35209989547729,4062.21755993786,0.599580049514771,7.04098177,54.245,0.6765,292.80758,False,False
ZAF,2004,4.50897979736328,5221.46333731721,0.559140086174011,6.938416,53.963,0.72681,367.54743,False,False
ZAF,2005,4.5245099067688,5836.87663325127,0.567057847976685,6.86216164,53.914,0.77024,351.38625,False,False
ZAF,2006,4.52652978897095,6077.38293388876,0.325101375579834,6.87650871,54.22,0.80291,373.41244,False,False
ZAF,2007,4.44668006896973,6591.85535960564,0.283431172370911,6.90510845,54.948,0.79364,384.41697,False,False
ZAF,2008,4.37424993515015,6184.75474328399,0.332178503274918,7.14832258,55.982,0.80567,381.59248,False,False
ZAF,2009,4.76118993759155,6374.70560042992,0.310807675123215,7.64941454,57.413,0.74993,384.84932,False,False
ZAF,2010,5.13496017456055,7973.47195771517,0.191702410578728,7.79358244,58.886,0.66284,359.80904,False,False
ZAF,2011,5.28899002075195,8646.05571071635,0.217559650540352,7.94434404,60.602,0.66753,381.96714,False,False
ZAF,2012,5.52322006225586,8076.97678479741,0.170115306973457,8.00428867,61.737,0.66934,400.95517,False,False
ZAF,2013,5.35070991516113,7331.65467384919,0.30602103471756,8.10322285,62.388,0.6633,430.44849,False,False
ZAF,2014,5.48977994918823,6856.73137092522,0.165043815970421,7.87136555,63.184,0.70987,427.63838,False,False
ZAF,2015,5.48285007476807,6112.27382485974,0.0873290970921516,8.05304241,64.053,0.73147,466.56084,False,False
ZAF,2016,5.4442400932312,5651.20585165749,0.101402580738068,8.07959366,64.749,0.74992,481.99586,False,False
ZAF,2017,5.59868001937866,6618.33508255701,0.0707959234714508,7.97711372,65.422,0.76257,516.53674,False,False
ZAF,2018,5.64401006698608,6914.1780318076,0.103647440671921,8.0819664,65.726,0.68586,500.79079,False,False
ZAF,2019,5.91159009933472,6533.71121032856,0.127971157431602,8.24652863,66.071,0.61304,479.86558,False,False
ZAF,2020,6.17067003250122,5580.60383075189,0.0465345233678818,9.02174091,65.15,0.60296,459.98774,False,False
ZAF,2021,6.5551700592041,6828.75624590017,-0.0701303705573082,8.6645031,62.01,0.6139,454.79773,False,False
ZAF,2022,6.15599012374878,6534.24867783397,-0.109027646481991,8.74512291,65.454,0.61479,444.16298,False,False
ZAF,2023,6.12347984313965,6034.27208964673,-0.256946682929993,8.90966797,66.139,,444.16298,True,False
ZAF,2024,6.02110004425049,6267.186814093,-0.256946682929993,,66.312,,444.16298,True,True
