Country/area,Technology,Grid connection,Year,Electricity capacity statistics
Afghanistan,Total renewable energy,OnGrid,2000,191.5
Afghanistan,Total renewable energy,OnGrid,2001,191.5
Afghanistan,Total renewable energy,OnGrid,2002,191.5
Afghanistan,Total renewable energy,OnGrid,2003,191.5
Afghanistan,Total renewable energy,OnGrid,2004,191.5
Afghanistan,Total renewable energy,OnGrid,2005,191.5
Afghanistan,Total renewable energy,OnGrid,2006,191.5
Afghanistan,Total renewable energy,OnGrid,2007,191.5
Afghanistan,Total renewable energy,OnGrid,2008,202.5
Afghanistan,Total renewable energy,OnGrid,2009,202.5
Afghanistan,Total renewable energy,OnGrid,2010,227.5
Afghanistan,Total renewable energy,OnGrid,2011,227.5
Afghanistan,Total renewable energy,OnGrid,2012,252.5
Afghanistan,Total renewable energy,OnGrid,2013,252.5
Afghanistan,Total renewable energy,OnGrid,2014,252.5
Afghanistan,Total renewable energy,OnGrid,2015,252.5
Afghanistan,Total renewable energy,OnGrid,2016,294.5
Afghanistan,Total renewable energy,OnGrid,2017,313
Afghanistan,Total renewable energy,OnGrid,2018,313
Afghanistan,Total renewable energy,OnGrid,2019,343
Afghanistan,Total renewable energy,OnGrid,2020,343
Afghanistan,Total renewable energy,OnGrid,2021,359.8
Afghanistan,Total renewable energy,OnGrid,2022,462.3
Afghanistan,Total renewable energy,OnGrid,2023,462.3
Afghanistan,Total renewable energy,OnGrid,2024,473.5
Afghanistan,Total renewable energy,OnGrid,2025,493.3
Afghanistan,Total renewable energy,OffGrid,2000,0
Afghanistan,Total renewable energy,OffGrid,2001,0
Afghanistan,Total renewable energy,OffGrid,2002,0.01
Afghanistan,Total renewable energy,OffGrid,2003,0.12
Afghanistan,Total renewable energy,OffGrid,2004,0.22
Afghanistan,Total renewable energy,OffGrid,2005,1.1
Afghanistan,Total renewable energy,OffGrid,2006,4.15
Afghanistan,Total renewable energy,OffGrid,2007,4.96
Afghanistan,Total renewable energy,OffGrid,2008,5.2
Afghanistan,Total renewable energy,OffGrid,2009,10.4
Afghanistan,Total renewable energy,OffGrid,2010,13.95
Afghanistan,Total renewable energy,OffGrid,2011,17.42
Afghanistan,Total renewable energy,OffGrid,2012,36.97
Afghanistan,Total renewable energy,OffGrid,2013,41.14
Afghanistan,Total renewable energy,OffGrid,2014,46.11
Afghanistan,Total renewable energy,OffGrid,2015,50.29
Afghanistan,Total renewable energy,OffGrid,2016,55.8
Afghanistan,Total renewable energy,OffGrid,2017,59.69
Afghanistan,Total renewable energy,OffGrid,2018,59.47
Afghanistan,Total renewable energy,OffGrid,2019,58.98
Afghanistan,Total renewable energy,OffGrid,2020,58.41
Afghanistan,Total renewable energy,OffGrid,2021,58.69
Afghanistan,Total renewable energy,OffGrid,2022,60.49
Afghanistan,Total renewable energy,OffGrid,2023,60.49
Afghanistan,Total renewable energy,OffGrid,2024,60.49
Afghanistan,Total renewable energy,OffGrid,2025,60.49
Albania,Total renewable energy,OnGrid,2000,1453
Albania,Total renewable energy,OnGrid,2001,1453.1
Albania,Total renewable energy,OnGrid,2002,1453.2
Albania,Total renewable energy,OnGrid,2003,1453.2
Albania,Total renewable energy,OnGrid,2004,1453.2
Albania,Total renewable energy,OnGrid,2005,1453.2
Albania,Total renewable energy,OnGrid,2006,1453.2
Albania,Total renewable energy,OnGrid,2007,1455.2
Albania,Total renewable energy,OnGrid,2008,1457.2
Albania,Total renewable energy,OnGrid,2009,1459.3
Albania,Total renewable energy,OnGrid,2010,1475.4
Albania,Total renewable energy,OnGrid,2011,1508.56
Albania,Total renewable energy,OnGrid,2012,1628.68
Albania,Total renewable energy,OnGrid,2013,1781.76
Albania,Total renewable energy,OnGrid,2014,1725.87
Albania,Total renewable energy,OnGrid,2015,1799.05
Albania,Total renewable energy,OnGrid,2016,1914
Albania,Total renewable energy,OnGrid,2017,2049.43
Albania,Total renewable energy,OnGrid,2018,2107.43
Albania,Total renewable energy,OnGrid,2019,2177.43
Albania,Total renewable energy,OnGrid,2020,2409.43
Albania,Total renewable energy,OnGrid,2021,2531.43
Albania,Total renewable energy,OnGrid,2022,2594.57
Albania,Total renewable energy,OnGrid,2023,2727.02
Albania,Total renewable energy,OnGrid,2024,3276.91
Albania,Total renewable energy,OnGrid,2025,3496.81
Albania,Total renewable energy,OffGrid,2000,-
Albania,Total renewable energy,OffGrid,2001,-
Albania,Total renewable energy,OffGrid,2002,-
Albania,Total renewable energy,OffGrid,2003,-
Albania,Total renewable energy,OffGrid,2004,-
Albania,Total renewable energy,OffGrid,2005,-
Albania,Total renewable energy,OffGrid,2006,-
Albania,Total renewable energy,OffGrid,2007,-
Albania,Total renewable energy,OffGrid,2008,-
Albania,Total renewable energy,OffGrid,2009,-
Albania,Total renewable energy,OffGrid,2010,-
Albania,Total renewable energy,OffGrid,2011,-
Albania,Total renewable energy,OffGrid,2012,-
Albania,Total renewable energy,OffGrid,2013,-
Albania,Total renewable energy,OffGrid,2014,-
Albania,Total renewable energy,OffGrid,2015,-
Albania,Total renewable energy,OffGrid,2016,-
Albania,Total renewable energy,OffGrid,2017,-
Albania,Total renewable energy,OffGrid,2018,-
Albania,Total renewable energy,OffGrid,2019,-
Albania,Total renewable energy,OffGrid,2020,-
Albania,Total renewable energy,OffGrid,2021,-
Albania,Total renewable energy,OffGrid,2022,-
Albania,Total renewable energy,OffGrid,2023,-
Albania,Total renewable energy,OffGrid,2024,-
Albania,Total renewable energy,OffGrid,2025,-
Algeria,Total renewable energy,OnGrid,2000,276.6
Algeria,Total renewable energy,OnGrid,2001,276.6
Algeria,Total renewable energy,OnGrid,2002,276.6
Algeria,Total renewable energy,OnGrid,2003,276.6
Algeria,Total renewable energy,OnGrid,2004,276.6
Algeria,Total renewable energy,OnGrid,2005,276.6
Algeria,Total renewable energy,OnGrid,2006,249.6
Algeria,Total renewable energy,OnGrid,2007,249.6
Algeria,Total renewable energy,OnGrid,2008,230.6
Algeria,Total renewable energy,OnGrid,2009,227.6
Algeria,Total renewable energy,OnGrid,2010,252.6
Algeria,Total renewable energy,OnGrid,2011,252.6
Algeria,Total renewable energy,OnGrid,2012,252.6
Algeria,Total renewable energy,OnGrid,2013,252.6
Algeria,Total renewable energy,OnGrid,2014,254.8
Algeria,Total renewable energy,OnGrid,2015,269.8
Algeria,Total renewable energy,OnGrid,2016,469.8
Algeria,Total renewable energy,OnGrid,2017,563.2
Algeria,Total renewable energy,OnGrid,2018,575.2
Algeria,Total renewable energy,OnGrid,2019,575.2
Algeria,Total renewable energy,OnGrid,2020,555.8
Algeria,Total renewable energy,OnGrid,2021,476.1
Algeria,Total renewable energy,OnGrid,2022,540.86
Algeria,Total renewable energy,OnGrid,2023,542.85
Algeria,Total renewable energy,OnGrid,2024,542.85
Algeria,Total renewable energy,OnGrid,2025,542.85
Algeria,Total renewable energy,OffGrid,2000,-
Algeria,Total renewable energy,OffGrid,2001,-
Algeria,Total renewable energy,OffGrid,2002,-
Algeria,Total renewable energy,OffGrid,2003,-
Algeria,Total renewable energy,OffGrid,2004,-
Algeria,Total renewable energy,OffGrid,2005,-
Algeria,Total renewable energy,OffGrid,2006,-
Algeria,Total renewable energy,OffGrid,2007,-
Algeria,Total renewable energy,OffGrid,2008,-
Algeria,Total renewable energy,OffGrid,2009,-
Algeria,Total renewable energy,OffGrid,2010,-
Algeria,Total renewable energy,OffGrid,2011,-
Algeria,Total renewable energy,OffGrid,2012,-
Algeria,Total renewable energy,OffGrid,2013,-
Algeria,Total renewable energy,OffGrid,2014,11.3
Algeria,Total renewable energy,OffGrid,2015,29.74
Algeria,Total renewable energy,OffGrid,2016,29.74
Algeria,Total renewable energy,OffGrid,2017,29.74
Algeria,Total renewable energy,OffGrid,2018,29.54
Algeria,Total renewable energy,OffGrid,2019,29.54
Algeria,Total renewable energy,OffGrid,2020,29.54
Algeria,Total renewable energy,OffGrid,2021,29.54
Algeria,Total renewable energy,OffGrid,2022,48.84
Algeria,Total renewable energy,OffGrid,2023,57.85
Algeria,Total renewable energy,OffGrid,2024,57.85
Algeria,Total renewable energy,OffGrid,2025,57.85
Amer Samoa,Total renewable energy,OnGrid,2000,-
Amer Samoa,Total renewable energy,OnGrid,2001,-
Amer Samoa,Total renewable energy,OnGrid,2002,-
Amer Samoa,Total renewable energy,OnGrid,2003,-
Amer Samoa,Total renewable energy,OnGrid,2004,-
Amer Samoa,Total renewable energy,OnGrid,2005,-
Amer Samoa,Total renewable energy,OnGrid,2006,-
Amer Samoa,Total renewable energy,OnGrid,2007,-
Amer Samoa,Total renewable energy,OnGrid,2008,-
Amer Samoa,Total renewable energy,OnGrid,2009,-
Amer Samoa,Total renewable energy,OnGrid,2010,-
Amer Samoa,Total renewable energy,OnGrid,2011,-
Amer Samoa,Total renewable energy,OnGrid,2012,2.42
Amer Samoa,Total renewable energy,OnGrid,2013,2.42
Amer Samoa,Total renewable energy,OnGrid,2014,2.42
Amer Samoa,Total renewable energy,OnGrid,2015,2.42
Amer Samoa,Total renewable energy,OnGrid,2016,2.42
Amer Samoa,Total renewable energy,OnGrid,2017,2.42
Amer Samoa,Total renewable energy,OnGrid,2018,3.31
Amer Samoa,Total renewable energy,OnGrid,2019,3.31
Amer Samoa,Total renewable energy,OnGrid,2020,3.31
Amer Samoa,Total renewable energy,OnGrid,2021,3.31
Amer Samoa,Total renewable energy,OnGrid,2022,5.61
Amer Samoa,Total renewable energy,OnGrid,2023,5.61
Amer Samoa,Total renewable energy,OnGrid,2024,5.61
Amer Samoa,Total renewable energy,OnGrid,2025,5.61
Amer Samoa,Total renewable energy,OffGrid,2000,-
Amer Samoa,Total renewable energy,OffGrid,2001,-
Amer Samoa,Total renewable energy,OffGrid,2002,-
Amer Samoa,Total renewable energy,OffGrid,2003,-
Amer Samoa,Total renewable energy,OffGrid,2004,-
Amer Samoa,Total renewable energy,OffGrid,2005,-
Amer Samoa,Total renewable energy,OffGrid,2006,-
Amer Samoa,Total renewable energy,OffGrid,2007,-
Amer Samoa,Total renewable energy,OffGrid,2008,-
Amer Samoa,Total renewable energy,OffGrid,2009,-
Amer Samoa,Total renewable energy,OffGrid,2010,-
Amer Samoa,Total renewable energy,OffGrid,2011,-
Amer Samoa,Total renewable energy,OffGrid,2012,-
Amer Samoa,Total renewable energy,OffGrid,2013,-
Amer Samoa,Total renewable energy,OffGrid,2014,-
Amer Samoa,Total renewable energy,OffGrid,2015,-
Amer Samoa,Total renewable energy,OffGrid,2016,1.5
Amer Samoa,Total renewable energy,OffGrid,2017,1.85
Amer Samoa,Total renewable energy,OffGrid,2018,1.85
Amer Samoa,Total renewable energy,OffGrid,2019,1.5
Amer Samoa,Total renewable energy,OffGrid,2020,1.5
Amer Samoa,Total renewable energy,OffGrid,2021,1.5
Amer Samoa,Total renewable energy,OffGrid,2022,1.5
Amer Samoa,Total renewable energy,OffGrid,2023,1.5
Amer Samoa,Total renewable energy,OffGrid,2024,1.5
Amer Samoa,Total renewable energy,OffGrid,2025,1.5
Andorra,Total renewable energy,OnGrid,2000,30
Andorra,Total renewable energy,OnGrid,2001,30
Andorra,Total renewable energy,OnGrid,2002,30
Andorra,Total renewable energy,OnGrid,2003,30
Andorra,Total renewable energy,OnGrid,2004,30
Andorra,Total renewable energy,OnGrid,2005,30
Andorra,Total renewable energy,OnGrid,2006,35
Andorra,Total renewable energy,OnGrid,2007,35
Andorra,Total renewable energy,OnGrid,2008,51
Andorra,Total renewable energy,OnGrid,2009,51
Andorra,Total renewable energy,OnGrid,2010,51
Andorra,Total renewable energy,OnGrid,2011,51
Andorra,Total renewable energy,OnGrid,2012,51
Andorra,Total renewable energy,OnGrid,2013,51.13
Andorra,Total renewable energy,OnGrid,2014,51.13
Andorra,Total renewable energy,OnGrid,2015,51.19
Andorra,Total renewable energy,OnGrid,2016,51.2
Andorra,Total renewable energy,OnGrid,2017,51.26
Andorra,Total renewable energy,OnGrid,2018,51.37
Andorra,Total renewable energy,OnGrid,2019,51.53
Andorra,Total renewable energy,OnGrid,2020,51.64
Andorra,Total renewable energy,OnGrid,2021,52.05
Andorra,Total renewable energy,OnGrid,2022,52.82
Andorra,Total renewable energy,OnGrid,2023,55.81
Andorra,Total renewable energy,OnGrid,2024,57.81
Andorra,Total renewable energy,OnGrid,2025,60.65
Andorra,Total renewable energy,OffGrid,2000,-
Andorra,Total renewable energy,OffGrid,2001,-
Andorra,Total renewable energy,OffGrid,2002,-
Andorra,Total renewable energy,OffGrid,2003,-
Andorra,Total renewable energy,OffGrid,2004,-
Andorra,Total renewable energy,OffGrid,2005,-
Andorra,Total renewable energy,OffGrid,2006,-
Andorra,Total renewable energy,OffGrid,2007,-
Andorra,Total renewable energy,OffGrid,2008,-
Andorra,Total renewable energy,OffGrid,2009,-
Andorra,Total renewable energy,OffGrid,2010,-
Andorra,Total renewable energy,OffGrid,2011,-
Andorra,Total renewable energy,OffGrid,2012,-
Andorra,Total renewable energy,OffGrid,2013,-
Andorra,Total renewable energy,OffGrid,2014,-
Andorra,Total renewable energy,OffGrid,2015,-
Andorra,Total renewable energy,OffGrid,2016,-
Andorra,Total renewable energy,OffGrid,2017,-
Andorra,Total renewable energy,OffGrid,2018,-
Andorra,Total renewable energy,OffGrid,2019,-
Andorra,Total renewable energy,OffGrid,2020,-
Andorra,Total renewable energy,OffGrid,2021,-
Andorra,Total renewable energy,OffGrid,2022,-
Andorra,Total renewable energy,OffGrid,2023,-
Andorra,Total renewable energy,OffGrid,2024,-
Andorra,Total renewable energy,OffGrid,2025,-
Angola,Total renewable energy,OnGrid,2000,229.92
Angola,Total renewable energy,OnGrid,2001,229.92
Angola,Total renewable energy,OnGrid,2002,229.92
Angola,Total renewable energy,OnGrid,2003,229.92
Angola,Total renewable energy,OnGrid,2004,489.92
Angola,Total renewable energy,OnGrid,2005,489.92
Angola,Total renewable energy,OnGrid,2006,489.92
Angola,Total renewable energy,OnGrid,2007,749.92
Angola,Total renewable energy,OnGrid,2008,765.92
Angola,Total renewable energy,OnGrid,2009,765.92
Angola,Total renewable energy,OnGrid,2010,765.92
Angola,Total renewable energy,OnGrid,2011,765.92
Angola,Total renewable energy,OnGrid,2012,851.52
Angola,Total renewable energy,OnGrid,2013,931.52
Angola,Total renewable energy,OnGrid,2014,997.32
Angola,Total renewable energy,OnGrid,2015,997.32
Angola,Total renewable energy,OnGrid,2016,1728.58
Angola,Total renewable energy,OnGrid,2017,2409
Angola,Total renewable energy,OnGrid,2018,3077
Angola,Total renewable energy,OnGrid,2019,3411
Angola,Total renewable energy,OnGrid,2020,3745
Angola,Total renewable energy,OnGrid,2021,3745
Angola,Total renewable energy,OnGrid,2022,4029
Angola,Total renewable energy,OnGrid,2023,4054
Angola,Total renewable energy,OnGrid,2024,4105.43
Angola,Total renewable energy,OnGrid,2025,4128.07
Angola,Total renewable energy,OffGrid,2000,5.66
Angola,Total renewable energy,OffGrid,2001,5.66
Angola,Total renewable energy,OffGrid,2002,5.66
Angola,Total renewable energy,OffGrid,2003,5.66
Angola,Total renewable energy,OffGrid,2004,5.66
Angola,Total renewable energy,OffGrid,2005,5.66
Angola,Total renewable energy,OffGrid,2006,5.66
Angola,Total renewable energy,OffGrid,2007,5.66
Angola,Total renewable energy,OffGrid,2008,21.66
Angola,Total renewable energy,OffGrid,2009,21.66
Angola,Total renewable energy,OffGrid,2010,21.66
Angola,Total renewable energy,OffGrid,2011,21.66
Angola,Total renewable energy,OffGrid,2012,21.66
Angola,Total renewable energy,OffGrid,2013,21.68
Angola,Total renewable energy,OffGrid,2014,21.98
Angola,Total renewable energy,OffGrid,2015,23.18
Angola,Total renewable energy,OffGrid,2016,23.19
Angola,Total renewable energy,OffGrid,2017,35.7
Angola,Total renewable energy,OffGrid,2018,35.72
Angola,Total renewable energy,OffGrid,2019,36.64
Angola,Total renewable energy,OffGrid,2020,36.65
Angola,Total renewable energy,OffGrid,2021,36.72
Angola,Total renewable energy,OffGrid,2022,36.74
Angola,Total renewable energy,OffGrid,2023,36.75
Angola,Total renewable energy,OffGrid,2024,36.75
Angola,Total renewable energy,OffGrid,2025,36.75
Anguilla,Total renewable energy,OnGrid,2000,-
Anguilla,Total renewable energy,OnGrid,2001,-
Anguilla,Total renewable energy,OnGrid,2002,-
Anguilla,Total renewable energy,OnGrid,2003,-
Anguilla,Total renewable energy,OnGrid,2004,-
Anguilla,Total renewable energy,OnGrid,2005,-
Anguilla,Total renewable energy,OnGrid,2006,-
Anguilla,Total renewable energy,OnGrid,2007,-
Anguilla,Total renewable energy,OnGrid,2008,-
Anguilla,Total renewable energy,OnGrid,2009,-
Anguilla,Total renewable energy,OnGrid,2010,-
Anguilla,Total renewable energy,OnGrid,2011,-
Anguilla,Total renewable energy,OnGrid,2012,0.06
Anguilla,Total renewable energy,OnGrid,2013,0.06
Anguilla,Total renewable energy,OnGrid,2014,1.17
Anguilla,Total renewable energy,OnGrid,2015,1.17
Anguilla,Total renewable energy,OnGrid,2016,2.27
Anguilla,Total renewable energy,OnGrid,2017,2.27
Anguilla,Total renewable energy,OnGrid,2018,1.17
Anguilla,Total renewable energy,OnGrid,2019,1.54
Anguilla,Total renewable energy,OnGrid,2020,1.54
Anguilla,Total renewable energy,OnGrid,2021,1.54
Anguilla,Total renewable energy,OnGrid,2022,1.54
Anguilla,Total renewable energy,OnGrid,2023,1.54
Anguilla,Total renewable energy,OnGrid,2024,1.54
Anguilla,Total renewable energy,OnGrid,2025,1.55
Anguilla,Total renewable energy,OffGrid,2000,-
Anguilla,Total renewable energy,OffGrid,2001,-
Anguilla,Total renewable energy,OffGrid,2002,-
Anguilla,Total renewable energy,OffGrid,2003,-
Anguilla,Total renewable energy,OffGrid,2004,-
Anguilla,Total renewable energy,OffGrid,2005,-
Anguilla,Total renewable energy,OffGrid,2006,-
Anguilla,Total renewable energy,OffGrid,2007,-
Anguilla,Total renewable energy,OffGrid,2008,-
Anguilla,Total renewable energy,OffGrid,2009,-
Anguilla,Total renewable energy,OffGrid,2010,-
Anguilla,Total renewable energy,OffGrid,2011,-
Anguilla,Total renewable energy,OffGrid,2012,-
Anguilla,Total renewable energy,OffGrid,2013,-
Anguilla,Total renewable energy,OffGrid,2014,-
Anguilla,Total renewable energy,OffGrid,2015,-
Anguilla,Total renewable energy,OffGrid,2016,-
Anguilla,Total renewable energy,OffGrid,2017,-
Anguilla,Total renewable energy,OffGrid,2018,-
Anguilla,Total renewable energy,OffGrid,2019,-
Anguilla,Total renewable energy,OffGrid,2020,-
Anguilla,Total renewable energy,OffGrid,2021,-
Anguilla,Total renewable energy,OffGrid,2022,-
Anguilla,Total renewable energy,OffGrid,2023,-
Anguilla,Total renewable energy,OffGrid,2024,-
Anguilla,Total renewable energy,OffGrid,2025,-
Antigua Barb,Total renewable energy,OnGrid,2000,-
Antigua Barb,Total renewable energy,OnGrid,2001,-
Antigua Barb,Total renewable energy,OnGrid,2002,-
Antigua Barb,Total renewable energy,OnGrid,2003,-
Antigua Barb,Total renewable energy,OnGrid,2004,-
Antigua Barb,Total renewable energy,OnGrid,2005,-
Antigua Barb,Total renewable energy,OnGrid,2006,-
Antigua Barb,Total renewable energy,OnGrid,2007,-
Antigua Barb,Total renewable energy,OnGrid,2008,-
Antigua Barb,Total renewable energy,OnGrid,2009,0.1
Antigua Barb,Total renewable energy,OnGrid,2010,0.1
Antigua Barb,Total renewable energy,OnGrid,2011,0.3
Antigua Barb,Total renewable energy,OnGrid,2012,0.3
Antigua Barb,Total renewable energy,OnGrid,2013,0.4
Antigua Barb,Total renewable energy,OnGrid,2014,0.4
Antigua Barb,Total renewable energy,OnGrid,2015,3.4
Antigua Barb,Total renewable energy,OnGrid,2016,3.5
Antigua Barb,Total renewable energy,OnGrid,2017,3.9
Antigua Barb,Total renewable energy,OnGrid,2018,8.3
Antigua Barb,Total renewable energy,OnGrid,2019,8.3
Antigua Barb,Total renewable energy,OnGrid,2020,12.45
Antigua Barb,Total renewable energy,OnGrid,2021,14.45
Antigua Barb,Total renewable energy,OnGrid,2022,14.45
Antigua Barb,Total renewable energy,OnGrid,2023,15.17
Antigua Barb,Total renewable energy,OnGrid,2024,15.17
Antigua Barb,Total renewable energy,OnGrid,2025,15.17
Antigua Barb,Total renewable energy,OffGrid,2000,-
Antigua Barb,Total renewable energy,OffGrid,2001,-
Antigua Barb,Total renewable energy,OffGrid,2002,-
Antigua Barb,Total renewable energy,OffGrid,2003,-
Antigua Barb,Total renewable energy,OffGrid,2004,-
Antigua Barb,Total renewable energy,OffGrid,2005,-
Antigua Barb,Total renewable energy,OffGrid,2006,-
Antigua Barb,Total renewable energy,OffGrid,2007,-
Antigua Barb,Total renewable energy,OffGrid,2008,-
Antigua Barb,Total renewable energy,OffGrid,2009,-
Antigua Barb,Total renewable energy,OffGrid,2010,-
Antigua Barb,Total renewable energy,OffGrid,2011,-
Antigua Barb,Total renewable energy,OffGrid,2012,-
Antigua Barb,Total renewable energy,OffGrid,2013,-
Antigua Barb,Total renewable energy,OffGrid,2014,-
Antigua Barb,Total renewable energy,OffGrid,2015,-
Antigua Barb,Total renewable energy,OffGrid,2016,0.01
Antigua Barb,Total renewable energy,OffGrid,2017,0.41
Antigua Barb,Total renewable energy,OffGrid,2018,0.41
Antigua Barb,Total renewable energy,OffGrid,2019,0.41
Antigua Barb,Total renewable energy,OffGrid,2020,0.41
Antigua Barb,Total renewable energy,OffGrid,2021,0.41
Antigua Barb,Total renewable energy,OffGrid,2022,0.41
Antigua Barb,Total renewable energy,OffGrid,2023,0.41
Antigua Barb,Total renewable energy,OffGrid,2024,0.41
Antigua Barb,Total renewable energy,OffGrid,2025,0.41
Argentina,Total renewable energy,OnGrid,2000,8634.91
Argentina,Total renewable energy,OnGrid,2001,8658.46
Argentina,Total renewable energy,OnGrid,2002,8812.58
Argentina,Total renewable energy,OnGrid,2003,8873.65
Argentina,Total renewable energy,OnGrid,2004,8990.66
Argentina,Total renewable energy,OnGrid,2005,9018.92
Argentina,Total renewable energy,OnGrid,2006,9024.33
Argentina,Total renewable energy,OnGrid,2007,9286.67
Argentina,Total renewable energy,OnGrid,2008,9291.37
Argentina,Total renewable energy,OnGrid,2009,9682.5
Argentina,Total renewable energy,OnGrid,2010,9688.2
Argentina,Total renewable energy,OnGrid,2011,10226.69
Argentina,Total renewable energy,OnGrid,2012,10378.29
Argentina,Total renewable energy,OnGrid,2013,10434.29
Argentina,Total renewable energy,OnGrid,2014,10456.49
Argentina,Total renewable energy,OnGrid,2015,10460.13
Argentina,Total renewable energy,OnGrid,2016,10525.13
Argentina,Total renewable energy,OnGrid,2017,10656.23
Argentina,Total renewable energy,OnGrid,2018,11408.96
Argentina,Total renewable energy,OnGrid,2019,12556.4
Argentina,Total renewable energy,OnGrid,2020,13989.28
Argentina,Total renewable energy,OnGrid,2021,14997.34
Argentina,Total renewable energy,OnGrid,2022,15066.87
Argentina,Total renewable energy,OnGrid,2023,15774.51
Argentina,Total renewable energy,OnGrid,2024,15533.01
Argentina,Total renewable energy,OnGrid,2025,16613.43
Argentina,Total renewable energy,OffGrid,2000,104.15
Argentina,Total renewable energy,OffGrid,2001,98.11
Argentina,Total renewable energy,OffGrid,2002,109.49
Argentina,Total renewable energy,OffGrid,2003,96
Argentina,Total renewable energy,OffGrid,2004,94.74
Argentina,Total renewable energy,OffGrid,2005,94.66
Argentina,Total renewable energy,OffGrid,2006,94.52
Argentina,Total renewable energy,OffGrid,2007,94.53
Argentina,Total renewable energy,OffGrid,2008,95.78
Argentina,Total renewable energy,OffGrid,2009,99.24
Argentina,Total renewable energy,OffGrid,2010,101.87
Argentina,Total renewable energy,OffGrid,2011,102.28
Argentina,Total renewable energy,OffGrid,2012,101.34
Argentina,Total renewable energy,OffGrid,2013,100.53
Argentina,Total renewable energy,OffGrid,2014,103.04
Argentina,Total renewable energy,OffGrid,2015,101.41
Argentina,Total renewable energy,OffGrid,2016,100.97
Argentina,Total renewable energy,OffGrid,2017,100.84
Argentina,Total renewable energy,OffGrid,2018,100.92
Argentina,Total renewable energy,OffGrid,2019,101.39
Argentina,Total renewable energy,OffGrid,2020,101.22
Argentina,Total renewable energy,OffGrid,2021,103.03
Argentina,Total renewable energy,OffGrid,2022,104.09
Argentina,Total renewable energy,OffGrid,2023,103.82
Argentina,Total renewable energy,OffGrid,2024,103.82
Argentina,Total renewable energy,OffGrid,2025,103.82
Armenia,Total renewable energy,OnGrid,2000,1024.2
Armenia,Total renewable energy,OnGrid,2001,1012.5
Armenia,Total renewable energy,OnGrid,2002,1165.5
Armenia,Total renewable energy,OnGrid,2003,1169.8
Armenia,Total renewable energy,OnGrid,2004,1023.7
Armenia,Total renewable energy,OnGrid,2005,1029.34
Armenia,Total renewable energy,OnGrid,2006,1058.54
Armenia,Total renewable energy,OnGrid,2007,1068.94
Armenia,Total renewable energy,OnGrid,2008,1083.34
Armenia,Total renewable energy,OnGrid,2009,1097.84
Armenia,Total renewable energy,OnGrid,2010,1127.14
Armenia,Total renewable energy,OnGrid,2011,1152.24
Armenia,Total renewable energy,OnGrid,2012,1253.14
Armenia,Total renewable energy,OnGrid,2013,1291.64
Armenia,Total renewable energy,OnGrid,2014,1300.74
Armenia,Total renewable energy,OnGrid,2015,1289.3
Armenia,Total renewable energy,OnGrid,2016,1315.53
Armenia,Total renewable energy,OnGrid,2017,1332.13
Armenia,Total renewable energy,OnGrid,2018,1356.65
Armenia,Total renewable energy,OnGrid,2019,1364.03
Armenia,Total renewable energy,OnGrid,2020,1403.43
Armenia,Total renewable energy,OnGrid,2021,1494.23
Armenia,Total renewable energy,OnGrid,2022,1583.32
Armenia,Total renewable energy,OnGrid,2023,1762.4
Armenia,Total renewable energy,OnGrid,2024,1839.3
Armenia,Total renewable energy,OnGrid,2025,2044.7
Armenia,Total renewable energy,OffGrid,2000,-
Armenia,Total renewable energy,OffGrid,2001,-
Armenia,Total renewable energy,OffGrid,2002,-
Armenia,Total renewable energy,OffGrid,2003,-
Armenia,Total renewable energy,OffGrid,2004,-
Armenia,Total renewable energy,OffGrid,2005,-
Armenia,Total renewable energy,OffGrid,2006,-
Armenia,Total renewable energy,OffGrid,2007,-
Armenia,Total renewable energy,OffGrid,2008,-
Armenia,Total renewable energy,OffGrid,2009,-
Armenia,Total renewable energy,OffGrid,2010,-
Armenia,Total renewable energy,OffGrid,2011,-
Armenia,Total renewable energy,OffGrid,2012,-
Armenia,Total renewable energy,OffGrid,2013,-
Armenia,Total renewable energy,OffGrid,2014,-
Armenia,Total renewable energy,OffGrid,2015,-
Armenia,Total renewable energy,OffGrid,2016,-
Armenia,Total renewable energy,OffGrid,2017,-
Armenia,Total renewable energy,OffGrid,2018,-
Armenia,Total renewable energy,OffGrid,2019,-
Armenia,Total renewable energy,OffGrid,2020,-
Armenia,Total renewable energy,OffGrid,2021,-
Armenia,Total renewable energy,OffGrid,2022,-
Armenia,Total renewable energy,OffGrid,2023,-
Armenia,Total renewable energy,OffGrid,2024,-
Armenia,Total renewable energy,OffGrid,2025,-
Aruba,Total renewable energy,OnGrid,2000,-
Aruba,Total renewable energy,OnGrid,2001,-
Aruba,Total renewable energy,OnGrid,2002,-
Aruba,Total renewable energy,OnGrid,2003,-
Aruba,Total renewable energy,OnGrid,2004,-
Aruba,Total renewable energy,OnGrid,2005,-
Aruba,Total renewable energy,OnGrid,2006,-
Aruba,Total renewable energy,OnGrid,2007,-
Aruba,Total renewable energy,OnGrid,2008,-
Aruba,Total renewable energy,OnGrid,2009,30
Aruba,Total renewable energy,OnGrid,2010,30.1
Aruba,Total renewable energy,OnGrid,2011,30.3
Aruba,Total renewable energy,OnGrid,2012,31
Aruba,Total renewable energy,OnGrid,2013,31.6
Aruba,Total renewable energy,OnGrid,2014,36.9
Aruba,Total renewable energy,OnGrid,2015,38.1
Aruba,Total renewable energy,OnGrid,2016,39.25
Aruba,Total renewable energy,OnGrid,2017,39.3
Aruba,Total renewable energy,OnGrid,2018,44.8
Aruba,Total renewable energy,OnGrid,2019,44.8
Aruba,Total renewable energy,OnGrid,2020,44.8
Aruba,Total renewable energy,OnGrid,2021,44.8
Aruba,Total renewable energy,OnGrid,2022,44.8
Aruba,Total renewable energy,OnGrid,2023,44.8
Aruba,Total renewable energy,OnGrid,2024,45.8
Aruba,Total renewable energy,OnGrid,2025,34.9
Aruba,Total renewable energy,OffGrid,2000,-
Aruba,Total renewable energy,OffGrid,2001,-
Aruba,Total renewable energy,OffGrid,2002,-
Aruba,Total renewable energy,OffGrid,2003,-
Aruba,Total renewable energy,OffGrid,2004,-
Aruba,Total renewable energy,OffGrid,2005,-
Aruba,Total renewable energy,OffGrid,2006,-
Aruba,Total renewable energy,OffGrid,2007,-
Aruba,Total renewable energy,OffGrid,2008,-
Aruba,Total renewable energy,OffGrid,2009,-
Aruba,Total renewable energy,OffGrid,2010,-
Aruba,Total renewable energy,OffGrid,2011,-
Aruba,Total renewable energy,OffGrid,2012,-
Aruba,Total renewable energy,OffGrid,2013,-
Aruba,Total renewable energy,OffGrid,2014,0.01
Aruba,Total renewable energy,OffGrid,2015,0.01
Aruba,Total renewable energy,OffGrid,2016,0.01
Aruba,Total renewable energy,OffGrid,2017,0.01
Aruba,Total renewable energy,OffGrid,2018,0.01
Aruba,Total renewable energy,OffGrid,2019,0.01
Aruba,Total renewable energy,OffGrid,2020,0.01
Aruba,Total renewable energy,OffGrid,2021,0.01
Aruba,Total renewable energy,OffGrid,2022,-
Aruba,Total renewable energy,OffGrid,2023,-
Aruba,Total renewable energy,OffGrid,2024,-
Aruba,Total renewable energy,OffGrid,2025,-
Australia,Total renewable energy,OnGrid,2000,7261.2
Australia,Total renewable energy,OnGrid,2001,7461.2
Australia,Total renewable energy,OnGrid,2002,7503.2
Australia,Total renewable energy,OnGrid,2003,7636.5
Australia,Total renewable energy,OnGrid,2004,7976.5
Australia,Total renewable energy,OnGrid,2005,9010.6
Australia,Total renewable energy,OnGrid,2006,9166.5
Australia,Total renewable energy,OnGrid,2007,9624.1
Australia,Total renewable energy,OnGrid,2008,9773.1
Australia,Total renewable energy,OnGrid,2009,10319.1
Australia,Total renewable energy,OnGrid,2010,11242.1
Australia,Total renewable energy,OnGrid,2011,11836.1
Australia,Total renewable energy,OnGrid,2012,13361.1
Australia,Total renewable energy,OnGrid,2013,14812.1
Australia,Total renewable energy,OnGrid,2014,16220.1
Australia,Total renewable energy,OnGrid,2015,17642.1
Australia,Total renewable energy,OnGrid,2016,18890.1
Australia,Total renewable energy,OnGrid,2017,20974.33
Australia,Total renewable energy,OnGrid,2018,26113.87
Australia,Total renewable energy,OnGrid,2019,31910.79
Australia,Total renewable energy,OnGrid,2020,38563.73
Australia,Total renewable energy,OnGrid,2021,43535.72
Australia,Total renewable energy,OnGrid,2022,49437.19
Australia,Total renewable energy,OnGrid,2023,52167.04
Australia,Total renewable energy,OnGrid,2024,60229.04
Australia,Total renewable energy,OnGrid,2025,66021.04
Australia,Total renewable energy,OffGrid,2000,-
Australia,Total renewable energy,OffGrid,2001,-
Australia,Total renewable energy,OffGrid,2002,-
Australia,Total renewable energy,OffGrid,2003,-
Australia,Total renewable energy,OffGrid,2004,-
Australia,Total renewable energy,OffGrid,2005,-
Australia,Total renewable energy,OffGrid,2006,-
Australia,Total renewable energy,OffGrid,2007,-
Australia,Total renewable energy,OffGrid,2008,-
Australia,Total renewable energy,OffGrid,2009,-
Australia,Total renewable energy,OffGrid,2010,-
Australia,Total renewable energy,OffGrid,2011,-
Australia,Total renewable energy,OffGrid,2012,-
Australia,Total renewable energy,OffGrid,2013,-
Australia,Total renewable energy,OffGrid,2014,-
Australia,Total renewable energy,OffGrid,2015,-
Australia,Total renewable energy,OffGrid,2016,-
Australia,Total renewable energy,OffGrid,2017,-
Australia,Total renewable energy,OffGrid,2018,-
Australia,Total renewable energy,OffGrid,2019,-
Australia,Total renewable energy,OffGrid,2020,-
Australia,Total renewable energy,OffGrid,2021,-
Australia,Total renewable energy,OffGrid,2022,-
Australia,Total renewable energy,OffGrid,2023,-
Australia,Total renewable energy,OffGrid,2024,-
Australia,Total renewable energy,OffGrid,2025,-
Austria,Total renewable energy,OnGrid,2000,12478
Austria,Total renewable energy,OnGrid,2001,12513
Austria,Total renewable energy,OnGrid,2002,12416
Austria,Total renewable energy,OnGrid,2003,12879
Austria,Total renewable energy,OnGrid,2004,13182
Austria,Total renewable energy,OnGrid,2005,14242.58
Austria,Total renewable energy,OnGrid,2006,14643.45
Austria,Total renewable energy,OnGrid,2007,15085.42
Austria,Total renewable energy,OnGrid,2008,15569.9
Austria,Total renewable energy,OnGrid,2009,15860.12
Austria,Total renewable energy,OnGrid,2010,16176.71
Austria,Total renewable energy,OnGrid,2011,16707.8
Austria,Total renewable energy,OnGrid,2012,16655.99
Austria,Total renewable energy,OnGrid,2013,17192.15
Austria,Total renewable energy,OnGrid,2014,17839.29
Austria,Total renewable energy,OnGrid,2015,18472.73
Austria,Total renewable energy,OnGrid,2016,19336.04
Austria,Total renewable energy,OnGrid,2017,19596.31
Austria,Total renewable energy,OnGrid,2018,20375.6
Austria,Total renewable energy,OnGrid,2019,20773.54
Austria,Total renewable energy,OnGrid,2020,21155.59
Austria,Total renewable energy,OnGrid,2021,22123.21
Austria,Total renewable energy,OnGrid,2022,23532.11
Austria,Total renewable energy,OnGrid,2023,26462.58
Austria,Total renewable energy,OnGrid,2024,29325.6
Austria,Total renewable energy,OnGrid,2025,31516.6
Austria,Total renewable energy,OffGrid,2000,-
Austria,Total renewable energy,OffGrid,2001,-
Austria,Total renewable energy,OffGrid,2002,-
Austria,Total renewable energy,OffGrid,2003,-
Austria,Total renewable energy,OffGrid,2004,-
Austria,Total renewable energy,OffGrid,2005,2.53
Austria,Total renewable energy,OffGrid,2006,2.77
Austria,Total renewable energy,OffGrid,2007,2.82
Austria,Total renewable energy,OffGrid,2008,3.12
Austria,Total renewable energy,OffGrid,2009,3.35
Austria,Total renewable energy,OffGrid,2010,3.55
Austria,Total renewable energy,OffGrid,2011,4.19
Austria,Total renewable energy,OffGrid,2012,4.39
Austria,Total renewable energy,OffGrid,2013,5.19
Austria,Total renewable energy,OffGrid,2014,5.49
Austria,Total renewable energy,OffGrid,2015,5.54
Austria,Total renewable energy,OffGrid,2016,6.49
Austria,Total renewable energy,OffGrid,2017,6.96
Austria,Total renewable energy,OffGrid,2018,7.2
Austria,Total renewable energy,OffGrid,2019,7.7
Austria,Total renewable energy,OffGrid,2020,8.2
Austria,Total renewable energy,OffGrid,2021,8.7
Austria,Total renewable energy,OffGrid,2022,8.7
Austria,Total renewable energy,OffGrid,2023,8.7
Austria,Total renewable energy,OffGrid,2024,8.7
Austria,Total renewable energy,OffGrid,2025,8.7
Azerbaijan,Total renewable energy,OnGrid,2000,922
Azerbaijan,Total renewable energy,OnGrid,2001,933
Azerbaijan,Total renewable energy,OnGrid,2002,934
Azerbaijan,Total renewable energy,OnGrid,2003,970
Azerbaijan,Total renewable energy,OnGrid,2004,970
Azerbaijan,Total renewable energy,OnGrid,2005,970
Azerbaijan,Total renewable energy,OnGrid,2006,1025
Azerbaijan,Total renewable energy,OnGrid,2007,1025.1
Azerbaijan,Total renewable energy,OnGrid,2008,1025.1
Azerbaijan,Total renewable energy,OnGrid,2009,989.1
Azerbaijan,Total renewable energy,OnGrid,2010,997.3
Azerbaijan,Total renewable energy,OnGrid,2011,1001
Azerbaijan,Total renewable energy,OnGrid,2012,1026
Azerbaijan,Total renewable energy,OnGrid,2013,1124.7
Azerbaijan,Total renewable energy,OnGrid,2014,1120.1
Azerbaijan,Total renewable energy,OnGrid,2015,1153.85
Azerbaijan,Total renewable energy,OnGrid,2016,1183.65
Azerbaijan,Total renewable energy,OnGrid,2017,1193.55
Azerbaijan,Total renewable energy,OnGrid,2018,1276.75
Azerbaijan,Total renewable energy,OnGrid,2019,1288.95
Azerbaijan,Total renewable energy,OnGrid,2020,1295.55
Azerbaijan,Total renewable energy,OnGrid,2021,1315.8
Azerbaijan,Total renewable energy,OnGrid,2022,1324.6
Azerbaijan,Total renewable energy,OnGrid,2023,1687.8
Azerbaijan,Total renewable energy,OnGrid,2024,1791.92
Azerbaijan,Total renewable energy,OnGrid,2025,1825.7
Azerbaijan,Total renewable energy,OffGrid,2000,-
Azerbaijan,Total renewable energy,OffGrid,2001,-
Azerbaijan,Total renewable energy,OffGrid,2002,-
Azerbaijan,Total renewable energy,OffGrid,2003,-
Azerbaijan,Total renewable energy,OffGrid,2004,-
Azerbaijan,Total renewable energy,OffGrid,2005,-
Azerbaijan,Total renewable energy,OffGrid,2006,-
Azerbaijan,Total renewable energy,OffGrid,2007,-
Azerbaijan,Total renewable energy,OffGrid,2008,-
Azerbaijan,Total renewable energy,OffGrid,2009,-
Azerbaijan,Total renewable energy,OffGrid,2010,-
Azerbaijan,Total renewable energy,OffGrid,2011,-
Azerbaijan,Total renewable energy,OffGrid,2012,-
Azerbaijan,Total renewable energy,OffGrid,2013,-
Azerbaijan,Total renewable energy,OffGrid,2014,-
Azerbaijan,Total renewable energy,OffGrid,2015,-
Azerbaijan,Total renewable energy,OffGrid,2016,-
Azerbaijan,Total renewable energy,OffGrid,2017,-
Azerbaijan,Total renewable energy,OffGrid,2018,-
Azerbaijan,Total renewable energy,OffGrid,2019,-
Azerbaijan,Total renewable energy,OffGrid,2020,-
Azerbaijan,Total renewable energy,OffGrid,2021,-
Azerbaijan,Total renewable energy,OffGrid,2022,-
Azerbaijan,Total renewable energy,OffGrid,2023,-
Azerbaijan,Total renewable energy,OffGrid,2024,-
Azerbaijan,Total renewable energy,OffGrid,2025,-
Bahamas,Total renewable energy,OnGrid,2000,-
Bahamas,Total renewable energy,OnGrid,2001,-
Bahamas,Total renewable energy,OnGrid,2002,0.93
Bahamas,Total renewable energy,OnGrid,2003,0.93
Bahamas,Total renewable energy,OnGrid,2004,0.93
Bahamas,Total renewable energy,OnGrid,2005,0.93
Bahamas,Total renewable energy,OnGrid,2006,0.93
Bahamas,Total renewable energy,OnGrid,2007,1.02
Bahamas,Total renewable energy,OnGrid,2008,1.02
Bahamas,Total renewable energy,OnGrid,2009,1.13
Bahamas,Total renewable energy,OnGrid,2010,1.23
Bahamas,Total renewable energy,OnGrid,2011,1.33
Bahamas,Total renewable energy,OnGrid,2012,1.53
Bahamas,Total renewable energy,OnGrid,2013,1.56
Bahamas,Total renewable energy,OnGrid,2014,2.11
Bahamas,Total renewable energy,OnGrid,2015,2.11
Bahamas,Total renewable energy,OnGrid,2016,2.21
Bahamas,Total renewable energy,OnGrid,2017,2.27
Bahamas,Total renewable energy,OnGrid,2018,2.41
Bahamas,Total renewable energy,OnGrid,2019,3.85
Bahamas,Total renewable energy,OnGrid,2020,4.3
Bahamas,Total renewable energy,OnGrid,2021,5.4
Bahamas,Total renewable energy,OnGrid,2022,10.45
Bahamas,Total renewable energy,OnGrid,2023,10.52
Bahamas,Total renewable energy,OnGrid,2024,16.52
Bahamas,Total renewable energy,OnGrid,2025,16.52
Bahamas,Total renewable energy,OffGrid,2000,-
Bahamas,Total renewable energy,OffGrid,2001,-
Bahamas,Total renewable energy,OffGrid,2002,-
Bahamas,Total renewable energy,OffGrid,2003,-
Bahamas,Total renewable energy,OffGrid,2004,-
Bahamas,Total renewable energy,OffGrid,2005,-
Bahamas,Total renewable energy,OffGrid,2006,-
Bahamas,Total renewable energy,OffGrid,2007,-
Bahamas,Total renewable energy,OffGrid,2008,-
Bahamas,Total renewable energy,OffGrid,2009,-
Bahamas,Total renewable energy,OffGrid,2010,-
Bahamas,Total renewable energy,OffGrid,2011,0.55
Bahamas,Total renewable energy,OffGrid,2012,0.56
Bahamas,Total renewable energy,OffGrid,2013,1.08
Bahamas,Total renewable energy,OffGrid,2014,1.18
Bahamas,Total renewable energy,OffGrid,2015,1.89
Bahamas,Total renewable energy,OffGrid,2016,1.88
Bahamas,Total renewable energy,OffGrid,2017,1.77
Bahamas,Total renewable energy,OffGrid,2018,1.74
Bahamas,Total renewable energy,OffGrid,2019,2.04
Bahamas,Total renewable energy,OffGrid,2020,2.04
Bahamas,Total renewable energy,OffGrid,2021,6.04
Bahamas,Total renewable energy,OffGrid,2022,6.04
Bahamas,Total renewable energy,OffGrid,2023,6.04
Bahamas,Total renewable energy,OffGrid,2024,6.04
Bahamas,Total renewable energy,OffGrid,2025,6.04
Bahrain,Total renewable energy,OnGrid,2000,-
Bahrain,Total renewable energy,OnGrid,2001,-
Bahrain,Total renewable energy,OnGrid,2002,-
Bahrain,Total renewable energy,OnGrid,2003,-
Bahrain,Total renewable energy,OnGrid,2004,-
Bahrain,Total renewable energy,OnGrid,2005,-
Bahrain,Total renewable energy,OnGrid,2006,-
Bahrain,Total renewable energy,OnGrid,2007,-
Bahrain,Total renewable energy,OnGrid,2008,0.68
Bahrain,Total renewable energy,OnGrid,2009,0.68
Bahrain,Total renewable energy,OnGrid,2010,0.68
Bahrain,Total renewable energy,OnGrid,2011,0.68
Bahrain,Total renewable energy,OnGrid,2012,0.68
Bahrain,Total renewable energy,OnGrid,2013,0.68
Bahrain,Total renewable energy,OnGrid,2014,5.68
Bahrain,Total renewable energy,OnGrid,2015,5.68
Bahrain,Total renewable energy,OnGrid,2016,6.68
Bahrain,Total renewable energy,OnGrid,2017,6.68
Bahrain,Total renewable energy,OnGrid,2018,6.99
Bahrain,Total renewable energy,OnGrid,2019,10.38
Bahrain,Total renewable energy,OnGrid,2020,10.78
Bahrain,Total renewable energy,OnGrid,2021,22.01
Bahrain,Total renewable energy,OnGrid,2022,48.27
Bahrain,Total renewable energy,OnGrid,2023,59.3
Bahrain,Total renewable energy,OnGrid,2024,68.7
Bahrain,Total renewable energy,OnGrid,2025,114.91
Bahrain,Total renewable energy,OffGrid,2000,-
Bahrain,Total renewable energy,OffGrid,2001,-
Bahrain,Total renewable energy,OffGrid,2002,-
Bahrain,Total renewable energy,OffGrid,2003,-
Bahrain,Total renewable energy,OffGrid,2004,-
Bahrain,Total renewable energy,OffGrid,2005,-
Bahrain,Total renewable energy,OffGrid,2006,-
Bahrain,Total renewable energy,OffGrid,2007,-
Bahrain,Total renewable energy,OffGrid,2008,-
Bahrain,Total renewable energy,OffGrid,2009,-
Bahrain,Total renewable energy,OffGrid,2010,-
Bahrain,Total renewable energy,OffGrid,2011,-
Bahrain,Total renewable energy,OffGrid,2012,-
Bahrain,Total renewable energy,OffGrid,2013,-
Bahrain,Total renewable energy,OffGrid,2014,-
Bahrain,Total renewable energy,OffGrid,2015,-
Bahrain,Total renewable energy,OffGrid,2016,-
Bahrain,Total renewable energy,OffGrid,2017,-
Bahrain,Total renewable energy,OffGrid,2018,-
Bahrain,Total renewable energy,OffGrid,2019,-
Bahrain,Total renewable energy,OffGrid,2020,-
Bahrain,Total renewable energy,OffGrid,2021,-
Bahrain,Total renewable energy,OffGrid,2022,-
Bahrain,Total renewable energy,OffGrid,2023,-
Bahrain,Total renewable energy,OffGrid,2024,-
Bahrain,Total renewable energy,OffGrid,2025,-
Bangladesh,Total renewable energy,OnGrid,2000,270
Bangladesh,Total renewable energy,OnGrid,2001,270
Bangladesh,Total renewable energy,OnGrid,2002,270
Bangladesh,Total renewable energy,OnGrid,2003,270
Bangladesh,Total renewable energy,OnGrid,2004,270
Bangladesh,Total renewable energy,OnGrid,2005,270
Bangladesh,Total renewable energy,OnGrid,2006,270.9
Bangladesh,Total renewable energy,OnGrid,2007,270.9
Bangladesh,Total renewable energy,OnGrid,2008,270.9
Bangladesh,Total renewable energy,OnGrid,2009,270.9
Bangladesh,Total renewable energy,OnGrid,2010,270.9
Bangladesh,Total renewable energy,OnGrid,2011,260.9
Bangladesh,Total renewable energy,OnGrid,2012,260.96
Bangladesh,Total renewable energy,OnGrid,2013,270.96
Bangladesh,Total renewable energy,OnGrid,2014,271.47
Bangladesh,Total renewable energy,OnGrid,2015,275.52
Bangladesh,Total renewable energy,OnGrid,2016,285.28
Bangladesh,Total renewable energy,OnGrid,2017,292.89
Bangladesh,Total renewable energy,OnGrid,2018,320.44
Bangladesh,Total renewable energy,OnGrid,2019,349.52
Bangladesh,Total renewable energy,OnGrid,2020,407.84
Bangladesh,Total renewable energy,OnGrid,2021,574.12
Bangladesh,Total renewable energy,OnGrid,2022,627.36
Bangladesh,Total renewable energy,OnGrid,2023,865.12
Bangladesh,Total renewable energy,OnGrid,2024,1039.34
Bangladesh,Total renewable energy,OnGrid,2025,1339.34
Bangladesh,Total renewable energy,OffGrid,2000,-
Bangladesh,Total renewable energy,OffGrid,2001,-
Bangladesh,Total renewable energy,OffGrid,2002,-
Bangladesh,Total renewable energy,OffGrid,2003,0.62
Bangladesh,Total renewable energy,OffGrid,2004,1.4
Bangladesh,Total renewable energy,OffGrid,2005,2.48
Bangladesh,Total renewable energy,OffGrid,2006,3.97
Bangladesh,Total renewable energy,OffGrid,2007,6.6
Bangladesh,Total renewable energy,OffGrid,2008,12.11
Bangladesh,Total renewable energy,OffGrid,2009,19.99
Bangladesh,Total renewable energy,OffGrid,2010,34.73
Bangladesh,Total renewable energy,OffGrid,2011,93.31
Bangladesh,Total renewable energy,OffGrid,2012,117.57
Bangladesh,Total renewable energy,OffGrid,2013,146.19
Bangladesh,Total renewable energy,OffGrid,2014,173.79
Bangladesh,Total renewable energy,OffGrid,2015,198.16
Bangladesh,Total renewable energy,OffGrid,2016,158.09
Bangladesh,Total renewable energy,OffGrid,2017,201.72
Bangladesh,Total renewable energy,OffGrid,2018,197.87
Bangladesh,Total renewable energy,OffGrid,2019,208.04
Bangladesh,Total renewable energy,OffGrid,2020,213.68
Bangladesh,Total renewable energy,OffGrid,2021,209.85
Bangladesh,Total renewable energy,OffGrid,2022,173.75
Bangladesh,Total renewable energy,OffGrid,2023,159.04
Bangladesh,Total renewable energy,OffGrid,2024,144.96
Bangladesh,Total renewable energy,OffGrid,2025,144.96
Barbados,Total renewable energy,OnGrid,2000,0.04
Barbados,Total renewable energy,OnGrid,2001,0.14
Barbados,Total renewable energy,OnGrid,2002,0.14
Barbados,Total renewable energy,OnGrid,2003,0.14
Barbados,Total renewable energy,OnGrid,2004,0.14
Barbados,Total renewable energy,OnGrid,2005,0.24
Barbados,Total renewable energy,OnGrid,2006,0.24
Barbados,Total renewable energy,OnGrid,2007,0.64
Barbados,Total renewable energy,OnGrid,2008,0.64
Barbados,Total renewable energy,OnGrid,2009,0.84
Barbados,Total renewable energy,OnGrid,2010,1.04
Barbados,Total renewable energy,OnGrid,2011,1.29
Barbados,Total renewable energy,OnGrid,2012,1.54
Barbados,Total renewable energy,OnGrid,2013,0.47
Barbados,Total renewable energy,OnGrid,2014,1.33
Barbados,Total renewable energy,OnGrid,2015,3.13
Barbados,Total renewable energy,OnGrid,2016,15
Barbados,Total renewable energy,OnGrid,2017,16.46
Barbados,Total renewable energy,OnGrid,2018,17.31
Barbados,Total renewable energy,OnGrid,2019,33.27
Barbados,Total renewable energy,OnGrid,2020,49.21
Barbados,Total renewable energy,OnGrid,2021,63.99
Barbados,Total renewable energy,OnGrid,2022,70.5
Barbados,Total renewable energy,OnGrid,2023,70.5
Barbados,Total renewable energy,OnGrid,2024,70.5
Barbados,Total renewable energy,OnGrid,2025,70.5
Barbados,Total renewable energy,OffGrid,2000,-
Barbados,Total renewable energy,OffGrid,2001,-
Barbados,Total renewable energy,OffGrid,2002,-
Barbados,Total renewable energy,OffGrid,2003,-
Barbados,Total renewable energy,OffGrid,2004,-
Barbados,Total renewable energy,OffGrid,2005,-
Barbados,Total renewable energy,OffGrid,2006,-
Barbados,Total renewable energy,OffGrid,2007,-
Barbados,Total renewable energy,OffGrid,2008,-
Barbados,Total renewable energy,OffGrid,2009,-
Barbados,Total renewable energy,OffGrid,2010,-
Barbados,Total renewable energy,OffGrid,2011,-
Barbados,Total renewable energy,OffGrid,2012,-
Barbados,Total renewable energy,OffGrid,2013,0
Barbados,Total renewable energy,OffGrid,2014,0
Barbados,Total renewable energy,OffGrid,2015,0
Barbados,Total renewable energy,OffGrid,2016,0
Barbados,Total renewable energy,OffGrid,2017,0
Barbados,Total renewable energy,OffGrid,2018,0
Barbados,Total renewable energy,OffGrid,2019,0
Barbados,Total renewable energy,OffGrid,2020,0
Barbados,Total renewable energy,OffGrid,2021,0
Barbados,Total renewable energy,OffGrid,2022,0
Barbados,Total renewable energy,OffGrid,2023,0
Barbados,Total renewable energy,OffGrid,2024,0
Barbados,Total renewable energy,OffGrid,2025,0
Belarus,Total renewable energy,OnGrid,2000,10.44
Belarus,Total renewable energy,OnGrid,2001,11.03
Belarus,Total renewable energy,OnGrid,2002,12.34
Belarus,Total renewable energy,OnGrid,2003,12.34
Belarus,Total renewable energy,OnGrid,2004,12.59
Belarus,Total renewable energy,OnGrid,2005,12.9
Belarus,Total renewable energy,OnGrid,2006,16.45
Belarus,Total renewable energy,OnGrid,2007,20.15
Belarus,Total renewable energy,OnGrid,2008,28.79
Belarus,Total renewable energy,OnGrid,2009,29.23
Belarus,Total renewable energy,OnGrid,2010,29.75
Belarus,Total renewable energy,OnGrid,2011,35.13
Belarus,Total renewable energy,OnGrid,2012,55.4
Belarus,Total renewable energy,OnGrid,2013,74.3
Belarus,Total renewable energy,OnGrid,2014,81
Belarus,Total renewable energy,OnGrid,2015,96.7
Belarus,Total renewable energy,OnGrid,2016,222.16
Belarus,Total renewable energy,OnGrid,2017,300.06
Belarus,Total renewable energy,OnGrid,2018,389.76
Belarus,Total renewable energy,OnGrid,2019,414.66
Belarus,Total renewable energy,OnGrid,2020,490.8
Belarus,Total renewable energy,OnGrid,2021,491.8
Belarus,Total renewable energy,OnGrid,2022,627.9
Belarus,Total renewable energy,OnGrid,2023,591.7
Belarus,Total renewable energy,OnGrid,2024,573.8
Belarus,Total renewable energy,OnGrid,2025,585.5
Belarus,Total renewable energy,OffGrid,2000,-
Belarus,Total renewable energy,OffGrid,2001,-
Belarus,Total renewable energy,OffGrid,2002,-
Belarus,Total renewable energy,OffGrid,2003,-
Belarus,Total renewable energy,OffGrid,2004,-
Belarus,Total renewable energy,OffGrid,2005,-
Belarus,Total renewable energy,OffGrid,2006,-
Belarus,Total renewable energy,OffGrid,2007,-
Belarus,Total renewable energy,OffGrid,2008,-
Belarus,Total renewable energy,OffGrid,2009,-
Belarus,Total renewable energy,OffGrid,2010,-
Belarus,Total renewable energy,OffGrid,2011,-
Belarus,Total renewable energy,OffGrid,2012,-
Belarus,Total renewable energy,OffGrid,2013,-
Belarus,Total renewable energy,OffGrid,2014,-
Belarus,Total renewable energy,OffGrid,2015,-
Belarus,Total renewable energy,OffGrid,2016,-
Belarus,Total renewable energy,OffGrid,2017,-
Belarus,Total renewable energy,OffGrid,2018,-
Belarus,Total renewable energy,OffGrid,2019,-
Belarus,Total renewable energy,OffGrid,2020,-
Belarus,Total renewable energy,OffGrid,2021,-
Belarus,Total renewable energy,OffGrid,2022,-
Belarus,Total renewable energy,OffGrid,2023,-
Belarus,Total renewable energy,OffGrid,2024,-
Belarus,Total renewable energy,OffGrid,2025,-
Belgium,Total renewable energy,OnGrid,2000,232.5
Belgium,Total renewable energy,OnGrid,2001,277.5
Belgium,Total renewable energy,OnGrid,2002,300
Belgium,Total renewable energy,OnGrid,2003,407.5
Belgium,Total renewable energy,OnGrid,2004,458
Belgium,Total renewable energy,OnGrid,2005,788.5
Belgium,Total renewable energy,OnGrid,2006,879
Belgium,Total renewable energy,OnGrid,2007,988.5
Belgium,Total renewable energy,OnGrid,2008,1192.5
Belgium,Total renewable energy,OnGrid,2009,2011
Belgium,Total renewable energy,OnGrid,2010,2877.1
Belgium,Total renewable energy,OnGrid,2011,4081.4
Belgium,Total renewable energy,OnGrid,2012,5067.9
Belgium,Total renewable energy,OnGrid,2013,5716.5
Belgium,Total renewable energy,OnGrid,2014,5944.05
Belgium,Total renewable energy,OnGrid,2015,6344.6
Belgium,Total renewable energy,OnGrid,2016,6657.35
Belgium,Total renewable energy,OnGrid,2017,7399.1
Belgium,Total renewable energy,OnGrid,2018,8262.4
Belgium,Total renewable energy,OnGrid,2019,9397.25
Belgium,Total renewable energy,OnGrid,2020,11153.35
Belgium,Total renewable energy,OnGrid,2021,11807.3
Belgium,Total renewable energy,OnGrid,2022,13081.55
Belgium,Total renewable energy,OnGrid,2023,14758.95
Belgium,Total renewable energy,OnGrid,2024,15993.05
Belgium,Total renewable energy,OnGrid,2025,17084.74
Belgium,Total renewable energy,OffGrid,2000,-
Belgium,Total renewable energy,OffGrid,2001,-
Belgium,Total renewable energy,OffGrid,2002,-
Belgium,Total renewable energy,OffGrid,2003,-
Belgium,Total renewable energy,OffGrid,2004,-
Belgium,Total renewable energy,OffGrid,2005,-
Belgium,Total renewable energy,OffGrid,2006,-
Belgium,Total renewable energy,OffGrid,2007,-
Belgium,Total renewable energy,OffGrid,2008,-
Belgium,Total renewable energy,OffGrid,2009,-
Belgium,Total renewable energy,OffGrid,2010,-
Belgium,Total renewable energy,OffGrid,2011,-
Belgium,Total renewable energy,OffGrid,2012,-
Belgium,Total renewable energy,OffGrid,2013,-
Belgium,Total renewable energy,OffGrid,2014,-
Belgium,Total renewable energy,OffGrid,2015,-
Belgium,Total renewable energy,OffGrid,2016,-
Belgium,Total renewable energy,OffGrid,2017,-
Belgium,Total renewable energy,OffGrid,2018,-
Belgium,Total renewable energy,OffGrid,2019,-
Belgium,Total renewable energy,OffGrid,2020,-
Belgium,Total renewable energy,OffGrid,2021,-
Belgium,Total renewable energy,OffGrid,2022,-
Belgium,Total renewable energy,OffGrid,2023,-
Belgium,Total renewable energy,OffGrid,2024,-
Belgium,Total renewable energy,OffGrid,2025,-
Belize,Total renewable energy,OnGrid,2000,52.7
Belize,Total renewable energy,OnGrid,2001,52.7
Belize,Total renewable energy,OnGrid,2002,52.7
Belize,Total renewable energy,OnGrid,2003,52.7
Belize,Total renewable energy,OnGrid,2004,52.7
Belize,Total renewable energy,OnGrid,2005,60
Belize,Total renewable energy,OnGrid,2006,60
Belize,Total renewable energy,OnGrid,2007,63.5
Belize,Total renewable energy,OnGrid,2008,63.5
Belize,Total renewable energy,OnGrid,2009,63.5
Belize,Total renewable energy,OnGrid,2010,82.5
Belize,Total renewable energy,OnGrid,2011,82.5
Belize,Total renewable energy,OnGrid,2012,82.98
Belize,Total renewable energy,OnGrid,2013,82.98
Belize,Total renewable energy,OnGrid,2014,82.98
Belize,Total renewable energy,OnGrid,2015,82.98
Belize,Total renewable energy,OnGrid,2016,82.98
Belize,Total renewable energy,OnGrid,2017,90.98
Belize,Total renewable energy,OnGrid,2018,91.33
Belize,Total renewable energy,OnGrid,2019,96.43
Belize,Total renewable energy,OnGrid,2020,96.43
Belize,Total renewable energy,OnGrid,2021,96.43
Belize,Total renewable energy,OnGrid,2022,96.4
Belize,Total renewable energy,OnGrid,2023,96.4
Belize,Total renewable energy,OnGrid,2024,96.4
Belize,Total renewable energy,OnGrid,2025,96.4
Belize,Total renewable energy,OffGrid,2000,0.18
Belize,Total renewable energy,OffGrid,2001,0.18
Belize,Total renewable energy,OffGrid,2002,0.18
Belize,Total renewable energy,OffGrid,2003,0.18
Belize,Total renewable energy,OffGrid,2004,0.18
Belize,Total renewable energy,OffGrid,2005,0.18
Belize,Total renewable energy,OffGrid,2006,0.18
Belize,Total renewable energy,OffGrid,2007,0.18
Belize,Total renewable energy,OffGrid,2008,0.18
Belize,Total renewable energy,OffGrid,2009,0.18
Belize,Total renewable energy,OffGrid,2010,0.18
Belize,Total renewable energy,OffGrid,2011,0.18
Belize,Total renewable energy,OffGrid,2012,0.19
Belize,Total renewable energy,OffGrid,2013,0.37
Belize,Total renewable energy,OffGrid,2014,0.38
Belize,Total renewable energy,OffGrid,2015,0.39
Belize,Total renewable energy,OffGrid,2016,0.39
Belize,Total renewable energy,OffGrid,2017,0.43
Belize,Total renewable energy,OffGrid,2018,0.43
Belize,Total renewable energy,OffGrid,2019,1.08
Belize,Total renewable energy,OffGrid,2020,1.14
Belize,Total renewable energy,OffGrid,2021,1.14
Belize,Total renewable energy,OffGrid,2022,1.18
Belize,Total renewable energy,OffGrid,2023,1.23
Belize,Total renewable energy,OffGrid,2024,1.23
Belize,Total renewable energy,OffGrid,2025,1.23
Benin,Total renewable energy,OnGrid,2000,0.5
Benin,Total renewable energy,OnGrid,2001,0.5
Benin,Total renewable energy,OnGrid,2002,0.5
Benin,Total renewable energy,OnGrid,2003,0.5
Benin,Total renewable energy,OnGrid,2004,0.5
Benin,Total renewable energy,OnGrid,2005,0.5
Benin,Total renewable energy,OnGrid,2006,0.5
Benin,Total renewable energy,OnGrid,2007,0.5
Benin,Total renewable energy,OnGrid,2008,0.5
Benin,Total renewable energy,OnGrid,2009,0.5
Benin,Total renewable energy,OnGrid,2010,0.5
Benin,Total renewable energy,OnGrid,2011,0.5
Benin,Total renewable energy,OnGrid,2012,0.5
Benin,Total renewable energy,OnGrid,2013,0.5
Benin,Total renewable energy,OnGrid,2014,0.7
Benin,Total renewable energy,OnGrid,2015,1.7
Benin,Total renewable energy,OnGrid,2016,1.9
Benin,Total renewable energy,OnGrid,2017,1.9
Benin,Total renewable energy,OnGrid,2018,1.9
Benin,Total renewable energy,OnGrid,2019,1.9
Benin,Total renewable energy,OnGrid,2020,1.9
Benin,Total renewable energy,OnGrid,2021,1.9
Benin,Total renewable energy,OnGrid,2022,26.9
Benin,Total renewable energy,OnGrid,2023,26.9
Benin,Total renewable energy,OnGrid,2024,26.9
Benin,Total renewable energy,OnGrid,2025,26.9
Benin,Total renewable energy,OffGrid,2000,-
Benin,Total renewable energy,OffGrid,2001,-
Benin,Total renewable energy,OffGrid,2002,-
Benin,Total renewable energy,OffGrid,2003,-
Benin,Total renewable energy,OffGrid,2004,-
Benin,Total renewable energy,OffGrid,2005,-
Benin,Total renewable energy,OffGrid,2006,-
Benin,Total renewable energy,OffGrid,2007,-
Benin,Total renewable energy,OffGrid,2008,-
Benin,Total renewable energy,OffGrid,2009,-
Benin,Total renewable energy,OffGrid,2010,-
Benin,Total renewable energy,OffGrid,2011,-
Benin,Total renewable energy,OffGrid,2012,-
Benin,Total renewable energy,OffGrid,2013,-
Benin,Total renewable energy,OffGrid,2014,0.05
Benin,Total renewable energy,OffGrid,2015,0.24
Benin,Total renewable energy,OffGrid,2016,0.8
Benin,Total renewable energy,OffGrid,2017,1.04
Benin,Total renewable energy,OffGrid,2018,1.18
Benin,Total renewable energy,OffGrid,2019,2.41
Benin,Total renewable energy,OffGrid,2020,3.45
Benin,Total renewable energy,OffGrid,2021,4.62
Benin,Total renewable energy,OffGrid,2022,6.98
Benin,Total renewable energy,OffGrid,2023,8.86
Benin,Total renewable energy,OffGrid,2024,8.86
Benin,Total renewable energy,OffGrid,2025,8.86
BES Islands,Total renewable energy,OnGrid,2000,-
BES Islands,Total renewable energy,OnGrid,2001,-
BES Islands,Total renewable energy,OnGrid,2002,-
BES Islands,Total renewable energy,OnGrid,2003,-
BES Islands,Total renewable energy,OnGrid,2004,-
BES Islands,Total renewable energy,OnGrid,2005,-
BES Islands,Total renewable energy,OnGrid,2006,-
BES Islands,Total renewable energy,OnGrid,2007,0.33
BES Islands,Total renewable energy,OnGrid,2008,0.33
BES Islands,Total renewable energy,OnGrid,2009,10.23
BES Islands,Total renewable energy,OnGrid,2010,10.23
BES Islands,Total renewable energy,OnGrid,2011,10.23
BES Islands,Total renewable energy,OnGrid,2012,10.23
BES Islands,Total renewable energy,OnGrid,2013,11.13
BES Islands,Total renewable energy,OnGrid,2014,11.13
BES Islands,Total renewable energy,OnGrid,2015,11.43
BES Islands,Total renewable energy,OnGrid,2016,13.38
BES Islands,Total renewable energy,OnGrid,2017,15.64
BES Islands,Total renewable energy,OnGrid,2018,16.77
BES Islands,Total renewable energy,OnGrid,2019,17.77
BES Islands,Total renewable energy,OnGrid,2020,17.77
BES Islands,Total renewable energy,OnGrid,2021,17.77
BES Islands,Total renewable energy,OnGrid,2022,17.77
BES Islands,Total renewable energy,OnGrid,2023,27.23
BES Islands,Total renewable energy,OnGrid,2024,32.53
BES Islands,Total renewable energy,OnGrid,2025,34.98
BES Islands,Total renewable energy,OffGrid,2000,-
BES Islands,Total renewable energy,OffGrid,2001,-
BES Islands,Total renewable energy,OffGrid,2002,-
BES Islands,Total renewable energy,OffGrid,2003,-
BES Islands,Total renewable energy,OffGrid,2004,-
BES Islands,Total renewable energy,OffGrid,2005,-
BES Islands,Total renewable energy,OffGrid,2006,-
BES Islands,Total renewable energy,OffGrid,2007,-
BES Islands,Total renewable energy,OffGrid,2008,-
BES Islands,Total renewable energy,OffGrid,2009,-
BES Islands,Total renewable energy,OffGrid,2010,-
BES Islands,Total renewable energy,OffGrid,2011,-
BES Islands,Total renewable energy,OffGrid,2012,-
BES Islands,Total renewable energy,OffGrid,2013,-
BES Islands,Total renewable energy,OffGrid,2014,-
BES Islands,Total renewable energy,OffGrid,2015,-
BES Islands,Total renewable energy,OffGrid,2016,-
BES Islands,Total renewable energy,OffGrid,2017,-
BES Islands,Total renewable energy,OffGrid,2018,-
BES Islands,Total renewable energy,OffGrid,2019,-
BES Islands,Total renewable energy,OffGrid,2020,-
BES Islands,Total renewable energy,OffGrid,2021,-
BES Islands,Total renewable energy,OffGrid,2022,-
BES Islands,Total renewable energy,OffGrid,2023,0.13
BES Islands,Total renewable energy,OffGrid,2024,0.13
BES Islands,Total renewable energy,OffGrid,2025,0.13
Bhutan,Total renewable energy,OnGrid,2000,336
Bhutan,Total renewable energy,OnGrid,2001,351
Bhutan,Total renewable energy,OnGrid,2002,405
Bhutan,Total renewable energy,OnGrid,2003,420
Bhutan,Total renewable energy,OnGrid,2004,420
Bhutan,Total renewable energy,OnGrid,2005,460
Bhutan,Total renewable energy,OnGrid,2006,460
Bhutan,Total renewable energy,OnGrid,2007,1480
Bhutan,Total renewable energy,OnGrid,2008,1480
Bhutan,Total renewable energy,OnGrid,2009,1480
Bhutan,Total renewable energy,OnGrid,2010,1480
Bhutan,Total renewable energy,OnGrid,2011,1480
Bhutan,Total renewable energy,OnGrid,2012,1480
Bhutan,Total renewable energy,OnGrid,2013,1480
Bhutan,Total renewable energy,OnGrid,2014,1480
Bhutan,Total renewable energy,OnGrid,2015,1606.6
Bhutan,Total renewable energy,OnGrid,2016,1606.6
Bhutan,Total renewable energy,OnGrid,2017,1606.6
Bhutan,Total renewable energy,OnGrid,2018,1606.6
Bhutan,Total renewable energy,OnGrid,2019,2326.6
Bhutan,Total renewable energy,OnGrid,2020,2326.6
Bhutan,Total renewable energy,OnGrid,2021,2326.79
Bhutan,Total renewable energy,OnGrid,2022,2326.79
Bhutan,Total renewable energy,OnGrid,2023,2327.54
Bhutan,Total renewable energy,OnGrid,2024,2447.64
Bhutan,Total renewable energy,OnGrid,2025,3503.47
Bhutan,Total renewable energy,OffGrid,2000,8.35
Bhutan,Total renewable energy,OffGrid,2001,8.46
Bhutan,Total renewable energy,OffGrid,2002,8.63
Bhutan,Total renewable energy,OffGrid,2003,8.63
Bhutan,Total renewable energy,OffGrid,2004,8.63
Bhutan,Total renewable energy,OffGrid,2005,8.64
Bhutan,Total renewable energy,OffGrid,2006,8.09
Bhutan,Total renewable energy,OffGrid,2007,8.21
Bhutan,Total renewable energy,OffGrid,2008,8.22
Bhutan,Total renewable energy,OffGrid,2009,8.14
Bhutan,Total renewable energy,OffGrid,2010,8.15
Bhutan,Total renewable energy,OffGrid,2011,8.19
Bhutan,Total renewable energy,OffGrid,2012,8.2
Bhutan,Total renewable energy,OffGrid,2013,8.21
Bhutan,Total renewable energy,OffGrid,2014,8.2
Bhutan,Total renewable energy,OffGrid,2015,8.2
Bhutan,Total renewable energy,OffGrid,2016,8.2
Bhutan,Total renewable energy,OffGrid,2017,8.2
Bhutan,Total renewable energy,OffGrid,2018,8.44
Bhutan,Total renewable energy,OffGrid,2019,8.44
Bhutan,Total renewable energy,OffGrid,2020,8.44
Bhutan,Total renewable energy,OffGrid,2021,8.54
Bhutan,Total renewable energy,OffGrid,2022,8.54
Bhutan,Total renewable energy,OffGrid,2023,8.66
Bhutan,Total renewable energy,OffGrid,2024,8.66
Bhutan,Total renewable energy,OffGrid,2025,8.66
Bolivia,Total renewable energy,OnGrid,2000,345.79
Bolivia,Total renewable energy,OnGrid,2001,354.78
Bolivia,Total renewable energy,OnGrid,2002,448.43
Bolivia,Total renewable energy,OnGrid,2003,431.93
Bolivia,Total renewable energy,OnGrid,2004,446.29
Bolivia,Total renewable energy,OnGrid,2005,446.29
Bolivia,Total renewable energy,OnGrid,2006,469.64
Bolivia,Total renewable energy,OnGrid,2007,488.14
Bolivia,Total renewable energy,OnGrid,2008,494.63
Bolivia,Total renewable energy,OnGrid,2009,499.63
Bolivia,Total renewable energy,OnGrid,2010,497.72
Bolivia,Total renewable energy,OnGrid,2011,497.24
Bolivia,Total renewable energy,OnGrid,2012,496.04
Bolivia,Total renewable energy,OnGrid,2013,495.54
Bolivia,Total renewable energy,OnGrid,2014,513.34
Bolivia,Total renewable energy,OnGrid,2015,516.94
Bolivia,Total renewable energy,OnGrid,2016,555.41
Bolivia,Total renewable energy,OnGrid,2017,672.51
Bolivia,Total renewable energy,OnGrid,2018,846.92
Bolivia,Total renewable energy,OnGrid,2019,847.16
Bolivia,Total renewable energy,OnGrid,2020,897.91
Bolivia,Total renewable energy,OnGrid,2021,1048.6
Bolivia,Total renewable energy,OnGrid,2022,1098.69
Bolivia,Total renewable energy,OnGrid,2023,1165.11
Bolivia,Total renewable energy,OnGrid,2024,1149.83
Bolivia,Total renewable energy,OnGrid,2025,1163.39
Bolivia,Total renewable energy,OffGrid,2000,24.19
Bolivia,Total renewable energy,OffGrid,2001,24.29
Bolivia,Total renewable energy,OffGrid,2002,20.02
Bolivia,Total renewable energy,OffGrid,2003,20.02
Bolivia,Total renewable energy,OffGrid,2004,59.17
Bolivia,Total renewable energy,OffGrid,2005,59.17
Bolivia,Total renewable energy,OffGrid,2006,59.17
Bolivia,Total renewable energy,OffGrid,2007,68.17
Bolivia,Total renewable energy,OffGrid,2008,66.77
Bolivia,Total renewable energy,OffGrid,2009,68.17
Bolivia,Total renewable energy,OffGrid,2010,68.17
Bolivia,Total renewable energy,OffGrid,2011,23.67
Bolivia,Total renewable energy,OffGrid,2012,24.07
Bolivia,Total renewable energy,OffGrid,2013,24.42
Bolivia,Total renewable energy,OffGrid,2014,23.77
Bolivia,Total renewable energy,OffGrid,2015,91.32
Bolivia,Total renewable energy,OffGrid,2016,91.33
Bolivia,Total renewable energy,OffGrid,2017,82.5
Bolivia,Total renewable energy,OffGrid,2018,123.8
Bolivia,Total renewable energy,OffGrid,2019,129.3
Bolivia,Total renewable energy,OffGrid,2020,129.55
Bolivia,Total renewable energy,OffGrid,2021,128.62
Bolivia,Total renewable energy,OffGrid,2022,128.91
Bolivia,Total renewable energy,OffGrid,2023,147.78
Bolivia,Total renewable energy,OffGrid,2024,147.78
Bolivia,Total renewable energy,OffGrid,2025,147.78
Bosnia Herzg,Total renewable energy,OnGrid,2000,1508
Bosnia Herzg,Total renewable energy,OnGrid,2001,1508
Bosnia Herzg,Total renewable energy,OnGrid,2002,1508
Bosnia Herzg,Total renewable energy,OnGrid,2003,1508.1
Bosnia Herzg,Total renewable energy,OnGrid,2004,1538.2
Bosnia Herzg,Total renewable energy,OnGrid,2005,1538.3
Bosnia Herzg,Total renewable energy,OnGrid,2006,1538.3
Bosnia Herzg,Total renewable energy,OnGrid,2007,1538.3
Bosnia Herzg,Total renewable energy,OnGrid,2008,1568.9
Bosnia Herzg,Total renewable energy,OnGrid,2009,1568.9
Bosnia Herzg,Total renewable energy,OnGrid,2010,1698.56
Bosnia Herzg,Total renewable energy,OnGrid,2011,1700.56
Bosnia Herzg,Total renewable energy,OnGrid,2012,1701.56
Bosnia Herzg,Total renewable energy,OnGrid,2013,1703.41
Bosnia Herzg,Total renewable energy,OnGrid,2014,1718.53
Bosnia Herzg,Total renewable energy,OnGrid,2015,1725.41
Bosnia Herzg,Total renewable energy,OnGrid,2016,1775.66
Bosnia Herzg,Total renewable energy,OnGrid,2017,1808.3
Bosnia Herzg,Total renewable energy,OnGrid,2018,1885.99
Bosnia Herzg,Total renewable energy,OnGrid,2019,1930.4
Bosnia Herzg,Total renewable energy,OnGrid,2020,1952.79
Bosnia Herzg,Total renewable energy,OnGrid,2021,2038.5
Bosnia Herzg,Total renewable energy,OnGrid,2022,2085.26
Bosnia Herzg,Total renewable energy,OnGrid,2023,2199.88
Bosnia Herzg,Total renewable energy,OnGrid,2024,2714.45
Bosnia Herzg,Total renewable energy,OnGrid,2025,2799.45
Bosnia Herzg,Total renewable energy,OffGrid,2000,-
Bosnia Herzg,Total renewable energy,OffGrid,2001,-
Bosnia Herzg,Total renewable energy,OffGrid,2002,-
Bosnia Herzg,Total renewable energy,OffGrid,2003,-
Bosnia Herzg,Total renewable energy,OffGrid,2004,-
Bosnia Herzg,Total renewable energy,OffGrid,2005,-
Bosnia Herzg,Total renewable energy,OffGrid,2006,-
Bosnia Herzg,Total renewable energy,OffGrid,2007,-
Bosnia Herzg,Total renewable energy,OffGrid,2008,-
Bosnia Herzg,Total renewable energy,OffGrid,2009,-
Bosnia Herzg,Total renewable energy,OffGrid,2010,-
Bosnia Herzg,Total renewable energy,OffGrid,2011,-
Bosnia Herzg,Total renewable energy,OffGrid,2012,-
Bosnia Herzg,Total renewable energy,OffGrid,2013,-
Bosnia Herzg,Total renewable energy,OffGrid,2014,-
Bosnia Herzg,Total renewable energy,OffGrid,2015,-
Bosnia Herzg,Total renewable energy,OffGrid,2016,-
Bosnia Herzg,Total renewable energy,OffGrid,2017,-
Bosnia Herzg,Total renewable energy,OffGrid,2018,-
Bosnia Herzg,Total renewable energy,OffGrid,2019,-
Bosnia Herzg,Total renewable energy,OffGrid,2020,-
Bosnia Herzg,Total renewable energy,OffGrid,2021,-
Bosnia Herzg,Total renewable energy,OffGrid,2022,-
Bosnia Herzg,Total renewable energy,OffGrid,2023,-
Bosnia Herzg,Total renewable energy,OffGrid,2024,-
Bosnia Herzg,Total renewable energy,OffGrid,2025,-
Botswana,Total renewable energy,OnGrid,2000,-
Botswana,Total renewable energy,OnGrid,2001,-
Botswana,Total renewable energy,OnGrid,2002,-
Botswana,Total renewable energy,OnGrid,2003,-
Botswana,Total renewable energy,OnGrid,2004,-
Botswana,Total renewable energy,OnGrid,2005,-
Botswana,Total renewable energy,OnGrid,2006,-
Botswana,Total renewable energy,OnGrid,2007,-
Botswana,Total renewable energy,OnGrid,2008,-
Botswana,Total renewable energy,OnGrid,2009,-
Botswana,Total renewable energy,OnGrid,2010,-
Botswana,Total renewable energy,OnGrid,2011,-
Botswana,Total renewable energy,OnGrid,2012,1.3
Botswana,Total renewable energy,OnGrid,2013,1.3
Botswana,Total renewable energy,OnGrid,2014,1.3
Botswana,Total renewable energy,OnGrid,2015,1.3
Botswana,Total renewable energy,OnGrid,2016,1.35
Botswana,Total renewable energy,OnGrid,2017,1.35
Botswana,Total renewable energy,OnGrid,2018,1.35
Botswana,Total renewable energy,OnGrid,2019,3.55
Botswana,Total renewable energy,OnGrid,2020,3.55
Botswana,Total renewable energy,OnGrid,2021,3.9
Botswana,Total renewable energy,OnGrid,2022,3.9
Botswana,Total renewable energy,OnGrid,2023,6.9
Botswana,Total renewable energy,OnGrid,2024,63.2
Botswana,Total renewable energy,OnGrid,2025,166.5
Botswana,Total renewable energy,OffGrid,2000,-
Botswana,Total renewable energy,OffGrid,2001,-
Botswana,Total renewable energy,OffGrid,2002,-
Botswana,Total renewable energy,OffGrid,2003,-
Botswana,Total renewable energy,OffGrid,2004,-
Botswana,Total renewable energy,OffGrid,2005,-
Botswana,Total renewable energy,OffGrid,2006,-
Botswana,Total renewable energy,OffGrid,2007,-
Botswana,Total renewable energy,OffGrid,2008,-
Botswana,Total renewable energy,OffGrid,2009,0.02
Botswana,Total renewable energy,OffGrid,2010,0.14
Botswana,Total renewable energy,OffGrid,2011,0.17
Botswana,Total renewable energy,OffGrid,2012,0.31
Botswana,Total renewable energy,OffGrid,2013,0.41
Botswana,Total renewable energy,OffGrid,2014,0.56
Botswana,Total renewable energy,OffGrid,2015,0.85
Botswana,Total renewable energy,OffGrid,2016,1.9
Botswana,Total renewable energy,OffGrid,2017,2.05
Botswana,Total renewable energy,OffGrid,2018,2.35
Botswana,Total renewable energy,OffGrid,2019,2.35
Botswana,Total renewable energy,OffGrid,2020,2.35
Botswana,Total renewable energy,OffGrid,2021,2.36
Botswana,Total renewable energy,OffGrid,2022,2.36
Botswana,Total renewable energy,OffGrid,2023,2.36
Botswana,Total renewable energy,OffGrid,2024,2.36
Botswana,Total renewable energy,OffGrid,2025,2.36
Br Virgin Is,Total renewable energy,OnGrid,2000,-
Br Virgin Is,Total renewable energy,OnGrid,2001,-
Br Virgin Is,Total renewable energy,OnGrid,2002,-
Br Virgin Is,Total renewable energy,OnGrid,2003,-
Br Virgin Is,Total renewable energy,OnGrid,2004,-
Br Virgin Is,Total renewable energy,OnGrid,2005,-
Br Virgin Is,Total renewable energy,OnGrid,2006,-
Br Virgin Is,Total renewable energy,OnGrid,2007,-
Br Virgin Is,Total renewable energy,OnGrid,2008,-
Br Virgin Is,Total renewable energy,OnGrid,2009,-
Br Virgin Is,Total renewable energy,OnGrid,2010,0
Br Virgin Is,Total renewable energy,OnGrid,2011,0
Br Virgin Is,Total renewable energy,OnGrid,2012,0
Br Virgin Is,Total renewable energy,OnGrid,2013,0
Br Virgin Is,Total renewable energy,OnGrid,2014,0
Br Virgin Is,Total renewable energy,OnGrid,2015,0
Br Virgin Is,Total renewable energy,OnGrid,2016,0
Br Virgin Is,Total renewable energy,OnGrid,2017,0
Br Virgin Is,Total renewable energy,OnGrid,2018,0
Br Virgin Is,Total renewable energy,OnGrid,2019,0
Br Virgin Is,Total renewable energy,OnGrid,2020,0.04
Br Virgin Is,Total renewable energy,OnGrid,2021,0.3
Br Virgin Is,Total renewable energy,OnGrid,2022,0.32
Br Virgin Is,Total renewable energy,OnGrid,2023,0.33
Br Virgin Is,Total renewable energy,OnGrid,2024,0.33
Br Virgin Is,Total renewable energy,OnGrid,2025,1.58
Br Virgin Is,Total renewable energy,OffGrid,2000,-
Br Virgin Is,Total renewable energy,OffGrid,2001,-
Br Virgin Is,Total renewable energy,OffGrid,2002,-
Br Virgin Is,Total renewable energy,OffGrid,2003,-
Br Virgin Is,Total renewable energy,OffGrid,2004,-
Br Virgin Is,Total renewable energy,OffGrid,2005,-
Br Virgin Is,Total renewable energy,OffGrid,2006,-
Br Virgin Is,Total renewable energy,OffGrid,2007,-
Br Virgin Is,Total renewable energy,OffGrid,2008,-
Br Virgin Is,Total renewable energy,OffGrid,2009,-
Br Virgin Is,Total renewable energy,OffGrid,2010,0.52
Br Virgin Is,Total renewable energy,OffGrid,2011,0.52
Br Virgin Is,Total renewable energy,OffGrid,2012,0.52
Br Virgin Is,Total renewable energy,OffGrid,2013,0.52
Br Virgin Is,Total renewable energy,OffGrid,2014,0.55
Br Virgin Is,Total renewable energy,OffGrid,2015,1.26
Br Virgin Is,Total renewable energy,OffGrid,2016,1.43
Br Virgin Is,Total renewable energy,OffGrid,2017,1.43
Br Virgin Is,Total renewable energy,OffGrid,2018,1.44
Br Virgin Is,Total renewable energy,OffGrid,2019,1.79
Br Virgin Is,Total renewable energy,OffGrid,2020,2
Br Virgin Is,Total renewable energy,OffGrid,2021,1.99
Br Virgin Is,Total renewable energy,OffGrid,2022,2
Br Virgin Is,Total renewable energy,OffGrid,2023,3
Br Virgin Is,Total renewable energy,OffGrid,2024,3
Br Virgin Is,Total renewable energy,OffGrid,2025,-
Brazil,Total renewable energy,OnGrid,2000,70862.42
Brazil,Total renewable energy,OnGrid,2001,72688.82
Brazil,Total renewable energy,OnGrid,2002,75566.84
Brazil,Total renewable energy,OnGrid,2003,76922.94
Brazil,Total renewable energy,OnGrid,2004,77638.58
Brazil,Total renewable energy,OnGrid,2005,79274.53
Brazil,Total renewable energy,OnGrid,2006,81865.94
Brazil,Total renewable energy,OnGrid,2007,83566.57
Brazil,Total renewable energy,OnGrid,2008,85102.56
Brazil,Total renewable energy,OnGrid,2009,87964.96
Brazil,Total renewable energy,OnGrid,2010,92113.95
Brazil,Total renewable energy,OnGrid,2011,95574.24
Brazil,Total renewable energy,OnGrid,2012,100842.16
Brazil,Total renewable energy,OnGrid,2013,106902.13
Brazil,Total renewable energy,OnGrid,2014,111435.01
Brazil,Total renewable energy,OnGrid,2015,116649.57
Brazil,Total renewable energy,OnGrid,2016,131689.67
Brazil,Total renewable energy,OnGrid,2017,136241.12
Brazil,Total renewable energy,OnGrid,2018,139854.68
Brazil,Total renewable energy,OnGrid,2019,144564.67
Brazil,Total renewable energy,OnGrid,2020,150583.4
Brazil,Total renewable energy,OnGrid,2021,161092.1
Brazil,Total renewable energy,OnGrid,2022,176243.3
Brazil,Total renewable energy,OnGrid,2023,194071.78
Brazil,Total renewable energy,OnGrid,2024,213811.98
Brazil,Total renewable energy,OnGrid,2025,228192.47
Brazil,Total renewable energy,OffGrid,2000,-
Brazil,Total renewable energy,OffGrid,2001,-
Brazil,Total renewable energy,OffGrid,2002,-
Brazil,Total renewable energy,OffGrid,2003,0.68
Brazil,Total renewable energy,OffGrid,2004,0.68
Brazil,Total renewable energy,OffGrid,2005,0.68
Brazil,Total renewable energy,OffGrid,2006,0.68
Brazil,Total renewable energy,OffGrid,2007,0.68
Brazil,Total renewable energy,OffGrid,2008,0.68
Brazil,Total renewable energy,OffGrid,2009,0.68
Brazil,Total renewable energy,OffGrid,2010,0.7
Brazil,Total renewable energy,OffGrid,2011,0.7
Brazil,Total renewable energy,OffGrid,2012,0.7
Brazil,Total renewable energy,OffGrid,2013,0.7
Brazil,Total renewable energy,OffGrid,2014,0.7
Brazil,Total renewable energy,OffGrid,2015,3.9
Brazil,Total renewable energy,OffGrid,2016,4.06
Brazil,Total renewable energy,OffGrid,2017,7.19
Brazil,Total renewable energy,OffGrid,2018,7.21
Brazil,Total renewable energy,OffGrid,2019,7.24
Brazil,Total renewable energy,OffGrid,2020,7.24
Brazil,Total renewable energy,OffGrid,2021,7.09
Brazil,Total renewable energy,OffGrid,2022,3.99
Brazil,Total renewable energy,OffGrid,2023,11.2
Brazil,Total renewable energy,OffGrid,2024,11.2
Brazil,Total renewable energy,OffGrid,2025,11.2
Brunei Darsm,Total renewable energy,OnGrid,2000,-
Brunei Darsm,Total renewable energy,OnGrid,2001,-
Brunei Darsm,Total renewable energy,OnGrid,2002,-
Brunei Darsm,Total renewable energy,OnGrid,2003,-
Brunei Darsm,Total renewable energy,OnGrid,2004,-
Brunei Darsm,Total renewable energy,OnGrid,2005,-
Brunei Darsm,Total renewable energy,OnGrid,2006,-
Brunei Darsm,Total renewable energy,OnGrid,2007,-
Brunei Darsm,Total renewable energy,OnGrid,2008,-
Brunei Darsm,Total renewable energy,OnGrid,2009,-
Brunei Darsm,Total renewable energy,OnGrid,2010,1.2
Brunei Darsm,Total renewable energy,OnGrid,2011,1.2
Brunei Darsm,Total renewable energy,OnGrid,2012,1.2
Brunei Darsm,Total renewable energy,OnGrid,2013,1.2
Brunei Darsm,Total renewable energy,OnGrid,2014,1.2
Brunei Darsm,Total renewable energy,OnGrid,2015,1.2
Brunei Darsm,Total renewable energy,OnGrid,2016,1.2
Brunei Darsm,Total renewable energy,OnGrid,2017,1.2
Brunei Darsm,Total renewable energy,OnGrid,2018,1.2
Brunei Darsm,Total renewable energy,OnGrid,2019,1.2
Brunei Darsm,Total renewable energy,OnGrid,2020,1.44
Brunei Darsm,Total renewable energy,OnGrid,2021,4.84
Brunei Darsm,Total renewable energy,OnGrid,2022,4.87
Brunei Darsm,Total renewable energy,OnGrid,2023,5
Brunei Darsm,Total renewable energy,OnGrid,2024,5.29
Brunei Darsm,Total renewable energy,OnGrid,2025,5.84
Brunei Darsm,Total renewable energy,OffGrid,2000,-
Brunei Darsm,Total renewable energy,OffGrid,2001,-
Brunei Darsm,Total renewable energy,OffGrid,2002,-
Brunei Darsm,Total renewable energy,OffGrid,2003,-
Brunei Darsm,Total renewable energy,OffGrid,2004,-
Brunei Darsm,Total renewable energy,OffGrid,2005,-
Brunei Darsm,Total renewable energy,OffGrid,2006,-
Brunei Darsm,Total renewable energy,OffGrid,2007,-
Brunei Darsm,Total renewable energy,OffGrid,2008,-
Brunei Darsm,Total renewable energy,OffGrid,2009,-
Brunei Darsm,Total renewable energy,OffGrid,2010,-
Brunei Darsm,Total renewable energy,OffGrid,2011,-
Brunei Darsm,Total renewable energy,OffGrid,2012,-
Brunei Darsm,Total renewable energy,OffGrid,2013,-
Brunei Darsm,Total renewable energy,OffGrid,2014,0.01
Brunei Darsm,Total renewable energy,OffGrid,2015,0.01
Brunei Darsm,Total renewable energy,OffGrid,2016,0.01
Brunei Darsm,Total renewable energy,OffGrid,2017,0.01
Brunei Darsm,Total renewable energy,OffGrid,2018,0.02
Brunei Darsm,Total renewable energy,OffGrid,2019,0.02
Brunei Darsm,Total renewable energy,OffGrid,2020,0.02
Brunei Darsm,Total renewable energy,OffGrid,2021,0.04
Brunei Darsm,Total renewable energy,OffGrid,2022,0.04
Brunei Darsm,Total renewable energy,OffGrid,2023,0.05
Brunei Darsm,Total renewable energy,OffGrid,2024,0.05
Brunei Darsm,Total renewable energy,OffGrid,2025,0.05
Bulgaria,Total renewable energy,OnGrid,2000,1068
Bulgaria,Total renewable energy,OnGrid,2001,893
Bulgaria,Total renewable energy,OnGrid,2002,1136
Bulgaria,Total renewable energy,OnGrid,2003,1658
Bulgaria,Total renewable energy,OnGrid,2004,1992
Bulgaria,Total renewable energy,OnGrid,2005,1999
Bulgaria,Total renewable energy,OnGrid,2006,2017
Bulgaria,Total renewable energy,OnGrid,2007,2048.03
Bulgaria,Total renewable energy,OnGrid,2008,2240.1
Bulgaria,Total renewable energy,OnGrid,2009,2481
Bulgaria,Total renewable energy,OnGrid,2010,2707
Bulgaria,Total renewable energy,OnGrid,2011,2950
Bulgaria,Total renewable energy,OnGrid,2012,3929.99
Bulgaria,Total renewable energy,OnGrid,2013,4094.54
Bulgaria,Total renewable energy,OnGrid,2014,4122.92
Bulgaria,Total renewable energy,OnGrid,2015,4135.89
Bulgaria,Total renewable energy,OnGrid,2016,4144.89
Bulgaria,Total renewable energy,OnGrid,2017,4288.64
Bulgaria,Total renewable energy,OnGrid,2018,4316.41
Bulgaria,Total renewable energy,OnGrid,2019,4318.73
Bulgaria,Total renewable energy,OnGrid,2020,4363.52
Bulgaria,Total renewable energy,OnGrid,2021,4530.64
Bulgaria,Total renewable energy,OnGrid,2022,5075.93
Bulgaria,Total renewable energy,OnGrid,2023,6268.74
Bulgaria,Total renewable energy,OnGrid,2024,7911.2
Bulgaria,Total renewable energy,OnGrid,2025,9261.2
Bulgaria,Total renewable energy,OffGrid,2000,-
Bulgaria,Total renewable energy,OffGrid,2001,-
Bulgaria,Total renewable energy,OffGrid,2002,-
Bulgaria,Total renewable energy,OffGrid,2003,-
Bulgaria,Total renewable energy,OffGrid,2004,-
Bulgaria,Total renewable energy,OffGrid,2005,-
Bulgaria,Total renewable energy,OffGrid,2006,-
Bulgaria,Total renewable energy,OffGrid,2007,-
Bulgaria,Total renewable energy,OffGrid,2008,-
Bulgaria,Total renewable energy,OffGrid,2009,-
Bulgaria,Total renewable energy,OffGrid,2010,-
Bulgaria,Total renewable energy,OffGrid,2011,-
Bulgaria,Total renewable energy,OffGrid,2012,-
Bulgaria,Total renewable energy,OffGrid,2013,-
Bulgaria,Total renewable energy,OffGrid,2014,-
Bulgaria,Total renewable energy,OffGrid,2015,-
Bulgaria,Total renewable energy,OffGrid,2016,-
Bulgaria,Total renewable energy,OffGrid,2017,-
Bulgaria,Total renewable energy,OffGrid,2018,-
Bulgaria,Total renewable energy,OffGrid,2019,-
Bulgaria,Total renewable energy,OffGrid,2020,-
Bulgaria,Total renewable energy,OffGrid,2021,-
Bulgaria,Total renewable energy,OffGrid,2022,-
Bulgaria,Total renewable energy,OffGrid,2023,-
Bulgaria,Total renewable energy,OffGrid,2024,-
Bulgaria,Total renewable energy,OffGrid,2025,-
Burkina Faso,Total renewable energy,OnGrid,2000,32
Burkina Faso,Total renewable energy,OnGrid,2001,32
Burkina Faso,Total renewable energy,OnGrid,2002,32
Burkina Faso,Total renewable energy,OnGrid,2003,32
Burkina Faso,Total renewable energy,OnGrid,2004,32
Burkina Faso,Total renewable energy,OnGrid,2005,32
Burkina Faso,Total renewable energy,OnGrid,2006,32
Burkina Faso,Total renewable energy,OnGrid,2007,32
Burkina Faso,Total renewable energy,OnGrid,2008,32
Burkina Faso,Total renewable energy,OnGrid,2009,32
Burkina Faso,Total renewable energy,OnGrid,2010,32
Burkina Faso,Total renewable energy,OnGrid,2011,32
Burkina Faso,Total renewable energy,OnGrid,2012,32
Burkina Faso,Total renewable energy,OnGrid,2013,32
Burkina Faso,Total renewable energy,OnGrid,2014,32
Burkina Faso,Total renewable energy,OnGrid,2015,32.75
Burkina Faso,Total renewable energy,OnGrid,2016,32.75
Burkina Faso,Total renewable energy,OnGrid,2017,67.55
Burkina Faso,Total renewable energy,OnGrid,2018,67.55
Burkina Faso,Total renewable energy,OnGrid,2019,70.74
Burkina Faso,Total renewable energy,OnGrid,2020,70.74
Burkina Faso,Total renewable energy,OnGrid,2021,70.74
Burkina Faso,Total renewable energy,OnGrid,2022,100.74
Burkina Faso,Total renewable energy,OnGrid,2023,189.75
Burkina Faso,Total renewable energy,OnGrid,2024,218.35
Burkina Faso,Total renewable energy,OnGrid,2025,218.35
Burkina Faso,Total renewable energy,OffGrid,2000,-
Burkina Faso,Total renewable energy,OffGrid,2001,-
Burkina Faso,Total renewable energy,OffGrid,2002,-
Burkina Faso,Total renewable energy,OffGrid,2003,-
Burkina Faso,Total renewable energy,OffGrid,2004,0.11
Burkina Faso,Total renewable energy,OffGrid,2005,0.11
Burkina Faso,Total renewable energy,OffGrid,2006,0.11
Burkina Faso,Total renewable energy,OffGrid,2007,0.11
Burkina Faso,Total renewable energy,OffGrid,2008,0.11
Burkina Faso,Total renewable energy,OffGrid,2009,0.11
Burkina Faso,Total renewable energy,OffGrid,2010,0.21
Burkina Faso,Total renewable energy,OffGrid,2011,0.27
Burkina Faso,Total renewable energy,OffGrid,2012,0.83
Burkina Faso,Total renewable energy,OffGrid,2013,1.49
Burkina Faso,Total renewable energy,OffGrid,2014,1.97
Burkina Faso,Total renewable energy,OffGrid,2015,2.9
Burkina Faso,Total renewable energy,OffGrid,2016,3.32
Burkina Faso,Total renewable energy,OffGrid,2017,3.6
Burkina Faso,Total renewable energy,OffGrid,2018,19.05
Burkina Faso,Total renewable energy,OffGrid,2019,20.19
Burkina Faso,Total renewable energy,OffGrid,2020,20.68
Burkina Faso,Total renewable energy,OffGrid,2021,21.46
Burkina Faso,Total renewable energy,OffGrid,2022,22.06
Burkina Faso,Total renewable energy,OffGrid,2023,22.19
Burkina Faso,Total renewable energy,OffGrid,2024,22.19
Burkina Faso,Total renewable energy,OffGrid,2025,22.19
Burundi,Total renewable energy,OnGrid,2000,49.15
Burundi,Total renewable energy,OnGrid,2001,49.15
Burundi,Total renewable energy,OnGrid,2002,49.15
Burundi,Total renewable energy,OnGrid,2003,49.15
Burundi,Total renewable energy,OnGrid,2004,49.15
Burundi,Total renewable energy,OnGrid,2005,49.15
Burundi,Total renewable energy,OnGrid,2006,49.15
Burundi,Total renewable energy,OnGrid,2007,49.15
Burundi,Total renewable energy,OnGrid,2008,49.15
Burundi,Total renewable energy,OnGrid,2009,49.15
Burundi,Total renewable energy,OnGrid,2010,49.15
Burundi,Total renewable energy,OnGrid,2011,49.15
Burundi,Total renewable energy,OnGrid,2012,49.55
Burundi,Total renewable energy,OnGrid,2013,49.55
Burundi,Total renewable energy,OnGrid,2014,49.55
Burundi,Total renewable energy,OnGrid,2015,49.55
Burundi,Total renewable energy,OnGrid,2016,49.55
Burundi,Total renewable energy,OnGrid,2017,47.08
Burundi,Total renewable energy,OnGrid,2018,47.08
Burundi,Total renewable energy,OnGrid,2019,47.08
Burundi,Total renewable energy,OnGrid,2020,47.08
Burundi,Total renewable energy,OnGrid,2021,54.58
Burundi,Total renewable energy,OnGrid,2022,69.58
Burundi,Total renewable energy,OnGrid,2023,69.58
Burundi,Total renewable energy,OnGrid,2024,69.58
Burundi,Total renewable energy,OnGrid,2025,170.29
Burundi,Total renewable energy,OffGrid,2000,5.1
Burundi,Total renewable energy,OffGrid,2001,5.1
Burundi,Total renewable energy,OffGrid,2002,5.1
Burundi,Total renewable energy,OffGrid,2003,5.1
Burundi,Total renewable energy,OffGrid,2004,5.1
Burundi,Total renewable energy,OffGrid,2005,5.1
Burundi,Total renewable energy,OffGrid,2006,5.1
Burundi,Total renewable energy,OffGrid,2007,5.1
Burundi,Total renewable energy,OffGrid,2008,5.1
Burundi,Total renewable energy,OffGrid,2009,5.1
Burundi,Total renewable energy,OffGrid,2010,5.1
Burundi,Total renewable energy,OffGrid,2011,5.6
Burundi,Total renewable energy,OffGrid,2012,5.6
Burundi,Total renewable energy,OffGrid,2013,5.61
Burundi,Total renewable energy,OffGrid,2014,5.63
Burundi,Total renewable energy,OffGrid,2015,5.92
Burundi,Total renewable energy,OffGrid,2016,6.72
Burundi,Total renewable energy,OffGrid,2017,7.07
Burundi,Total renewable energy,OffGrid,2018,7.08
Burundi,Total renewable energy,OffGrid,2019,7.12
Burundi,Total renewable energy,OffGrid,2020,7.26
Burundi,Total renewable energy,OffGrid,2021,6.72
Burundi,Total renewable energy,OffGrid,2022,6.56
Burundi,Total renewable energy,OffGrid,2023,7.11
Burundi,Total renewable energy,OffGrid,2024,7.69
Burundi,Total renewable energy,OffGrid,2025,7.69
Cabo Verde,Total renewable energy,OnGrid,2000,-
Cabo Verde,Total renewable energy,OnGrid,2001,-
Cabo Verde,Total renewable energy,OnGrid,2002,2.1
Cabo Verde,Total renewable energy,OnGrid,2003,2.68
Cabo Verde,Total renewable energy,OnGrid,2004,2.4
Cabo Verde,Total renewable energy,OnGrid,2005,2.4
Cabo Verde,Total renewable energy,OnGrid,2006,2.1
Cabo Verde,Total renewable energy,OnGrid,2007,2.1
Cabo Verde,Total renewable energy,OnGrid,2008,2.1
Cabo Verde,Total renewable energy,OnGrid,2009,2.1
Cabo Verde,Total renewable energy,OnGrid,2010,7.3
Cabo Verde,Total renewable energy,OnGrid,2011,22.5
Cabo Verde,Total renewable energy,OnGrid,2012,32.7
Cabo Verde,Total renewable energy,OnGrid,2013,32.7
Cabo Verde,Total renewable energy,OnGrid,2014,32.7
Cabo Verde,Total renewable energy,OnGrid,2015,32.89
Cabo Verde,Total renewable energy,OnGrid,2016,32.99
Cabo Verde,Total renewable energy,OnGrid,2017,32.99
Cabo Verde,Total renewable energy,OnGrid,2018,36.61
Cabo Verde,Total renewable energy,OnGrid,2019,39.83
Cabo Verde,Total renewable energy,OnGrid,2020,40.48
Cabo Verde,Total renewable energy,OnGrid,2021,42.57
Cabo Verde,Total renewable energy,OnGrid,2022,48.22
Cabo Verde,Total renewable energy,OnGrid,2023,51.05
Cabo Verde,Total renewable energy,OnGrid,2024,56.05
Cabo Verde,Total renewable energy,OnGrid,2025,71.15
Cabo Verde,Total renewable energy,OffGrid,2000,-
Cabo Verde,Total renewable energy,OffGrid,2001,-
Cabo Verde,Total renewable energy,OffGrid,2002,-
Cabo Verde,Total renewable energy,OffGrid,2003,-
Cabo Verde,Total renewable energy,OffGrid,2004,-
Cabo Verde,Total renewable energy,OffGrid,2005,-
Cabo Verde,Total renewable energy,OffGrid,2006,-
Cabo Verde,Total renewable energy,OffGrid,2007,-
Cabo Verde,Total renewable energy,OffGrid,2008,-
Cabo Verde,Total renewable energy,OffGrid,2009,-
Cabo Verde,Total renewable energy,OffGrid,2010,-
Cabo Verde,Total renewable energy,OffGrid,2011,-
Cabo Verde,Total renewable energy,OffGrid,2012,0.07
Cabo Verde,Total renewable energy,OffGrid,2013,0.07
Cabo Verde,Total renewable energy,OffGrid,2014,0.07
Cabo Verde,Total renewable energy,OffGrid,2015,0.27
Cabo Verde,Total renewable energy,OffGrid,2016,0.27
Cabo Verde,Total renewable energy,OffGrid,2017,0.43
Cabo Verde,Total renewable energy,OffGrid,2018,1
Cabo Verde,Total renewable energy,OffGrid,2019,1.14
Cabo Verde,Total renewable energy,OffGrid,2020,1.3
Cabo Verde,Total renewable energy,OffGrid,2021,1.43
Cabo Verde,Total renewable energy,OffGrid,2022,1.62
Cabo Verde,Total renewable energy,OffGrid,2023,1.8
Cabo Verde,Total renewable energy,OffGrid,2024,1.8
Cabo Verde,Total renewable energy,OffGrid,2025,1.8
Cambodia,Total renewable energy,OnGrid,2000,10.09
Cambodia,Total renewable energy,OnGrid,2001,10.19
Cambodia,Total renewable energy,OnGrid,2002,12.28
Cambodia,Total renewable energy,OnGrid,2003,12.33
Cambodia,Total renewable energy,OnGrid,2004,13.36
Cambodia,Total renewable energy,OnGrid,2005,13.61
Cambodia,Total renewable energy,OnGrid,2006,18.17
Cambodia,Total renewable energy,OnGrid,2007,19.12
Cambodia,Total renewable energy,OnGrid,2008,20.38
Cambodia,Total renewable energy,OnGrid,2009,21.26
Cambodia,Total renewable energy,OnGrid,2010,21.3
Cambodia,Total renewable energy,OnGrid,2011,217.45
Cambodia,Total renewable energy,OnGrid,2012,263.61
Cambodia,Total renewable energy,OnGrid,2013,714.33
Cambodia,Total renewable energy,OnGrid,2014,971.49
Cambodia,Total renewable energy,OnGrid,2015,971.56
Cambodia,Total renewable energy,OnGrid,2016,974.95
Cambodia,Total renewable energy,OnGrid,2017,1058.17
Cambodia,Total renewable energy,OnGrid,2018,1419.82
Cambodia,Total renewable energy,OnGrid,2019,1515.42
Cambodia,Total renewable energy,OnGrid,2020,1700.8
Cambodia,Total renewable energy,OnGrid,2021,1760.54
Cambodia,Total renewable energy,OnGrid,2022,1856.38
Cambodia,Total renewable energy,OnGrid,2023,1861.84
Cambodia,Total renewable energy,OnGrid,2024,2810.9
Cambodia,Total renewable energy,OnGrid,2025,3325.5
Cambodia,Total renewable energy,OffGrid,2000,-
Cambodia,Total renewable energy,OffGrid,2001,-
Cambodia,Total renewable energy,OffGrid,2002,-
Cambodia,Total renewable energy,OffGrid,2003,-
Cambodia,Total renewable energy,OffGrid,2004,-
Cambodia,Total renewable energy,OffGrid,2005,-
Cambodia,Total renewable energy,OffGrid,2006,-
Cambodia,Total renewable energy,OffGrid,2007,0.8
Cambodia,Total renewable energy,OffGrid,2008,3.4
Cambodia,Total renewable energy,OffGrid,2009,5.25
Cambodia,Total renewable energy,OffGrid,2010,5.86
Cambodia,Total renewable energy,OffGrid,2011,12.26
Cambodia,Total renewable energy,OffGrid,2012,16.66
Cambodia,Total renewable energy,OffGrid,2013,21.6
Cambodia,Total renewable energy,OffGrid,2014,26.22
Cambodia,Total renewable energy,OffGrid,2015,28.23
Cambodia,Total renewable energy,OffGrid,2016,28.93
Cambodia,Total renewable energy,OffGrid,2017,29.09
Cambodia,Total renewable energy,OffGrid,2018,28.83
Cambodia,Total renewable energy,OffGrid,2019,30.49
Cambodia,Total renewable energy,OffGrid,2020,30.54
Cambodia,Total renewable energy,OffGrid,2021,31.08
Cambodia,Total renewable energy,OffGrid,2022,31.64
Cambodia,Total renewable energy,OffGrid,2023,30.37
Cambodia,Total renewable energy,OffGrid,2024,30.7
Cambodia,Total renewable energy,OffGrid,2025,30.7
Cameroon,Total renewable energy,OnGrid,2000,719
Cameroon,Total renewable energy,OnGrid,2001,719
Cameroon,Total renewable energy,OnGrid,2002,719
Cameroon,Total renewable energy,OnGrid,2003,719
Cameroon,Total renewable energy,OnGrid,2004,719
Cameroon,Total renewable energy,OnGrid,2005,719
Cameroon,Total renewable energy,OnGrid,2006,719
Cameroon,Total renewable energy,OnGrid,2007,719
Cameroon,Total renewable energy,OnGrid,2008,719
Cameroon,Total renewable energy,OnGrid,2009,719
Cameroon,Total renewable energy,OnGrid,2010,723
Cameroon,Total renewable energy,OnGrid,2011,728.2
Cameroon,Total renewable energy,OnGrid,2012,728.2
Cameroon,Total renewable energy,OnGrid,2013,732.2
Cameroon,Total renewable energy,OnGrid,2014,732.2
Cameroon,Total renewable energy,OnGrid,2015,732.21
Cameroon,Total renewable energy,OnGrid,2016,732.49
Cameroon,Total renewable energy,OnGrid,2017,743.73
Cameroon,Total renewable energy,OnGrid,2018,745.46
Cameroon,Total renewable energy,OnGrid,2019,825.53
Cameroon,Total renewable energy,OnGrid,2020,838.67
Cameroon,Total renewable energy,OnGrid,2021,838.67
Cameroon,Total renewable energy,OnGrid,2022,840.15
Cameroon,Total renewable energy,OnGrid,2023,1022.27
Cameroon,Total renewable energy,OnGrid,2024,1472.36
Cameroon,Total renewable energy,OnGrid,2025,1472.36
Cameroon,Total renewable energy,OffGrid,2000,-
Cameroon,Total renewable energy,OffGrid,2001,-
Cameroon,Total renewable energy,OffGrid,2002,-
Cameroon,Total renewable energy,OffGrid,2003,-
Cameroon,Total renewable energy,OffGrid,2004,0.01
Cameroon,Total renewable energy,OffGrid,2005,0.01
Cameroon,Total renewable energy,OffGrid,2006,0.03
Cameroon,Total renewable energy,OffGrid,2007,0.03
Cameroon,Total renewable energy,OffGrid,2008,0.03
Cameroon,Total renewable energy,OffGrid,2009,0.08
Cameroon,Total renewable energy,OffGrid,2010,0.11
Cameroon,Total renewable energy,OffGrid,2011,0.14
Cameroon,Total renewable energy,OffGrid,2012,0.15
Cameroon,Total renewable energy,OffGrid,2013,0.16
Cameroon,Total renewable energy,OffGrid,2014,0.16
Cameroon,Total renewable energy,OffGrid,2015,0.23
Cameroon,Total renewable energy,OffGrid,2016,0.25
Cameroon,Total renewable energy,OffGrid,2017,11.67
Cameroon,Total renewable energy,OffGrid,2018,11.94
Cameroon,Total renewable energy,OffGrid,2019,13.21
Cameroon,Total renewable energy,OffGrid,2020,14.07
Cameroon,Total renewable energy,OffGrid,2021,26.75
Cameroon,Total renewable energy,OffGrid,2022,26.83
Cameroon,Total renewable energy,OffGrid,2023,27.26
Cameroon,Total renewable energy,OffGrid,2024,27.28
Cameroon,Total renewable energy,OffGrid,2025,27.46
Canada,Total renewable energy,OnGrid,2000,68769.5
Canada,Total renewable energy,OnGrid,2001,68784.5
Canada,Total renewable energy,OnGrid,2002,71057.5
Canada,Total renewable energy,OnGrid,2003,72688.5
Canada,Total renewable energy,OnGrid,2004,73230.5
Canada,Total renewable energy,OnGrid,2005,74456
Canada,Total renewable energy,OnGrid,2006,76083.5
Canada,Total renewable energy,OnGrid,2007,77056
Canada,Total renewable energy,OnGrid,2008,78428.5
Canada,Total renewable energy,OnGrid,2009,79784.5
Canada,Total renewable energy,OnGrid,2010,81072
Canada,Total renewable energy,OnGrid,2011,83095
Canada,Total renewable energy,OnGrid,2012,84308.5
Canada,Total renewable energy,OnGrid,2013,86289
Canada,Total renewable energy,OnGrid,2014,89147
Canada,Total renewable energy,OnGrid,2015,95160
Canada,Total renewable energy,OnGrid,2016,96997.5
Canada,Total renewable energy,OnGrid,2017,98149
Canada,Total renewable energy,OnGrid,2018,99591.5
Canada,Total renewable energy,OnGrid,2019,99987.5
Canada,Total renewable energy,OnGrid,2020,100390
Canada,Total renewable energy,OnGrid,2021,103330
Canada,Total renewable energy,OnGrid,2022,105781.7
Canada,Total renewable energy,OnGrid,2023,107672.2
Canada,Total renewable energy,OnGrid,2024,109422.67
Canada,Total renewable energy,OnGrid,2025,110511.07
Canada,Total renewable energy,OffGrid,2000,-
Canada,Total renewable energy,OffGrid,2001,-
Canada,Total renewable energy,OffGrid,2002,-
Canada,Total renewable energy,OffGrid,2003,-
Canada,Total renewable energy,OffGrid,2004,-
Canada,Total renewable energy,OffGrid,2005,-
Canada,Total renewable energy,OffGrid,2006,-
Canada,Total renewable energy,OffGrid,2007,-
Canada,Total renewable energy,OffGrid,2008,-
Canada,Total renewable energy,OffGrid,2009,-
Canada,Total renewable energy,OffGrid,2010,-
Canada,Total renewable energy,OffGrid,2011,-
Canada,Total renewable energy,OffGrid,2012,-
Canada,Total renewable energy,OffGrid,2013,-
Canada,Total renewable energy,OffGrid,2014,-
Canada,Total renewable energy,OffGrid,2015,-
Canada,Total renewable energy,OffGrid,2016,-
Canada,Total renewable energy,OffGrid,2017,-
Canada,Total renewable energy,OffGrid,2018,-
Canada,Total renewable energy,OffGrid,2019,-
Canada,Total renewable energy,OffGrid,2020,-
Canada,Total renewable energy,OffGrid,2021,-
Canada,Total renewable energy,OffGrid,2022,-
Canada,Total renewable energy,OffGrid,2023,-
Canada,Total renewable energy,OffGrid,2024,-
Canada,Total renewable energy,OffGrid,2025,-
Cayman Is,Total renewable energy,OnGrid,2000,-
Cayman Is,Total renewable energy,OnGrid,2001,-
Cayman Is,Total renewable energy,OnGrid,2002,-
Cayman Is,Total renewable energy,OnGrid,2003,-
Cayman Is,Total renewable energy,OnGrid,2004,-
Cayman Is,Total renewable energy,OnGrid,2005,-
Cayman Is,Total renewable energy,OnGrid,2006,-
Cayman Is,Total renewable energy,OnGrid,2007,-
Cayman Is,Total renewable energy,OnGrid,2008,-
Cayman Is,Total renewable energy,OnGrid,2009,-
Cayman Is,Total renewable energy,OnGrid,2010,-
Cayman Is,Total renewable energy,OnGrid,2011,-
Cayman Is,Total renewable energy,OnGrid,2012,-
Cayman Is,Total renewable energy,OnGrid,2013,-
Cayman Is,Total renewable energy,OnGrid,2014,-
Cayman Is,Total renewable energy,OnGrid,2015,-
Cayman Is,Total renewable energy,OnGrid,2016,2.75
Cayman Is,Total renewable energy,OnGrid,2017,8.77
Cayman Is,Total renewable energy,OnGrid,2018,10.72
Cayman Is,Total renewable energy,OnGrid,2019,11.99
Cayman Is,Total renewable energy,OnGrid,2020,13.64
Cayman Is,Total renewable energy,OnGrid,2021,14.6
Cayman Is,Total renewable energy,OnGrid,2022,14.6
Cayman Is,Total renewable energy,OnGrid,2023,14.9
Cayman Is,Total renewable energy,OnGrid,2024,14.9
Cayman Is,Total renewable energy,OnGrid,2025,14.9
Cayman Is,Total renewable energy,OffGrid,2000,-
Cayman Is,Total renewable energy,OffGrid,2001,-
Cayman Is,Total renewable energy,OffGrid,2002,-
Cayman Is,Total renewable energy,OffGrid,2003,-
Cayman Is,Total renewable energy,OffGrid,2004,-
Cayman Is,Total renewable energy,OffGrid,2005,-
Cayman Is,Total renewable energy,OffGrid,2006,-
Cayman Is,Total renewable energy,OffGrid,2007,-
Cayman Is,Total renewable energy,OffGrid,2008,-
Cayman Is,Total renewable energy,OffGrid,2009,-
Cayman Is,Total renewable energy,OffGrid,2010,-
Cayman Is,Total renewable energy,OffGrid,2011,-
Cayman Is,Total renewable energy,OffGrid,2012,-
Cayman Is,Total renewable energy,OffGrid,2013,-
Cayman Is,Total renewable energy,OffGrid,2014,-
Cayman Is,Total renewable energy,OffGrid,2015,-
Cayman Is,Total renewable energy,OffGrid,2016,-
Cayman Is,Total renewable energy,OffGrid,2017,-
Cayman Is,Total renewable energy,OffGrid,2018,-
Cayman Is,Total renewable energy,OffGrid,2019,-
Cayman Is,Total renewable energy,OffGrid,2020,-
Cayman Is,Total renewable energy,OffGrid,2021,-
Cayman Is,Total renewable energy,OffGrid,2022,-
Cayman Is,Total renewable energy,OffGrid,2023,-
Cayman Is,Total renewable energy,OffGrid,2024,-
Cayman Is,Total renewable energy,OffGrid,2025,-
Cent Afr Rep,Total renewable energy,OnGrid,2000,18.65
Cent Afr Rep,Total renewable energy,OnGrid,2001,18.65
Cent Afr Rep,Total renewable energy,OnGrid,2002,18.65
Cent Afr Rep,Total renewable energy,OnGrid,2003,18.65
Cent Afr Rep,Total renewable energy,OnGrid,2004,18.65
Cent Afr Rep,Total renewable energy,OnGrid,2005,18.65
Cent Afr Rep,Total renewable energy,OnGrid,2006,18.65
Cent Afr Rep,Total renewable energy,OnGrid,2007,18.65
Cent Afr Rep,Total renewable energy,OnGrid,2008,18.65
Cent Afr Rep,Total renewable energy,OnGrid,2009,18.65
Cent Afr Rep,Total renewable energy,OnGrid,2010,18.65
Cent Afr Rep,Total renewable energy,OnGrid,2011,18.65
Cent Afr Rep,Total renewable energy,OnGrid,2012,18.65
Cent Afr Rep,Total renewable energy,OnGrid,2013,18.65
Cent Afr Rep,Total renewable energy,OnGrid,2014,18.65
Cent Afr Rep,Total renewable energy,OnGrid,2015,18.65
Cent Afr Rep,Total renewable energy,OnGrid,2016,18.65
Cent Afr Rep,Total renewable energy,OnGrid,2017,18.65
Cent Afr Rep,Total renewable energy,OnGrid,2018,18.65
Cent Afr Rep,Total renewable energy,OnGrid,2019,18.65
Cent Afr Rep,Total renewable energy,OnGrid,2020,18.65
Cent Afr Rep,Total renewable energy,OnGrid,2021,18.65
Cent Afr Rep,Total renewable energy,OnGrid,2022,18.65
Cent Afr Rep,Total renewable energy,OnGrid,2023,58.65
Cent Afr Rep,Total renewable energy,OnGrid,2024,58.65
Cent Afr Rep,Total renewable energy,OnGrid,2025,58.65
Cent Afr Rep,Total renewable energy,OffGrid,2000,0.2
Cent Afr Rep,Total renewable energy,OffGrid,2001,0.2
Cent Afr Rep,Total renewable energy,OffGrid,2002,0.2
Cent Afr Rep,Total renewable energy,OffGrid,2003,0.2
Cent Afr Rep,Total renewable energy,OffGrid,2004,0.2
Cent Afr Rep,Total renewable energy,OffGrid,2005,0.2
Cent Afr Rep,Total renewable energy,OffGrid,2006,0.2
Cent Afr Rep,Total renewable energy,OffGrid,2007,0.2
Cent Afr Rep,Total renewable energy,OffGrid,2008,0.2
Cent Afr Rep,Total renewable energy,OffGrid,2009,0.2
Cent Afr Rep,Total renewable energy,OffGrid,2010,0.2
Cent Afr Rep,Total renewable energy,OffGrid,2011,0.2
Cent Afr Rep,Total renewable energy,OffGrid,2012,0.2
Cent Afr Rep,Total renewable energy,OffGrid,2013,0.2
Cent Afr Rep,Total renewable energy,OffGrid,2014,0.3
Cent Afr Rep,Total renewable energy,OffGrid,2015,0.3
Cent Afr Rep,Total renewable energy,OffGrid,2016,0.41
Cent Afr Rep,Total renewable energy,OffGrid,2017,0.47
Cent Afr Rep,Total renewable energy,OffGrid,2018,0.5
Cent Afr Rep,Total renewable energy,OffGrid,2019,0.5
Cent Afr Rep,Total renewable energy,OffGrid,2020,0.54
Cent Afr Rep,Total renewable energy,OffGrid,2021,0.54
Cent Afr Rep,Total renewable energy,OffGrid,2022,0.53
Cent Afr Rep,Total renewable energy,OffGrid,2023,0.64
Cent Afr Rep,Total renewable energy,OffGrid,2024,0.72
Cent Afr Rep,Total renewable energy,OffGrid,2025,0.72
Chad,Total renewable energy,OnGrid,2000,2
Chad,Total renewable energy,OnGrid,2001,2
Chad,Total renewable energy,OnGrid,2002,2
Chad,Total renewable energy,OnGrid,2003,2
Chad,Total renewable energy,OnGrid,2004,2
Chad,Total renewable energy,OnGrid,2005,2
Chad,Total renewable energy,OnGrid,2006,2
Chad,Total renewable energy,OnGrid,2007,2
Chad,Total renewable energy,OnGrid,2008,2
Chad,Total renewable energy,OnGrid,2009,2
Chad,Total renewable energy,OnGrid,2010,2
Chad,Total renewable energy,OnGrid,2011,2
Chad,Total renewable energy,OnGrid,2012,2
Chad,Total renewable energy,OnGrid,2013,2
Chad,Total renewable energy,OnGrid,2014,2
Chad,Total renewable energy,OnGrid,2015,2
Chad,Total renewable energy,OnGrid,2016,2
Chad,Total renewable energy,OnGrid,2017,2
Chad,Total renewable energy,OnGrid,2018,2
Chad,Total renewable energy,OnGrid,2019,2
Chad,Total renewable energy,OnGrid,2020,2.5
Chad,Total renewable energy,OnGrid,2021,2.5
Chad,Total renewable energy,OnGrid,2022,2.5
Chad,Total renewable energy,OnGrid,2023,2.5
Chad,Total renewable energy,OnGrid,2024,2.5
Chad,Total renewable energy,OnGrid,2025,111.8
Chad,Total renewable energy,OffGrid,2000,-
Chad,Total renewable energy,OffGrid,2001,-
Chad,Total renewable energy,OffGrid,2002,-
Chad,Total renewable energy,OffGrid,2003,-
Chad,Total renewable energy,OffGrid,2004,-
Chad,Total renewable energy,OffGrid,2005,-
Chad,Total renewable energy,OffGrid,2006,-
Chad,Total renewable energy,OffGrid,2007,-
Chad,Total renewable energy,OffGrid,2008,-
Chad,Total renewable energy,OffGrid,2009,-
Chad,Total renewable energy,OffGrid,2010,0
Chad,Total renewable energy,OffGrid,2011,0
Chad,Total renewable energy,OffGrid,2012,0
Chad,Total renewable energy,OffGrid,2013,0.05
Chad,Total renewable energy,OffGrid,2014,0.05
Chad,Total renewable energy,OffGrid,2015,0.17
Chad,Total renewable energy,OffGrid,2016,1.28
Chad,Total renewable energy,OffGrid,2017,1.29
Chad,Total renewable energy,OffGrid,2018,1.66
Chad,Total renewable energy,OffGrid,2019,1.66
Chad,Total renewable energy,OffGrid,2020,1.71
Chad,Total renewable energy,OffGrid,2021,2.19
Chad,Total renewable energy,OffGrid,2022,2.24
Chad,Total renewable energy,OffGrid,2023,2.26
Chad,Total renewable energy,OffGrid,2024,2.26
Chad,Total renewable energy,OffGrid,2025,2.26
Chile,Total renewable energy,OnGrid,2000,4452
Chile,Total renewable energy,OnGrid,2001,4451
Chile,Total renewable energy,OnGrid,2002,4479
Chile,Total renewable energy,OnGrid,2003,4490
Chile,Total renewable energy,OnGrid,2004,5246
Chile,Total renewable energy,OnGrid,2005,5262
Chile,Total renewable energy,OnGrid,2006,5268
Chile,Total renewable energy,OnGrid,2007,5420
Chile,Total renewable energy,OnGrid,2008,5534
Chile,Total renewable energy,OnGrid,2009,6105
Chile,Total renewable energy,OnGrid,2010,6160.2
Chile,Total renewable energy,OnGrid,2011,6698.4
Chile,Total renewable energy,OnGrid,2012,7053.4
Chile,Total renewable energy,OnGrid,2013,7677
Chile,Total renewable energy,OnGrid,2014,8328
Chile,Total renewable energy,OnGrid,2015,8451
Chile,Total renewable energy,OnGrid,2016,9298
Chile,Total renewable energy,OnGrid,2017,10206.15
Chile,Total renewable energy,OnGrid,2018,11157.74
Chile,Total renewable energy,OnGrid,2019,11552.12
Chile,Total renewable energy,OnGrid,2020,12891.78
Chile,Total renewable energy,OnGrid,2021,15189.99
Chile,Total renewable energy,OnGrid,2022,18785.66
Chile,Total renewable energy,OnGrid,2023,21285.37
Chile,Total renewable energy,OnGrid,2024,23799.33
Chile,Total renewable energy,OnGrid,2025,26509.83
Chile,Total renewable energy,OffGrid,2000,-
Chile,Total renewable energy,OffGrid,2001,-
Chile,Total renewable energy,OffGrid,2002,-
Chile,Total renewable energy,OffGrid,2003,-
Chile,Total renewable energy,OffGrid,2004,-
Chile,Total renewable energy,OffGrid,2005,-
Chile,Total renewable energy,OffGrid,2006,-
Chile,Total renewable energy,OffGrid,2007,-
Chile,Total renewable energy,OffGrid,2008,0.77
Chile,Total renewable energy,OffGrid,2009,0.77
Chile,Total renewable energy,OffGrid,2010,0.77
Chile,Total renewable energy,OffGrid,2011,0.77
Chile,Total renewable energy,OffGrid,2012,0.8
Chile,Total renewable energy,OffGrid,2013,0.82
Chile,Total renewable energy,OffGrid,2014,0.83
Chile,Total renewable energy,OffGrid,2015,0.84
Chile,Total renewable energy,OffGrid,2016,0.88
Chile,Total renewable energy,OffGrid,2017,1
Chile,Total renewable energy,OffGrid,2018,1.16
Chile,Total renewable energy,OffGrid,2019,1.2
Chile,Total renewable energy,OffGrid,2020,1.97
Chile,Total renewable energy,OffGrid,2021,2.1
Chile,Total renewable energy,OffGrid,2022,2.89
Chile,Total renewable energy,OffGrid,2023,6.46
Chile,Total renewable energy,OffGrid,2024,6.46
Chile,Total renewable energy,OffGrid,2025,-
China,Total renewable energy,OnGrid,2000,75828.52
China,Total renewable energy,OnGrid,2001,79238.52
China,Total renewable energy,OnGrid,2002,83206.53
China,Total renewable energy,OnGrid,2003,92328.6
China,Total renewable energy,OnGrid,2004,102941.8
China,Total renewable energy,OnGrid,2005,114945
China,Total renewable energy,OnGrid,2006,128765
China,Total renewable energy,OnGrid,2007,146611
China,Total renewable energy,OnGrid,2008,174229.75
China,Total renewable energy,OnGrid,2009,205101.7
China,Total renewable energy,OnGrid,2010,233041.16
China,Total renewable energy,OnGrid,2011,267595.41
China,Total renewable energy,OnGrid,2012,301709.7
China,Total renewable energy,OnGrid,2013,359007.49
China,Total renewable energy,OnGrid,2014,414063.57
China,Total renewable energy,OnGrid,2015,478447.88
China,Total renewable energy,OnGrid,2016,540305.19
China,Total renewable energy,OnGrid,2017,620108.52
China,Total renewable energy,OnGrid,2018,694676.23
China,Total renewable energy,OnGrid,2019,758043.07
China,Total renewable energy,OnGrid,2020,895545.5
China,Total renewable energy,OnGrid,2021,1016945.5
China,Total renewable energy,OnGrid,2022,1155180.5
China,Total renewable energy,OnGrid,2023,1452715.5
China,Total renewable energy,OnGrid,2024,1816930.5
China,Total renewable energy,OnGrid,2025,2256950.5
China,Total renewable energy,OffGrid,2000,23
China,Total renewable energy,OffGrid,2001,27.5
China,Total renewable energy,OffGrid,2002,46
China,Total renewable energy,OffGrid,2003,56
China,Total renewable energy,OffGrid,2004,64.8
China,Total renewable energy,OffGrid,2005,71.2
China,Total renewable energy,OffGrid,2006,80.2
China,Total renewable energy,OffGrid,2007,98
China,Total renewable energy,OffGrid,2008,113
China,Total renewable energy,OffGrid,2009,130.8
China,Total renewable energy,OffGrid,2010,215.8
China,Total renewable energy,OffGrid,2011,302.4
China,Total renewable energy,OffGrid,2012,391.33
China,Total renewable energy,OffGrid,2013,508.33
China,Total renewable energy,OffGrid,2014,586.93
China,Total renewable energy,OffGrid,2015,655.53
China,Total renewable energy,OffGrid,2016,710.49
China,Total renewable energy,OffGrid,2017,747.19
China,Total renewable energy,OffGrid,2018,786.95
China,Total renewable energy,OffGrid,2019,826.71
China,Total renewable energy,OffGrid,2020,866.47
China,Total renewable energy,OffGrid,2021,906.23
China,Total renewable energy,OffGrid,2022,945.99
China,Total renewable energy,OffGrid,2023,985.75
China,Total renewable energy,OffGrid,2024,1025.51
China,Total renewable energy,OffGrid,2025,1065.27
China HK SAR,Total renewable energy,OnGrid,2000,-
China HK SAR,Total renewable energy,OnGrid,2001,-
China HK SAR,Total renewable energy,OnGrid,2002,-
China HK SAR,Total renewable energy,OnGrid,2003,-
China HK SAR,Total renewable energy,OnGrid,2004,-
China HK SAR,Total renewable energy,OnGrid,2005,-
China HK SAR,Total renewable energy,OnGrid,2006,-
China HK SAR,Total renewable energy,OnGrid,2007,-
China HK SAR,Total renewable energy,OnGrid,2008,-
China HK SAR,Total renewable energy,OnGrid,2009,-
China HK SAR,Total renewable energy,OnGrid,2010,-
China HK SAR,Total renewable energy,OnGrid,2011,-
China HK SAR,Total renewable energy,OnGrid,2012,-
China HK SAR,Total renewable energy,OnGrid,2013,-
China HK SAR,Total renewable energy,OnGrid,2014,0.5
China HK SAR,Total renewable energy,OnGrid,2015,0.5
China HK SAR,Total renewable energy,OnGrid,2016,0.5
China HK SAR,Total renewable energy,OnGrid,2017,46.92
China HK SAR,Total renewable energy,OnGrid,2018,46.92
China HK SAR,Total renewable energy,OnGrid,2019,142.56
China HK SAR,Total renewable energy,OnGrid,2020,144.56
China HK SAR,Total renewable energy,OnGrid,2021,148.9
China HK SAR,Total renewable energy,OnGrid,2022,244.46
China HK SAR,Total renewable energy,OnGrid,2023,392.76
China HK SAR,Total renewable energy,OnGrid,2024,468.66
China HK SAR,Total renewable energy,OnGrid,2025,484.66
China HK SAR,Total renewable energy,OffGrid,2000,-
China HK SAR,Total renewable energy,OffGrid,2001,-
China HK SAR,Total renewable energy,OffGrid,2002,-
China HK SAR,Total renewable energy,OffGrid,2003,-
China HK SAR,Total renewable energy,OffGrid,2004,-
China HK SAR,Total renewable energy,OffGrid,2005,-
China HK SAR,Total renewable energy,OffGrid,2006,-
China HK SAR,Total renewable energy,OffGrid,2007,-
China HK SAR,Total renewable energy,OffGrid,2008,-
China HK SAR,Total renewable energy,OffGrid,2009,-
China HK SAR,Total renewable energy,OffGrid,2010,-
China HK SAR,Total renewable energy,OffGrid,2011,-
China HK SAR,Total renewable energy,OffGrid,2012,-
China HK SAR,Total renewable energy,OffGrid,2013,-
China HK SAR,Total renewable energy,OffGrid,2014,-
China HK SAR,Total renewable energy,OffGrid,2015,-
China HK SAR,Total renewable energy,OffGrid,2016,-
China HK SAR,Total renewable energy,OffGrid,2017,-
China HK SAR,Total renewable energy,OffGrid,2018,-
China HK SAR,Total renewable energy,OffGrid,2019,-
China HK SAR,Total renewable energy,OffGrid,2020,-
China HK SAR,Total renewable energy,OffGrid,2021,-
China HK SAR,Total renewable energy,OffGrid,2022,-
China HK SAR,Total renewable energy,OffGrid,2023,-
China HK SAR,Total renewable energy,OffGrid,2024,-
China HK SAR,Total renewable energy,OffGrid,2025,-
Chinese Taipei,Total renewable energy,OnGrid,2000,2085.05
Chinese Taipei,Total renewable energy,OnGrid,2001,2180
Chinese Taipei,Total renewable energy,OnGrid,2002,2293.48
Chinese Taipei,Total renewable energy,OnGrid,2003,2272.95
Chinese Taipei,Total renewable energy,OnGrid,2004,2286.75
Chinese Taipei,Total renewable energy,OnGrid,2005,2315.59
Chinese Taipei,Total renewable energy,OnGrid,2006,2406
Chinese Taipei,Total renewable energy,OnGrid,2007,2507.69
Chinese Taipei,Total renewable energy,OnGrid,2008,2591.94
Chinese Taipei,Total renewable energy,OnGrid,2009,2718.77
Chinese Taipei,Total renewable energy,OnGrid,2010,2885.91
Chinese Taipei,Total renewable energy,OnGrid,2011,3086.91
Chinese Taipei,Total renewable energy,OnGrid,2012,3279.44
Chinese Taipei,Total renewable energy,OnGrid,2013,3501.3
Chinese Taipei,Total renewable energy,OnGrid,2014,3750.31
Chinese Taipei,Total renewable energy,OnGrid,2015,4014.79
Chinese Taipei,Total renewable energy,OnGrid,2016,4411
Chinese Taipei,Total renewable energy,OnGrid,2017,4943.94
Chinese Taipei,Total renewable energy,OnGrid,2018,5939.36
Chinese Taipei,Total renewable energy,OnGrid,2019,7482.43
Chinese Taipei,Total renewable energy,OnGrid,2020,9250.03
Chinese Taipei,Total renewable energy,OnGrid,2021,11293.94
Chinese Taipei,Total renewable energy,OnGrid,2022,13815.45
Chinese Taipei,Total renewable energy,OnGrid,2023,17622.04
Chinese Taipei,Total renewable energy,OnGrid,2024,20733.38
Chinese Taipei,Total renewable energy,OnGrid,2025,22539.76
Chinese Taipei,Total renewable energy,OffGrid,2000,-
Chinese Taipei,Total renewable energy,OffGrid,2001,-
Chinese Taipei,Total renewable energy,OffGrid,2002,-
Chinese Taipei,Total renewable energy,OffGrid,2003,-
Chinese Taipei,Total renewable energy,OffGrid,2004,-
Chinese Taipei,Total renewable energy,OffGrid,2005,-
Chinese Taipei,Total renewable energy,OffGrid,2006,-
Chinese Taipei,Total renewable energy,OffGrid,2007,-
Chinese Taipei,Total renewable energy,OffGrid,2008,-
Chinese Taipei,Total renewable energy,OffGrid,2009,-
Chinese Taipei,Total renewable energy,OffGrid,2010,-
Chinese Taipei,Total renewable energy,OffGrid,2011,-
Chinese Taipei,Total renewable energy,OffGrid,2012,-
Chinese Taipei,Total renewable energy,OffGrid,2013,-
Chinese Taipei,Total renewable energy,OffGrid,2014,-
Chinese Taipei,Total renewable energy,OffGrid,2015,-
Chinese Taipei,Total renewable energy,OffGrid,2016,-
Chinese Taipei,Total renewable energy,OffGrid,2017,-
Chinese Taipei,Total renewable energy,OffGrid,2018,-
Chinese Taipei,Total renewable energy,OffGrid,2019,-
Chinese Taipei,Total renewable energy,OffGrid,2020,-
Chinese Taipei,Total renewable energy,OffGrid,2021,-
Chinese Taipei,Total renewable energy,OffGrid,2022,-
Chinese Taipei,Total renewable energy,OffGrid,2023,-
Chinese Taipei,Total renewable energy,OffGrid,2024,-
Chinese Taipei,Total renewable energy,OffGrid,2025,-
Colombia,Total renewable energy,OnGrid,2000,8355
Colombia,Total renewable energy,OnGrid,2001,8762
Colombia,Total renewable energy,OnGrid,2002,9122
Colombia,Total renewable energy,OnGrid,2003,8942
Colombia,Total renewable energy,OnGrid,2004,9026
Colombia,Total renewable energy,OnGrid,2005,9038
Colombia,Total renewable energy,OnGrid,2006,9059
Colombia,Total renewable energy,OnGrid,2007,9103
Colombia,Total renewable energy,OnGrid,2008,9109
Colombia,Total renewable energy,OnGrid,2009,9129
Colombia,Total renewable energy,OnGrid,2010,9448.7
Colombia,Total renewable energy,OnGrid,2011,9916
Colombia,Total renewable energy,OnGrid,2012,9978
Colombia,Total renewable energy,OnGrid,2013,10079.5
Colombia,Total renewable energy,OnGrid,2014,11152.5
Colombia,Total renewable energy,OnGrid,2015,11755.5
Colombia,Total renewable energy,OnGrid,2016,11882.55
Colombia,Total renewable energy,OnGrid,2017,12065.55
Colombia,Total renewable energy,OnGrid,2018,12186.55
Colombia,Total renewable energy,OnGrid,2019,12278.3
Colombia,Total renewable energy,OnGrid,2020,12359.42
Colombia,Total renewable energy,OnGrid,2021,12453.2
Colombia,Total renewable energy,OnGrid,2022,13850.97
Colombia,Total renewable energy,OnGrid,2023,14148.25
Colombia,Total renewable energy,OnGrid,2024,15032.02
Colombia,Total renewable energy,OnGrid,2025,15364.73
Colombia,Total renewable energy,OffGrid,2000,0.6
Colombia,Total renewable energy,OffGrid,2001,0.99
Colombia,Total renewable energy,OffGrid,2002,1.03
Colombia,Total renewable energy,OffGrid,2003,1.07
Colombia,Total renewable energy,OffGrid,2004,1.09
Colombia,Total renewable energy,OffGrid,2005,1.12
Colombia,Total renewable energy,OffGrid,2006,1.16
Colombia,Total renewable energy,OffGrid,2007,1.18
Colombia,Total renewable energy,OffGrid,2008,1.29
Colombia,Total renewable energy,OffGrid,2009,1.31
Colombia,Total renewable energy,OffGrid,2010,1.33
Colombia,Total renewable energy,OffGrid,2011,1.37
Colombia,Total renewable energy,OffGrid,2012,1.38
Colombia,Total renewable energy,OffGrid,2013,1.44
Colombia,Total renewable energy,OffGrid,2014,1.48
Colombia,Total renewable energy,OffGrid,2015,1.84
Colombia,Total renewable energy,OffGrid,2016,1.9
Colombia,Total renewable energy,OffGrid,2017,6.94
Colombia,Total renewable energy,OffGrid,2018,9
Colombia,Total renewable energy,OffGrid,2019,14.1
Colombia,Total renewable energy,OffGrid,2020,21.29
Colombia,Total renewable energy,OffGrid,2021,24.02
Colombia,Total renewable energy,OffGrid,2022,26.36
Colombia,Total renewable energy,OffGrid,2023,29.07
Colombia,Total renewable energy,OffGrid,2024,31.41
Colombia,Total renewable energy,OffGrid,2025,33.75
Comoros,Total renewable energy,OnGrid,2000,-
Comoros,Total renewable energy,OnGrid,2001,-
Comoros,Total renewable energy,OnGrid,2002,0.61
Comoros,Total renewable energy,OnGrid,2003,0.61
Comoros,Total renewable energy,OnGrid,2004,1.45
Comoros,Total renewable energy,OnGrid,2005,1.45
Comoros,Total renewable energy,OnGrid,2006,1.45
Comoros,Total renewable energy,OnGrid,2007,1.45
Comoros,Total renewable energy,OnGrid,2008,1.45
Comoros,Total renewable energy,OnGrid,2009,1.45
Comoros,Total renewable energy,OnGrid,2010,1.45
Comoros,Total renewable energy,OnGrid,2011,1.45
Comoros,Total renewable energy,OnGrid,2012,1.45
Comoros,Total renewable energy,OnGrid,2013,1.45
Comoros,Total renewable energy,OnGrid,2014,1.45
Comoros,Total renewable energy,OnGrid,2015,1.45
Comoros,Total renewable energy,OnGrid,2016,1.45
Comoros,Total renewable energy,OnGrid,2017,1.45
Comoros,Total renewable energy,OnGrid,2018,1.45
Comoros,Total renewable energy,OnGrid,2019,1.45
Comoros,Total renewable energy,OnGrid,2020,1.45
Comoros,Total renewable energy,OnGrid,2021,4.45
Comoros,Total renewable energy,OnGrid,2022,4.45
Comoros,Total renewable energy,OnGrid,2023,4.45
Comoros,Total renewable energy,OnGrid,2024,4.45
Comoros,Total renewable energy,OnGrid,2025,10.75
Comoros,Total renewable energy,OffGrid,2000,-
Comoros,Total renewable energy,OffGrid,2001,-
Comoros,Total renewable energy,OffGrid,2002,-
Comoros,Total renewable energy,OffGrid,2003,-
Comoros,Total renewable energy,OffGrid,2004,-
Comoros,Total renewable energy,OffGrid,2005,-
Comoros,Total renewable energy,OffGrid,2006,-
Comoros,Total renewable energy,OffGrid,2007,-
Comoros,Total renewable energy,OffGrid,2008,-
Comoros,Total renewable energy,OffGrid,2009,-
Comoros,Total renewable energy,OffGrid,2010,-
Comoros,Total renewable energy,OffGrid,2011,-
Comoros,Total renewable energy,OffGrid,2012,-
Comoros,Total renewable energy,OffGrid,2013,-
Comoros,Total renewable energy,OffGrid,2014,-
Comoros,Total renewable energy,OffGrid,2015,-
Comoros,Total renewable energy,OffGrid,2016,0.81
Comoros,Total renewable energy,OffGrid,2017,1.15
Comoros,Total renewable energy,OffGrid,2018,1.15
Comoros,Total renewable energy,OffGrid,2019,1.17
Comoros,Total renewable energy,OffGrid,2020,1.15
Comoros,Total renewable energy,OffGrid,2021,0.36
Comoros,Total renewable energy,OffGrid,2022,0.03
Comoros,Total renewable energy,OffGrid,2023,0.07
Comoros,Total renewable energy,OffGrid,2024,0.07
Comoros,Total renewable energy,OffGrid,2025,0.07
Congo DR,Total renewable energy,OnGrid,2000,2398
Congo DR,Total renewable energy,OnGrid,2001,2413
Congo DR,Total renewable energy,OnGrid,2002,2413
Congo DR,Total renewable energy,OnGrid,2003,2418
Congo DR,Total renewable energy,OnGrid,2004,2418
Congo DR,Total renewable energy,OnGrid,2005,2418
Congo DR,Total renewable energy,OnGrid,2006,2418
Congo DR,Total renewable energy,OnGrid,2007,2418
Congo DR,Total renewable energy,OnGrid,2008,2417
Congo DR,Total renewable energy,OnGrid,2009,2417
Congo DR,Total renewable energy,OnGrid,2010,2417
Congo DR,Total renewable energy,OnGrid,2011,2417
Congo DR,Total renewable energy,OnGrid,2012,2417
Congo DR,Total renewable energy,OnGrid,2013,2417
Congo DR,Total renewable energy,OnGrid,2014,2417
Congo DR,Total renewable energy,OnGrid,2015,2417
Congo DR,Total renewable energy,OnGrid,2016,2429
Congo DR,Total renewable energy,OnGrid,2017,2429
Congo DR,Total renewable energy,OnGrid,2018,2577
Congo DR,Total renewable energy,OnGrid,2019,2577
Congo DR,Total renewable energy,OnGrid,2020,2578.3
Congo DR,Total renewable energy,OnGrid,2021,2578.64
Congo DR,Total renewable energy,OnGrid,2022,2905.25
Congo DR,Total renewable energy,OnGrid,2023,3161.36
Congo DR,Total renewable energy,OnGrid,2024,3225.1
Congo DR,Total renewable energy,OnGrid,2025,3225.1
Congo DR,Total renewable energy,OffGrid,2000,0.16
Congo DR,Total renewable energy,OffGrid,2001,0.16
Congo DR,Total renewable energy,OffGrid,2002,0.16
Congo DR,Total renewable energy,OffGrid,2003,0.16
Congo DR,Total renewable energy,OffGrid,2004,0.16
Congo DR,Total renewable energy,OffGrid,2005,0.16
Congo DR,Total renewable energy,OffGrid,2006,0.16
Congo DR,Total renewable energy,OffGrid,2007,0.16
Congo DR,Total renewable energy,OffGrid,2008,0.16
Congo DR,Total renewable energy,OffGrid,2009,0.16
Congo DR,Total renewable energy,OffGrid,2010,0.16
Congo DR,Total renewable energy,OffGrid,2011,0.18
Congo DR,Total renewable energy,OffGrid,2012,0.25
Congo DR,Total renewable energy,OffGrid,2013,0.55
Congo DR,Total renewable energy,OffGrid,2014,1.42
Congo DR,Total renewable energy,OffGrid,2015,1.52
Congo DR,Total renewable energy,OffGrid,2016,4.77
Congo DR,Total renewable energy,OffGrid,2017,18.63
Congo DR,Total renewable energy,OffGrid,2018,32.09
Congo DR,Total renewable energy,OffGrid,2019,43.24
Congo DR,Total renewable energy,OffGrid,2020,46.75
Congo DR,Total renewable energy,OffGrid,2021,49.73
Congo DR,Total renewable energy,OffGrid,2022,52.53
Congo DR,Total renewable energy,OffGrid,2023,53.73
Congo DR,Total renewable energy,OffGrid,2024,53.73
Congo DR,Total renewable energy,OffGrid,2025,53.73
Congo Rep,Total renewable energy,OnGrid,2000,86.2
Congo Rep,Total renewable energy,OnGrid,2001,86.2
Congo Rep,Total renewable energy,OnGrid,2002,86.2
Congo Rep,Total renewable energy,OnGrid,2003,86.2
Congo Rep,Total renewable energy,OnGrid,2004,86.2
Congo Rep,Total renewable energy,OnGrid,2005,86.2
Congo Rep,Total renewable energy,OnGrid,2006,86.2
Congo Rep,Total renewable energy,OnGrid,2007,86.2
Congo Rep,Total renewable energy,OnGrid,2008,86.2
Congo Rep,Total renewable energy,OnGrid,2009,86.2
Congo Rep,Total renewable energy,OnGrid,2010,86.2
Congo Rep,Total renewable energy,OnGrid,2011,86.2
Congo Rep,Total renewable energy,OnGrid,2012,206.2
Congo Rep,Total renewable energy,OnGrid,2013,206.2
Congo Rep,Total renewable energy,OnGrid,2014,206.2
Congo Rep,Total renewable energy,OnGrid,2015,206.2
Congo Rep,Total renewable energy,OnGrid,2016,212.7
Congo Rep,Total renewable energy,OnGrid,2017,226.1
Congo Rep,Total renewable energy,OnGrid,2018,226.1
Congo Rep,Total renewable energy,OnGrid,2019,226.1
Congo Rep,Total renewable energy,OnGrid,2020,226.1
Congo Rep,Total renewable energy,OnGrid,2021,226.1
Congo Rep,Total renewable energy,OnGrid,2022,226.1
Congo Rep,Total renewable energy,OnGrid,2023,226.1
Congo Rep,Total renewable energy,OnGrid,2024,226.1
Congo Rep,Total renewable energy,OnGrid,2025,226.1
Congo Rep,Total renewable energy,OffGrid,2000,-
Congo Rep,Total renewable energy,OffGrid,2001,-
Congo Rep,Total renewable energy,OffGrid,2002,-
Congo Rep,Total renewable energy,OffGrid,2003,-
Congo Rep,Total renewable energy,OffGrid,2004,-
Congo Rep,Total renewable energy,OffGrid,2005,-
Congo Rep,Total renewable energy,OffGrid,2006,-
Congo Rep,Total renewable energy,OffGrid,2007,-
Congo Rep,Total renewable energy,OffGrid,2008,-
Congo Rep,Total renewable energy,OffGrid,2009,-
Congo Rep,Total renewable energy,OffGrid,2010,-
Congo Rep,Total renewable energy,OffGrid,2011,-
Congo Rep,Total renewable energy,OffGrid,2012,-
Congo Rep,Total renewable energy,OffGrid,2013,0
Congo Rep,Total renewable energy,OffGrid,2014,0.02
Congo Rep,Total renewable energy,OffGrid,2015,0.02
Congo Rep,Total renewable energy,OffGrid,2016,0.03
Congo Rep,Total renewable energy,OffGrid,2017,0.06
Congo Rep,Total renewable energy,OffGrid,2018,0.06
Congo Rep,Total renewable energy,OffGrid,2019,0.06
Congo Rep,Total renewable energy,OffGrid,2020,0.52
Congo Rep,Total renewable energy,OffGrid,2021,0.56
Congo Rep,Total renewable energy,OffGrid,2022,0.64
Congo Rep,Total renewable energy,OffGrid,2023,0.73
Congo Rep,Total renewable energy,OffGrid,2024,0.79
Congo Rep,Total renewable energy,OffGrid,2025,0.79
Cook Is,Total renewable energy,OnGrid,2000,0.01
Cook Is,Total renewable energy,OnGrid,2001,0.01
Cook Is,Total renewable energy,OnGrid,2002,0.01
Cook Is,Total renewable energy,OnGrid,2003,0.05
Cook Is,Total renewable energy,OnGrid,2004,0.05
Cook Is,Total renewable energy,OnGrid,2005,0.05
Cook Is,Total renewable energy,OnGrid,2006,0.05
Cook Is,Total renewable energy,OnGrid,2007,0.05
Cook Is,Total renewable energy,OnGrid,2008,0.01
Cook Is,Total renewable energy,OnGrid,2009,0.01
Cook Is,Total renewable energy,OnGrid,2010,0.01
Cook Is,Total renewable energy,OnGrid,2011,0.01
Cook Is,Total renewable energy,OnGrid,2012,0.01
Cook Is,Total renewable energy,OnGrid,2013,0.66
Cook Is,Total renewable energy,OnGrid,2014,1.62
Cook Is,Total renewable energy,OnGrid,2015,2.85
Cook Is,Total renewable energy,OnGrid,2016,2.96
Cook Is,Total renewable energy,OnGrid,2017,2.96
Cook Is,Total renewable energy,OnGrid,2018,2.96
Cook Is,Total renewable energy,OnGrid,2019,2.96
Cook Is,Total renewable energy,OnGrid,2020,2.96
Cook Is,Total renewable energy,OnGrid,2021,2.96
Cook Is,Total renewable energy,OnGrid,2022,2.96
Cook Is,Total renewable energy,OnGrid,2023,2.96
Cook Is,Total renewable energy,OnGrid,2024,2.96
Cook Is,Total renewable energy,OnGrid,2025,2.96
Cook Is,Total renewable energy,OffGrid,2000,0.05
Cook Is,Total renewable energy,OffGrid,2001,0.05
Cook Is,Total renewable energy,OffGrid,2002,0.05
Cook Is,Total renewable energy,OffGrid,2003,0.05
Cook Is,Total renewable energy,OffGrid,2004,0.05
Cook Is,Total renewable energy,OffGrid,2005,0.05
Cook Is,Total renewable energy,OffGrid,2006,0.05
Cook Is,Total renewable energy,OffGrid,2007,0.05
Cook Is,Total renewable energy,OffGrid,2008,0.05
Cook Is,Total renewable energy,OffGrid,2009,0.05
Cook Is,Total renewable energy,OffGrid,2010,0.05
Cook Is,Total renewable energy,OffGrid,2011,0.05
Cook Is,Total renewable energy,OffGrid,2012,0.05
Cook Is,Total renewable energy,OffGrid,2013,0.05
Cook Is,Total renewable energy,OffGrid,2014,0.05
Cook Is,Total renewable energy,OffGrid,2015,0.05
Cook Is,Total renewable energy,OffGrid,2016,0.05
Cook Is,Total renewable energy,OffGrid,2017,0.05
Cook Is,Total renewable energy,OffGrid,2018,1.87
Cook Is,Total renewable energy,OffGrid,2019,2.61
Cook Is,Total renewable energy,OffGrid,2020,2.61
Cook Is,Total renewable energy,OffGrid,2021,2.61
Cook Is,Total renewable energy,OffGrid,2022,2.61
Cook Is,Total renewable energy,OffGrid,2023,2.61
Cook Is,Total renewable energy,OffGrid,2024,2.61
Cook Is,Total renewable energy,OffGrid,2025,2.61
Costa Rica,Total renewable energy,OnGrid,2000,1424.63
Costa Rica,Total renewable energy,OnGrid,2001,1444.43
Costa Rica,Total renewable energy,OnGrid,2002,1489.94
Costa Rica,Total renewable energy,OnGrid,2003,1543.39
Costa Rica,Total renewable energy,OnGrid,2004,1561.89
Costa Rica,Total renewable energy,OnGrid,2005,1565.6
Costa Rica,Total renewable energy,OnGrid,2006,1673.47
Costa Rica,Total renewable energy,OnGrid,2007,1759.78
Costa Rica,Total renewable energy,OnGrid,2008,1783.65
Costa Rica,Total renewable energy,OnGrid,2009,1839.79
Costa Rica,Total renewable energy,OnGrid,2010,1882.82
Costa Rica,Total renewable energy,OnGrid,2011,2039.13
Costa Rica,Total renewable energy,OnGrid,2012,2112.78
Costa Rica,Total renewable energy,OnGrid,2013,2140.79
Costa Rica,Total renewable energy,OnGrid,2014,2297.3
Costa Rica,Total renewable energy,OnGrid,2015,2488.62
Costa Rica,Total renewable energy,OnGrid,2016,2916.52
Costa Rica,Total renewable energy,OnGrid,2017,2980.66
Costa Rica,Total renewable energy,OnGrid,2018,3080.57
Costa Rica,Total renewable energy,OnGrid,2019,3143.38
Costa Rica,Total renewable energy,OnGrid,2020,3122.76
Costa Rica,Total renewable energy,OnGrid,2021,3181.28
Costa Rica,Total renewable energy,OnGrid,2022,3136.76
Costa Rica,Total renewable energy,OnGrid,2023,3195.53
Costa Rica,Total renewable energy,OnGrid,2024,3170.83
Costa Rica,Total renewable energy,OnGrid,2025,3204.06
Costa Rica,Total renewable energy,OffGrid,2000,-
Costa Rica,Total renewable energy,OffGrid,2001,-
Costa Rica,Total renewable energy,OffGrid,2002,-
Costa Rica,Total renewable energy,OffGrid,2003,-
Costa Rica,Total renewable energy,OffGrid,2004,-
Costa Rica,Total renewable energy,OffGrid,2005,-
Costa Rica,Total renewable energy,OffGrid,2006,-
Costa Rica,Total renewable energy,OffGrid,2007,-
Costa Rica,Total renewable energy,OffGrid,2008,-
Costa Rica,Total renewable energy,OffGrid,2009,-
Costa Rica,Total renewable energy,OffGrid,2010,-
Costa Rica,Total renewable energy,OffGrid,2011,-
Costa Rica,Total renewable energy,OffGrid,2012,0
Costa Rica,Total renewable energy,OffGrid,2013,0.38
Costa Rica,Total renewable energy,OffGrid,2014,0.38
Costa Rica,Total renewable energy,OffGrid,2015,0.38
Costa Rica,Total renewable energy,OffGrid,2016,0.59
Costa Rica,Total renewable energy,OffGrid,2017,0.62
Costa Rica,Total renewable energy,OffGrid,2018,0.4
Costa Rica,Total renewable energy,OffGrid,2019,0.4
Costa Rica,Total renewable energy,OffGrid,2020,0.61
Costa Rica,Total renewable energy,OffGrid,2021,0.49
Costa Rica,Total renewable energy,OffGrid,2022,0.49
Costa Rica,Total renewable energy,OffGrid,2023,0.45
Costa Rica,Total renewable energy,OffGrid,2024,0.45
Costa Rica,Total renewable energy,OffGrid,2025,0.45
Cote d Ivoire,Total renewable energy,OnGrid,2000,604
Cote d Ivoire,Total renewable energy,OnGrid,2001,604
Cote d Ivoire,Total renewable energy,OnGrid,2002,604
Cote d Ivoire,Total renewable energy,OnGrid,2003,604
Cote d Ivoire,Total renewable energy,OnGrid,2004,604
Cote d Ivoire,Total renewable energy,OnGrid,2005,604
Cote d Ivoire,Total renewable energy,OnGrid,2006,604
Cote d Ivoire,Total renewable energy,OnGrid,2007,604
Cote d Ivoire,Total renewable energy,OnGrid,2008,604
Cote d Ivoire,Total renewable energy,OnGrid,2009,604
Cote d Ivoire,Total renewable energy,OnGrid,2010,604
Cote d Ivoire,Total renewable energy,OnGrid,2011,604
Cote d Ivoire,Total renewable energy,OnGrid,2012,604
Cote d Ivoire,Total renewable energy,OnGrid,2013,604
Cote d Ivoire,Total renewable energy,OnGrid,2014,604
Cote d Ivoire,Total renewable energy,OnGrid,2015,604
Cote d Ivoire,Total renewable energy,OnGrid,2016,604
Cote d Ivoire,Total renewable energy,OnGrid,2017,879
Cote d Ivoire,Total renewable energy,OnGrid,2018,879
Cote d Ivoire,Total renewable energy,OnGrid,2019,879
Cote d Ivoire,Total renewable energy,OnGrid,2020,879
Cote d Ivoire,Total renewable energy,OnGrid,2021,879
Cote d Ivoire,Total renewable energy,OnGrid,2022,879
Cote d Ivoire,Total renewable energy,OnGrid,2023,909
Cote d Ivoire,Total renewable energy,OnGrid,2024,1020
Cote d Ivoire,Total renewable energy,OnGrid,2025,1020
Cote d Ivoire,Total renewable energy,OffGrid,2000,-
Cote d Ivoire,Total renewable energy,OffGrid,2001,-
Cote d Ivoire,Total renewable energy,OffGrid,2002,-
Cote d Ivoire,Total renewable energy,OffGrid,2003,-
Cote d Ivoire,Total renewable energy,OffGrid,2004,-
Cote d Ivoire,Total renewable energy,OffGrid,2005,-
Cote d Ivoire,Total renewable energy,OffGrid,2006,-
Cote d Ivoire,Total renewable energy,OffGrid,2007,-
Cote d Ivoire,Total renewable energy,OffGrid,2008,-
Cote d Ivoire,Total renewable energy,OffGrid,2009,-
Cote d Ivoire,Total renewable energy,OffGrid,2010,-
Cote d Ivoire,Total renewable energy,OffGrid,2011,-
Cote d Ivoire,Total renewable energy,OffGrid,2012,-
Cote d Ivoire,Total renewable energy,OffGrid,2013,0.01
Cote d Ivoire,Total renewable energy,OffGrid,2014,0.01
Cote d Ivoire,Total renewable energy,OffGrid,2015,0.28
Cote d Ivoire,Total renewable energy,OffGrid,2016,0.45
Cote d Ivoire,Total renewable energy,OffGrid,2017,1.01
Cote d Ivoire,Total renewable energy,OffGrid,2018,2.1
Cote d Ivoire,Total renewable energy,OffGrid,2019,4.21
Cote d Ivoire,Total renewable energy,OffGrid,2020,6.4
Cote d Ivoire,Total renewable energy,OffGrid,2021,7.76
Cote d Ivoire,Total renewable energy,OffGrid,2022,9.01
Cote d Ivoire,Total renewable energy,OffGrid,2023,9.08
Cote d Ivoire,Total renewable energy,OffGrid,2024,9.08
Cote d Ivoire,Total renewable energy,OffGrid,2025,9.08
Croatia,Total renewable energy,OnGrid,2000,2070
Croatia,Total renewable energy,OnGrid,2001,2070
Croatia,Total renewable energy,OnGrid,2002,2057
Croatia,Total renewable energy,OnGrid,2003,2067
Croatia,Total renewable energy,OnGrid,2004,2080
Croatia,Total renewable energy,OnGrid,2005,2076
Croatia,Total renewable energy,OnGrid,2006,2087
Croatia,Total renewable energy,OnGrid,2007,2085
Croatia,Total renewable energy,OnGrid,2008,2087.5
Croatia,Total renewable energy,OnGrid,2009,2157.8
Croatia,Total renewable energy,OnGrid,2010,2217.8
Croatia,Total renewable energy,OnGrid,2011,2273.8
Croatia,Total renewable energy,OnGrid,2012,2331.5
Croatia,Total renewable energy,OnGrid,2013,2474.5
Croatia,Total renewable energy,OnGrid,2014,2576.6
Croatia,Total renewable energy,OnGrid,2015,2713.4
Croatia,Total renewable energy,OnGrid,2016,2793.4
Croatia,Total renewable energy,OnGrid,2017,2915.7
Croatia,Total renewable energy,OnGrid,2018,2978.9
Croatia,Total renewable energy,OnGrid,2019,3068.2
Croatia,Total renewable energy,OnGrid,2020,3254.6
Croatia,Total renewable energy,OnGrid,2021,3490.1
Croatia,Total renewable energy,OnGrid,2022,3585.1
Croatia,Total renewable energy,OnGrid,2023,3973.27
Croatia,Total renewable energy,OnGrid,2024,4562.3
Croatia,Total renewable energy,OnGrid,2025,5051.3
Croatia,Total renewable energy,OffGrid,2000,-
Croatia,Total renewable energy,OffGrid,2001,-
Croatia,Total renewable energy,OffGrid,2002,-
Croatia,Total renewable energy,OffGrid,2003,-
Croatia,Total renewable energy,OffGrid,2004,-
Croatia,Total renewable energy,OffGrid,2005,-
Croatia,Total renewable energy,OffGrid,2006,-
Croatia,Total renewable energy,OffGrid,2007,-
Croatia,Total renewable energy,OffGrid,2008,-
Croatia,Total renewable energy,OffGrid,2009,-
Croatia,Total renewable energy,OffGrid,2010,-
Croatia,Total renewable energy,OffGrid,2011,-
Croatia,Total renewable energy,OffGrid,2012,-
Croatia,Total renewable energy,OffGrid,2013,-
Croatia,Total renewable energy,OffGrid,2014,-
Croatia,Total renewable energy,OffGrid,2015,-
Croatia,Total renewable energy,OffGrid,2016,-
Croatia,Total renewable energy,OffGrid,2017,-
Croatia,Total renewable energy,OffGrid,2018,-
Croatia,Total renewable energy,OffGrid,2019,-
Croatia,Total renewable energy,OffGrid,2020,-
Croatia,Total renewable energy,OffGrid,2021,-
Croatia,Total renewable energy,OffGrid,2022,-
Croatia,Total renewable energy,OffGrid,2023,-
Croatia,Total renewable energy,OffGrid,2024,-
Croatia,Total renewable energy,OffGrid,2025,-
Cuba,Total renewable energy,OnGrid,2000,817.8
Cuba,Total renewable energy,OnGrid,2001,872.3
Cuba,Total renewable energy,OnGrid,2002,539.8
Cuba,Total renewable energy,OnGrid,2003,630.2
Cuba,Total renewable energy,OnGrid,2004,428.8
Cuba,Total renewable energy,OnGrid,2005,639.6
Cuba,Total renewable energy,OnGrid,2006,408
Cuba,Total renewable energy,OnGrid,2007,503.35
Cuba,Total renewable energy,OnGrid,2008,527.65
Cuba,Total renewable energy,OnGrid,2009,525.45
Cuba,Total renewable energy,OnGrid,2010,536.55
Cuba,Total renewable energy,OnGrid,2011,534.45
Cuba,Total renewable energy,OnGrid,2012,507.65
Cuba,Total renewable energy,OnGrid,2013,464.1
Cuba,Total renewable energy,OnGrid,2014,494.56
Cuba,Total renewable energy,OnGrid,2015,536.66
Cuba,Total renewable energy,OnGrid,2016,517.86
Cuba,Total renewable energy,OnGrid,2017,593.36
Cuba,Total renewable energy,OnGrid,2018,667.36
Cuba,Total renewable energy,OnGrid,2019,593.46
Cuba,Total renewable energy,OnGrid,2020,762.46
Cuba,Total renewable energy,OnGrid,2021,800.21
Cuba,Total renewable energy,OnGrid,2022,779.35
Cuba,Total renewable energy,OnGrid,2023,791.85
Cuba,Total renewable energy,OnGrid,2024,903.9
Cuba,Total renewable energy,OnGrid,2025,1078.9
Cuba,Total renewable energy,OffGrid,2000,0.35
Cuba,Total renewable energy,OffGrid,2001,0.35
Cuba,Total renewable energy,OffGrid,2002,0.35
Cuba,Total renewable energy,OffGrid,2003,0.35
Cuba,Total renewable energy,OffGrid,2004,0.35
Cuba,Total renewable energy,OffGrid,2005,0.35
Cuba,Total renewable energy,OffGrid,2006,0.35
Cuba,Total renewable energy,OffGrid,2007,0.35
Cuba,Total renewable energy,OffGrid,2008,0.35
Cuba,Total renewable energy,OffGrid,2009,0.35
Cuba,Total renewable energy,OffGrid,2010,0.35
Cuba,Total renewable energy,OffGrid,2011,0.35
Cuba,Total renewable energy,OffGrid,2012,0.35
Cuba,Total renewable energy,OffGrid,2013,3.71
Cuba,Total renewable energy,OffGrid,2014,3.73
Cuba,Total renewable energy,OffGrid,2015,4.23
Cuba,Total renewable energy,OffGrid,2016,4.25
Cuba,Total renewable energy,OffGrid,2017,4.73
Cuba,Total renewable energy,OffGrid,2018,4.74
Cuba,Total renewable energy,OffGrid,2019,12.55
Cuba,Total renewable energy,OffGrid,2020,12.54
Cuba,Total renewable energy,OffGrid,2021,12.52
Cuba,Total renewable energy,OffGrid,2022,12.04
Cuba,Total renewable energy,OffGrid,2023,12.03
Cuba,Total renewable energy,OffGrid,2024,12.03
Cuba,Total renewable energy,OffGrid,2025,12.03
Curacao,Total renewable energy,OnGrid,2000,12.02
Curacao,Total renewable energy,OnGrid,2001,12.02
Curacao,Total renewable energy,OnGrid,2002,12.02
Curacao,Total renewable energy,OnGrid,2003,12.02
Curacao,Total renewable energy,OnGrid,2004,12.02
Curacao,Total renewable energy,OnGrid,2005,12.02
Curacao,Total renewable energy,OnGrid,2006,12.02
Curacao,Total renewable energy,OnGrid,2007,12.02
Curacao,Total renewable energy,OnGrid,2008,12.02
Curacao,Total renewable energy,OnGrid,2009,12.02
Curacao,Total renewable energy,OnGrid,2010,12.02
Curacao,Total renewable energy,OnGrid,2011,12.02
Curacao,Total renewable energy,OnGrid,2012,30.12
Curacao,Total renewable energy,OnGrid,2013,33.12
Curacao,Total renewable energy,OnGrid,2014,37.72
Curacao,Total renewable energy,OnGrid,2015,40.12
Curacao,Total renewable energy,OnGrid,2016,41.12
Curacao,Total renewable energy,OnGrid,2017,58.37
Curacao,Total renewable energy,OnGrid,2018,59.17
Curacao,Total renewable energy,OnGrid,2019,59.17
Curacao,Total renewable energy,OnGrid,2020,60.47
Curacao,Total renewable energy,OnGrid,2021,60.47
Curacao,Total renewable energy,OnGrid,2022,60.47
Curacao,Total renewable energy,OnGrid,2023,60.61
Curacao,Total renewable energy,OnGrid,2024,84.11
Curacao,Total renewable energy,OnGrid,2025,84.11
Curacao,Total renewable energy,OffGrid,2000,0
Curacao,Total renewable energy,OffGrid,2001,0
Curacao,Total renewable energy,OffGrid,2002,0
Curacao,Total renewable energy,OffGrid,2003,0
Curacao,Total renewable energy,OffGrid,2004,0
Curacao,Total renewable energy,OffGrid,2005,0
Curacao,Total renewable energy,OffGrid,2006,0
Curacao,Total renewable energy,OffGrid,2007,0
Curacao,Total renewable energy,OffGrid,2008,0
Curacao,Total renewable energy,OffGrid,2009,0
Curacao,Total renewable energy,OffGrid,2010,0
Curacao,Total renewable energy,OffGrid,2011,0
Curacao,Total renewable energy,OffGrid,2012,0
Curacao,Total renewable energy,OffGrid,2013,0
Curacao,Total renewable energy,OffGrid,2014,0
Curacao,Total renewable energy,OffGrid,2015,0
Curacao,Total renewable energy,OffGrid,2016,0
Curacao,Total renewable energy,OffGrid,2017,0
Curacao,Total renewable energy,OffGrid,2018,0
Curacao,Total renewable energy,OffGrid,2019,0
Curacao,Total renewable energy,OffGrid,2020,0
Curacao,Total renewable energy,OffGrid,2021,0
Curacao,Total renewable energy,OffGrid,2022,0
Curacao,Total renewable energy,OffGrid,2023,0
Curacao,Total renewable energy,OffGrid,2024,0
Curacao,Total renewable energy,OffGrid,2025,0
Cyprus,Total renewable energy,OnGrid,2000,-
Cyprus,Total renewable energy,OnGrid,2001,-
Cyprus,Total renewable energy,OnGrid,2002,-
Cyprus,Total renewable energy,OnGrid,2003,-
Cyprus,Total renewable energy,OnGrid,2004,1.23
Cyprus,Total renewable energy,OnGrid,2005,1.23
Cyprus,Total renewable energy,OnGrid,2006,1.23
Cyprus,Total renewable energy,OnGrid,2007,2.23
Cyprus,Total renewable energy,OnGrid,2008,9.23
Cyprus,Total renewable energy,OnGrid,2009,12.23
Cyprus,Total renewable energy,OnGrid,2010,97.23
Cyprus,Total renewable energy,OnGrid,2011,153.23
Cyprus,Total renewable energy,OnGrid,2012,173.23
Cyprus,Total renewable energy,OnGrid,2013,192.23
Cyprus,Total renewable energy,OnGrid,2014,221.23
Cyprus,Total renewable energy,OnGrid,2015,243.73
Cyprus,Total renewable energy,OnGrid,2016,251.73
Cyprus,Total renewable energy,OnGrid,2017,277.52
Cyprus,Total renewable energy,OnGrid,2018,288.92
Cyprus,Total renewable energy,OnGrid,2019,321.7
Cyprus,Total renewable energy,OnGrid,2020,399.58
Cyprus,Total renewable energy,OnGrid,2021,485.18
Cyprus,Total renewable energy,OnGrid,2022,595.24
Cyprus,Total renewable energy,OnGrid,2023,751.86
Cyprus,Total renewable energy,OnGrid,2024,919.9
Cyprus,Total renewable energy,OnGrid,2025,1041.6
Cyprus,Total renewable energy,OffGrid,2000,-
Cyprus,Total renewable energy,OffGrid,2001,-
Cyprus,Total renewable energy,OffGrid,2002,-
Cyprus,Total renewable energy,OffGrid,2003,-
Cyprus,Total renewable energy,OffGrid,2004,-
Cyprus,Total renewable energy,OffGrid,2005,-
Cyprus,Total renewable energy,OffGrid,2006,-
Cyprus,Total renewable energy,OffGrid,2007,-
Cyprus,Total renewable energy,OffGrid,2008,-
Cyprus,Total renewable energy,OffGrid,2009,-
Cyprus,Total renewable energy,OffGrid,2010,-
Cyprus,Total renewable energy,OffGrid,2011,-
Cyprus,Total renewable energy,OffGrid,2012,-
Cyprus,Total renewable energy,OffGrid,2013,-
Cyprus,Total renewable energy,OffGrid,2014,-
Cyprus,Total renewable energy,OffGrid,2015,-
Cyprus,Total renewable energy,OffGrid,2016,-
Cyprus,Total renewable energy,OffGrid,2017,-
Cyprus,Total renewable energy,OffGrid,2018,-
Cyprus,Total renewable energy,OffGrid,2019,-
Cyprus,Total renewable energy,OffGrid,2020,-
Cyprus,Total renewable energy,OffGrid,2021,-
Cyprus,Total renewable energy,OffGrid,2022,-
Cyprus,Total renewable energy,OffGrid,2023,-
Cyprus,Total renewable energy,OffGrid,2024,-
Cyprus,Total renewable energy,OffGrid,2025,-
Czechia,Total renewable energy,OnGrid,2000,1048.56
Czechia,Total renewable energy,OnGrid,2001,1094.61
Czechia,Total renewable energy,OnGrid,2002,1101.04
Czechia,Total renewable energy,OnGrid,2003,1109.39
Czechia,Total renewable energy,OnGrid,2004,1161.41
Czechia,Total renewable energy,OnGrid,2005,1182.09
Czechia,Total renewable energy,OnGrid,2006,1237.84
Czechia,Total renewable energy,OnGrid,2007,1369.26
Czechia,Total renewable energy,OnGrid,2008,1504
Czechia,Total renewable energy,OnGrid,2009,2046.1
Czechia,Total renewable energy,OnGrid,2010,3399.5
Czechia,Total renewable energy,OnGrid,2011,3676.85
Czechia,Total renewable energy,OnGrid,2012,3989.66
Czechia,Total renewable energy,OnGrid,2013,4084.45
Czechia,Total renewable energy,OnGrid,2014,4158.96
Czechia,Total renewable energy,OnGrid,2015,4202.54
Czechia,Total renewable energy,OnGrid,2016,4199.91
Czechia,Total renewable energy,OnGrid,2017,4264.35
Czechia,Total renewable energy,OnGrid,2018,4257.32
Czechia,Total renewable energy,OnGrid,2019,4348.95
Czechia,Total renewable energy,OnGrid,2020,4403.24
Czechia,Total renewable energy,OnGrid,2021,4482.46
Czechia,Total renewable energy,OnGrid,2022,4717.12
Czechia,Total renewable energy,OnGrid,2023,5519.93
Czechia,Total renewable energy,OnGrid,2024,6318.64
Czechia,Total renewable energy,OnGrid,2025,6880.24
Czechia,Total renewable energy,OffGrid,2000,-
Czechia,Total renewable energy,OffGrid,2001,-
Czechia,Total renewable energy,OffGrid,2002,-
Czechia,Total renewable energy,OffGrid,2003,-
Czechia,Total renewable energy,OffGrid,2004,-
Czechia,Total renewable energy,OffGrid,2005,-
Czechia,Total renewable energy,OffGrid,2006,-
Czechia,Total renewable energy,OffGrid,2007,-
Czechia,Total renewable energy,OffGrid,2008,-
Czechia,Total renewable energy,OffGrid,2009,-
Czechia,Total renewable energy,OffGrid,2010,-
Czechia,Total renewable energy,OffGrid,2011,-
Czechia,Total renewable energy,OffGrid,2012,-
Czechia,Total renewable energy,OffGrid,2013,-
Czechia,Total renewable energy,OffGrid,2014,-
Czechia,Total renewable energy,OffGrid,2015,-
Czechia,Total renewable energy,OffGrid,2016,-
Czechia,Total renewable energy,OffGrid,2017,-
Czechia,Total renewable energy,OffGrid,2018,-
Czechia,Total renewable energy,OffGrid,2019,-
Czechia,Total renewable energy,OffGrid,2020,-
Czechia,Total renewable energy,OffGrid,2021,-
Czechia,Total renewable energy,OffGrid,2022,-
Czechia,Total renewable energy,OffGrid,2023,-
Czechia,Total renewable energy,OffGrid,2024,-
Czechia,Total renewable energy,OffGrid,2025,-
Denmark,Total renewable energy,OnGrid,2000,2643.02
Denmark,Total renewable energy,OnGrid,2001,2809.65
Denmark,Total renewable energy,OnGrid,2002,3310.53
Denmark,Total renewable energy,OnGrid,2003,3644.42
Denmark,Total renewable energy,OnGrid,2004,3829.71
Denmark,Total renewable energy,OnGrid,2005,3943.84
Denmark,Total renewable energy,OnGrid,2006,3813.2
Denmark,Total renewable energy,OnGrid,2007,3644.71
Denmark,Total renewable energy,OnGrid,2008,3953.37
Denmark,Total renewable energy,OnGrid,2009,4434.59
Denmark,Total renewable energy,OnGrid,2010,4915.78
Denmark,Total renewable energy,OnGrid,2011,5123.35
Denmark,Total renewable energy,OnGrid,2012,5948.87
Denmark,Total renewable energy,OnGrid,2013,6583.6
Denmark,Total renewable energy,OnGrid,2014,6749.46
Denmark,Total renewable energy,OnGrid,2015,7109.4
Denmark,Total renewable energy,OnGrid,2016,7409.93
Denmark,Total renewable energy,OnGrid,2017,8193.72
Denmark,Total renewable energy,OnGrid,2018,8902.07
Denmark,Total renewable energy,OnGrid,2019,9180.11
Denmark,Total renewable energy,OnGrid,2020,9656.31
Denmark,Total renewable energy,OnGrid,2021,10867.2
Denmark,Total renewable energy,OnGrid,2022,12190.74
Denmark,Total renewable energy,OnGrid,2023,12794.81
Denmark,Total renewable energy,OnGrid,2024,13432.92
Denmark,Total renewable energy,OnGrid,2025,14560.92
Denmark,Total renewable energy,OffGrid,2000,-
Denmark,Total renewable energy,OffGrid,2001,-
Denmark,Total renewable energy,OffGrid,2002,-
Denmark,Total renewable energy,OffGrid,2003,-
Denmark,Total renewable energy,OffGrid,2004,-
Denmark,Total renewable energy,OffGrid,2005,-
Denmark,Total renewable energy,OffGrid,2006,-
Denmark,Total renewable energy,OffGrid,2007,-
Denmark,Total renewable energy,OffGrid,2008,-
Denmark,Total renewable energy,OffGrid,2009,-
Denmark,Total renewable energy,OffGrid,2010,-
Denmark,Total renewable energy,OffGrid,2011,-
Denmark,Total renewable energy,OffGrid,2012,-
Denmark,Total renewable energy,OffGrid,2013,-
Denmark,Total renewable energy,OffGrid,2014,-
Denmark,Total renewable energy,OffGrid,2015,-
Denmark,Total renewable energy,OffGrid,2016,-
Denmark,Total renewable energy,OffGrid,2017,-
Denmark,Total renewable energy,OffGrid,2018,-
Denmark,Total renewable energy,OffGrid,2019,-
Denmark,Total renewable energy,OffGrid,2020,-
Denmark,Total renewable energy,OffGrid,2021,-
Denmark,Total renewable energy,OffGrid,2022,-
Denmark,Total renewable energy,OffGrid,2023,-
Denmark,Total renewable energy,OffGrid,2024,-
Denmark,Total renewable energy,OffGrid,2025,-
Djibouti,Total renewable energy,OnGrid,2000,-
Djibouti,Total renewable energy,OnGrid,2001,-
Djibouti,Total renewable energy,OnGrid,2002,-
Djibouti,Total renewable energy,OnGrid,2003,-
Djibouti,Total renewable energy,OnGrid,2004,-
Djibouti,Total renewable energy,OnGrid,2005,-
Djibouti,Total renewable energy,OnGrid,2006,-
Djibouti,Total renewable energy,OnGrid,2007,-
Djibouti,Total renewable energy,OnGrid,2008,-
Djibouti,Total renewable energy,OnGrid,2009,-
Djibouti,Total renewable energy,OnGrid,2010,-
Djibouti,Total renewable energy,OnGrid,2011,-
Djibouti,Total renewable energy,OnGrid,2012,-
Djibouti,Total renewable energy,OnGrid,2013,-
Djibouti,Total renewable energy,OnGrid,2014,-
Djibouti,Total renewable energy,OnGrid,2015,-
Djibouti,Total renewable energy,OnGrid,2016,-
Djibouti,Total renewable energy,OnGrid,2017,-
Djibouti,Total renewable energy,OnGrid,2018,-
Djibouti,Total renewable energy,OnGrid,2019,-
Djibouti,Total renewable energy,OnGrid,2020,-
Djibouti,Total renewable energy,OnGrid,2021,-
Djibouti,Total renewable energy,OnGrid,2022,-
Djibouti,Total renewable energy,OnGrid,2023,60
Djibouti,Total renewable energy,OnGrid,2024,60
Djibouti,Total renewable energy,OnGrid,2025,60
Djibouti,Total renewable energy,OffGrid,2000,-
Djibouti,Total renewable energy,OffGrid,2001,-
Djibouti,Total renewable energy,OffGrid,2002,-
Djibouti,Total renewable energy,OffGrid,2003,-
Djibouti,Total renewable energy,OffGrid,2004,-
Djibouti,Total renewable energy,OffGrid,2005,-
Djibouti,Total renewable energy,OffGrid,2006,-
Djibouti,Total renewable energy,OffGrid,2007,-
Djibouti,Total renewable energy,OffGrid,2008,-
Djibouti,Total renewable energy,OffGrid,2009,-
Djibouti,Total renewable energy,OffGrid,2010,0.01
Djibouti,Total renewable energy,OffGrid,2011,0.01
Djibouti,Total renewable energy,OffGrid,2012,0.04
Djibouti,Total renewable energy,OffGrid,2013,0.11
Djibouti,Total renewable energy,OffGrid,2014,0.11
Djibouti,Total renewable energy,OffGrid,2015,0.11
Djibouti,Total renewable energy,OffGrid,2016,0.41
Djibouti,Total renewable energy,OffGrid,2017,0.42
Djibouti,Total renewable energy,OffGrid,2018,0.43
Djibouti,Total renewable energy,OffGrid,2019,0.43
Djibouti,Total renewable energy,OffGrid,2020,0.43
Djibouti,Total renewable energy,OffGrid,2021,20.43
Djibouti,Total renewable energy,OffGrid,2022,20.43
Djibouti,Total renewable energy,OffGrid,2023,20.43
Djibouti,Total renewable energy,OffGrid,2024,20.43
Djibouti,Total renewable energy,OffGrid,2025,20.73
Dominica,Total renewable energy,OnGrid,2000,7.68
Dominica,Total renewable energy,OnGrid,2001,7.68
Dominica,Total renewable energy,OnGrid,2002,7.69
Dominica,Total renewable energy,OnGrid,2003,7.69
Dominica,Total renewable energy,OnGrid,2004,7.7
Dominica,Total renewable energy,OnGrid,2005,7.7
Dominica,Total renewable energy,OnGrid,2006,7.72
Dominica,Total renewable energy,OnGrid,2007,7.78
Dominica,Total renewable energy,OnGrid,2008,5.19
Dominica,Total renewable energy,OnGrid,2009,5.2
Dominica,Total renewable energy,OnGrid,2010,7.09
Dominica,Total renewable energy,OnGrid,2011,7.09
Dominica,Total renewable energy,OnGrid,2012,7.1
Dominica,Total renewable energy,OnGrid,2013,7.1
Dominica,Total renewable energy,OnGrid,2014,7.1
Dominica,Total renewable energy,OnGrid,2015,7.1
Dominica,Total renewable energy,OnGrid,2016,7.5
Dominica,Total renewable energy,OnGrid,2017,7.5
Dominica,Total renewable energy,OnGrid,2018,7.19
Dominica,Total renewable energy,OnGrid,2019,7.19
Dominica,Total renewable energy,OnGrid,2020,7.19
Dominica,Total renewable energy,OnGrid,2021,7.19
Dominica,Total renewable energy,OnGrid,2022,7.19
Dominica,Total renewable energy,OnGrid,2023,8.78
Dominica,Total renewable energy,OnGrid,2024,8.79
Dominica,Total renewable energy,OnGrid,2025,8.79
Dominica,Total renewable energy,OffGrid,2000,-
Dominica,Total renewable energy,OffGrid,2001,-
Dominica,Total renewable energy,OffGrid,2002,-
Dominica,Total renewable energy,OffGrid,2003,-
Dominica,Total renewable energy,OffGrid,2004,-
Dominica,Total renewable energy,OffGrid,2005,-
Dominica,Total renewable energy,OffGrid,2006,-
Dominica,Total renewable energy,OffGrid,2007,-
Dominica,Total renewable energy,OffGrid,2008,0
Dominica,Total renewable energy,OffGrid,2009,0
Dominica,Total renewable energy,OffGrid,2010,0
Dominica,Total renewable energy,OffGrid,2011,0
Dominica,Total renewable energy,OffGrid,2012,0
Dominica,Total renewable energy,OffGrid,2013,0
Dominica,Total renewable energy,OffGrid,2014,0
Dominica,Total renewable energy,OffGrid,2015,0
Dominica,Total renewable energy,OffGrid,2016,0
Dominica,Total renewable energy,OffGrid,2017,0
Dominica,Total renewable energy,OffGrid,2018,0
Dominica,Total renewable energy,OffGrid,2019,0
Dominica,Total renewable energy,OffGrid,2020,0
Dominica,Total renewable energy,OffGrid,2021,0
Dominica,Total renewable energy,OffGrid,2022,0
Dominica,Total renewable energy,OffGrid,2023,0
Dominica,Total renewable energy,OffGrid,2024,0
Dominica,Total renewable energy,OffGrid,2025,0
Dominican Rep,Total renewable energy,OnGrid,2000,471.6
Dominican Rep,Total renewable energy,OnGrid,2001,482.1
Dominican Rep,Total renewable energy,OnGrid,2002,542.2
Dominican Rep,Total renewable energy,OnGrid,2003,542.6
Dominican Rep,Total renewable energy,OnGrid,2004,542.6
Dominican Rep,Total renewable energy,OnGrid,2005,469.2
Dominican Rep,Total renewable energy,OnGrid,2006,469.2
Dominican Rep,Total renewable energy,OnGrid,2007,469.2
Dominican Rep,Total renewable energy,OnGrid,2008,472.2
Dominican Rep,Total renewable energy,OnGrid,2009,523.1
Dominican Rep,Total renewable energy,OnGrid,2010,523.1
Dominican Rep,Total renewable energy,OnGrid,2011,556.71
Dominican Rep,Total renewable energy,OnGrid,2012,673.43
Dominican Rep,Total renewable energy,OnGrid,2013,675.56
Dominican Rep,Total renewable energy,OnGrid,2014,685
Dominican Rep,Total renewable energy,OnGrid,2015,719.8
Dominican Rep,Total renewable energy,OnGrid,2016,817.2
Dominican Rep,Total renewable energy,OnGrid,2017,870
Dominican Rep,Total renewable energy,OnGrid,2018,1014.8
Dominican Rep,Total renewable energy,OnGrid,2019,1354.6
Dominican Rep,Total renewable energy,OnGrid,2020,1404.6
Dominican Rep,Total renewable energy,OnGrid,2021,1600.9
Dominican Rep,Total renewable energy,OnGrid,2022,1792.6
Dominican Rep,Total renewable energy,OnGrid,2023,2126.9
Dominican Rep,Total renewable energy,OnGrid,2024,2489.5
Dominican Rep,Total renewable energy,OnGrid,2025,3199.46
Dominican Rep,Total renewable energy,OffGrid,2000,18.06
Dominican Rep,Total renewable energy,OffGrid,2001,18.06
Dominican Rep,Total renewable energy,OffGrid,2002,18.06
Dominican Rep,Total renewable energy,OffGrid,2003,18.07
Dominican Rep,Total renewable energy,OffGrid,2004,18.07
Dominican Rep,Total renewable energy,OffGrid,2005,17.18
Dominican Rep,Total renewable energy,OffGrid,2006,18.08
Dominican Rep,Total renewable energy,OffGrid,2007,18.08
Dominican Rep,Total renewable energy,OffGrid,2008,18.1
Dominican Rep,Total renewable energy,OffGrid,2009,18.23
Dominican Rep,Total renewable energy,OffGrid,2010,18.25
Dominican Rep,Total renewable energy,OffGrid,2011,18.48
Dominican Rep,Total renewable energy,OffGrid,2012,19.2
Dominican Rep,Total renewable energy,OffGrid,2013,21.13
Dominican Rep,Total renewable energy,OffGrid,2014,21.7
Dominican Rep,Total renewable energy,OffGrid,2015,22.47
Dominican Rep,Total renewable energy,OffGrid,2016,22.88
Dominican Rep,Total renewable energy,OffGrid,2017,54.05
Dominican Rep,Total renewable energy,OffGrid,2018,56.18
Dominican Rep,Total renewable energy,OffGrid,2019,56.52
Dominican Rep,Total renewable energy,OffGrid,2020,57.24
Dominican Rep,Total renewable energy,OffGrid,2021,59.24
Dominican Rep,Total renewable energy,OffGrid,2022,67.02
Dominican Rep,Total renewable energy,OffGrid,2023,74.34
Dominican Rep,Total renewable energy,OffGrid,2024,74.34
Dominican Rep,Total renewable energy,OffGrid,2025,74.35
Ecuador,Total renewable energy,OnGrid,2000,1710.68
Ecuador,Total renewable energy,OnGrid,2001,1733.78
Ecuador,Total renewable energy,OnGrid,2002,1741.7
Ecuador,Total renewable energy,OnGrid,2003,1741.82
Ecuador,Total renewable energy,OnGrid,2004,1776.72
Ecuador,Total renewable energy,OnGrid,2005,1824.22
Ecuador,Total renewable energy,OnGrid,2006,1870.41
Ecuador,Total renewable energy,OnGrid,2007,2126.89
Ecuador,Total renewable energy,OnGrid,2008,2159.17
Ecuador,Total renewable energy,OnGrid,2009,2162.09
Ecuador,Total renewable energy,OnGrid,2010,2339.6
Ecuador,Total renewable energy,OnGrid,2011,2331.6
Ecuador,Total renewable energy,OnGrid,2012,2360.79
Ecuador,Total renewable energy,OnGrid,2013,2380.79
Ecuador,Total renewable energy,OnGrid,2014,2429.73
Ecuador,Total renewable energy,OnGrid,2015,2586.35
Ecuador,Total renewable energy,OnGrid,2016,4628
Ecuador,Total renewable energy,OnGrid,2017,4702.86
Ecuador,Total renewable energy,OnGrid,2018,5252.9
Ecuador,Total renewable energy,OnGrid,2019,5262.9
Ecuador,Total renewable energy,OnGrid,2020,5284.25
Ecuador,Total renewable energy,OnGrid,2021,5286.31
Ecuador,Total renewable energy,OnGrid,2022,5378.86
Ecuador,Total renewable energy,OnGrid,2023,5430.47
Ecuador,Total renewable energy,OnGrid,2024,5673.7
Ecuador,Total renewable energy,OnGrid,2025,5738.95
Ecuador,Total renewable energy,OffGrid,2000,3.94
Ecuador,Total renewable energy,OffGrid,2001,4.04
Ecuador,Total renewable energy,OffGrid,2002,4.11
Ecuador,Total renewable energy,OffGrid,2003,4.11
Ecuador,Total renewable energy,OffGrid,2004,4.11
Ecuador,Total renewable energy,OffGrid,2005,4.13
Ecuador,Total renewable energy,OffGrid,2006,4.13
Ecuador,Total renewable energy,OffGrid,2007,6.41
Ecuador,Total renewable energy,OffGrid,2008,6.38
Ecuador,Total renewable energy,OffGrid,2009,6.38
Ecuador,Total renewable energy,OffGrid,2010,6.53
Ecuador,Total renewable energy,OffGrid,2011,6.55
Ecuador,Total renewable energy,OffGrid,2012,6.88
Ecuador,Total renewable energy,OffGrid,2013,7.21
Ecuador,Total renewable energy,OffGrid,2014,10.26
Ecuador,Total renewable energy,OffGrid,2015,10.26
Ecuador,Total renewable energy,OffGrid,2016,12.33
Ecuador,Total renewable energy,OffGrid,2017,12.33
Ecuador,Total renewable energy,OffGrid,2018,13.88
Ecuador,Total renewable energy,OffGrid,2019,13.88
Ecuador,Total renewable energy,OffGrid,2020,13.88
Ecuador,Total renewable energy,OffGrid,2021,13.9
Ecuador,Total renewable energy,OffGrid,2022,14.9
Ecuador,Total renewable energy,OffGrid,2023,15.59
Ecuador,Total renewable energy,OffGrid,2024,67.3
Ecuador,Total renewable energy,OffGrid,2025,19.58
Egypt,Total renewable energy,OnGrid,2000,2922
Egypt,Total renewable energy,OnGrid,2001,2922
Egypt,Total renewable energy,OnGrid,2002,2922
Egypt,Total renewable energy,OnGrid,2003,2922.8
Egypt,Total renewable energy,OnGrid,2004,2998.8
Egypt,Total renewable energy,OnGrid,2005,2998.8
Egypt,Total renewable energy,OnGrid,2006,3083.8
Egypt,Total renewable energy,OnGrid,2007,3163.8
Egypt,Total renewable energy,OnGrid,2008,3257
Egypt,Total renewable energy,OnGrid,2009,3302
Egypt,Total renewable energy,OnGrid,2010,3417
Egypt,Total renewable energy,OnGrid,2011,3437
Egypt,Total renewable energy,OnGrid,2012,3437
Egypt,Total renewable energy,OnGrid,2013,3437
Egypt,Total renewable energy,OnGrid,2014,3437
Egypt,Total renewable energy,OnGrid,2015,3637
Egypt,Total renewable energy,OnGrid,2016,3646
Egypt,Total renewable energy,OnGrid,2017,3767
Egypt,Total renewable energy,OnGrid,2018,4744
Egypt,Total renewable energy,OnGrid,2019,5654.5
Egypt,Total renewable energy,OnGrid,2020,5896.5
Egypt,Total renewable energy,OnGrid,2021,6222
Egypt,Total renewable energy,OnGrid,2022,6250.5
Egypt,Total renewable energy,OnGrid,2023,6638
Egypt,Total renewable energy,OnGrid,2024,7681
Egypt,Total renewable energy,OnGrid,2025,9223
Egypt,Total renewable energy,OffGrid,2000,5.1
Egypt,Total renewable energy,OffGrid,2001,5.5
Egypt,Total renewable energy,OffGrid,2002,5.6
Egypt,Total renewable energy,OffGrid,2003,5.6
Egypt,Total renewable energy,OffGrid,2004,5.6
Egypt,Total renewable energy,OffGrid,2005,5.6
Egypt,Total renewable energy,OffGrid,2006,5.6
Egypt,Total renewable energy,OffGrid,2007,5.7
Egypt,Total renewable energy,OffGrid,2008,5.9
Egypt,Total renewable energy,OffGrid,2009,6.3
Egypt,Total renewable energy,OffGrid,2010,20
Egypt,Total renewable energy,OffGrid,2011,20
Egypt,Total renewable energy,OffGrid,2012,20
Egypt,Total renewable energy,OffGrid,2013,20
Egypt,Total renewable energy,OffGrid,2014,20
Egypt,Total renewable energy,OffGrid,2015,21
Egypt,Total renewable energy,OffGrid,2016,35
Egypt,Total renewable energy,OffGrid,2017,35
Egypt,Total renewable energy,OffGrid,2018,49.2
Egypt,Total renewable energy,OffGrid,2019,35.2
Egypt,Total renewable energy,OffGrid,2020,37
Egypt,Total renewable energy,OffGrid,2021,35.5
Egypt,Total renewable energy,OffGrid,2022,35.54
Egypt,Total renewable energy,OffGrid,2023,35.28
Egypt,Total renewable energy,OffGrid,2024,35.28
Egypt,Total renewable energy,OffGrid,2025,35.28
El Salvador,Total renewable energy,OnGrid,2000,601.74
El Salvador,Total renewable energy,OnGrid,2001,602.84
El Salvador,Total renewable energy,OnGrid,2002,635.34
El Salvador,Total renewable energy,OnGrid,2003,658.19
El Salvador,Total renewable energy,OnGrid,2004,659.19
El Salvador,Total renewable energy,OnGrid,2005,693.09
El Salvador,Total renewable energy,OnGrid,2006,709.29
El Salvador,Total renewable energy,OnGrid,2007,801.09
El Salvador,Total renewable energy,OnGrid,2008,799.09
El Salvador,Total renewable energy,OnGrid,2009,799.09
El Salvador,Total renewable energy,OnGrid,2010,789.89
El Salvador,Total renewable energy,OnGrid,2011,812.24
El Salvador,Total renewable energy,OnGrid,2012,807.34
El Salvador,Total renewable energy,OnGrid,2013,827.64
El Salvador,Total renewable energy,OnGrid,2014,830.39
El Salvador,Total renewable energy,OnGrid,2015,914.73
El Salvador,Total renewable energy,OnGrid,2016,970.58
El Salvador,Total renewable energy,OnGrid,2017,1158.88
El Salvador,Total renewable energy,OnGrid,2018,1251.52
El Salvador,Total renewable energy,OnGrid,2019,1486.9
El Salvador,Total renewable energy,OnGrid,2020,1589.15
El Salvador,Total renewable energy,OnGrid,2021,1670.28
El Salvador,Total renewable energy,OnGrid,2022,1700.4
El Salvador,Total renewable energy,OnGrid,2023,1847.7
El Salvador,Total renewable energy,OnGrid,2024,1940.31
El Salvador,Total renewable energy,OnGrid,2025,1939.16
El Salvador,Total renewable energy,OffGrid,2000,0.05
El Salvador,Total renewable energy,OffGrid,2001,0.07
El Salvador,Total renewable energy,OffGrid,2002,0.07
El Salvador,Total renewable energy,OffGrid,2003,0.07
El Salvador,Total renewable energy,OffGrid,2004,0.07
El Salvador,Total renewable energy,OffGrid,2005,0.07
El Salvador,Total renewable energy,OffGrid,2006,0.1
El Salvador,Total renewable energy,OffGrid,2007,0.1
El Salvador,Total renewable energy,OffGrid,2008,0.12
El Salvador,Total renewable energy,OffGrid,2009,0.12
El Salvador,Total renewable energy,OffGrid,2010,0.12
El Salvador,Total renewable energy,OffGrid,2011,0.13
El Salvador,Total renewable energy,OffGrid,2012,0.19
El Salvador,Total renewable energy,OffGrid,2013,0.19
El Salvador,Total renewable energy,OffGrid,2014,0.19
El Salvador,Total renewable energy,OffGrid,2015,0.19
El Salvador,Total renewable energy,OffGrid,2016,0.21
El Salvador,Total renewable energy,OffGrid,2017,0.17
El Salvador,Total renewable energy,OffGrid,2018,0.19
El Salvador,Total renewable energy,OffGrid,2019,4.09
El Salvador,Total renewable energy,OffGrid,2020,4.09
El Salvador,Total renewable energy,OffGrid,2021,4.1
El Salvador,Total renewable energy,OffGrid,2022,4.14
El Salvador,Total renewable energy,OffGrid,2023,4.14
El Salvador,Total renewable energy,OffGrid,2024,4.14
El Salvador,Total renewable energy,OffGrid,2025,4.14
Eq Guinea,Total renewable energy,OnGrid,2000,5.6
Eq Guinea,Total renewable energy,OnGrid,2001,5.6
Eq Guinea,Total renewable energy,OnGrid,2002,5.6
Eq Guinea,Total renewable energy,OnGrid,2003,5.6
Eq Guinea,Total renewable energy,OnGrid,2004,5.6
Eq Guinea,Total renewable energy,OnGrid,2005,5.6
Eq Guinea,Total renewable energy,OnGrid,2006,5.6
Eq Guinea,Total renewable energy,OnGrid,2007,5.6
Eq Guinea,Total renewable energy,OnGrid,2008,5.6
Eq Guinea,Total renewable energy,OnGrid,2009,5.6
Eq Guinea,Total renewable energy,OnGrid,2010,5.6
Eq Guinea,Total renewable energy,OnGrid,2011,5.6
Eq Guinea,Total renewable energy,OnGrid,2012,125.6
Eq Guinea,Total renewable energy,OnGrid,2013,125.6
Eq Guinea,Total renewable energy,OnGrid,2014,125.6
Eq Guinea,Total renewable energy,OnGrid,2015,125.6
Eq Guinea,Total renewable energy,OnGrid,2016,125.6
Eq Guinea,Total renewable energy,OnGrid,2017,125.6
Eq Guinea,Total renewable energy,OnGrid,2018,127.14
Eq Guinea,Total renewable energy,OnGrid,2019,127.14
Eq Guinea,Total renewable energy,OnGrid,2020,127.14
Eq Guinea,Total renewable energy,OnGrid,2021,127.14
Eq Guinea,Total renewable energy,OnGrid,2022,127.14
Eq Guinea,Total renewable energy,OnGrid,2023,127.14
Eq Guinea,Total renewable energy,OnGrid,2024,127.14
Eq Guinea,Total renewable energy,OnGrid,2025,127.14
Eq Guinea,Total renewable energy,OffGrid,2000,-
Eq Guinea,Total renewable energy,OffGrid,2001,-
Eq Guinea,Total renewable energy,OffGrid,2002,-
Eq Guinea,Total renewable energy,OffGrid,2003,-
Eq Guinea,Total renewable energy,OffGrid,2004,-
Eq Guinea,Total renewable energy,OffGrid,2005,-
Eq Guinea,Total renewable energy,OffGrid,2006,-
Eq Guinea,Total renewable energy,OffGrid,2007,-
Eq Guinea,Total renewable energy,OffGrid,2008,-
Eq Guinea,Total renewable energy,OffGrid,2009,-
Eq Guinea,Total renewable energy,OffGrid,2010,-
Eq Guinea,Total renewable energy,OffGrid,2011,-
Eq Guinea,Total renewable energy,OffGrid,2012,-
Eq Guinea,Total renewable energy,OffGrid,2013,-
Eq Guinea,Total renewable energy,OffGrid,2014,-
Eq Guinea,Total renewable energy,OffGrid,2015,-
Eq Guinea,Total renewable energy,OffGrid,2016,0.16
Eq Guinea,Total renewable energy,OffGrid,2017,0.35
Eq Guinea,Total renewable energy,OffGrid,2018,0.35
Eq Guinea,Total renewable energy,OffGrid,2019,0.34
Eq Guinea,Total renewable energy,OffGrid,2020,0.32
Eq Guinea,Total renewable energy,OffGrid,2021,0.19
Eq Guinea,Total renewable energy,OffGrid,2022,0.01
Eq Guinea,Total renewable energy,OffGrid,2023,0.01
Eq Guinea,Total renewable energy,OffGrid,2024,0.01
Eq Guinea,Total renewable energy,OffGrid,2025,0.01
Eritrea,Total renewable energy,OnGrid,2000,-
Eritrea,Total renewable energy,OnGrid,2001,-
Eritrea,Total renewable energy,OnGrid,2002,-
Eritrea,Total renewable energy,OnGrid,2003,-
Eritrea,Total renewable energy,OnGrid,2004,-
Eritrea,Total renewable energy,OnGrid,2005,-
Eritrea,Total renewable energy,OnGrid,2006,-
Eritrea,Total renewable energy,OnGrid,2007,-
Eritrea,Total renewable energy,OnGrid,2008,-
Eritrea,Total renewable energy,OnGrid,2009,-
Eritrea,Total renewable energy,OnGrid,2010,-
Eritrea,Total renewable energy,OnGrid,2011,-
Eritrea,Total renewable energy,OnGrid,2012,-
Eritrea,Total renewable energy,OnGrid,2013,-
Eritrea,Total renewable energy,OnGrid,2014,-
Eritrea,Total renewable energy,OnGrid,2015,-
Eritrea,Total renewable energy,OnGrid,2016,-
Eritrea,Total renewable energy,OnGrid,2017,-
Eritrea,Total renewable energy,OnGrid,2018,-
Eritrea,Total renewable energy,OnGrid,2019,-
Eritrea,Total renewable energy,OnGrid,2020,-
Eritrea,Total renewable energy,OnGrid,2021,-
Eritrea,Total renewable energy,OnGrid,2022,-
Eritrea,Total renewable energy,OnGrid,2023,-
Eritrea,Total renewable energy,OnGrid,2024,-
Eritrea,Total renewable energy,OnGrid,2025,0.29
Eritrea,Total renewable energy,OffGrid,2000,-
Eritrea,Total renewable energy,OffGrid,2001,-
Eritrea,Total renewable energy,OffGrid,2002,-
Eritrea,Total renewable energy,OffGrid,2003,-
Eritrea,Total renewable energy,OffGrid,2004,-
Eritrea,Total renewable energy,OffGrid,2005,-
Eritrea,Total renewable energy,OffGrid,2006,-
Eritrea,Total renewable energy,OffGrid,2007,0.83
Eritrea,Total renewable energy,OffGrid,2008,0.83
Eritrea,Total renewable energy,OffGrid,2009,0.83
Eritrea,Total renewable energy,OffGrid,2010,0.83
Eritrea,Total renewable energy,OffGrid,2011,0.83
Eritrea,Total renewable energy,OffGrid,2012,0.83
Eritrea,Total renewable energy,OffGrid,2013,0.86
Eritrea,Total renewable energy,OffGrid,2014,8.68
Eritrea,Total renewable energy,OffGrid,2015,8.68
Eritrea,Total renewable energy,OffGrid,2016,9.84
Eritrea,Total renewable energy,OffGrid,2017,24.18
Eritrea,Total renewable energy,OffGrid,2018,26.69
Eritrea,Total renewable energy,OffGrid,2019,26.74
Eritrea,Total renewable energy,OffGrid,2020,26.73
Eritrea,Total renewable energy,OffGrid,2021,25.95
Eritrea,Total renewable energy,OffGrid,2022,25.61
Eritrea,Total renewable energy,OffGrid,2023,25.61
Eritrea,Total renewable energy,OffGrid,2024,25.61
Eritrea,Total renewable energy,OffGrid,2025,25.61
Estonia,Total renewable energy,OnGrid,2000,7
Estonia,Total renewable energy,OnGrid,2001,7
Estonia,Total renewable energy,OnGrid,2002,10
Estonia,Total renewable energy,OnGrid,2003,18
Estonia,Total renewable energy,OnGrid,2004,22
Estonia,Total renewable energy,OnGrid,2005,48
Estonia,Total renewable energy,OnGrid,2006,48
Estonia,Total renewable energy,OnGrid,2007,67
Estonia,Total renewable energy,OnGrid,2008,94
Estonia,Total renewable energy,OnGrid,2009,171.1
Estonia,Total renewable energy,OnGrid,2010,256.1
Estonia,Total renewable energy,OnGrid,2011,334.2
Estonia,Total renewable energy,OnGrid,2012,441.38
Estonia,Total renewable energy,OnGrid,2013,518.5
Estonia,Total renewable energy,OnGrid,2014,561.34
Estonia,Total renewable energy,OnGrid,2015,593.5
Estonia,Total renewable energy,OnGrid,2016,607
Estonia,Total renewable energy,OnGrid,2017,615.1
Estonia,Total renewable energy,OnGrid,2018,608.55
Estonia,Total renewable energy,OnGrid,2019,715.5
Estonia,Total renewable energy,OnGrid,2020,828.67
Estonia,Total renewable energy,OnGrid,2021,1012.77
Estonia,Total renewable energy,OnGrid,2022,1140
Estonia,Total renewable energy,OnGrid,2023,1456
Estonia,Total renewable energy,OnGrid,2024,2565.3
Estonia,Total renewable energy,OnGrid,2025,2684.3
Estonia,Total renewable energy,OffGrid,2000,-
Estonia,Total renewable energy,OffGrid,2001,-
Estonia,Total renewable energy,OffGrid,2002,-
Estonia,Total renewable energy,OffGrid,2003,-
Estonia,Total renewable energy,OffGrid,2004,-
Estonia,Total renewable energy,OffGrid,2005,-
Estonia,Total renewable energy,OffGrid,2006,-
Estonia,Total renewable energy,OffGrid,2007,-
Estonia,Total renewable energy,OffGrid,2008,-
Estonia,Total renewable energy,OffGrid,2009,-
Estonia,Total renewable energy,OffGrid,2010,-
Estonia,Total renewable energy,OffGrid,2011,-
Estonia,Total renewable energy,OffGrid,2012,-
Estonia,Total renewable energy,OffGrid,2013,-
Estonia,Total renewable energy,OffGrid,2014,-
Estonia,Total renewable energy,OffGrid,2015,-
Estonia,Total renewable energy,OffGrid,2016,-
Estonia,Total renewable energy,OffGrid,2017,-
Estonia,Total renewable energy,OffGrid,2018,-
Estonia,Total renewable energy,OffGrid,2019,-
Estonia,Total renewable energy,OffGrid,2020,-
Estonia,Total renewable energy,OffGrid,2021,-
Estonia,Total renewable energy,OffGrid,2022,-
Estonia,Total renewable energy,OffGrid,2023,-
Estonia,Total renewable energy,OffGrid,2024,-
Estonia,Total renewable energy,OffGrid,2025,-
Eswatini,Total renewable energy,OnGrid,2000,102.1
Eswatini,Total renewable energy,OnGrid,2001,102.1
Eswatini,Total renewable energy,OnGrid,2002,102.1
Eswatini,Total renewable energy,OnGrid,2003,102.1
Eswatini,Total renewable energy,OnGrid,2004,102.1
Eswatini,Total renewable energy,OnGrid,2005,102.1
Eswatini,Total renewable energy,OnGrid,2006,102.1
Eswatini,Total renewable energy,OnGrid,2007,102.1
Eswatini,Total renewable energy,OnGrid,2008,121.9
Eswatini,Total renewable energy,OnGrid,2009,121.9
Eswatini,Total renewable energy,OnGrid,2010,121.9
Eswatini,Total renewable energy,OnGrid,2011,183.4
Eswatini,Total renewable energy,OnGrid,2012,183.4
Eswatini,Total renewable energy,OnGrid,2013,183.4
Eswatini,Total renewable energy,OnGrid,2014,166.4
Eswatini,Total renewable energy,OnGrid,2015,166.43
Eswatini,Total renewable energy,OnGrid,2016,166.53
Eswatini,Total renewable energy,OnGrid,2017,166.53
Eswatini,Total renewable energy,OnGrid,2018,166.53
Eswatini,Total renewable energy,OnGrid,2019,166.53
Eswatini,Total renewable energy,OnGrid,2020,166.53
Eswatini,Total renewable energy,OnGrid,2021,176.53
Eswatini,Total renewable energy,OnGrid,2022,176.53
Eswatini,Total renewable energy,OnGrid,2023,195.63
Eswatini,Total renewable energy,OnGrid,2024,195.63
Eswatini,Total renewable energy,OnGrid,2025,195.63
Eswatini,Total renewable energy,OffGrid,2000,1.8
Eswatini,Total renewable energy,OffGrid,2001,1.8
Eswatini,Total renewable energy,OffGrid,2002,1.8
Eswatini,Total renewable energy,OffGrid,2003,1.8
Eswatini,Total renewable energy,OffGrid,2004,1.8
Eswatini,Total renewable energy,OffGrid,2005,1.8
Eswatini,Total renewable energy,OffGrid,2006,1.8
Eswatini,Total renewable energy,OffGrid,2007,1.8
Eswatini,Total renewable energy,OffGrid,2008,1.8
Eswatini,Total renewable energy,OffGrid,2009,1.8
Eswatini,Total renewable energy,OffGrid,2010,1.8
Eswatini,Total renewable energy,OffGrid,2011,1.8
Eswatini,Total renewable energy,OffGrid,2012,1.8
Eswatini,Total renewable energy,OffGrid,2013,1.8
Eswatini,Total renewable energy,OffGrid,2014,1.8
Eswatini,Total renewable energy,OffGrid,2015,1.8
Eswatini,Total renewable energy,OffGrid,2016,1.8
Eswatini,Total renewable energy,OffGrid,2017,1.8
Eswatini,Total renewable energy,OffGrid,2018,1.8
Eswatini,Total renewable energy,OffGrid,2019,1.8
Eswatini,Total renewable energy,OffGrid,2020,1.84
Eswatini,Total renewable energy,OffGrid,2021,1.84
Eswatini,Total renewable energy,OffGrid,2022,1.84
Eswatini,Total renewable energy,OffGrid,2023,1.84
Eswatini,Total renewable energy,OffGrid,2024,1.84
Eswatini,Total renewable energy,OffGrid,2025,1.84
Ethiopia,Total renewable energy,OnGrid,2000,404.5
Ethiopia,Total renewable energy,OnGrid,2001,476.5
Ethiopia,Total renewable energy,OnGrid,2002,476.5
Ethiopia,Total renewable energy,OnGrid,2003,510.5
Ethiopia,Total renewable energy,OnGrid,2004,720.5
Ethiopia,Total renewable energy,OnGrid,2005,720.5
Ethiopia,Total renewable energy,OnGrid,2006,720.5
Ethiopia,Total renewable energy,OnGrid,2007,720.5
Ethiopia,Total renewable energy,OnGrid,2008,720.5
Ethiopia,Total renewable energy,OnGrid,2009,1440.5
Ethiopia,Total renewable energy,OnGrid,2010,1900.5
Ethiopia,Total renewable energy,OnGrid,2011,2078.5
Ethiopia,Total renewable energy,OnGrid,2012,2078.5
Ethiopia,Total renewable energy,OnGrid,2013,2219.7
Ethiopia,Total renewable energy,OnGrid,2014,2219.7
Ethiopia,Total renewable energy,OnGrid,2015,2607.7
Ethiopia,Total renewable energy,OnGrid,2016,2633.7
Ethiopia,Total renewable energy,OnGrid,2017,4352.3
Ethiopia,Total renewable energy,OnGrid,2018,4437.3
Ethiopia,Total renewable energy,OnGrid,2019,4437.3
Ethiopia,Total renewable energy,OnGrid,2020,4691.3
Ethiopia,Total renewable energy,OnGrid,2021,4736.3
Ethiopia,Total renewable energy,OnGrid,2022,5566.3
Ethiopia,Total renewable energy,OnGrid,2023,5547.6
Ethiopia,Total renewable energy,OnGrid,2024,5966.3
Ethiopia,Total renewable energy,OnGrid,2025,10059.3
Ethiopia,Total renewable energy,OffGrid,2000,1.15
Ethiopia,Total renewable energy,OffGrid,2001,1.15
Ethiopia,Total renewable energy,OffGrid,2002,1.15
Ethiopia,Total renewable energy,OffGrid,2003,1.15
Ethiopia,Total renewable energy,OffGrid,2004,1.15
Ethiopia,Total renewable energy,OffGrid,2005,1.15
Ethiopia,Total renewable energy,OffGrid,2006,1.15
Ethiopia,Total renewable energy,OffGrid,2007,1.15
Ethiopia,Total renewable energy,OffGrid,2008,1.15
Ethiopia,Total renewable energy,OffGrid,2009,1.18
Ethiopia,Total renewable energy,OffGrid,2010,1.19
Ethiopia,Total renewable energy,OffGrid,2011,1.61
Ethiopia,Total renewable energy,OffGrid,2012,2.43
Ethiopia,Total renewable energy,OffGrid,2013,4.62
Ethiopia,Total renewable energy,OffGrid,2014,10.41
Ethiopia,Total renewable energy,OffGrid,2015,11.17
Ethiopia,Total renewable energy,OffGrid,2016,15.33
Ethiopia,Total renewable energy,OffGrid,2017,13.78
Ethiopia,Total renewable energy,OffGrid,2018,13.63
Ethiopia,Total renewable energy,OffGrid,2019,13.63
Ethiopia,Total renewable energy,OffGrid,2020,21.47
Ethiopia,Total renewable energy,OffGrid,2021,22.47
Ethiopia,Total renewable energy,OffGrid,2022,22.47
Ethiopia,Total renewable energy,OffGrid,2023,22.47
Ethiopia,Total renewable energy,OffGrid,2024,22.84
Ethiopia,Total renewable energy,OffGrid,2025,22.84
Eurasia,Total renewable energy,OnGrid,2000,60207.87
Eurasia,Total renewable energy,OnGrid,2001,61083.67
Eurasia,Total renewable energy,OnGrid,2002,61963.97
Eurasia,Total renewable energy,OnGrid,2003,62743.77
Eurasia,Total renewable energy,OnGrid,2004,63046.84
Eurasia,Total renewable energy,OnGrid,2005,63558.31
Eurasia,Total renewable energy,OnGrid,2006,64112.01
Eurasia,Total renewable energy,OnGrid,2007,65405.58
Eurasia,Total renewable energy,OnGrid,2008,66344.65
Eurasia,Total renewable energy,OnGrid,2009,67752.65
Eurasia,Total renewable energy,OnGrid,2010,69595
Eurasia,Total renewable energy,OnGrid,2011,71389.81
Eurasia,Total renewable energy,OnGrid,2012,76628.78
Eurasia,Total renewable energy,OnGrid,2013,80807.15
Eurasia,Total renewable energy,OnGrid,2014,82962.34
Eurasia,Total renewable energy,OnGrid,2015,86768.85
Eurasia,Total renewable energy,OnGrid,2016,90436.71
Eurasia,Total renewable energy,OnGrid,2017,95220.51
Eurasia,Total renewable energy,OnGrid,2018,99361.26
Eurasia,Total renewable energy,OnGrid,2019,103063.89
Eurasia,Total renewable energy,OnGrid,2020,109234.31
Eurasia,Total renewable energy,OnGrid,2021,114851.41
Eurasia,Total renewable energy,OnGrid,2022,118431.76
Eurasia,Total renewable energy,OnGrid,2023,128954.91
Eurasia,Total renewable energy,OnGrid,2024,133057.2
Eurasia,Total renewable energy,OnGrid,2025,141408.64
Eurasia,Total renewable energy,OffGrid,2000,-
Eurasia,Total renewable energy,OffGrid,2001,-
Eurasia,Total renewable energy,OffGrid,2002,-
Eurasia,Total renewable energy,OffGrid,2003,-
Eurasia,Total renewable energy,OffGrid,2004,-
Eurasia,Total renewable energy,OffGrid,2005,-
Eurasia,Total renewable energy,OffGrid,2006,-
Eurasia,Total renewable energy,OffGrid,2007,-
Eurasia,Total renewable energy,OffGrid,2008,-
Eurasia,Total renewable energy,OffGrid,2009,-
Eurasia,Total renewable energy,OffGrid,2010,-
Eurasia,Total renewable energy,OffGrid,2011,-
Eurasia,Total renewable energy,OffGrid,2012,-
Eurasia,Total renewable energy,OffGrid,2013,-
Eurasia,Total renewable energy,OffGrid,2014,-
Eurasia,Total renewable energy,OffGrid,2015,-
Eurasia,Total renewable energy,OffGrid,2016,0.25
Eurasia,Total renewable energy,OffGrid,2017,0.25
Eurasia,Total renewable energy,OffGrid,2018,0.26
Eurasia,Total renewable energy,OffGrid,2019,0.66
Eurasia,Total renewable energy,OffGrid,2020,0.66
Eurasia,Total renewable energy,OffGrid,2021,0.66
Eurasia,Total renewable energy,OffGrid,2022,0.66
Eurasia,Total renewable energy,OffGrid,2023,0.66
Eurasia,Total renewable energy,OffGrid,2024,0.66
Eurasia,Total renewable energy,OffGrid,2025,0.66
Falklands Malv,Total renewable energy,OnGrid,2000,-
Falklands Malv,Total renewable energy,OnGrid,2001,-
Falklands Malv,Total renewable energy,OnGrid,2002,-
Falklands Malv,Total renewable energy,OnGrid,2003,-
Falklands Malv,Total renewable energy,OnGrid,2004,-
Falklands Malv,Total renewable energy,OnGrid,2005,-
Falklands Malv,Total renewable energy,OnGrid,2006,-
Falklands Malv,Total renewable energy,OnGrid,2007,0.99
Falklands Malv,Total renewable energy,OnGrid,2008,0.99
Falklands Malv,Total renewable energy,OnGrid,2009,0.99
Falklands Malv,Total renewable energy,OnGrid,2010,1.98
Falklands Malv,Total renewable energy,OnGrid,2011,1.98
Falklands Malv,Total renewable energy,OnGrid,2012,1.98
Falklands Malv,Total renewable energy,OnGrid,2013,1.98
Falklands Malv,Total renewable energy,OnGrid,2014,2.97
Falklands Malv,Total renewable energy,OnGrid,2015,2.97
Falklands Malv,Total renewable energy,OnGrid,2016,2.97
Falklands Malv,Total renewable energy,OnGrid,2017,2.97
Falklands Malv,Total renewable energy,OnGrid,2018,2.97
Falklands Malv,Total renewable energy,OnGrid,2019,2.97
Falklands Malv,Total renewable energy,OnGrid,2020,2.97
Falklands Malv,Total renewable energy,OnGrid,2021,2.97
Falklands Malv,Total renewable energy,OnGrid,2022,2.97
Falklands Malv,Total renewable energy,OnGrid,2023,2.97
Falklands Malv,Total renewable energy,OnGrid,2024,2.98
Falklands Malv,Total renewable energy,OnGrid,2025,2.98
Falklands Malv,Total renewable energy,OffGrid,2000,0.26
Falklands Malv,Total renewable energy,OffGrid,2001,0.26
Falklands Malv,Total renewable energy,OffGrid,2002,0.26
Falklands Malv,Total renewable energy,OffGrid,2003,0.26
Falklands Malv,Total renewable energy,OffGrid,2004,0.26
Falklands Malv,Total renewable energy,OffGrid,2005,0.26
Falklands Malv,Total renewable energy,OffGrid,2006,0.26
Falklands Malv,Total renewable energy,OffGrid,2007,0.26
Falklands Malv,Total renewable energy,OffGrid,2008,0.34
Falklands Malv,Total renewable energy,OffGrid,2009,0.34
Falklands Malv,Total renewable energy,OffGrid,2010,0.34
Falklands Malv,Total renewable energy,OffGrid,2011,0.34
Falklands Malv,Total renewable energy,OffGrid,2012,0.34
Falklands Malv,Total renewable energy,OffGrid,2013,0.34
Falklands Malv,Total renewable energy,OffGrid,2014,0.34
Falklands Malv,Total renewable energy,OffGrid,2015,0.41
Falklands Malv,Total renewable energy,OffGrid,2016,0.41
Falklands Malv,Total renewable energy,OffGrid,2017,0.41
Falklands Malv,Total renewable energy,OffGrid,2018,0.41
Falklands Malv,Total renewable energy,OffGrid,2019,0.41
Falklands Malv,Total renewable energy,OffGrid,2020,0.41
Falklands Malv,Total renewable energy,OffGrid,2021,0.41
Falklands Malv,Total renewable energy,OffGrid,2022,0.41
Falklands Malv,Total renewable energy,OffGrid,2023,0.41
Falklands Malv,Total renewable energy,OffGrid,2024,0.41
Falklands Malv,Total renewable energy,OffGrid,2025,0.41
Faroe Islands,Total renewable energy,OnGrid,2000,31.75
Faroe Islands,Total renewable energy,OnGrid,2001,31.75
Faroe Islands,Total renewable energy,OnGrid,2002,31.75
Faroe Islands,Total renewable energy,OnGrid,2003,33.73
Faroe Islands,Total renewable energy,OnGrid,2004,33.73
Faroe Islands,Total renewable energy,OnGrid,2005,35.71
Faroe Islands,Total renewable energy,OnGrid,2006,35.71
Faroe Islands,Total renewable energy,OnGrid,2007,35.71
Faroe Islands,Total renewable energy,OnGrid,2008,35.71
Faroe Islands,Total renewable energy,OnGrid,2009,35.71
Faroe Islands,Total renewable energy,OnGrid,2010,35.71
Faroe Islands,Total renewable energy,OnGrid,2011,35.71
Faroe Islands,Total renewable energy,OnGrid,2012,47.91
Faroe Islands,Total renewable energy,OnGrid,2013,47.91
Faroe Islands,Total renewable energy,OnGrid,2014,59.61
Faroe Islands,Total renewable energy,OnGrid,2015,59.91
Faroe Islands,Total renewable energy,OnGrid,2016,59.61
Faroe Islands,Total renewable energy,OnGrid,2017,59.61
Faroe Islands,Total renewable energy,OnGrid,2018,56.05
Faroe Islands,Total renewable energy,OnGrid,2019,52.71
Faroe Islands,Total renewable energy,OnGrid,2020,59.43
Faroe Islands,Total renewable energy,OnGrid,2021,64.26
Faroe Islands,Total renewable energy,OnGrid,2022,89.46
Faroe Islands,Total renewable energy,OnGrid,2023,107.46
Faroe Islands,Total renewable energy,OnGrid,2024,109.44
Faroe Islands,Total renewable energy,OnGrid,2025,109.44
Faroe Islands,Total renewable energy,OffGrid,2000,-
Faroe Islands,Total renewable energy,OffGrid,2001,-
Faroe Islands,Total renewable energy,OffGrid,2002,-
Faroe Islands,Total renewable energy,OffGrid,2003,-
Faroe Islands,Total renewable energy,OffGrid,2004,-
Faroe Islands,Total renewable energy,OffGrid,2005,-
Faroe Islands,Total renewable energy,OffGrid,2006,-
Faroe Islands,Total renewable energy,OffGrid,2007,-
Faroe Islands,Total renewable energy,OffGrid,2008,-
Faroe Islands,Total renewable energy,OffGrid,2009,-
Faroe Islands,Total renewable energy,OffGrid,2010,-
Faroe Islands,Total renewable energy,OffGrid,2011,-
Faroe Islands,Total renewable energy,OffGrid,2012,-
Faroe Islands,Total renewable energy,OffGrid,2013,-
Faroe Islands,Total renewable energy,OffGrid,2014,-
Faroe Islands,Total renewable energy,OffGrid,2015,-
Faroe Islands,Total renewable energy,OffGrid,2016,-
Faroe Islands,Total renewable energy,OffGrid,2017,-
Faroe Islands,Total renewable energy,OffGrid,2018,-
Faroe Islands,Total renewable energy,OffGrid,2019,-
Faroe Islands,Total renewable energy,OffGrid,2020,-
Faroe Islands,Total renewable energy,OffGrid,2021,-
Faroe Islands,Total renewable energy,OffGrid,2022,-
Faroe Islands,Total renewable energy,OffGrid,2023,-
Faroe Islands,Total renewable energy,OffGrid,2024,-
Faroe Islands,Total renewable energy,OffGrid,2025,-
Fiji,Total renewable energy,OnGrid,2000,107.36
Fiji,Total renewable energy,OnGrid,2001,107.36
Fiji,Total renewable energy,OnGrid,2002,107.36
Fiji,Total renewable energy,OnGrid,2003,107.36
Fiji,Total renewable energy,OnGrid,2004,114.1
Fiji,Total renewable energy,OnGrid,2005,114.1
Fiji,Total renewable energy,OnGrid,2006,126.2
Fiji,Total renewable energy,OnGrid,2007,136.38
Fiji,Total renewable energy,OnGrid,2008,145.38
Fiji,Total renewable energy,OnGrid,2009,145.38
Fiji,Total renewable energy,OnGrid,2010,145.38
Fiji,Total renewable energy,OnGrid,2011,145.38
Fiji,Total renewable energy,OnGrid,2012,189.74
Fiji,Total renewable energy,OnGrid,2013,189.74
Fiji,Total renewable energy,OnGrid,2014,190.07
Fiji,Total renewable energy,OnGrid,2015,195.8
Fiji,Total renewable energy,OnGrid,2016,195.8
Fiji,Total renewable energy,OnGrid,2017,210.24
Fiji,Total renewable energy,OnGrid,2018,210.4
Fiji,Total renewable energy,OnGrid,2019,210.4
Fiji,Total renewable energy,OnGrid,2020,210.65
Fiji,Total renewable energy,OnGrid,2021,218.35
Fiji,Total renewable energy,OnGrid,2022,218.5
Fiji,Total renewable energy,OnGrid,2023,218.54
Fiji,Total renewable energy,OnGrid,2024,219.55
Fiji,Total renewable energy,OnGrid,2025,219.55
Fiji,Total renewable energy,OffGrid,2000,1.27
Fiji,Total renewable energy,OffGrid,2001,1.31
Fiji,Total renewable energy,OffGrid,2002,1.34
Fiji,Total renewable energy,OffGrid,2003,1.3
Fiji,Total renewable energy,OffGrid,2004,1.03
Fiji,Total renewable energy,OffGrid,2005,1.1
Fiji,Total renewable energy,OffGrid,2006,1.13
Fiji,Total renewable energy,OffGrid,2007,1.13
Fiji,Total renewable energy,OffGrid,2008,1.17
Fiji,Total renewable energy,OffGrid,2009,1.19
Fiji,Total renewable energy,OffGrid,2010,1.28
Fiji,Total renewable energy,OffGrid,2011,1.32
Fiji,Total renewable energy,OffGrid,2012,1.6
Fiji,Total renewable energy,OffGrid,2013,1.42
Fiji,Total renewable energy,OffGrid,2014,1.66
Fiji,Total renewable energy,OffGrid,2015,2.93
Fiji,Total renewable energy,OffGrid,2016,4.98
Fiji,Total renewable energy,OffGrid,2017,5.15
Fiji,Total renewable energy,OffGrid,2018,5.56
Fiji,Total renewable energy,OffGrid,2019,5.65
Fiji,Total renewable energy,OffGrid,2020,5.76
Fiji,Total renewable energy,OffGrid,2021,6.04
Fiji,Total renewable energy,OffGrid,2022,6.34
Fiji,Total renewable energy,OffGrid,2023,7.32
Fiji,Total renewable energy,OffGrid,2024,7.32
Fiji,Total renewable energy,OffGrid,2025,7.59
Finland,Total renewable energy,OnGrid,2000,4462
Finland,Total renewable energy,OnGrid,2001,4619
Finland,Total renewable energy,OnGrid,2002,4660
Finland,Total renewable energy,OnGrid,2003,4784
Finland,Total renewable energy,OnGrid,2004,4861
Finland,Total renewable energy,OnGrid,2005,4926
Finland,Total renewable energy,OnGrid,2006,4959
Finland,Total renewable energy,OnGrid,2007,5067
Finland,Total renewable energy,OnGrid,2008,5007
Finland,Total renewable energy,OnGrid,2009,4851.5
Finland,Total renewable energy,OnGrid,2010,4929.5
Finland,Total renewable energy,OnGrid,2011,5093.5
Finland,Total renewable energy,OnGrid,2012,5128
Finland,Total renewable energy,OnGrid,2013,5418.5
Finland,Total renewable energy,OnGrid,2014,5674.5
Finland,Total renewable energy,OnGrid,2015,6067
Finland,Total renewable energy,OnGrid,2016,6655
Finland,Total renewable energy,OnGrid,2017,7428
Finland,Total renewable energy,OnGrid,2018,7481
Finland,Total renewable energy,OnGrid,2019,7786
Finland,Total renewable energy,OnGrid,2020,8645
Finland,Total renewable energy,OnGrid,2021,9387
Finland,Total renewable energy,OnGrid,2022,12818
Finland,Total renewable energy,OnGrid,2023,14752.71
Finland,Total renewable energy,OnGrid,2024,16552.33
Finland,Total renewable energy,OnGrid,2025,17942.73
Finland,Total renewable energy,OffGrid,2000,-
Finland,Total renewable energy,OffGrid,2001,-
Finland,Total renewable energy,OffGrid,2002,-
Finland,Total renewable energy,OffGrid,2003,-
Finland,Total renewable energy,OffGrid,2004,-
Finland,Total renewable energy,OffGrid,2005,-
Finland,Total renewable energy,OffGrid,2006,-
Finland,Total renewable energy,OffGrid,2007,-
Finland,Total renewable energy,OffGrid,2008,-
Finland,Total renewable energy,OffGrid,2009,-
Finland,Total renewable energy,OffGrid,2010,-
Finland,Total renewable energy,OffGrid,2011,-
Finland,Total renewable energy,OffGrid,2012,-
Finland,Total renewable energy,OffGrid,2013,-
Finland,Total renewable energy,OffGrid,2014,-
Finland,Total renewable energy,OffGrid,2015,-
Finland,Total renewable energy,OffGrid,2016,-
Finland,Total renewable energy,OffGrid,2017,-
Finland,Total renewable energy,OffGrid,2018,-
Finland,Total renewable energy,OffGrid,2019,-
Finland,Total renewable energy,OffGrid,2020,-
Finland,Total renewable energy,OffGrid,2021,-
Finland,Total renewable energy,OffGrid,2022,-
Finland,Total renewable energy,OffGrid,2023,-
Finland,Total renewable energy,OffGrid,2024,-
Finland,Total renewable energy,OffGrid,2025,-
Fr Guiana,Total renewable energy,OnGrid,2000,113.6
Fr Guiana,Total renewable energy,OnGrid,2001,113.6
Fr Guiana,Total renewable energy,OnGrid,2002,113.6
Fr Guiana,Total renewable energy,OnGrid,2003,113.6
Fr Guiana,Total renewable energy,OnGrid,2004,113.6
Fr Guiana,Total renewable energy,OnGrid,2005,113.66
Fr Guiana,Total renewable energy,OnGrid,2006,113.66
Fr Guiana,Total renewable energy,OnGrid,2007,113.66
Fr Guiana,Total renewable energy,OnGrid,2008,114.08
Fr Guiana,Total renewable energy,OnGrid,2009,115.38
Fr Guiana,Total renewable energy,OnGrid,2010,138.03
Fr Guiana,Total renewable energy,OnGrid,2011,159.88
Fr Guiana,Total renewable energy,OnGrid,2012,160.33
Fr Guiana,Total renewable energy,OnGrid,2013,160.58
Fr Guiana,Total renewable energy,OnGrid,2014,160.79
Fr Guiana,Total renewable energy,OnGrid,2015,170.59
Fr Guiana,Total renewable energy,OnGrid,2016,170.59
Fr Guiana,Total renewable energy,OnGrid,2017,170.65
Fr Guiana,Total renewable energy,OnGrid,2018,170.72
Fr Guiana,Total renewable energy,OnGrid,2019,170.72
Fr Guiana,Total renewable energy,OnGrid,2020,180.74
Fr Guiana,Total renewable energy,OnGrid,2021,186.76
Fr Guiana,Total renewable energy,OnGrid,2022,188.23
Fr Guiana,Total renewable energy,OnGrid,2023,200.02
Fr Guiana,Total renewable energy,OnGrid,2024,204.07
Fr Guiana,Total renewable energy,OnGrid,2025,204.76
Fr Guiana,Total renewable energy,OffGrid,2000,1.15
Fr Guiana,Total renewable energy,OffGrid,2001,1.15
Fr Guiana,Total renewable energy,OffGrid,2002,1.15
Fr Guiana,Total renewable energy,OffGrid,2003,1.15
Fr Guiana,Total renewable energy,OffGrid,2004,1.15
Fr Guiana,Total renewable energy,OffGrid,2005,1.21
Fr Guiana,Total renewable energy,OffGrid,2006,1.21
Fr Guiana,Total renewable energy,OffGrid,2007,1.21
Fr Guiana,Total renewable energy,OffGrid,2008,1.21
Fr Guiana,Total renewable energy,OffGrid,2009,1.21
Fr Guiana,Total renewable energy,OffGrid,2010,1.21
Fr Guiana,Total renewable energy,OffGrid,2011,1.21
Fr Guiana,Total renewable energy,OffGrid,2012,1.21
Fr Guiana,Total renewable energy,OffGrid,2013,1.21
Fr Guiana,Total renewable energy,OffGrid,2014,1.21
Fr Guiana,Total renewable energy,OffGrid,2015,1.21
Fr Guiana,Total renewable energy,OffGrid,2016,1.21
Fr Guiana,Total renewable energy,OffGrid,2017,1.21
Fr Guiana,Total renewable energy,OffGrid,2018,1.21
Fr Guiana,Total renewable energy,OffGrid,2019,1.21
Fr Guiana,Total renewable energy,OffGrid,2020,1.21
Fr Guiana,Total renewable energy,OffGrid,2021,4.21
Fr Guiana,Total renewable energy,OffGrid,2022,4.21
Fr Guiana,Total renewable energy,OffGrid,2023,4.21
Fr Guiana,Total renewable energy,OffGrid,2024,4.21
Fr Guiana,Total renewable energy,OffGrid,2025,4.21
Fr Polynesia,Total renewable energy,OnGrid,2000,47.41
Fr Polynesia,Total renewable energy,OnGrid,2001,47.41
Fr Polynesia,Total renewable energy,OnGrid,2002,47.41
Fr Polynesia,Total renewable energy,OnGrid,2003,47.41
Fr Polynesia,Total renewable energy,OnGrid,2004,47.47
Fr Polynesia,Total renewable energy,OnGrid,2005,47.6
Fr Polynesia,Total renewable energy,OnGrid,2006,47.79
Fr Polynesia,Total renewable energy,OnGrid,2007,47.94
Fr Polynesia,Total renewable energy,OnGrid,2008,48.16
Fr Polynesia,Total renewable energy,OnGrid,2009,48.38
Fr Polynesia,Total renewable energy,OnGrid,2010,48.91
Fr Polynesia,Total renewable energy,OnGrid,2011,56.91
Fr Polynesia,Total renewable energy,OnGrid,2012,60.09
Fr Polynesia,Total renewable energy,OnGrid,2013,64.91
Fr Polynesia,Total renewable energy,OnGrid,2014,70.21
Fr Polynesia,Total renewable energy,OnGrid,2015,74.01
Fr Polynesia,Total renewable energy,OnGrid,2016,76.31
Fr Polynesia,Total renewable energy,OnGrid,2017,79.13
Fr Polynesia,Total renewable energy,OnGrid,2018,82.53
Fr Polynesia,Total renewable energy,OnGrid,2019,86.45
Fr Polynesia,Total renewable energy,OnGrid,2020,89.97
Fr Polynesia,Total renewable energy,OnGrid,2021,91.03
Fr Polynesia,Total renewable energy,OnGrid,2022,98.02
Fr Polynesia,Total renewable energy,OnGrid,2023,98.77
Fr Polynesia,Total renewable energy,OnGrid,2024,126.47
Fr Polynesia,Total renewable energy,OnGrid,2025,126.81
Fr Polynesia,Total renewable energy,OffGrid,2000,0.67
Fr Polynesia,Total renewable energy,OffGrid,2001,0.82
Fr Polynesia,Total renewable energy,OffGrid,2002,0.95
Fr Polynesia,Total renewable energy,OffGrid,2003,1.14
Fr Polynesia,Total renewable energy,OffGrid,2004,1.33
Fr Polynesia,Total renewable energy,OffGrid,2005,1.47
Fr Polynesia,Total renewable energy,OffGrid,2006,1.61
Fr Polynesia,Total renewable energy,OffGrid,2007,1.75
Fr Polynesia,Total renewable energy,OffGrid,2008,2.08
Fr Polynesia,Total renewable energy,OffGrid,2009,2.16
Fr Polynesia,Total renewable energy,OffGrid,2010,1.65
Fr Polynesia,Total renewable energy,OffGrid,2011,1.75
Fr Polynesia,Total renewable energy,OffGrid,2012,1.75
Fr Polynesia,Total renewable energy,OffGrid,2013,1.85
Fr Polynesia,Total renewable energy,OffGrid,2014,2.95
Fr Polynesia,Total renewable energy,OffGrid,2015,3.15
Fr Polynesia,Total renewable energy,OffGrid,2016,3.25
Fr Polynesia,Total renewable energy,OffGrid,2017,3.55
Fr Polynesia,Total renewable energy,OffGrid,2018,3.45
Fr Polynesia,Total renewable energy,OffGrid,2019,3.55
Fr Polynesia,Total renewable energy,OffGrid,2020,3.55
Fr Polynesia,Total renewable energy,OffGrid,2021,3.55
Fr Polynesia,Total renewable energy,OffGrid,2022,3.55
Fr Polynesia,Total renewable energy,OffGrid,2023,3.55
Fr Polynesia,Total renewable energy,OffGrid,2024,3.55
Fr Polynesia,Total renewable energy,OffGrid,2025,3.55
France,Total renewable energy,OnGrid,2000,23987
France,Total renewable energy,OnGrid,2001,24069
France,Total renewable energy,OnGrid,2002,24313.5
France,Total renewable energy,OnGrid,2003,24426.5
France,Total renewable energy,OnGrid,2004,24508.5
France,Total renewable energy,OnGrid,2005,24881
France,Total renewable energy,OnGrid,2006,25650.5
France,Total renewable energy,OnGrid,2007,26542
France,Total renewable energy,OnGrid,2008,27800.5
France,Total renewable energy,OnGrid,2009,29292.5
France,Total renewable energy,OnGrid,2010,31716.5
France,Total renewable energy,OnGrid,2011,34977.94
France,Total renewable energy,OnGrid,2012,37255.78
France,Total renewable energy,OnGrid,2013,38789.89
France,Total renewable energy,OnGrid,2014,40599.63
France,Total renewable energy,OnGrid,2015,42695.67
France,Total renewable energy,OnGrid,2016,44663.24
France,Total renewable energy,OnGrid,2017,46936.44
France,Total renewable energy,OnGrid,2018,49738.05
France,Total renewable energy,OnGrid,2019,52539.46
France,Total renewable energy,OnGrid,2020,54661.47
France,Total renewable energy,OnGrid,2021,58756.16
France,Total renewable energy,OnGrid,2022,63822.21
France,Total renewable energy,OnGrid,2023,69573.33
France,Total renewable energy,OnGrid,2024,76040.55
France,Total renewable energy,OnGrid,2025,83258.09
France,Total renewable energy,OffGrid,2000,-
France,Total renewable energy,OffGrid,2001,-
France,Total renewable energy,OffGrid,2002,-
France,Total renewable energy,OffGrid,2003,-
France,Total renewable energy,OffGrid,2004,-
France,Total renewable energy,OffGrid,2005,-
France,Total renewable energy,OffGrid,2006,-
France,Total renewable energy,OffGrid,2007,-
France,Total renewable energy,OffGrid,2008,-
France,Total renewable energy,OffGrid,2009,-
France,Total renewable energy,OffGrid,2010,-
France,Total renewable energy,OffGrid,2011,-
France,Total renewable energy,OffGrid,2012,-
France,Total renewable energy,OffGrid,2013,-
France,Total renewable energy,OffGrid,2014,-
France,Total renewable energy,OffGrid,2015,-
France,Total renewable energy,OffGrid,2016,-
France,Total renewable energy,OffGrid,2017,-
France,Total renewable energy,OffGrid,2018,33.42
France,Total renewable energy,OffGrid,2019,69.49
France,Total renewable energy,OffGrid,2020,243.77
France,Total renewable energy,OffGrid,2021,373.41
France,Total renewable energy,OffGrid,2022,373.41
France,Total renewable energy,OffGrid,2023,373.41
France,Total renewable energy,OffGrid,2024,373.41
France,Total renewable energy,OffGrid,2025,373.41
Gabon,Total renewable energy,OnGrid,2000,170.7
Gabon,Total renewable energy,OnGrid,2001,170.7
Gabon,Total renewable energy,OnGrid,2002,170.6
Gabon,Total renewable energy,OnGrid,2003,171
Gabon,Total renewable energy,OnGrid,2004,171
Gabon,Total renewable energy,OnGrid,2005,170
Gabon,Total renewable energy,OnGrid,2006,170
Gabon,Total renewable energy,OnGrid,2007,170
Gabon,Total renewable energy,OnGrid,2008,170
Gabon,Total renewable energy,OnGrid,2009,170
Gabon,Total renewable energy,OnGrid,2010,170
Gabon,Total renewable energy,OnGrid,2011,170
Gabon,Total renewable energy,OnGrid,2012,170
Gabon,Total renewable energy,OnGrid,2013,170
Gabon,Total renewable energy,OnGrid,2014,170
Gabon,Total renewable energy,OnGrid,2015,170
Gabon,Total renewable energy,OnGrid,2016,170
Gabon,Total renewable energy,OnGrid,2017,171
Gabon,Total renewable energy,OnGrid,2018,171.53
Gabon,Total renewable energy,OnGrid,2019,319
Gabon,Total renewable energy,OnGrid,2020,319
Gabon,Total renewable energy,OnGrid,2021,319
Gabon,Total renewable energy,OnGrid,2022,319
Gabon,Total renewable energy,OnGrid,2023,319
Gabon,Total renewable energy,OnGrid,2024,330
Gabon,Total renewable energy,OnGrid,2025,330
Gabon,Total renewable energy,OffGrid,2000,0.58
Gabon,Total renewable energy,OffGrid,2001,0.58
Gabon,Total renewable energy,OffGrid,2002,0.58
Gabon,Total renewable energy,OffGrid,2003,0.58
Gabon,Total renewable energy,OffGrid,2004,0.58
Gabon,Total renewable energy,OffGrid,2005,0.58
Gabon,Total renewable energy,OffGrid,2006,0.58
Gabon,Total renewable energy,OffGrid,2007,0.58
Gabon,Total renewable energy,OffGrid,2008,0.58
Gabon,Total renewable energy,OffGrid,2009,0.6
Gabon,Total renewable energy,OffGrid,2010,0.6
Gabon,Total renewable energy,OffGrid,2011,0.6
Gabon,Total renewable energy,OffGrid,2012,0.6
Gabon,Total renewable energy,OffGrid,2013,0.63
Gabon,Total renewable energy,OffGrid,2014,0.63
Gabon,Total renewable energy,OffGrid,2015,1.84
Gabon,Total renewable energy,OffGrid,2016,1.85
Gabon,Total renewable energy,OffGrid,2017,1.86
Gabon,Total renewable energy,OffGrid,2018,1.87
Gabon,Total renewable energy,OffGrid,2019,1.88
Gabon,Total renewable energy,OffGrid,2020,1.87
Gabon,Total renewable energy,OffGrid,2021,2.27
Gabon,Total renewable energy,OffGrid,2022,2.29
Gabon,Total renewable energy,OffGrid,2023,2.28
Gabon,Total renewable energy,OffGrid,2024,2.27
Gabon,Total renewable energy,OffGrid,2025,2.27
Gambia,Total renewable energy,OnGrid,2000,-
Gambia,Total renewable energy,OnGrid,2001,-
Gambia,Total renewable energy,OnGrid,2002,-
Gambia,Total renewable energy,OnGrid,2003,-
Gambia,Total renewable energy,OnGrid,2004,-
Gambia,Total renewable energy,OnGrid,2005,-
Gambia,Total renewable energy,OnGrid,2006,-
Gambia,Total renewable energy,OnGrid,2007,-
Gambia,Total renewable energy,OnGrid,2008,-
Gambia,Total renewable energy,OnGrid,2009,0.15
Gambia,Total renewable energy,OnGrid,2010,0.15
Gambia,Total renewable energy,OnGrid,2011,0.15
Gambia,Total renewable energy,OnGrid,2012,1.05
Gambia,Total renewable energy,OnGrid,2013,1.08
Gambia,Total renewable energy,OnGrid,2014,1.32
Gambia,Total renewable energy,OnGrid,2015,1.38
Gambia,Total renewable energy,OnGrid,2016,1.39
Gambia,Total renewable energy,OnGrid,2017,1.39
Gambia,Total renewable energy,OnGrid,2018,1.39
Gambia,Total renewable energy,OnGrid,2019,1.89
Gambia,Total renewable energy,OnGrid,2020,1.89
Gambia,Total renewable energy,OnGrid,2021,1.89
Gambia,Total renewable energy,OnGrid,2022,1.89
Gambia,Total renewable energy,OnGrid,2023,1.89
Gambia,Total renewable energy,OnGrid,2024,24.89
Gambia,Total renewable energy,OnGrid,2025,24.89
Gambia,Total renewable energy,OffGrid,2000,-
Gambia,Total renewable energy,OffGrid,2001,-
Gambia,Total renewable energy,OffGrid,2002,-
Gambia,Total renewable energy,OffGrid,2003,-
Gambia,Total renewable energy,OffGrid,2004,-
Gambia,Total renewable energy,OffGrid,2005,-
Gambia,Total renewable energy,OffGrid,2006,-
Gambia,Total renewable energy,OffGrid,2007,0.07
Gambia,Total renewable energy,OffGrid,2008,0.07
Gambia,Total renewable energy,OffGrid,2009,0.07
Gambia,Total renewable energy,OffGrid,2010,0.07
Gambia,Total renewable energy,OffGrid,2011,0.18
Gambia,Total renewable energy,OffGrid,2012,0.19
Gambia,Total renewable energy,OffGrid,2013,0.19
Gambia,Total renewable energy,OffGrid,2014,0.25
Gambia,Total renewable energy,OffGrid,2015,0.34
Gambia,Total renewable energy,OffGrid,2016,0.49
Gambia,Total renewable energy,OffGrid,2017,1
Gambia,Total renewable energy,OffGrid,2018,1.14
Gambia,Total renewable energy,OffGrid,2019,1.15
Gambia,Total renewable energy,OffGrid,2020,1.14
Gambia,Total renewable energy,OffGrid,2021,1.13
Gambia,Total renewable energy,OffGrid,2022,1.05
Gambia,Total renewable energy,OffGrid,2023,1.05
Gambia,Total renewable energy,OffGrid,2024,1.06
Gambia,Total renewable energy,OffGrid,2025,1.06
Georgia,Total renewable energy,OnGrid,2000,2560.74
Georgia,Total renewable energy,OnGrid,2001,2560.74
Georgia,Total renewable energy,OnGrid,2002,2560.74
Georgia,Total renewable energy,OnGrid,2003,2560.74
Georgia,Total renewable energy,OnGrid,2004,2560.74
Georgia,Total renewable energy,OnGrid,2005,2560.74
Georgia,Total renewable energy,OnGrid,2006,2584.74
Georgia,Total renewable energy,OnGrid,2007,2704.01
Georgia,Total renewable energy,OnGrid,2008,2713.26
Georgia,Total renewable energy,OnGrid,2009,2718.16
Georgia,Total renewable energy,OnGrid,2010,2598
Georgia,Total renewable energy,OnGrid,2011,2598
Georgia,Total renewable energy,OnGrid,2012,2645
Georgia,Total renewable energy,OnGrid,2013,2663
Georgia,Total renewable energy,OnGrid,2014,2800
Georgia,Total renewable energy,OnGrid,2015,2802
Georgia,Total renewable energy,OnGrid,2016,3180.14
Georgia,Total renewable energy,OnGrid,2017,3133.29
Georgia,Total renewable energy,OnGrid,2018,3240.78
Georgia,Total renewable energy,OnGrid,2019,3323.27
Georgia,Total renewable energy,OnGrid,2020,3348.24
Georgia,Total renewable energy,OnGrid,2021,3393.15
Georgia,Total renewable energy,OnGrid,2022,3434.74
Georgia,Total renewable energy,OnGrid,2023,3534.6
Georgia,Total renewable energy,OnGrid,2024,3572.95
Georgia,Total renewable energy,OnGrid,2025,3852.36
Georgia,Total renewable energy,OffGrid,2000,-
Georgia,Total renewable energy,OffGrid,2001,-
Georgia,Total renewable energy,OffGrid,2002,-
Georgia,Total renewable energy,OffGrid,2003,-
Georgia,Total renewable energy,OffGrid,2004,-
Georgia,Total renewable energy,OffGrid,2005,-
Georgia,Total renewable energy,OffGrid,2006,-
Georgia,Total renewable energy,OffGrid,2007,-
Georgia,Total renewable energy,OffGrid,2008,-
Georgia,Total renewable energy,OffGrid,2009,-
Georgia,Total renewable energy,OffGrid,2010,-
Georgia,Total renewable energy,OffGrid,2011,-
Georgia,Total renewable energy,OffGrid,2012,-
Georgia,Total renewable energy,OffGrid,2013,-
Georgia,Total renewable energy,OffGrid,2014,-
Georgia,Total renewable energy,OffGrid,2015,-
Georgia,Total renewable energy,OffGrid,2016,0.25
Georgia,Total renewable energy,OffGrid,2017,0.25
Georgia,Total renewable energy,OffGrid,2018,0.26
Georgia,Total renewable energy,OffGrid,2019,0.66
Georgia,Total renewable energy,OffGrid,2020,0.66
Georgia,Total renewable energy,OffGrid,2021,0.66
Georgia,Total renewable energy,OffGrid,2022,0.66
Georgia,Total renewable energy,OffGrid,2023,0.66
Georgia,Total renewable energy,OffGrid,2024,0.66
Georgia,Total renewable energy,OffGrid,2025,0.66
Germany,Total renewable energy,OnGrid,2000,11806.5
Germany,Total renewable energy,OnGrid,2001,14827.5
Germany,Total renewable energy,OnGrid,2002,18361.5
Germany,Total renewable energy,OnGrid,2003,21658
Germany,Total renewable energy,OnGrid,2004,24875.7
Germany,Total renewable energy,OnGrid,2005,28475.2
Germany,Total renewable energy,OnGrid,2006,32218.7
Germany,Total renewable energy,OnGrid,2007,35427
Germany,Total renewable energy,OnGrid,2008,38448
Germany,Total renewable energy,OnGrid,2009,47233.5
Germany,Total renewable energy,OnGrid,2010,56545
Germany,Total renewable energy,OnGrid,2011,67421
Germany,Total renewable energy,OnGrid,2012,78149.5
Germany,Total renewable energy,OnGrid,2013,83766
Germany,Total renewable energy,OnGrid,2014,90325
Germany,Total renewable energy,OnGrid,2015,97851
Germany,Total renewable energy,OnGrid,2016,104435.5
Germany,Total renewable energy,OnGrid,2017,112514
Germany,Total renewable energy,OnGrid,2018,118904.5
Germany,Total renewable energy,OnGrid,2019,125068
Germany,Total renewable energy,OnGrid,2020,131686
Germany,Total renewable energy,OnGrid,2021,139076.5
Germany,Total renewable energy,OnGrid,2022,142842
Germany,Total renewable energy,OnGrid,2023,160474.5
Germany,Total renewable energy,OnGrid,2024,179432
Germany,Total renewable energy,OnGrid,2025,199916.5
Germany,Total renewable energy,OffGrid,2000,-
Germany,Total renewable energy,OffGrid,2001,-
Germany,Total renewable energy,OffGrid,2002,-
Germany,Total renewable energy,OffGrid,2003,-
Germany,Total renewable energy,OffGrid,2004,-
Germany,Total renewable energy,OffGrid,2005,-
Germany,Total renewable energy,OffGrid,2006,-
Germany,Total renewable energy,OffGrid,2007,-
Germany,Total renewable energy,OffGrid,2008,-
Germany,Total renewable energy,OffGrid,2009,-
Germany,Total renewable energy,OffGrid,2010,-
Germany,Total renewable energy,OffGrid,2011,-
Germany,Total renewable energy,OffGrid,2012,-
Germany,Total renewable energy,OffGrid,2013,-
Germany,Total renewable energy,OffGrid,2014,-
Germany,Total renewable energy,OffGrid,2015,-
Germany,Total renewable energy,OffGrid,2016,-
Germany,Total renewable energy,OffGrid,2017,-
Germany,Total renewable energy,OffGrid,2018,-
Germany,Total renewable energy,OffGrid,2019,-
Germany,Total renewable energy,OffGrid,2020,-
Germany,Total renewable energy,OffGrid,2021,-
Germany,Total renewable energy,OffGrid,2022,-
Germany,Total renewable energy,OffGrid,2023,-
Germany,Total renewable energy,OffGrid,2024,-
Germany,Total renewable energy,OffGrid,2025,-
Ghana,Total renewable energy,OnGrid,2000,1072
Ghana,Total renewable energy,OnGrid,2001,1072
Ghana,Total renewable energy,OnGrid,2002,1072
Ghana,Total renewable energy,OnGrid,2003,1072
Ghana,Total renewable energy,OnGrid,2004,1180
Ghana,Total renewable energy,OnGrid,2005,1180
Ghana,Total renewable energy,OnGrid,2006,1180
Ghana,Total renewable energy,OnGrid,2007,1180
Ghana,Total renewable energy,OnGrid,2008,1180
Ghana,Total renewable energy,OnGrid,2009,1180
Ghana,Total renewable energy,OnGrid,2010,1180
Ghana,Total renewable energy,OnGrid,2011,1180
Ghana,Total renewable energy,OnGrid,2012,1180
Ghana,Total renewable energy,OnGrid,2013,1583
Ghana,Total renewable energy,OnGrid,2014,1582.94
Ghana,Total renewable energy,OnGrid,2015,1607.3
Ghana,Total renewable energy,OnGrid,2016,1610.03
Ghana,Total renewable energy,OnGrid,2017,1614.39
Ghana,Total renewable energy,OnGrid,2018,1643.93
Ghana,Total renewable energy,OnGrid,2019,1653.96
Ghana,Total renewable energy,OnGrid,2020,1678.12
Ghana,Total renewable energy,OnGrid,2021,1735.2
Ghana,Total renewable energy,OnGrid,2022,1738.3
Ghana,Total renewable energy,OnGrid,2023,1757.51
Ghana,Total renewable energy,OnGrid,2024,1757.51
Ghana,Total renewable energy,OnGrid,2025,1757.51
Ghana,Total renewable energy,OffGrid,2000,5.77
Ghana,Total renewable energy,OffGrid,2001,5.77
Ghana,Total renewable energy,OffGrid,2002,5.77
Ghana,Total renewable energy,OffGrid,2003,5.77
Ghana,Total renewable energy,OffGrid,2004,5.77
Ghana,Total renewable energy,OffGrid,2005,5.77
Ghana,Total renewable energy,OffGrid,2006,4.1
Ghana,Total renewable energy,OffGrid,2007,4.1
Ghana,Total renewable energy,OffGrid,2008,6.77
Ghana,Total renewable energy,OffGrid,2009,6.77
Ghana,Total renewable energy,OffGrid,2010,6.77
Ghana,Total renewable energy,OffGrid,2011,6.77
Ghana,Total renewable energy,OffGrid,2012,6.77
Ghana,Total renewable energy,OffGrid,2013,6.92
Ghana,Total renewable energy,OffGrid,2014,13.23
Ghana,Total renewable energy,OffGrid,2015,18.29
Ghana,Total renewable energy,OffGrid,2016,19.8
Ghana,Total renewable energy,OffGrid,2017,21.01
Ghana,Total renewable energy,OffGrid,2018,21.12
Ghana,Total renewable energy,OffGrid,2019,20.93
Ghana,Total renewable energy,OffGrid,2020,20.27
Ghana,Total renewable energy,OffGrid,2021,20.35
Ghana,Total renewable energy,OffGrid,2022,20.34
Ghana,Total renewable energy,OffGrid,2023,20.45
Ghana,Total renewable energy,OffGrid,2024,20.5
Ghana,Total renewable energy,OffGrid,2025,20.5
Greece,Total renewable energy,OnGrid,2000,3299
Greece,Total renewable energy,OnGrid,2001,3369
Greece,Total renewable energy,OnGrid,2002,3388
Greece,Total renewable energy,OnGrid,2003,3473
Greece,Total renewable energy,OnGrid,2004,3594
Greece,Total renewable energy,OnGrid,2005,3622
Greece,Total renewable energy,OnGrid,2006,3912
Greece,Total renewable energy,OnGrid,2007,4044
Greece,Total renewable energy,OnGrid,2008,4250
Greece,Total renewable energy,OnGrid,2009,4458
Greece,Total renewable energy,OnGrid,2010,4756
Greece,Total renewable energy,OnGrid,2011,5521
Greece,Total renewable energy,OnGrid,2012,6570
Greece,Total renewable energy,OnGrid,2013,7672
Greece,Total renewable energy,OnGrid,2014,8010
Greece,Total renewable energy,OnGrid,2015,8138
Greece,Total renewable energy,OnGrid,2016,8424
Greece,Total renewable energy,OnGrid,2017,8631.62
Greece,Total renewable energy,OnGrid,2018,8959.56
Greece,Total renewable energy,OnGrid,2019,9842.68
Greece,Total renewable energy,OnGrid,2020,10807.38
Greece,Total renewable energy,OnGrid,2021,12252.04
Greece,Total renewable energy,OnGrid,2022,13354.93
Greece,Total renewable energy,OnGrid,2023,15517.63
Greece,Total renewable energy,OnGrid,2024,17822.34
Greece,Total renewable energy,OnGrid,2025,20456.34
Greece,Total renewable energy,OffGrid,2000,-
Greece,Total renewable energy,OffGrid,2001,-
Greece,Total renewable energy,OffGrid,2002,-
Greece,Total renewable energy,OffGrid,2003,-
Greece,Total renewable energy,OffGrid,2004,-
Greece,Total renewable energy,OffGrid,2005,-
Greece,Total renewable energy,OffGrid,2006,-
Greece,Total renewable energy,OffGrid,2007,-
Greece,Total renewable energy,OffGrid,2008,-
Greece,Total renewable energy,OffGrid,2009,-
Greece,Total renewable energy,OffGrid,2010,-
Greece,Total renewable energy,OffGrid,2011,-
Greece,Total renewable energy,OffGrid,2012,-
Greece,Total renewable energy,OffGrid,2013,-
Greece,Total renewable energy,OffGrid,2014,-
Greece,Total renewable energy,OffGrid,2015,-
Greece,Total renewable energy,OffGrid,2016,-
Greece,Total renewable energy,OffGrid,2017,-
Greece,Total renewable energy,OffGrid,2018,-
Greece,Total renewable energy,OffGrid,2019,-
Greece,Total renewable energy,OffGrid,2020,-
Greece,Total renewable energy,OffGrid,2021,-
Greece,Total renewable energy,OffGrid,2022,-
Greece,Total renewable energy,OffGrid,2023,-
Greece,Total renewable energy,OffGrid,2024,-
Greece,Total renewable energy,OffGrid,2025,-
Greenland,Total renewable energy,OnGrid,2000,30.58
Greenland,Total renewable energy,OnGrid,2001,30.58
Greenland,Total renewable energy,OnGrid,2002,30.58
Greenland,Total renewable energy,OnGrid,2003,30.58
Greenland,Total renewable energy,OnGrid,2004,31.78
Greenland,Total renewable energy,OnGrid,2005,31.78
Greenland,Total renewable energy,OnGrid,2006,31.78
Greenland,Total renewable energy,OnGrid,2007,39.38
Greenland,Total renewable energy,OnGrid,2008,54.38
Greenland,Total renewable energy,OnGrid,2009,54.38
Greenland,Total renewable energy,OnGrid,2010,69.38
Greenland,Total renewable energy,OnGrid,2011,69.38
Greenland,Total renewable energy,OnGrid,2012,91.88
Greenland,Total renewable energy,OnGrid,2013,91.88
Greenland,Total renewable energy,OnGrid,2014,91.88
Greenland,Total renewable energy,OnGrid,2015,91.88
Greenland,Total renewable energy,OnGrid,2016,91.88
Greenland,Total renewable energy,OnGrid,2017,91.88
Greenland,Total renewable energy,OnGrid,2018,91.88
Greenland,Total renewable energy,OnGrid,2019,91.88
Greenland,Total renewable energy,OnGrid,2020,91.88
Greenland,Total renewable energy,OnGrid,2021,91.88
Greenland,Total renewable energy,OnGrid,2022,91.88
Greenland,Total renewable energy,OnGrid,2023,91.88
Greenland,Total renewable energy,OnGrid,2024,91.88
Greenland,Total renewable energy,OnGrid,2025,91.88
Greenland,Total renewable energy,OffGrid,2000,-
Greenland,Total renewable energy,OffGrid,2001,-
Greenland,Total renewable energy,OffGrid,2002,-
Greenland,Total renewable energy,OffGrid,2003,-
Greenland,Total renewable energy,OffGrid,2004,-
Greenland,Total renewable energy,OffGrid,2005,-
Greenland,Total renewable energy,OffGrid,2006,-
Greenland,Total renewable energy,OffGrid,2007,-
Greenland,Total renewable energy,OffGrid,2008,-
Greenland,Total renewable energy,OffGrid,2009,-
Greenland,Total renewable energy,OffGrid,2010,-
Greenland,Total renewable energy,OffGrid,2011,-
Greenland,Total renewable energy,OffGrid,2012,-
Greenland,Total renewable energy,OffGrid,2013,-
Greenland,Total renewable energy,OffGrid,2014,-
Greenland,Total renewable energy,OffGrid,2015,-
Greenland,Total renewable energy,OffGrid,2016,-
Greenland,Total renewable energy,OffGrid,2017,-
Greenland,Total renewable energy,OffGrid,2018,0.19
Greenland,Total renewable energy,OffGrid,2019,0.19
Greenland,Total renewable energy,OffGrid,2020,0.39
Greenland,Total renewable energy,OffGrid,2021,0.64
Greenland,Total renewable energy,OffGrid,2022,0.68
Greenland,Total renewable energy,OffGrid,2023,0.68
Greenland,Total renewable energy,OffGrid,2024,0.8
Greenland,Total renewable energy,OffGrid,2025,0.8
Grenada,Total renewable energy,OnGrid,2000,-
Grenada,Total renewable energy,OnGrid,2001,-
Grenada,Total renewable energy,OnGrid,2002,-
Grenada,Total renewable energy,OnGrid,2003,-
Grenada,Total renewable energy,OnGrid,2004,-
Grenada,Total renewable energy,OnGrid,2005,-
Grenada,Total renewable energy,OnGrid,2006,-
Grenada,Total renewable energy,OnGrid,2007,0
Grenada,Total renewable energy,OnGrid,2008,0.15
Grenada,Total renewable energy,OnGrid,2009,0.19
Grenada,Total renewable energy,OnGrid,2010,0.26
Grenada,Total renewable energy,OnGrid,2011,0.35
Grenada,Total renewable energy,OnGrid,2012,0.39
Grenada,Total renewable energy,OnGrid,2013,0.6
Grenada,Total renewable energy,OnGrid,2014,0.78
Grenada,Total renewable energy,OnGrid,2015,1.1
Grenada,Total renewable energy,OnGrid,2016,2.27
Grenada,Total renewable energy,OnGrid,2017,2.36
Grenada,Total renewable energy,OnGrid,2018,2.74
Grenada,Total renewable energy,OnGrid,2019,3.35
Grenada,Total renewable energy,OnGrid,2020,3.68
Grenada,Total renewable energy,OnGrid,2021,3.73
Grenada,Total renewable energy,OnGrid,2022,3.73
Grenada,Total renewable energy,OnGrid,2023,3.86
Grenada,Total renewable energy,OnGrid,2024,3.86
Grenada,Total renewable energy,OnGrid,2025,3.86
Grenada,Total renewable energy,OffGrid,2000,-
Grenada,Total renewable energy,OffGrid,2001,-
Grenada,Total renewable energy,OffGrid,2002,-
Grenada,Total renewable energy,OffGrid,2003,-
Grenada,Total renewable energy,OffGrid,2004,-
Grenada,Total renewable energy,OffGrid,2005,-
Grenada,Total renewable energy,OffGrid,2006,-
Grenada,Total renewable energy,OffGrid,2007,-
Grenada,Total renewable energy,OffGrid,2008,-
Grenada,Total renewable energy,OffGrid,2009,-
Grenada,Total renewable energy,OffGrid,2010,-
Grenada,Total renewable energy,OffGrid,2011,-
Grenada,Total renewable energy,OffGrid,2012,-
Grenada,Total renewable energy,OffGrid,2013,-
Grenada,Total renewable energy,OffGrid,2014,-
Grenada,Total renewable energy,OffGrid,2015,-
Grenada,Total renewable energy,OffGrid,2016,-
Grenada,Total renewable energy,OffGrid,2017,-
Grenada,Total renewable energy,OffGrid,2018,-
Grenada,Total renewable energy,OffGrid,2019,-
Grenada,Total renewable energy,OffGrid,2020,-
Grenada,Total renewable energy,OffGrid,2021,-
Grenada,Total renewable energy,OffGrid,2022,-
Grenada,Total renewable energy,OffGrid,2023,-
Grenada,Total renewable energy,OffGrid,2024,-
Grenada,Total renewable energy,OffGrid,2025,-
Guadeloupe,Total renewable energy,OnGrid,2000,47.31
Guadeloupe,Total renewable energy,OnGrid,2001,50.61
Guadeloupe,Total renewable energy,OnGrid,2002,53.51
Guadeloupe,Total renewable energy,OnGrid,2003,59.52
Guadeloupe,Total renewable energy,OnGrid,2004,59.79
Guadeloupe,Total renewable energy,OnGrid,2005,70.85
Guadeloupe,Total renewable energy,OnGrid,2006,74.14
Guadeloupe,Total renewable energy,OnGrid,2007,78.17
Guadeloupe,Total renewable energy,OnGrid,2008,82.1
Guadeloupe,Total renewable energy,OnGrid,2009,88.14
Guadeloupe,Total renewable energy,OnGrid,2010,101.8
Guadeloupe,Total renewable energy,OnGrid,2011,134.39
Guadeloupe,Total renewable energy,OnGrid,2012,145.4
Guadeloupe,Total renewable energy,OnGrid,2013,147.2
Guadeloupe,Total renewable energy,OnGrid,2014,146.12
Guadeloupe,Total renewable energy,OnGrid,2015,150.36
Guadeloupe,Total renewable energy,OnGrid,2016,151.38
Guadeloupe,Total renewable energy,OnGrid,2017,155.91
Guadeloupe,Total renewable energy,OnGrid,2018,174.73
Guadeloupe,Total renewable energy,OnGrid,2019,190.89
Guadeloupe,Total renewable energy,OnGrid,2020,205.69
Guadeloupe,Total renewable energy,OnGrid,2021,217.88
Guadeloupe,Total renewable energy,OnGrid,2022,225.04
Guadeloupe,Total renewable energy,OnGrid,2023,227.31
Guadeloupe,Total renewable energy,OnGrid,2024,228.31
Guadeloupe,Total renewable energy,OnGrid,2025,238.48
Guadeloupe,Total renewable energy,OffGrid,2000,-
Guadeloupe,Total renewable energy,OffGrid,2001,-
Guadeloupe,Total renewable energy,OffGrid,2002,-
Guadeloupe,Total renewable energy,OffGrid,2003,-
Guadeloupe,Total renewable energy,OffGrid,2004,-
Guadeloupe,Total renewable energy,OffGrid,2005,-
Guadeloupe,Total renewable energy,OffGrid,2006,-
Guadeloupe,Total renewable energy,OffGrid,2007,-
Guadeloupe,Total renewable energy,OffGrid,2008,-
Guadeloupe,Total renewable energy,OffGrid,2009,-
Guadeloupe,Total renewable energy,OffGrid,2010,-
Guadeloupe,Total renewable energy,OffGrid,2011,-
Guadeloupe,Total renewable energy,OffGrid,2012,-
Guadeloupe,Total renewable energy,OffGrid,2013,-
Guadeloupe,Total renewable energy,OffGrid,2014,-
Guadeloupe,Total renewable energy,OffGrid,2015,-
Guadeloupe,Total renewable energy,OffGrid,2016,-
Guadeloupe,Total renewable energy,OffGrid,2017,-
Guadeloupe,Total renewable energy,OffGrid,2018,-
Guadeloupe,Total renewable energy,OffGrid,2019,-
Guadeloupe,Total renewable energy,OffGrid,2020,-
Guadeloupe,Total renewable energy,OffGrid,2021,-
Guadeloupe,Total renewable energy,OffGrid,2022,-
Guadeloupe,Total renewable energy,OffGrid,2023,-
Guadeloupe,Total renewable energy,OffGrid,2024,-
Guadeloupe,Total renewable energy,OffGrid,2025,-
Guam,Total renewable energy,OnGrid,2000,-
Guam,Total renewable energy,OnGrid,2001,-
Guam,Total renewable energy,OnGrid,2002,-
Guam,Total renewable energy,OnGrid,2003,-
Guam,Total renewable energy,OnGrid,2004,-
Guam,Total renewable energy,OnGrid,2005,-
Guam,Total renewable energy,OnGrid,2006,-
Guam,Total renewable energy,OnGrid,2007,-
Guam,Total renewable energy,OnGrid,2008,-
Guam,Total renewable energy,OnGrid,2009,0.05
Guam,Total renewable energy,OnGrid,2010,0.09
Guam,Total renewable energy,OnGrid,2011,0.14
Guam,Total renewable energy,OnGrid,2012,0.32
Guam,Total renewable energy,OnGrid,2013,0.81
Guam,Total renewable energy,OnGrid,2014,1.44
Guam,Total renewable energy,OnGrid,2015,31.95
Guam,Total renewable energy,OnGrid,2016,34.92
Guam,Total renewable energy,OnGrid,2017,36.58
Guam,Total renewable energy,OnGrid,2018,38.35
Guam,Total renewable energy,OnGrid,2019,40.01
Guam,Total renewable energy,OnGrid,2020,41.66
Guam,Total renewable energy,OnGrid,2021,43.31
Guam,Total renewable energy,OnGrid,2022,104.96
Guam,Total renewable energy,OnGrid,2023,105.07
Guam,Total renewable energy,OnGrid,2024,105.07
Guam,Total renewable energy,OnGrid,2025,105.07
Guam,Total renewable energy,OffGrid,2000,-
Guam,Total renewable energy,OffGrid,2001,-
Guam,Total renewable energy,OffGrid,2002,-
Guam,Total renewable energy,OffGrid,2003,-
Guam,Total renewable energy,OffGrid,2004,-
Guam,Total renewable energy,OffGrid,2005,-
Guam,Total renewable energy,OffGrid,2006,-
Guam,Total renewable energy,OffGrid,2007,-
Guam,Total renewable energy,OffGrid,2008,-
Guam,Total renewable energy,OffGrid,2009,-
Guam,Total renewable energy,OffGrid,2010,-
Guam,Total renewable energy,OffGrid,2011,-
Guam,Total renewable energy,OffGrid,2012,-
Guam,Total renewable energy,OffGrid,2013,-
Guam,Total renewable energy,OffGrid,2014,-
Guam,Total renewable energy,OffGrid,2015,-
Guam,Total renewable energy,OffGrid,2016,-
Guam,Total renewable energy,OffGrid,2017,-
Guam,Total renewable energy,OffGrid,2018,-
Guam,Total renewable energy,OffGrid,2019,-
Guam,Total renewable energy,OffGrid,2020,-
Guam,Total renewable energy,OffGrid,2021,-
Guam,Total renewable energy,OffGrid,2022,-
Guam,Total renewable energy,OffGrid,2023,-
Guam,Total renewable energy,OffGrid,2024,-
Guam,Total renewable energy,OffGrid,2025,-
Guatemala,Total renewable energy,OnGrid,2000,722.5
Guatemala,Total renewable energy,OnGrid,2001,749.7
Guatemala,Total renewable energy,OnGrid,2002,852.4
Guatemala,Total renewable energy,OnGrid,2003,878.3
Guatemala,Total renewable energy,OnGrid,2004,965.7
Guatemala,Total renewable energy,OnGrid,2005,1072
Guatemala,Total renewable energy,OnGrid,2006,1129.7
Guatemala,Total renewable energy,OnGrid,2007,1180.72
Guatemala,Total renewable energy,OnGrid,2008,1233.6
Guatemala,Total renewable energy,OnGrid,2009,1235.6
Guatemala,Total renewable energy,OnGrid,2010,1341.9
Guatemala,Total renewable energy,OnGrid,2011,1420.2
Guatemala,Total renewable energy,OnGrid,2012,1571.8
Guatemala,Total renewable energy,OnGrid,2013,1650.62
Guatemala,Total renewable energy,OnGrid,2014,1787.1
Guatemala,Total renewable energy,OnGrid,2015,2174.98
Guatemala,Total renewable energy,OnGrid,2016,2594.6
Guatemala,Total renewable energy,OnGrid,2017,2682.95
Guatemala,Total renewable energy,OnGrid,2018,2831.63
Guatemala,Total renewable energy,OnGrid,2019,2862.07
Guatemala,Total renewable energy,OnGrid,2020,2862.52
Guatemala,Total renewable energy,OnGrid,2021,2691.28
Guatemala,Total renewable energy,OnGrid,2022,2696.58
Guatemala,Total renewable energy,OnGrid,2023,2702.38
Guatemala,Total renewable energy,OnGrid,2024,2702.38
Guatemala,Total renewable energy,OnGrid,2025,2702.38
Guatemala,Total renewable energy,OffGrid,2000,-
Guatemala,Total renewable energy,OffGrid,2001,-
Guatemala,Total renewable energy,OffGrid,2002,-
Guatemala,Total renewable energy,OffGrid,2003,-
Guatemala,Total renewable energy,OffGrid,2004,-
Guatemala,Total renewable energy,OffGrid,2005,-
Guatemala,Total renewable energy,OffGrid,2006,0.09
Guatemala,Total renewable energy,OffGrid,2007,0.26
Guatemala,Total renewable energy,OffGrid,2008,0.26
Guatemala,Total renewable energy,OffGrid,2009,0.26
Guatemala,Total renewable energy,OffGrid,2010,0.26
Guatemala,Total renewable energy,OffGrid,2011,0.38
Guatemala,Total renewable energy,OffGrid,2012,0.46
Guatemala,Total renewable energy,OffGrid,2013,0.46
Guatemala,Total renewable energy,OffGrid,2014,0.57
Guatemala,Total renewable energy,OffGrid,2015,0.66
Guatemala,Total renewable energy,OffGrid,2016,0.79
Guatemala,Total renewable energy,OffGrid,2017,1.1
Guatemala,Total renewable energy,OffGrid,2018,1.12
Guatemala,Total renewable energy,OffGrid,2019,1.25
Guatemala,Total renewable energy,OffGrid,2020,1.29
Guatemala,Total renewable energy,OffGrid,2021,1.29
Guatemala,Total renewable energy,OffGrid,2022,1.19
Guatemala,Total renewable energy,OffGrid,2023,1.28
Guatemala,Total renewable energy,OffGrid,2024,1.3
Guatemala,Total renewable energy,OffGrid,2025,1.3
Guinea,Total renewable energy,OnGrid,2000,126
Guinea,Total renewable energy,OnGrid,2001,126
Guinea,Total renewable energy,OnGrid,2002,126
Guinea,Total renewable energy,OnGrid,2003,126
Guinea,Total renewable energy,OnGrid,2004,126
Guinea,Total renewable energy,OnGrid,2005,126
Guinea,Total renewable energy,OnGrid,2006,126
Guinea,Total renewable energy,OnGrid,2007,126
Guinea,Total renewable energy,OnGrid,2008,126
Guinea,Total renewable energy,OnGrid,2009,126
Guinea,Total renewable energy,OnGrid,2010,126
Guinea,Total renewable energy,OnGrid,2011,126
Guinea,Total renewable energy,OnGrid,2012,128.02
Guinea,Total renewable energy,OnGrid,2013,127.04
Guinea,Total renewable energy,OnGrid,2014,127.04
Guinea,Total renewable energy,OnGrid,2015,367.04
Guinea,Total renewable energy,OnGrid,2016,367.04
Guinea,Total renewable energy,OnGrid,2017,367.04
Guinea,Total renewable energy,OnGrid,2018,367.08
Guinea,Total renewable energy,OnGrid,2019,362.08
Guinea,Total renewable energy,OnGrid,2020,587.08
Guinea,Total renewable energy,OnGrid,2021,812.08
Guinea,Total renewable energy,OnGrid,2022,812.08
Guinea,Total renewable energy,OnGrid,2023,812.08
Guinea,Total renewable energy,OnGrid,2024,812.08
Guinea,Total renewable energy,OnGrid,2025,812.2
Guinea,Total renewable energy,OffGrid,2000,2.22
Guinea,Total renewable energy,OffGrid,2001,2.22
Guinea,Total renewable energy,OffGrid,2002,2.22
Guinea,Total renewable energy,OffGrid,2003,2.22
Guinea,Total renewable energy,OffGrid,2004,2.22
Guinea,Total renewable energy,OffGrid,2005,2.22
Guinea,Total renewable energy,OffGrid,2006,2.22
Guinea,Total renewable energy,OffGrid,2007,2.22
Guinea,Total renewable energy,OffGrid,2008,2.22
Guinea,Total renewable energy,OffGrid,2009,2.22
Guinea,Total renewable energy,OffGrid,2010,2.22
Guinea,Total renewable energy,OffGrid,2011,2.22
Guinea,Total renewable energy,OffGrid,2012,2.22
Guinea,Total renewable energy,OffGrid,2013,2.29
Guinea,Total renewable energy,OffGrid,2014,2.29
Guinea,Total renewable energy,OffGrid,2015,2.29
Guinea,Total renewable energy,OffGrid,2016,2.45
Guinea,Total renewable energy,OffGrid,2017,2.65
Guinea,Total renewable energy,OffGrid,2018,15.12
Guinea,Total renewable energy,OffGrid,2019,16.23
Guinea,Total renewable energy,OffGrid,2020,16.85
Guinea,Total renewable energy,OffGrid,2021,17.18
Guinea,Total renewable energy,OffGrid,2022,18.28
Guinea,Total renewable energy,OffGrid,2023,18.98
Guinea,Total renewable energy,OffGrid,2024,19.3
Guinea,Total renewable energy,OffGrid,2025,19.3
Guinea Bissau,Total renewable energy,OnGrid,2000,-
Guinea Bissau,Total renewable energy,OnGrid,2001,-
Guinea Bissau,Total renewable energy,OnGrid,2002,-
Guinea Bissau,Total renewable energy,OnGrid,2003,-
Guinea Bissau,Total renewable energy,OnGrid,2004,-
Guinea Bissau,Total renewable energy,OnGrid,2005,-
Guinea Bissau,Total renewable energy,OnGrid,2006,-
Guinea Bissau,Total renewable energy,OnGrid,2007,-
Guinea Bissau,Total renewable energy,OnGrid,2008,-
Guinea Bissau,Total renewable energy,OnGrid,2009,-
Guinea Bissau,Total renewable energy,OnGrid,2010,-
Guinea Bissau,Total renewable energy,OnGrid,2011,-
Guinea Bissau,Total renewable energy,OnGrid,2012,-
Guinea Bissau,Total renewable energy,OnGrid,2013,-
Guinea Bissau,Total renewable energy,OnGrid,2014,-
Guinea Bissau,Total renewable energy,OnGrid,2015,-
Guinea Bissau,Total renewable energy,OnGrid,2016,-
Guinea Bissau,Total renewable energy,OnGrid,2017,-
Guinea Bissau,Total renewable energy,OnGrid,2018,-
Guinea Bissau,Total renewable energy,OnGrid,2019,-
Guinea Bissau,Total renewable energy,OnGrid,2020,-
Guinea Bissau,Total renewable energy,OnGrid,2021,-
Guinea Bissau,Total renewable energy,OnGrid,2022,-
Guinea Bissau,Total renewable energy,OnGrid,2023,-
Guinea Bissau,Total renewable energy,OnGrid,2024,-
Guinea Bissau,Total renewable energy,OnGrid,2025,-
Guinea Bissau,Total renewable energy,OffGrid,2000,-
Guinea Bissau,Total renewable energy,OffGrid,2001,-
Guinea Bissau,Total renewable energy,OffGrid,2002,-
Guinea Bissau,Total renewable energy,OffGrid,2003,-
Guinea Bissau,Total renewable energy,OffGrid,2004,-
Guinea Bissau,Total renewable energy,OffGrid,2005,-
Guinea Bissau,Total renewable energy,OffGrid,2006,-
Guinea Bissau,Total renewable energy,OffGrid,2007,-
Guinea Bissau,Total renewable energy,OffGrid,2008,-
Guinea Bissau,Total renewable energy,OffGrid,2009,-
Guinea Bissau,Total renewable energy,OffGrid,2010,0
Guinea Bissau,Total renewable energy,OffGrid,2011,0.01
Guinea Bissau,Total renewable energy,OffGrid,2012,0.02
Guinea Bissau,Total renewable energy,OffGrid,2013,0.07
Guinea Bissau,Total renewable energy,OffGrid,2014,0.12
Guinea Bissau,Total renewable energy,OffGrid,2015,0.17
Guinea Bissau,Total renewable energy,OffGrid,2016,0.7
Guinea Bissau,Total renewable energy,OffGrid,2017,0.95
Guinea Bissau,Total renewable energy,OffGrid,2018,1.83
Guinea Bissau,Total renewable energy,OffGrid,2019,1.82
Guinea Bissau,Total renewable energy,OffGrid,2020,1.76
Guinea Bissau,Total renewable energy,OffGrid,2021,2.05
Guinea Bissau,Total renewable energy,OffGrid,2022,1.8
Guinea Bissau,Total renewable energy,OffGrid,2023,1.99
Guinea Bissau,Total renewable energy,OffGrid,2024,2.75
Guinea Bissau,Total renewable energy,OffGrid,2025,2.75
Guyana,Total renewable energy,OnGrid,2000,1.64
Guyana,Total renewable energy,OnGrid,2001,1.64
Guyana,Total renewable energy,OnGrid,2002,1.64
Guyana,Total renewable energy,OnGrid,2003,1.65
Guyana,Total renewable energy,OnGrid,2004,1.65
Guyana,Total renewable energy,OnGrid,2005,1.65
Guyana,Total renewable energy,OnGrid,2006,1.66
Guyana,Total renewable energy,OnGrid,2007,1.66
Guyana,Total renewable energy,OnGrid,2008,1.7
Guyana,Total renewable energy,OnGrid,2009,30.09
Guyana,Total renewable energy,OnGrid,2010,30.17
Guyana,Total renewable energy,OnGrid,2011,30.93
Guyana,Total renewable energy,OnGrid,2012,30.98
Guyana,Total renewable energy,OnGrid,2013,31.05
Guyana,Total renewable energy,OnGrid,2014,31.11
Guyana,Total renewable energy,OnGrid,2015,31.16
Guyana,Total renewable energy,OnGrid,2016,31.61
Guyana,Total renewable energy,OnGrid,2017,32.7
Guyana,Total renewable energy,OnGrid,2018,35.22
Guyana,Total renewable energy,OnGrid,2019,36.52
Guyana,Total renewable energy,OnGrid,2020,36.52
Guyana,Total renewable energy,OnGrid,2021,36.52
Guyana,Total renewable energy,OnGrid,2022,39.55
Guyana,Total renewable energy,OnGrid,2023,39.95
Guyana,Total renewable energy,OnGrid,2024,39.95
Guyana,Total renewable energy,OnGrid,2025,54.95
Guyana,Total renewable energy,OffGrid,2000,15.27
Guyana,Total renewable energy,OffGrid,2001,15.41
Guyana,Total renewable energy,OffGrid,2002,15.56
Guyana,Total renewable energy,OffGrid,2003,15.71
Guyana,Total renewable energy,OffGrid,2004,15.35
Guyana,Total renewable energy,OffGrid,2005,15.52
Guyana,Total renewable energy,OffGrid,2006,15.69
Guyana,Total renewable energy,OffGrid,2007,15.86
Guyana,Total renewable energy,OffGrid,2008,16.03
Guyana,Total renewable energy,OffGrid,2009,16.2
Guyana,Total renewable energy,OffGrid,2010,16.48
Guyana,Total renewable energy,OffGrid,2011,16.74
Guyana,Total renewable energy,OffGrid,2012,17
Guyana,Total renewable energy,OffGrid,2013,17.31
Guyana,Total renewable energy,OffGrid,2014,17.59
Guyana,Total renewable energy,OffGrid,2015,17.87
Guyana,Total renewable energy,OffGrid,2016,17.87
Guyana,Total renewable energy,OffGrid,2017,17.88
Guyana,Total renewable energy,OffGrid,2018,17.78
Guyana,Total renewable energy,OffGrid,2019,17.77
Guyana,Total renewable energy,OffGrid,2020,17.98
Guyana,Total renewable energy,OffGrid,2021,17.8
Guyana,Total renewable energy,OffGrid,2022,20.25
Guyana,Total renewable energy,OffGrid,2023,25.7
Guyana,Total renewable energy,OffGrid,2024,28.8
Guyana,Total renewable energy,OffGrid,2025,32.85
Haiti,Total renewable energy,OnGrid,2000,56.29
Haiti,Total renewable energy,OnGrid,2001,56.29
Haiti,Total renewable energy,OnGrid,2002,56.29
Haiti,Total renewable energy,OnGrid,2003,56.29
Haiti,Total renewable energy,OnGrid,2004,56.29
Haiti,Total renewable energy,OnGrid,2005,56.29
Haiti,Total renewable energy,OnGrid,2006,56.29
Haiti,Total renewable energy,OnGrid,2007,56.29
Haiti,Total renewable energy,OnGrid,2008,56.29
Haiti,Total renewable energy,OnGrid,2009,56.29
Haiti,Total renewable energy,OnGrid,2010,56.29
Haiti,Total renewable energy,OnGrid,2011,56.31
Haiti,Total renewable energy,OnGrid,2012,56.71
Haiti,Total renewable energy,OnGrid,2013,56.87
Haiti,Total renewable energy,OnGrid,2014,56.96
Haiti,Total renewable energy,OnGrid,2015,57.1
Haiti,Total renewable energy,OnGrid,2016,57.1
Haiti,Total renewable energy,OnGrid,2017,57.55
Haiti,Total renewable energy,OnGrid,2018,79.37
Haiti,Total renewable energy,OnGrid,2019,79.37
Haiti,Total renewable energy,OnGrid,2020,79.37
Haiti,Total renewable energy,OnGrid,2021,79.47
Haiti,Total renewable energy,OnGrid,2022,79.69
Haiti,Total renewable energy,OnGrid,2023,80.38
Haiti,Total renewable energy,OnGrid,2024,80.38
Haiti,Total renewable energy,OnGrid,2025,81.51
Haiti,Total renewable energy,OffGrid,2000,2.17
Haiti,Total renewable energy,OffGrid,2001,2.48
Haiti,Total renewable energy,OffGrid,2002,2.48
Haiti,Total renewable energy,OffGrid,2003,2.48
Haiti,Total renewable energy,OffGrid,2004,2.17
Haiti,Total renewable energy,OffGrid,2005,2.17
Haiti,Total renewable energy,OffGrid,2006,2.17
Haiti,Total renewable energy,OffGrid,2007,2.17
Haiti,Total renewable energy,OffGrid,2008,2.17
Haiti,Total renewable energy,OffGrid,2009,2.18
Haiti,Total renewable energy,OffGrid,2010,2.73
Haiti,Total renewable energy,OffGrid,2011,2.73
Haiti,Total renewable energy,OffGrid,2012,2.9
Haiti,Total renewable energy,OffGrid,2013,3
Haiti,Total renewable energy,OffGrid,2014,3.1
Haiti,Total renewable energy,OffGrid,2015,3.32
Haiti,Total renewable energy,OffGrid,2016,3.62
Haiti,Total renewable energy,OffGrid,2017,3.66
Haiti,Total renewable energy,OffGrid,2018,3.86
Haiti,Total renewable energy,OffGrid,2019,3.7
Haiti,Total renewable energy,OffGrid,2020,3.68
Haiti,Total renewable energy,OffGrid,2021,3.7
Haiti,Total renewable energy,OffGrid,2022,1.51
Haiti,Total renewable energy,OffGrid,2023,1.51
Haiti,Total renewable energy,OffGrid,2024,1.51
Haiti,Total renewable energy,OffGrid,2025,5.87
Honduras,Total renewable energy,OnGrid,2000,442.9
Honduras,Total renewable energy,OnGrid,2001,442.9
Honduras,Total renewable energy,OnGrid,2002,484.9
Honduras,Total renewable energy,OnGrid,2003,498.18
Honduras,Total renewable energy,OnGrid,2004,518.98
Honduras,Total renewable energy,OnGrid,2005,548.28
Honduras,Total renewable energy,OnGrid,2006,562.68
Honduras,Total renewable energy,OnGrid,2007,601.48
Honduras,Total renewable energy,OnGrid,2008,595.78
Honduras,Total renewable energy,OnGrid,2009,605.38
Honduras,Total renewable energy,OnGrid,2010,609.98
Honduras,Total renewable energy,OnGrid,2011,714.18
Honduras,Total renewable energy,OnGrid,2012,769.24
Honduras,Total renewable energy,OnGrid,2013,776.24
Honduras,Total renewable energy,OnGrid,2014,908.24
Honduras,Total renewable energy,OnGrid,2015,1339.91
Honduras,Total renewable energy,OnGrid,2016,1467.05
Honduras,Total renewable energy,OnGrid,2017,1599.36
Honduras,Total renewable energy,OnGrid,2018,1683.38
Honduras,Total renewable energy,OnGrid,2019,1730.16
Honduras,Total renewable energy,OnGrid,2020,1842.16
Honduras,Total renewable energy,OnGrid,2021,1857.9
Honduras,Total renewable energy,OnGrid,2022,1917.97
Honduras,Total renewable energy,OnGrid,2023,1917.97
Honduras,Total renewable energy,OnGrid,2024,1945.57
Honduras,Total renewable energy,OnGrid,2025,2030.47
Honduras,Total renewable energy,OffGrid,2000,1.6
Honduras,Total renewable energy,OffGrid,2001,1.8
Honduras,Total renewable energy,OffGrid,2002,1.98
Honduras,Total renewable energy,OffGrid,2003,2.13
Honduras,Total renewable energy,OffGrid,2004,2.38
Honduras,Total renewable energy,OffGrid,2005,2.67
Honduras,Total renewable energy,OffGrid,2006,2.87
Honduras,Total renewable energy,OffGrid,2007,3.23
Honduras,Total renewable energy,OffGrid,2008,3.23
Honduras,Total renewable energy,OffGrid,2009,3.51
Honduras,Total renewable energy,OffGrid,2010,13.86
Honduras,Total renewable energy,OffGrid,2011,14.61
Honduras,Total renewable energy,OffGrid,2012,15.29
Honduras,Total renewable energy,OffGrid,2013,15.29
Honduras,Total renewable energy,OffGrid,2014,15.3
Honduras,Total renewable energy,OffGrid,2015,19.2
Honduras,Total renewable energy,OffGrid,2016,14.17
Honduras,Total renewable energy,OffGrid,2017,14.75
Honduras,Total renewable energy,OffGrid,2018,14.77
Honduras,Total renewable energy,OffGrid,2019,16.18
Honduras,Total renewable energy,OffGrid,2020,23.2
Honduras,Total renewable energy,OffGrid,2021,23.2
Honduras,Total renewable energy,OffGrid,2022,23.22
Honduras,Total renewable energy,OffGrid,2023,23.22
Honduras,Total renewable energy,OffGrid,2024,23.22
Honduras,Total renewable energy,OffGrid,2025,23.22
Hungary,Total renewable energy,OnGrid,2000,66
Hungary,Total renewable energy,OnGrid,2001,67
Hungary,Total renewable energy,OnGrid,2002,107.5
Hungary,Total renewable energy,OnGrid,2003,113.5
Hungary,Total renewable energy,OnGrid,2004,257.5
Hungary,Total renewable energy,OnGrid,2005,421
Hungary,Total renewable energy,OnGrid,2006,432.5
Hungary,Total renewable energy,OnGrid,2007,456.4
Hungary,Total renewable energy,OnGrid,2008,582
Hungary,Total renewable energy,OnGrid,2009,766
Hungary,Total renewable energy,OnGrid,2010,862
Hungary,Total renewable energy,OnGrid,2011,890
Hungary,Total renewable energy,OnGrid,2012,724
Hungary,Total renewable energy,OnGrid,2013,749
Hungary,Total renewable energy,OnGrid,2014,1024
Hungary,Total renewable energy,OnGrid,2015,1076.5
Hungary,Total renewable energy,OnGrid,2016,1048
Hungary,Total renewable energy,OnGrid,2017,1224
Hungary,Total renewable energy,OnGrid,2018,1629.5
Hungary,Total renewable energy,OnGrid,2019,2287.5
Hungary,Total renewable energy,OnGrid,2020,3024
Hungary,Total renewable energy,OnGrid,2021,3905.5
Hungary,Total renewable energy,OnGrid,2022,5154.5
Hungary,Total renewable energy,OnGrid,2023,6823
Hungary,Total renewable energy,OnGrid,2024,8190
Hungary,Total renewable energy,OnGrid,2025,9201
Hungary,Total renewable energy,OffGrid,2000,-
Hungary,Total renewable energy,OffGrid,2001,-
Hungary,Total renewable energy,OffGrid,2002,-
Hungary,Total renewable energy,OffGrid,2003,-
Hungary,Total renewable energy,OffGrid,2004,-
Hungary,Total renewable energy,OffGrid,2005,-
Hungary,Total renewable energy,OffGrid,2006,-
Hungary,Total renewable energy,OffGrid,2007,-
Hungary,Total renewable energy,OffGrid,2008,-
Hungary,Total renewable energy,OffGrid,2009,-
Hungary,Total renewable energy,OffGrid,2010,-
Hungary,Total renewable energy,OffGrid,2011,-
Hungary,Total renewable energy,OffGrid,2012,-
Hungary,Total renewable energy,OffGrid,2013,-
Hungary,Total renewable energy,OffGrid,2014,-
Hungary,Total renewable energy,OffGrid,2015,-
Hungary,Total renewable energy,OffGrid,2016,-
Hungary,Total renewable energy,OffGrid,2017,-
Hungary,Total renewable energy,OffGrid,2018,-
Hungary,Total renewable energy,OffGrid,2019,-
Hungary,Total renewable energy,OffGrid,2020,-
Hungary,Total renewable energy,OffGrid,2021,-
Hungary,Total renewable energy,OffGrid,2022,-
Hungary,Total renewable energy,OffGrid,2023,-
Hungary,Total renewable energy,OffGrid,2024,-
Hungary,Total renewable energy,OffGrid,2025,-
Iceland,Total renewable energy,OnGrid,2000,1236
Iceland,Total renewable energy,OnGrid,2001,1311
Iceland,Total renewable energy,OnGrid,2002,1357
Iceland,Total renewable energy,OnGrid,2003,1357
Iceland,Total renewable energy,OnGrid,2004,1366
Iceland,Total renewable energy,OnGrid,2005,1396
Iceland,Total renewable energy,OnGrid,2006,1586.5
Iceland,Total renewable energy,OnGrid,2007,2244.5
Iceland,Total renewable energy,OnGrid,2008,2455.5
Iceland,Total renewable energy,OnGrid,2009,2451.5
Iceland,Total renewable energy,OnGrid,2010,2458
Iceland,Total renewable energy,OnGrid,2011,2549
Iceland,Total renewable energy,OnGrid,2012,2542
Iceland,Total renewable energy,OnGrid,2013,2651
Iceland,Total renewable energy,OnGrid,2014,2652
Iceland,Total renewable energy,OnGrid,2015,2655
Iceland,Total renewable energy,OnGrid,2016,2655
Iceland,Total renewable energy,OnGrid,2017,2707.14
Iceland,Total renewable energy,OnGrid,2018,2856.68
Iceland,Total renewable energy,OnGrid,2019,2862.42
Iceland,Total renewable energy,OnGrid,2020,2872.38
Iceland,Total renewable energy,OnGrid,2021,2872.49
Iceland,Total renewable energy,OnGrid,2022,2864.74
Iceland,Total renewable energy,OnGrid,2023,2938.02
Iceland,Total renewable energy,OnGrid,2024,2923.42
Iceland,Total renewable energy,OnGrid,2025,2923.42
Iceland,Total renewable energy,OffGrid,2000,-
Iceland,Total renewable energy,OffGrid,2001,-
Iceland,Total renewable energy,OffGrid,2002,-
Iceland,Total renewable energy,OffGrid,2003,-
Iceland,Total renewable energy,OffGrid,2004,-
Iceland,Total renewable energy,OffGrid,2005,-
Iceland,Total renewable energy,OffGrid,2006,-
Iceland,Total renewable energy,OffGrid,2007,-
Iceland,Total renewable energy,OffGrid,2008,-
Iceland,Total renewable energy,OffGrid,2009,-
Iceland,Total renewable energy,OffGrid,2010,-
Iceland,Total renewable energy,OffGrid,2011,-
Iceland,Total renewable energy,OffGrid,2012,0.64
Iceland,Total renewable energy,OffGrid,2013,0.92
Iceland,Total renewable energy,OffGrid,2014,1.14
Iceland,Total renewable energy,OffGrid,2015,2.54
Iceland,Total renewable energy,OffGrid,2016,3.53
Iceland,Total renewable energy,OffGrid,2017,4.33
Iceland,Total renewable energy,OffGrid,2018,5.28
Iceland,Total renewable energy,OffGrid,2019,7
Iceland,Total renewable energy,OffGrid,2020,7
Iceland,Total renewable energy,OffGrid,2021,7
Iceland,Total renewable energy,OffGrid,2022,7
Iceland,Total renewable energy,OffGrid,2023,7
Iceland,Total renewable energy,OffGrid,2024,7
Iceland,Total renewable energy,OffGrid,2025,7
India,Total renewable energy,OnGrid,2000,24949.43
India,Total renewable energy,OnGrid,2001,26608.1
India,Total renewable energy,OnGrid,2002,26770.53
India,Total renewable energy,OnGrid,2003,30197.93
India,Total renewable energy,OnGrid,2004,33123.93
India,Total renewable energy,OnGrid,2005,36224.44
India,Total renewable energy,OnGrid,2006,40439.54
India,Total renewable energy,OnGrid,2007,43141.96
India,Total renewable energy,OnGrid,2008,46664.32
India,Total renewable energy,OnGrid,2009,47830.64
India,Total renewable energy,OnGrid,2010,51749.41
India,Total renewable energy,OnGrid,2011,57398.25
India,Total renewable energy,OnGrid,2012,59686.75
India,Total renewable energy,OnGrid,2013,62652.45
India,Total renewable energy,OnGrid,2014,70687.63
India,Total renewable energy,OnGrid,2015,77223.3
India,Total renewable energy,OnGrid,2016,88845.15
India,Total renewable energy,OnGrid,2017,103447.07
India,Total renewable energy,OnGrid,2018,116115.58
India,Total renewable energy,OnGrid,2019,126346.31
India,Total renewable energy,OnGrid,2020,132214.77
India,Total renewable energy,OnGrid,2021,144736.42
India,Total renewable energy,OnGrid,2022,160275.64
India,Total renewable energy,OnGrid,2023,172822.49
India,Total renewable energy,OnGrid,2024,200989.25
India,Total renewable energy,OnGrid,2025,245132.54
India,Total renewable energy,OffGrid,2000,49.48
India,Total renewable energy,OffGrid,2001,58.61
India,Total renewable energy,OffGrid,2002,60.36
India,Total renewable energy,OffGrid,2003,62.87
India,Total renewable energy,OffGrid,2004,65.33
India,Total renewable energy,OffGrid,2005,139.07
India,Total renewable energy,OffGrid,2006,179.67
India,Total renewable energy,OffGrid,2007,274.07
India,Total renewable energy,OffGrid,2008,509.91
India,Total renewable energy,OffGrid,2009,424.79
India,Total renewable energy,OffGrid,2010,512.98
India,Total renewable energy,OffGrid,2011,660.55
India,Total renewable energy,OffGrid,2012,772.47
India,Total renewable energy,OffGrid,2013,939.27
India,Total renewable energy,OffGrid,2014,1204.52
India,Total renewable energy,OffGrid,2015,1359.07
India,Total renewable energy,OffGrid,2016,1569.27
India,Total renewable energy,OffGrid,2017,1810.6
India,Total renewable energy,OffGrid,2018,2111.27
India,Total renewable energy,OffGrid,2019,2128.47
India,Total renewable energy,OffGrid,2020,2559.52
India,Total renewable energy,OffGrid,2021,2681.93
India,Total renewable energy,OffGrid,2022,3019.48
India,Total renewable energy,OffGrid,2023,3051.83
India,Total renewable energy,OffGrid,2024,4400.58
India,Total renewable energy,OffGrid,2025,5386.9
Indonesia,Total renewable energy,OnGrid,2000,4734.28
Indonesia,Total renewable energy,OnGrid,2001,3907.61
Indonesia,Total renewable energy,OnGrid,2002,3950.17
Indonesia,Total renewable energy,OnGrid,2003,3982.92
Indonesia,Total renewable energy,OnGrid,2004,4029.71
Indonesia,Total renewable energy,OnGrid,2005,4270.94
Indonesia,Total renewable energy,OnGrid,2006,4596.19
Indonesia,Total renewable energy,OnGrid,2007,4702.78
Indonesia,Total renewable energy,OnGrid,2008,4777.84
Indonesia,Total renewable energy,OnGrid,2009,4919.79
Indonesia,Total renewable energy,OnGrid,2010,4970.5
Indonesia,Total renewable energy,OnGrid,2011,5248.57
Indonesia,Total renewable energy,OnGrid,2012,5573.49
Indonesia,Total renewable energy,OnGrid,2013,6604.82
Indonesia,Total renewable energy,OnGrid,2014,6745.69
Indonesia,Total renewable energy,OnGrid,2015,6891.99
Indonesia,Total renewable energy,OnGrid,2016,7374.6
Indonesia,Total renewable energy,OnGrid,2017,7732.13
Indonesia,Total renewable energy,OnGrid,2018,7133.72
Indonesia,Total renewable energy,OnGrid,2019,7617.71
Indonesia,Total renewable energy,OnGrid,2020,7744.85
Indonesia,Total renewable energy,OnGrid,2021,8420.47
Indonesia,Total renewable energy,OnGrid,2022,8623.58
Indonesia,Total renewable energy,OnGrid,2023,8897.04
Indonesia,Total renewable energy,OnGrid,2024,9205.15
Indonesia,Total renewable energy,OnGrid,2025,10398.15
Indonesia,Total renewable energy,OffGrid,2000,741.17
Indonesia,Total renewable energy,OffGrid,2001,746.79
Indonesia,Total renewable energy,OffGrid,2002,747.46
Indonesia,Total renewable energy,OffGrid,2003,748.17
Indonesia,Total renewable energy,OffGrid,2004,748.55
Indonesia,Total renewable energy,OffGrid,2005,1072.44
Indonesia,Total renewable energy,OffGrid,2006,1086.71
Indonesia,Total renewable energy,OffGrid,2007,1090.57
Indonesia,Total renewable energy,OffGrid,2008,1094.72
Indonesia,Total renewable energy,OffGrid,2009,1782.37
Indonesia,Total renewable energy,OffGrid,2010,1886.09
Indonesia,Total renewable energy,OffGrid,2011,1899.14
Indonesia,Total renewable energy,OffGrid,2012,1916.44
Indonesia,Total renewable energy,OffGrid,2013,1656.42
Indonesia,Total renewable energy,OffGrid,2014,1671.94
Indonesia,Total renewable energy,OffGrid,2015,1682.69
Indonesia,Total renewable energy,OffGrid,2016,1690.22
Indonesia,Total renewable energy,OffGrid,2017,1727.36
Indonesia,Total renewable energy,OffGrid,2018,2673.5
Indonesia,Total renewable energy,OffGrid,2019,2684.91
Indonesia,Total renewable energy,OffGrid,2020,2719.87
Indonesia,Total renewable energy,OffGrid,2021,3112.76
Indonesia,Total renewable energy,OffGrid,2022,3972.65
Indonesia,Total renewable energy,OffGrid,2023,4427.85
Indonesia,Total renewable energy,OffGrid,2024,4661.2
Indonesia,Total renewable energy,OffGrid,2025,4782.2
Iran IR,Total renewable energy,OnGrid,2000,2010
Iran IR,Total renewable energy,OnGrid,2001,2010
Iran IR,Total renewable energy,OnGrid,2002,3040
Iran IR,Total renewable energy,OnGrid,2003,4436
Iran IR,Total renewable energy,OnGrid,2004,5036.93
Iran IR,Total renewable energy,OnGrid,2005,6080.43
Iran IR,Total renewable energy,OnGrid,2006,6619.03
Iran IR,Total renewable energy,OnGrid,2007,7485.03
Iran IR,Total renewable energy,OnGrid,2008,7735.03
Iran IR,Total renewable energy,OnGrid,2009,7807.89
Iran IR,Total renewable energy,OnGrid,2010,8587.69
Iran IR,Total renewable energy,OnGrid,2011,8849.94
Iran IR,Total renewable energy,OnGrid,2012,9857.86
Iran IR,Total renewable energy,OnGrid,2013,10379.9
Iran IR,Total renewable energy,OnGrid,2014,10953.34
Iran IR,Total renewable energy,OnGrid,2015,10411
Iran IR,Total renewable energy,OnGrid,2016,10782.33
Iran IR,Total renewable energy,OnGrid,2017,11366.66
Iran IR,Total renewable energy,OnGrid,2018,11637.56
Iran IR,Total renewable energy,OnGrid,2019,11803.08
Iran IR,Total renewable energy,OnGrid,2020,11900.73
Iran IR,Total renewable energy,OnGrid,2021,11929.8
Iran IR,Total renewable energy,OnGrid,2022,12398.42
Iran IR,Total renewable energy,OnGrid,2023,12652.96
Iran IR,Total renewable energy,OnGrid,2024,12960.69
Iran IR,Total renewable energy,OnGrid,2025,13962.69
Iran IR,Total renewable energy,OffGrid,2000,-
Iran IR,Total renewable energy,OffGrid,2001,0.01
Iran IR,Total renewable energy,OffGrid,2002,0.01
Iran IR,Total renewable energy,OffGrid,2003,0.01
Iran IR,Total renewable energy,OffGrid,2004,0.01
Iran IR,Total renewable energy,OffGrid,2005,0.01
Iran IR,Total renewable energy,OffGrid,2006,0.05
Iran IR,Total renewable energy,OffGrid,2007,0.08
Iran IR,Total renewable energy,OffGrid,2008,0.08
Iran IR,Total renewable energy,OffGrid,2009,0.14
Iran IR,Total renewable energy,OffGrid,2010,0.36
Iran IR,Total renewable energy,OffGrid,2011,0.38
Iran IR,Total renewable energy,OffGrid,2012,0.38
Iran IR,Total renewable energy,OffGrid,2013,0.38
Iran IR,Total renewable energy,OffGrid,2014,0.38
Iran IR,Total renewable energy,OffGrid,2015,0.38
Iran IR,Total renewable energy,OffGrid,2016,0.38
Iran IR,Total renewable energy,OffGrid,2017,0.38
Iran IR,Total renewable energy,OffGrid,2018,0.38
Iran IR,Total renewable energy,OffGrid,2019,0.38
Iran IR,Total renewable energy,OffGrid,2020,0.38
Iran IR,Total renewable energy,OffGrid,2021,0.38
Iran IR,Total renewable energy,OffGrid,2022,0.38
Iran IR,Total renewable energy,OffGrid,2023,0.38
Iran IR,Total renewable energy,OffGrid,2024,0.38
Iran IR,Total renewable energy,OffGrid,2025,0.38
Iraq,Total renewable energy,OnGrid,2000,670
Iraq,Total renewable energy,OnGrid,2001,670
Iraq,Total renewable energy,OnGrid,2002,360
Iraq,Total renewable energy,OnGrid,2003,460
Iraq,Total renewable energy,OnGrid,2004,1570
Iraq,Total renewable energy,OnGrid,2005,1622
Iraq,Total renewable energy,OnGrid,2006,1985
Iraq,Total renewable energy,OnGrid,2007,2033
Iraq,Total renewable energy,OnGrid,2008,2273
Iraq,Total renewable energy,OnGrid,2009,2273
Iraq,Total renewable energy,OnGrid,2010,2273
Iraq,Total renewable energy,OnGrid,2011,2273
Iraq,Total renewable energy,OnGrid,2012,2273
Iraq,Total renewable energy,OnGrid,2013,2273
Iraq,Total renewable energy,OnGrid,2014,2273
Iraq,Total renewable energy,OnGrid,2015,2273
Iraq,Total renewable energy,OnGrid,2016,2273
Iraq,Total renewable energy,OnGrid,2017,1556
Iraq,Total renewable energy,OnGrid,2018,1556.58
Iraq,Total renewable energy,OnGrid,2019,1556.58
Iraq,Total renewable energy,OnGrid,2020,1556.58
Iraq,Total renewable energy,OnGrid,2021,1556.58
Iraq,Total renewable energy,OnGrid,2022,1558.58
Iraq,Total renewable energy,OnGrid,2023,1558.58
Iraq,Total renewable energy,OnGrid,2024,1558.58
Iraq,Total renewable energy,OnGrid,2025,1580.58
Iraq,Total renewable energy,OffGrid,2000,-
Iraq,Total renewable energy,OffGrid,2001,-
Iraq,Total renewable energy,OffGrid,2002,-
Iraq,Total renewable energy,OffGrid,2003,-
Iraq,Total renewable energy,OffGrid,2004,-
Iraq,Total renewable energy,OffGrid,2005,-
Iraq,Total renewable energy,OffGrid,2006,-
Iraq,Total renewable energy,OffGrid,2007,-
Iraq,Total renewable energy,OffGrid,2008,-
Iraq,Total renewable energy,OffGrid,2009,1.34
Iraq,Total renewable energy,OffGrid,2010,1.34
Iraq,Total renewable energy,OffGrid,2011,1.34
Iraq,Total renewable energy,OffGrid,2012,1.34
Iraq,Total renewable energy,OffGrid,2013,30.84
Iraq,Total renewable energy,OffGrid,2014,37.84
Iraq,Total renewable energy,OffGrid,2015,37.84
Iraq,Total renewable energy,OffGrid,2016,37.84
Iraq,Total renewable energy,OffGrid,2017,37.84
Iraq,Total renewable energy,OffGrid,2018,37.84
Iraq,Total renewable energy,OffGrid,2019,37.84
Iraq,Total renewable energy,OffGrid,2020,37.84
Iraq,Total renewable energy,OffGrid,2021,37.84
Iraq,Total renewable energy,OffGrid,2022,40.34
Iraq,Total renewable energy,OffGrid,2023,40.34
Iraq,Total renewable energy,OffGrid,2024,40.34
Iraq,Total renewable energy,OffGrid,2025,40.34
Ireland,Total renewable energy,OnGrid,2000,367.5
Ireland,Total renewable energy,OnGrid,2001,375.9
Ireland,Total renewable energy,OnGrid,2002,389.8
Ireland,Total renewable energy,OnGrid,2003,465.3
Ireland,Total renewable energy,OnGrid,2004,593.4
Ireland,Total renewable energy,OnGrid,2005,747.3
Ireland,Total renewable energy,OnGrid,2006,937.5
Ireland,Total renewable energy,OnGrid,2007,1003.15
Ireland,Total renewable energy,OnGrid,2008,1210.4
Ireland,Total renewable energy,OnGrid,2009,1520.83
Ireland,Total renewable energy,OnGrid,2010,1664.11
Ireland,Total renewable energy,OnGrid,2011,1867.16
Ireland,Total renewable energy,OnGrid,2012,1995.96
Ireland,Total renewable energy,OnGrid,2013,2212.49
Ireland,Total renewable energy,OnGrid,2014,2575.26
Ireland,Total renewable energy,OnGrid,2015,2745.88
Ireland,Total renewable energy,OnGrid,2016,3099.19
Ireland,Total renewable energy,OnGrid,2017,3654.95
Ireland,Total renewable energy,OnGrid,2018,4018.64
Ireland,Total renewable energy,OnGrid,2019,4495.61
Ireland,Total renewable energy,OnGrid,2020,4704.05
Ireland,Total renewable energy,OnGrid,2021,4775.75
Ireland,Total renewable energy,OnGrid,2022,5087.98
Ireland,Total renewable energy,OnGrid,2023,5846.59
Ireland,Total renewable energy,OnGrid,2024,6707.89
Ireland,Total renewable energy,OnGrid,2025,7898.19
Ireland,Total renewable energy,OffGrid,2000,-
Ireland,Total renewable energy,OffGrid,2001,-
Ireland,Total renewable energy,OffGrid,2002,-
Ireland,Total renewable energy,OffGrid,2003,-
Ireland,Total renewable energy,OffGrid,2004,-
Ireland,Total renewable energy,OffGrid,2005,-
Ireland,Total renewable energy,OffGrid,2006,-
Ireland,Total renewable energy,OffGrid,2007,-
Ireland,Total renewable energy,OffGrid,2008,-
Ireland,Total renewable energy,OffGrid,2009,0.62
Ireland,Total renewable energy,OffGrid,2010,0.69
Ireland,Total renewable energy,OffGrid,2011,0.79
Ireland,Total renewable energy,OffGrid,2012,0.94
Ireland,Total renewable energy,OffGrid,2013,1.02
Ireland,Total renewable energy,OffGrid,2014,1.63
Ireland,Total renewable energy,OffGrid,2015,2.35
Ireland,Total renewable energy,OffGrid,2016,5.93
Ireland,Total renewable energy,OffGrid,2017,17.14
Ireland,Total renewable energy,OffGrid,2018,31.97
Ireland,Total renewable energy,OffGrid,2019,57.48
Ireland,Total renewable energy,OffGrid,2020,89.89
Ireland,Total renewable energy,OffGrid,2021,135.27
Ireland,Total renewable energy,OffGrid,2022,135.27
Ireland,Total renewable energy,OffGrid,2023,135.27
Ireland,Total renewable energy,OffGrid,2024,165.27
Ireland,Total renewable energy,OffGrid,2025,165.27
Israel,Total renewable energy,OnGrid,2000,6.61
Israel,Total renewable energy,OnGrid,2001,6.61
Israel,Total renewable energy,OnGrid,2002,12.61
Israel,Total renewable energy,OnGrid,2003,12.61
Israel,Total renewable energy,OnGrid,2004,12.61
Israel,Total renewable energy,OnGrid,2005,13.61
Israel,Total renewable energy,OnGrid,2006,13.91
Israel,Total renewable energy,OnGrid,2007,16.54
Israel,Total renewable energy,OnGrid,2008,23.74
Israel,Total renewable energy,OnGrid,2009,50.24
Israel,Total renewable energy,OnGrid,2010,98.79
Israel,Total renewable energy,OnGrid,2011,218.59
Israel,Total renewable energy,OnGrid,2012,321.1
Israel,Total renewable energy,OnGrid,2013,481.1
Israel,Total renewable energy,OnGrid,2014,693.1
Israel,Total renewable energy,OnGrid,2015,833.1
Israel,Total renewable energy,OnGrid,2016,966.35
Israel,Total renewable energy,OnGrid,2017,1066.35
Israel,Total renewable energy,OnGrid,2018,1411.35
Israel,Total renewable energy,OnGrid,2019,2203.35
Israel,Total renewable energy,OnGrid,2020,2717.25
Israel,Total renewable energy,OnGrid,2021,3656.25
Israel,Total renewable energy,OnGrid,2022,4807.25
Israel,Total renewable energy,OnGrid,2023,5901.35
Israel,Total renewable energy,OnGrid,2024,6005.5
Israel,Total renewable energy,OnGrid,2025,7763.1
Israel,Total renewable energy,OffGrid,2000,-
Israel,Total renewable energy,OffGrid,2001,-
Israel,Total renewable energy,OffGrid,2002,-
Israel,Total renewable energy,OffGrid,2003,-
Israel,Total renewable energy,OffGrid,2004,-
Israel,Total renewable energy,OffGrid,2005,-
Israel,Total renewable energy,OffGrid,2006,-
Israel,Total renewable energy,OffGrid,2007,-
Israel,Total renewable energy,OffGrid,2008,-
Israel,Total renewable energy,OffGrid,2009,-
Israel,Total renewable energy,OffGrid,2010,-
Israel,Total renewable energy,OffGrid,2011,-
Israel,Total renewable energy,OffGrid,2012,-
Israel,Total renewable energy,OffGrid,2013,-
Israel,Total renewable energy,OffGrid,2014,-
Israel,Total renewable energy,OffGrid,2015,-
Israel,Total renewable energy,OffGrid,2016,-
Israel,Total renewable energy,OffGrid,2017,-
Israel,Total renewable energy,OffGrid,2018,-
Israel,Total renewable energy,OffGrid,2019,-
Israel,Total renewable energy,OffGrid,2020,-
Israel,Total renewable energy,OffGrid,2021,-
Israel,Total renewable energy,OffGrid,2022,-
Israel,Total renewable energy,OffGrid,2023,-
Israel,Total renewable energy,OffGrid,2024,-
Israel,Total renewable energy,OffGrid,2025,-
Italy,Total renewable energy,OnGrid,2000,17903.5
Italy,Total renewable energy,OnGrid,2001,18293
Italy,Total renewable energy,OnGrid,2002,18729
Italy,Total renewable energy,OnGrid,2003,19173
Italy,Total renewable energy,OnGrid,2004,19464.5
Italy,Total renewable energy,OnGrid,2005,20250.5
Italy,Total renewable energy,OnGrid,2006,20633.5
Italy,Total renewable energy,OnGrid,2007,21599.5
Italy,Total renewable energy,OnGrid,2008,23154.5
Italy,Total renewable energy,OnGrid,2009,25772.21
Italy,Total renewable energy,OnGrid,2010,29507.44
Italy,Total renewable energy,OnGrid,2011,40729.77
Italy,Total renewable energy,OnGrid,2012,46589.72
Italy,Total renewable energy,OnGrid,2013,48698.72
Italy,Total renewable energy,OnGrid,2014,49366.72
Italy,Total renewable energy,OnGrid,2015,50251.72
Italy,Total renewable energy,OnGrid,2016,51021.72
Italy,Total renewable energy,OnGrid,2017,51943.9
Italy,Total renewable energy,OnGrid,2018,52963.03
Italy,Total renewable energy,OnGrid,2019,54126.49
Italy,Total renewable energy,OnGrid,2020,55194.97
Italy,Total renewable energy,OnGrid,2021,56540.86
Italy,Total renewable energy,OnGrid,2022,59477.51
Italy,Total renewable energy,OnGrid,2023,64776.55
Italy,Total renewable energy,OnGrid,2024,71841.41
Italy,Total renewable energy,OnGrid,2025,78277.41
Italy,Total renewable energy,OffGrid,2000,-
Italy,Total renewable energy,OffGrid,2001,-
Italy,Total renewable energy,OffGrid,2002,-
Italy,Total renewable energy,OffGrid,2003,-
Italy,Total renewable energy,OffGrid,2004,-
Italy,Total renewable energy,OffGrid,2005,-
Italy,Total renewable energy,OffGrid,2006,-
Italy,Total renewable energy,OffGrid,2007,-
Italy,Total renewable energy,OffGrid,2008,-
Italy,Total renewable energy,OffGrid,2009,-
Italy,Total renewable energy,OffGrid,2010,-
Italy,Total renewable energy,OffGrid,2011,-
Italy,Total renewable energy,OffGrid,2012,-
Italy,Total renewable energy,OffGrid,2013,-
Italy,Total renewable energy,OffGrid,2014,-
Italy,Total renewable energy,OffGrid,2015,-
Italy,Total renewable energy,OffGrid,2016,-
Italy,Total renewable energy,OffGrid,2017,-
Italy,Total renewable energy,OffGrid,2018,-
Italy,Total renewable energy,OffGrid,2019,-
Italy,Total renewable energy,OffGrid,2020,-
Italy,Total renewable energy,OffGrid,2021,-
Italy,Total renewable energy,OffGrid,2022,-
Italy,Total renewable energy,OffGrid,2023,-
Italy,Total renewable energy,OffGrid,2024,-
Italy,Total renewable energy,OffGrid,2025,-
Jamaica,Total renewable energy,OnGrid,2000,55.23
Jamaica,Total renewable energy,OnGrid,2001,54.83
Jamaica,Total renewable energy,OnGrid,2002,53.73
Jamaica,Total renewable energy,OnGrid,2003,53.73
Jamaica,Total renewable energy,OnGrid,2004,74.63
Jamaica,Total renewable energy,OnGrid,2005,74.63
Jamaica,Total renewable energy,OnGrid,2006,75.03
Jamaica,Total renewable energy,OnGrid,2007,75.23
Jamaica,Total renewable energy,OnGrid,2008,75.43
Jamaica,Total renewable energy,OnGrid,2009,76.33
Jamaica,Total renewable energy,OnGrid,2010,97.83
Jamaica,Total renewable energy,OnGrid,2011,98.33
Jamaica,Total renewable energy,OnGrid,2012,98.63
Jamaica,Total renewable energy,OnGrid,2013,106.13
Jamaica,Total renewable energy,OnGrid,2014,108.13
Jamaica,Total renewable energy,OnGrid,2015,110.53
Jamaica,Total renewable energy,OnGrid,2016,191.63
Jamaica,Total renewable energy,OnGrid,2017,219.63
Jamaica,Total renewable energy,OnGrid,2018,219.63
Jamaica,Total renewable energy,OnGrid,2019,271.13
Jamaica,Total renewable energy,OnGrid,2020,271.13
Jamaica,Total renewable energy,OnGrid,2021,272.13
Jamaica,Total renewable energy,OnGrid,2022,274.18
Jamaica,Total renewable energy,OnGrid,2023,277.18
Jamaica,Total renewable energy,OnGrid,2024,280.69
Jamaica,Total renewable energy,OnGrid,2025,280.69
Jamaica,Total renewable energy,OffGrid,2000,-
Jamaica,Total renewable energy,OffGrid,2001,-
Jamaica,Total renewable energy,OffGrid,2002,-
Jamaica,Total renewable energy,OffGrid,2003,-
Jamaica,Total renewable energy,OffGrid,2004,-
Jamaica,Total renewable energy,OffGrid,2005,-
Jamaica,Total renewable energy,OffGrid,2006,-
Jamaica,Total renewable energy,OffGrid,2007,-
Jamaica,Total renewable energy,OffGrid,2008,-
Jamaica,Total renewable energy,OffGrid,2009,-
Jamaica,Total renewable energy,OffGrid,2010,-
Jamaica,Total renewable energy,OffGrid,2011,-
Jamaica,Total renewable energy,OffGrid,2012,-
Jamaica,Total renewable energy,OffGrid,2013,0.01
Jamaica,Total renewable energy,OffGrid,2014,0.01
Jamaica,Total renewable energy,OffGrid,2015,0.01
Jamaica,Total renewable energy,OffGrid,2016,0.01
Jamaica,Total renewable energy,OffGrid,2017,0.01
Jamaica,Total renewable energy,OffGrid,2018,0.01
Jamaica,Total renewable energy,OffGrid,2019,0.01
Jamaica,Total renewable energy,OffGrid,2020,0.01
Jamaica,Total renewable energy,OffGrid,2021,0.01
Jamaica,Total renewable energy,OffGrid,2022,0.01
Jamaica,Total renewable energy,OffGrid,2023,0.01
Jamaica,Total renewable energy,OffGrid,2024,0.01
Jamaica,Total renewable energy,OffGrid,2025,0.01
Japan,Total renewable energy,OnGrid,2000,23759
Japan,Total renewable energy,OnGrid,2001,29292.5
Japan,Total renewable energy,OnGrid,2002,29642
Japan,Total renewable energy,OnGrid,2003,30394
Japan,Total renewable energy,OnGrid,2004,31090.5
Japan,Total renewable energy,OnGrid,2005,32047
Japan,Total renewable energy,OnGrid,2006,33221.5
Japan,Total renewable energy,OnGrid,2007,32915
Japan,Total renewable energy,OnGrid,2008,33428.5
Japan,Total renewable energy,OnGrid,2009,34146
Japan,Total renewable energy,OnGrid,2010,36047
Japan,Total renewable energy,OnGrid,2011,37419.5
Japan,Total renewable energy,OnGrid,2012,38414
Japan,Total renewable energy,OnGrid,2013,45501.5
Japan,Total renewable energy,OnGrid,2014,55520
Japan,Total renewable energy,OnGrid,2015,66904.5
Japan,Total renewable energy,OnGrid,2016,75563
Japan,Total renewable energy,OnGrid,2017,83596.46
Japan,Total renewable energy,OnGrid,2018,90722.43
Japan,Total renewable energy,OnGrid,2019,98684.09
Japan,Total renewable energy,OnGrid,2020,107933.82
Japan,Total renewable energy,OnGrid,2021,115172.54
Japan,Total renewable energy,OnGrid,2022,121372.45
Japan,Total renewable energy,OnGrid,2023,126821.71
Japan,Total renewable energy,OnGrid,2024,130405.71
Japan,Total renewable energy,OnGrid,2025,134531.71
Japan,Total renewable energy,OffGrid,2000,-
Japan,Total renewable energy,OffGrid,2001,-
Japan,Total renewable energy,OffGrid,2002,-
Japan,Total renewable energy,OffGrid,2003,-
Japan,Total renewable energy,OffGrid,2004,-
Japan,Total renewable energy,OffGrid,2005,-
Japan,Total renewable energy,OffGrid,2006,-
Japan,Total renewable energy,OffGrid,2007,-
Japan,Total renewable energy,OffGrid,2008,-
Japan,Total renewable energy,OffGrid,2009,-
Japan,Total renewable energy,OffGrid,2010,-
Japan,Total renewable energy,OffGrid,2011,-
Japan,Total renewable energy,OffGrid,2012,-
Japan,Total renewable energy,OffGrid,2013,-
Japan,Total renewable energy,OffGrid,2014,-
Japan,Total renewable energy,OffGrid,2015,-
Japan,Total renewable energy,OffGrid,2016,-
Japan,Total renewable energy,OffGrid,2017,-
Japan,Total renewable energy,OffGrid,2018,-
Japan,Total renewable energy,OffGrid,2019,-
Japan,Total renewable energy,OffGrid,2020,-
Japan,Total renewable energy,OffGrid,2021,-
Japan,Total renewable energy,OffGrid,2022,-
Japan,Total renewable energy,OffGrid,2023,-
Japan,Total renewable energy,OffGrid,2024,-
Japan,Total renewable energy,OffGrid,2025,-
Jordan,Total renewable energy,OnGrid,2000,14.4
Jordan,Total renewable energy,OnGrid,2001,14.4
Jordan,Total renewable energy,OnGrid,2002,14.4
Jordan,Total renewable energy,OnGrid,2003,14.4
Jordan,Total renewable energy,OnGrid,2004,14.4
Jordan,Total renewable energy,OnGrid,2005,14.4
Jordan,Total renewable energy,OnGrid,2006,16.9
Jordan,Total renewable energy,OnGrid,2007,16.9
Jordan,Total renewable energy,OnGrid,2008,16.9
Jordan,Total renewable energy,OnGrid,2009,16.9
Jordan,Total renewable energy,OnGrid,2010,16.9
Jordan,Total renewable energy,OnGrid,2011,16.9
Jordan,Total renewable energy,OnGrid,2012,16.9
Jordan,Total renewable energy,OnGrid,2013,16.9
Jordan,Total renewable energy,OnGrid,2014,16.9
Jordan,Total renewable energy,OnGrid,2015,199.61
Jordan,Total renewable energy,OnGrid,2016,513.9
Jordan,Total renewable energy,OnGrid,2017,634.35
Jordan,Total renewable energy,OnGrid,2018,1073.07
Jordan,Total renewable energy,OnGrid,2019,1372.92
Jordan,Total renewable energy,OnGrid,2020,2086.1
Jordan,Total renewable energy,OnGrid,2021,2456.2
Jordan,Total renewable energy,OnGrid,2022,2611.3
Jordan,Total renewable energy,OnGrid,2023,2634.3
Jordan,Total renewable energy,OnGrid,2024,2839.5
Jordan,Total renewable energy,OnGrid,2025,2839.5
Jordan,Total renewable energy,OffGrid,2000,0.02
Jordan,Total renewable energy,OffGrid,2001,0.02
Jordan,Total renewable energy,OffGrid,2002,0.02
Jordan,Total renewable energy,OffGrid,2003,0.02
Jordan,Total renewable energy,OffGrid,2004,0.02
Jordan,Total renewable energy,OffGrid,2005,0.02
Jordan,Total renewable energy,OffGrid,2006,0.02
Jordan,Total renewable energy,OffGrid,2007,0.02
Jordan,Total renewable energy,OffGrid,2008,0.02
Jordan,Total renewable energy,OffGrid,2009,0.02
Jordan,Total renewable energy,OffGrid,2010,0.02
Jordan,Total renewable energy,OffGrid,2011,0.04
Jordan,Total renewable energy,OffGrid,2012,0.07
Jordan,Total renewable energy,OffGrid,2013,0.14
Jordan,Total renewable energy,OffGrid,2014,0.24
Jordan,Total renewable energy,OffGrid,2015,0.56
Jordan,Total renewable energy,OffGrid,2016,0.59
Jordan,Total renewable energy,OffGrid,2017,0.59
Jordan,Total renewable energy,OffGrid,2018,0.62
Jordan,Total renewable energy,OffGrid,2019,0.67
Jordan,Total renewable energy,OffGrid,2020,2.38
Jordan,Total renewable energy,OffGrid,2021,3.34
Jordan,Total renewable energy,OffGrid,2022,3.34
Jordan,Total renewable energy,OffGrid,2023,3.34
Jordan,Total renewable energy,OffGrid,2024,3.34
Jordan,Total renewable energy,OffGrid,2025,3.34
Kazakhstan,Total renewable energy,OnGrid,2000,2260
Kazakhstan,Total renewable energy,OnGrid,2001,2260
Kazakhstan,Total renewable energy,OnGrid,2002,2260
Kazakhstan,Total renewable energy,OnGrid,2003,2260
Kazakhstan,Total renewable energy,OnGrid,2004,2263
Kazakhstan,Total renewable energy,OnGrid,2005,2249
Kazakhstan,Total renewable energy,OnGrid,2006,2251
Kazakhstan,Total renewable energy,OnGrid,2007,2251
Kazakhstan,Total renewable energy,OnGrid,2008,2263
Kazakhstan,Total renewable energy,OnGrid,2009,2265
Kazakhstan,Total renewable energy,OnGrid,2010,2273
Kazakhstan,Total renewable energy,OnGrid,2011,2274
Kazakhstan,Total renewable energy,OnGrid,2012,2575.5
Kazakhstan,Total renewable energy,OnGrid,2013,2592.8
Kazakhstan,Total renewable energy,OnGrid,2014,2733.6
Kazakhstan,Total renewable energy,OnGrid,2015,2806.71
Kazakhstan,Total renewable energy,OnGrid,2016,2851.39
Kazakhstan,Total renewable energy,OnGrid,2017,2898.48
Kazakhstan,Total renewable energy,OnGrid,2018,3087.68
Kazakhstan,Total renewable energy,OnGrid,2019,3605.8
Kazakhstan,Total renewable energy,OnGrid,2020,4190.44
Kazakhstan,Total renewable energy,OnGrid,2021,4536.38
Kazakhstan,Total renewable energy,OnGrid,2022,5068.8
Kazakhstan,Total renewable energy,OnGrid,2023,5504.31
Kazakhstan,Total renewable energy,OnGrid,2024,5560.73
Kazakhstan,Total renewable energy,OnGrid,2025,6083.69
Kazakhstan,Total renewable energy,OffGrid,2000,-
Kazakhstan,Total renewable energy,OffGrid,2001,-
Kazakhstan,Total renewable energy,OffGrid,2002,-
Kazakhstan,Total renewable energy,OffGrid,2003,-
Kazakhstan,Total renewable energy,OffGrid,2004,-
Kazakhstan,Total renewable energy,OffGrid,2005,-
Kazakhstan,Total renewable energy,OffGrid,2006,-
Kazakhstan,Total renewable energy,OffGrid,2007,-
Kazakhstan,Total renewable energy,OffGrid,2008,-
Kazakhstan,Total renewable energy,OffGrid,2009,-
Kazakhstan,Total renewable energy,OffGrid,2010,-
Kazakhstan,Total renewable energy,OffGrid,2011,-
Kazakhstan,Total renewable energy,OffGrid,2012,-
Kazakhstan,Total renewable energy,OffGrid,2013,-
Kazakhstan,Total renewable energy,OffGrid,2014,-
Kazakhstan,Total renewable energy,OffGrid,2015,-
Kazakhstan,Total renewable energy,OffGrid,2016,-
Kazakhstan,Total renewable energy,OffGrid,2017,-
Kazakhstan,Total renewable energy,OffGrid,2018,-
Kazakhstan,Total renewable energy,OffGrid,2019,-
Kazakhstan,Total renewable energy,OffGrid,2020,-
Kazakhstan,Total renewable energy,OffGrid,2021,-
Kazakhstan,Total renewable energy,OffGrid,2022,-
Kazakhstan,Total renewable energy,OffGrid,2023,-
Kazakhstan,Total renewable energy,OffGrid,2024,-
Kazakhstan,Total renewable energy,OffGrid,2025,-
Kenya,Total renewable energy,OnGrid,2000,769.1
Kenya,Total renewable energy,OnGrid,2001,769.1
Kenya,Total renewable energy,OnGrid,2002,772.1
Kenya,Total renewable energy,OnGrid,2003,772.1
Kenya,Total renewable energy,OnGrid,2004,842.1
Kenya,Total renewable energy,OnGrid,2005,842.2
Kenya,Total renewable energy,OnGrid,2006,842.2
Kenya,Total renewable energy,OnGrid,2007,842.2
Kenya,Total renewable energy,OnGrid,2008,902.2
Kenya,Total renewable energy,OnGrid,2009,968.2
Kenya,Total renewable energy,OnGrid,2010,1023.1
Kenya,Total renewable energy,OnGrid,2011,1022.32
Kenya,Total renewable energy,OnGrid,2012,1074.82
Kenya,Total renewable energy,OnGrid,2013,1083.05
Kenya,Total renewable energy,OnGrid,2014,1246.94
Kenya,Total renewable energy,OnGrid,2015,1521.98
Kenya,Total renewable energy,OnGrid,2016,1585.25
Kenya,Total renewable energy,OnGrid,2017,1615.06
Kenya,Total renewable energy,OnGrid,2018,1994.29
Kenya,Total renewable energy,OnGrid,2019,2005.42
Kenya,Total renewable energy,OnGrid,2020,2198.97
Kenya,Total renewable energy,OnGrid,2021,2350.83
Kenya,Total renewable energy,OnGrid,2022,2527.42
Kenya,Total renewable energy,OnGrid,2023,2801.6
Kenya,Total renewable energy,OnGrid,2024,2905.85
Kenya,Total renewable energy,OnGrid,2025,2892.2
Kenya,Total renewable energy,OffGrid,2000,7.71
Kenya,Total renewable energy,OffGrid,2001,7.72
Kenya,Total renewable energy,OffGrid,2002,7.72
Kenya,Total renewable energy,OffGrid,2003,7.72
Kenya,Total renewable energy,OffGrid,2004,7.73
Kenya,Total renewable energy,OffGrid,2005,7.78
Kenya,Total renewable energy,OffGrid,2006,7.78
Kenya,Total renewable energy,OffGrid,2007,7.79
Kenya,Total renewable energy,OffGrid,2008,7.95
Kenya,Total renewable energy,OffGrid,2009,8.05
Kenya,Total renewable energy,OffGrid,2010,10.24
Kenya,Total renewable energy,OffGrid,2011,10.79
Kenya,Total renewable energy,OffGrid,2012,12.37
Kenya,Total renewable energy,OffGrid,2013,15.1
Kenya,Total renewable energy,OffGrid,2014,21.31
Kenya,Total renewable energy,OffGrid,2015,34.88
Kenya,Total renewable energy,OffGrid,2016,39.32
Kenya,Total renewable energy,OffGrid,2017,47.56
Kenya,Total renewable energy,OffGrid,2018,51.05
Kenya,Total renewable energy,OffGrid,2019,57.86
Kenya,Total renewable energy,OffGrid,2020,63.06
Kenya,Total renewable energy,OffGrid,2021,78.35
Kenya,Total renewable energy,OffGrid,2022,82.65
Kenya,Total renewable energy,OffGrid,2023,85.65
Kenya,Total renewable energy,OffGrid,2024,87.29
Kenya,Total renewable energy,OffGrid,2025,87.29
Kiribati,Total renewable energy,OnGrid,2000,-
Kiribati,Total renewable energy,OnGrid,2001,-
Kiribati,Total renewable energy,OnGrid,2002,-
Kiribati,Total renewable energy,OnGrid,2003,-
Kiribati,Total renewable energy,OnGrid,2004,-
Kiribati,Total renewable energy,OnGrid,2005,-
Kiribati,Total renewable energy,OnGrid,2006,-
Kiribati,Total renewable energy,OnGrid,2007,-
Kiribati,Total renewable energy,OnGrid,2008,0.02
Kiribati,Total renewable energy,OnGrid,2009,0.02
Kiribati,Total renewable energy,OnGrid,2010,0.02
Kiribati,Total renewable energy,OnGrid,2011,0.02
Kiribati,Total renewable energy,OnGrid,2012,0.02
Kiribati,Total renewable energy,OnGrid,2013,0.02
Kiribati,Total renewable energy,OnGrid,2014,0.03
Kiribati,Total renewable energy,OnGrid,2015,0.94
Kiribati,Total renewable energy,OnGrid,2016,1.49
Kiribati,Total renewable energy,OnGrid,2017,1.49
Kiribati,Total renewable energy,OnGrid,2018,1.82
Kiribati,Total renewable energy,OnGrid,2019,1.82
Kiribati,Total renewable energy,OnGrid,2020,1.82
Kiribati,Total renewable energy,OnGrid,2021,1.82
Kiribati,Total renewable energy,OnGrid,2022,1.82
Kiribati,Total renewable energy,OnGrid,2023,1.82
Kiribati,Total renewable energy,OnGrid,2024,1.82
Kiribati,Total renewable energy,OnGrid,2025,1.82
Kiribati,Total renewable energy,OffGrid,2000,0
Kiribati,Total renewable energy,OffGrid,2001,0
Kiribati,Total renewable energy,OffGrid,2002,0
Kiribati,Total renewable energy,OffGrid,2003,0
Kiribati,Total renewable energy,OffGrid,2004,0
Kiribati,Total renewable energy,OffGrid,2005,0
Kiribati,Total renewable energy,OffGrid,2006,0
Kiribati,Total renewable energy,OffGrid,2007,0
Kiribati,Total renewable energy,OffGrid,2008,0
Kiribati,Total renewable energy,OffGrid,2009,0
Kiribati,Total renewable energy,OffGrid,2010,0
Kiribati,Total renewable energy,OffGrid,2011,0
Kiribati,Total renewable energy,OffGrid,2012,0
Kiribati,Total renewable energy,OffGrid,2013,0.01
Kiribati,Total renewable energy,OffGrid,2014,0.01
Kiribati,Total renewable energy,OffGrid,2015,0.02
Kiribati,Total renewable energy,OffGrid,2016,0.02
Kiribati,Total renewable energy,OffGrid,2017,0.02
Kiribati,Total renewable energy,OffGrid,2018,0.02
Kiribati,Total renewable energy,OffGrid,2019,0.02
Kiribati,Total renewable energy,OffGrid,2020,0.02
Kiribati,Total renewable energy,OffGrid,2021,0.02
Kiribati,Total renewable energy,OffGrid,2022,0
Kiribati,Total renewable energy,OffGrid,2023,2.28
Kiribati,Total renewable energy,OffGrid,2024,2.28
Kiribati,Total renewable energy,OffGrid,2025,2.28
Korea DPR,Total renewable energy,OnGrid,2000,4592.5
Korea DPR,Total renewable energy,OnGrid,2001,4792.53
Korea DPR,Total renewable energy,OnGrid,2002,4812.54
Korea DPR,Total renewable energy,OnGrid,2003,4812.76
Korea DPR,Total renewable energy,OnGrid,2004,4812.84
Korea DPR,Total renewable energy,OnGrid,2005,4812.86
Korea DPR,Total renewable energy,OnGrid,2006,4812.92
Korea DPR,Total renewable energy,OnGrid,2007,4942.96
Korea DPR,Total renewable energy,OnGrid,2008,4488.21
Korea DPR,Total renewable energy,OnGrid,2009,3919.37
Korea DPR,Total renewable energy,OnGrid,2010,3959.69
Korea DPR,Total renewable energy,OnGrid,2011,3962.47
Korea DPR,Total renewable energy,OnGrid,2012,4263.33
Korea DPR,Total renewable energy,OnGrid,2013,4290.19
Korea DPR,Total renewable energy,OnGrid,2014,4305.21
Korea DPR,Total renewable energy,OnGrid,2015,4491.22
Korea DPR,Total renewable energy,OnGrid,2016,4734.88
Korea DPR,Total renewable energy,OnGrid,2017,4799.14
Korea DPR,Total renewable energy,OnGrid,2018,4841.77
Korea DPR,Total renewable energy,OnGrid,2019,4856.8
Korea DPR,Total renewable energy,OnGrid,2020,4946.07
Korea DPR,Total renewable energy,OnGrid,2021,4969.07
Korea DPR,Total renewable energy,OnGrid,2022,5007.62
Korea DPR,Total renewable energy,OnGrid,2023,5041.29
Korea DPR,Total renewable energy,OnGrid,2024,5114.84
Korea DPR,Total renewable energy,OnGrid,2025,5128.39
Korea DPR,Total renewable energy,OffGrid,2000,-
Korea DPR,Total renewable energy,OffGrid,2001,-
Korea DPR,Total renewable energy,OffGrid,2002,-
Korea DPR,Total renewable energy,OffGrid,2003,-
Korea DPR,Total renewable energy,OffGrid,2004,-
Korea DPR,Total renewable energy,OffGrid,2005,-
Korea DPR,Total renewable energy,OffGrid,2006,-
Korea DPR,Total renewable energy,OffGrid,2007,-
Korea DPR,Total renewable energy,OffGrid,2008,-
Korea DPR,Total renewable energy,OffGrid,2009,-
Korea DPR,Total renewable energy,OffGrid,2010,-
Korea DPR,Total renewable energy,OffGrid,2011,-
Korea DPR,Total renewable energy,OffGrid,2012,-
Korea DPR,Total renewable energy,OffGrid,2013,-
Korea DPR,Total renewable energy,OffGrid,2014,-
Korea DPR,Total renewable energy,OffGrid,2015,-
Korea DPR,Total renewable energy,OffGrid,2016,-
Korea DPR,Total renewable energy,OffGrid,2017,-
Korea DPR,Total renewable energy,OffGrid,2018,-
Korea DPR,Total renewable energy,OffGrid,2019,-
Korea DPR,Total renewable energy,OffGrid,2020,-
Korea DPR,Total renewable energy,OffGrid,2021,-
Korea DPR,Total renewable energy,OffGrid,2022,-
Korea DPR,Total renewable energy,OffGrid,2023,-
Korea DPR,Total renewable energy,OffGrid,2024,-
Korea DPR,Total renewable energy,OffGrid,2025,-
Korea Rep,Total renewable energy,OnGrid,2000,1620.5
Korea Rep,Total renewable energy,OnGrid,2001,1664.5
Korea Rep,Total renewable energy,OnGrid,2002,1676.5
Korea Rep,Total renewable energy,OnGrid,2003,1681
Korea Rep,Total renewable energy,OnGrid,2004,1680
Korea Rep,Total renewable energy,OnGrid,2005,1847
Korea Rep,Total renewable energy,OnGrid,2006,1931.5
Korea Rep,Total renewable energy,OnGrid,2007,1983
Korea Rep,Total renewable energy,OnGrid,2008,2373.5
Korea Rep,Total renewable energy,OnGrid,2009,2590.5
Korea Rep,Total renewable energy,OnGrid,2010,2802.5
Korea Rep,Total renewable energy,OnGrid,2011,3066.5
Korea Rep,Total renewable energy,OnGrid,2012,3475.2
Korea Rep,Total renewable energy,OnGrid,2013,4343.7
Korea Rep,Total renewable energy,OnGrid,2014,5707.7
Korea Rep,Total renewable energy,OnGrid,2015,7075.7
Korea Rep,Total renewable energy,OnGrid,2016,9162.7
Korea Rep,Total renewable energy,OnGrid,2017,11175.01
Korea Rep,Total renewable energy,OnGrid,2018,13443.45
Korea Rep,Total renewable energy,OnGrid,2019,17621.46
Korea Rep,Total renewable energy,OnGrid,2020,22091.21
Korea Rep,Total renewable energy,OnGrid,2021,24421.03
Korea Rep,Total renewable energy,OnGrid,2022,27269.87
Korea Rep,Total renewable energy,OnGrid,2023,30519.21
Korea Rep,Total renewable energy,OnGrid,2024,33796.23
Korea Rep,Total renewable energy,OnGrid,2025,37682.8
Korea Rep,Total renewable energy,OffGrid,2000,-
Korea Rep,Total renewable energy,OffGrid,2001,-
Korea Rep,Total renewable energy,OffGrid,2002,-
Korea Rep,Total renewable energy,OffGrid,2003,-
Korea Rep,Total renewable energy,OffGrid,2004,-
Korea Rep,Total renewable energy,OffGrid,2005,-
Korea Rep,Total renewable energy,OffGrid,2006,-
Korea Rep,Total renewable energy,OffGrid,2007,-
Korea Rep,Total renewable energy,OffGrid,2008,-
Korea Rep,Total renewable energy,OffGrid,2009,-
Korea Rep,Total renewable energy,OffGrid,2010,-
Korea Rep,Total renewable energy,OffGrid,2011,-
Korea Rep,Total renewable energy,OffGrid,2012,-
Korea Rep,Total renewable energy,OffGrid,2013,-
Korea Rep,Total renewable energy,OffGrid,2014,-
Korea Rep,Total renewable energy,OffGrid,2015,-
Korea Rep,Total renewable energy,OffGrid,2016,-
Korea Rep,Total renewable energy,OffGrid,2017,-
Korea Rep,Total renewable energy,OffGrid,2018,-
Korea Rep,Total renewable energy,OffGrid,2019,-
Korea Rep,Total renewable energy,OffGrid,2020,-
Korea Rep,Total renewable energy,OffGrid,2021,-
Korea Rep,Total renewable energy,OffGrid,2022,-
Korea Rep,Total renewable energy,OffGrid,2023,-
Korea Rep,Total renewable energy,OffGrid,2024,-
Korea Rep,Total renewable energy,OffGrid,2025,-
Kosovo,Total renewable energy,OnGrid,2000,32
Kosovo,Total renewable energy,OnGrid,2001,32
Kosovo,Total renewable energy,OnGrid,2002,32
Kosovo,Total renewable energy,OnGrid,2003,32
Kosovo,Total renewable energy,OnGrid,2004,32
Kosovo,Total renewable energy,OnGrid,2005,32
Kosovo,Total renewable energy,OnGrid,2006,40
Kosovo,Total renewable energy,OnGrid,2007,40
Kosovo,Total renewable energy,OnGrid,2008,40
Kosovo,Total renewable energy,OnGrid,2009,40
Kosovo,Total renewable energy,OnGrid,2010,43
Kosovo,Total renewable energy,OnGrid,2011,44
Kosovo,Total renewable energy,OnGrid,2012,44
Kosovo,Total renewable energy,OnGrid,2013,44
Kosovo,Total renewable energy,OnGrid,2014,44
Kosovo,Total renewable energy,OnGrid,2015,44.1
Kosovo,Total renewable energy,OnGrid,2016,81.22
Kosovo,Total renewable energy,OnGrid,2017,120.72
Kosovo,Total renewable energy,OnGrid,2018,120.72
Kosovo,Total renewable energy,OnGrid,2019,128.82
Kosovo,Total renewable energy,OnGrid,2020,153.88
Kosovo,Total renewable energy,OnGrid,2021,158.03
Kosovo,Total renewable energy,OnGrid,2022,192.5
Kosovo,Total renewable energy,OnGrid,2023,192.5
Kosovo,Total renewable energy,OnGrid,2024,266.9
Kosovo,Total renewable energy,OnGrid,2025,268.1
Kosovo,Total renewable energy,OffGrid,2000,-
Kosovo,Total renewable energy,OffGrid,2001,-
Kosovo,Total renewable energy,OffGrid,2002,-
Kosovo,Total renewable energy,OffGrid,2003,-
Kosovo,Total renewable energy,OffGrid,2004,-
Kosovo,Total renewable energy,OffGrid,2005,-
Kosovo,Total renewable energy,OffGrid,2006,-
Kosovo,Total renewable energy,OffGrid,2007,-
Kosovo,Total renewable energy,OffGrid,2008,-
Kosovo,Total renewable energy,OffGrid,2009,-
Kosovo,Total renewable energy,OffGrid,2010,-
Kosovo,Total renewable energy,OffGrid,2011,-
Kosovo,Total renewable energy,OffGrid,2012,-
Kosovo,Total renewable energy,OffGrid,2013,-
Kosovo,Total renewable energy,OffGrid,2014,-
Kosovo,Total renewable energy,OffGrid,2015,-
Kosovo,Total renewable energy,OffGrid,2016,-
Kosovo,Total renewable energy,OffGrid,2017,-
Kosovo,Total renewable energy,OffGrid,2018,-
Kosovo,Total renewable energy,OffGrid,2019,-
Kosovo,Total renewable energy,OffGrid,2020,-
Kosovo,Total renewable energy,OffGrid,2021,-
Kosovo,Total renewable energy,OffGrid,2022,-
Kosovo,Total renewable energy,OffGrid,2023,-
Kosovo,Total renewable energy,OffGrid,2024,-
Kosovo,Total renewable energy,OffGrid,2025,-
Kuwait,Total renewable energy,OnGrid,2000,-
Kuwait,Total renewable energy,OnGrid,2001,-
Kuwait,Total renewable energy,OnGrid,2002,-
Kuwait,Total renewable energy,OnGrid,2003,-
Kuwait,Total renewable energy,OnGrid,2004,-
Kuwait,Total renewable energy,OnGrid,2005,-
Kuwait,Total renewable energy,OnGrid,2006,-
Kuwait,Total renewable energy,OnGrid,2007,-
Kuwait,Total renewable energy,OnGrid,2008,-
Kuwait,Total renewable energy,OnGrid,2009,-
Kuwait,Total renewable energy,OnGrid,2010,-
Kuwait,Total renewable energy,OnGrid,2011,0.01
Kuwait,Total renewable energy,OnGrid,2012,0.01
Kuwait,Total renewable energy,OnGrid,2013,0.11
Kuwait,Total renewable energy,OnGrid,2014,3.55
Kuwait,Total renewable energy,OnGrid,2015,4.68
Kuwait,Total renewable energy,OnGrid,2016,22.01
Kuwait,Total renewable energy,OnGrid,2017,22.92
Kuwait,Total renewable energy,OnGrid,2018,43.98
Kuwait,Total renewable energy,OnGrid,2019,94.26
Kuwait,Total renewable energy,OnGrid,2020,94.26
Kuwait,Total renewable energy,OnGrid,2021,94.26
Kuwait,Total renewable energy,OnGrid,2022,111.66
Kuwait,Total renewable energy,OnGrid,2023,111.66
Kuwait,Total renewable energy,OnGrid,2024,111.66
Kuwait,Total renewable energy,OnGrid,2025,111.66
Kuwait,Total renewable energy,OffGrid,2000,-
Kuwait,Total renewable energy,OffGrid,2001,-
Kuwait,Total renewable energy,OffGrid,2002,-
Kuwait,Total renewable energy,OffGrid,2003,-
Kuwait,Total renewable energy,OffGrid,2004,-
Kuwait,Total renewable energy,OffGrid,2005,-
Kuwait,Total renewable energy,OffGrid,2006,-
Kuwait,Total renewable energy,OffGrid,2007,-
Kuwait,Total renewable energy,OffGrid,2008,-
Kuwait,Total renewable energy,OffGrid,2009,-
Kuwait,Total renewable energy,OffGrid,2010,-
Kuwait,Total renewable energy,OffGrid,2011,-
Kuwait,Total renewable energy,OffGrid,2012,-
Kuwait,Total renewable energy,OffGrid,2013,2.4
Kuwait,Total renewable energy,OffGrid,2014,2.4
Kuwait,Total renewable energy,OffGrid,2015,2.4
Kuwait,Total renewable energy,OffGrid,2016,2.4
Kuwait,Total renewable energy,OffGrid,2017,2.4
Kuwait,Total renewable energy,OffGrid,2018,2.4
Kuwait,Total renewable energy,OffGrid,2019,2.4
Kuwait,Total renewable energy,OffGrid,2020,2.4
Kuwait,Total renewable energy,OffGrid,2021,2.4
Kuwait,Total renewable energy,OffGrid,2022,2.4
Kuwait,Total renewable energy,OffGrid,2023,2.4
Kuwait,Total renewable energy,OffGrid,2024,2.4
Kuwait,Total renewable energy,OffGrid,2025,2.4
Kyrgyzstan,Total renewable energy,OnGrid,2000,2943.4
Kyrgyzstan,Total renewable energy,OnGrid,2001,2943.4
Kyrgyzstan,Total renewable energy,OnGrid,2002,2943.4
Kyrgyzstan,Total renewable energy,OnGrid,2003,2943.4
Kyrgyzstan,Total renewable energy,OnGrid,2004,2943.4
Kyrgyzstan,Total renewable energy,OnGrid,2005,2943.4
Kyrgyzstan,Total renewable energy,OnGrid,2006,2943.4
Kyrgyzstan,Total renewable energy,OnGrid,2007,2944.2
Kyrgyzstan,Total renewable energy,OnGrid,2008,2944.2
Kyrgyzstan,Total renewable energy,OnGrid,2009,2944.2
Kyrgyzstan,Total renewable energy,OnGrid,2010,3064.2
Kyrgyzstan,Total renewable energy,OnGrid,2011,3071.5
Kyrgyzstan,Total renewable energy,OnGrid,2012,3071.5
Kyrgyzstan,Total renewable energy,OnGrid,2013,3571.5
Kyrgyzstan,Total renewable energy,OnGrid,2014,3670.9
Kyrgyzstan,Total renewable energy,OnGrid,2015,3676.5
Kyrgyzstan,Total renewable energy,OnGrid,2016,3676.78
Kyrgyzstan,Total renewable energy,OnGrid,2017,3688.6
Kyrgyzstan,Total renewable energy,OnGrid,2018,3673.1
Kyrgyzstan,Total renewable energy,OnGrid,2019,3673.1
Kyrgyzstan,Total renewable energy,OnGrid,2020,3673.6
Kyrgyzstan,Total renewable energy,OnGrid,2021,2780.4
Kyrgyzstan,Total renewable energy,OnGrid,2022,3144
Kyrgyzstan,Total renewable energy,OnGrid,2023,3143.08
Kyrgyzstan,Total renewable energy,OnGrid,2024,3313.78
Kyrgyzstan,Total renewable energy,OnGrid,2025,3527.38
Kyrgyzstan,Total renewable energy,OffGrid,2000,-
Kyrgyzstan,Total renewable energy,OffGrid,2001,-
Kyrgyzstan,Total renewable energy,OffGrid,2002,-
Kyrgyzstan,Total renewable energy,OffGrid,2003,-
Kyrgyzstan,Total renewable energy,OffGrid,2004,-
Kyrgyzstan,Total renewable energy,OffGrid,2005,-
Kyrgyzstan,Total renewable energy,OffGrid,2006,-
Kyrgyzstan,Total renewable energy,OffGrid,2007,-
Kyrgyzstan,Total renewable energy,OffGrid,2008,-
Kyrgyzstan,Total renewable energy,OffGrid,2009,-
Kyrgyzstan,Total renewable energy,OffGrid,2010,-
Kyrgyzstan,Total renewable energy,OffGrid,2011,-
Kyrgyzstan,Total renewable energy,OffGrid,2012,-
Kyrgyzstan,Total renewable energy,OffGrid,2013,-
Kyrgyzstan,Total renewable energy,OffGrid,2014,-
Kyrgyzstan,Total renewable energy,OffGrid,2015,-
Kyrgyzstan,Total renewable energy,OffGrid,2016,-
Kyrgyzstan,Total renewable energy,OffGrid,2017,-
Kyrgyzstan,Total renewable energy,OffGrid,2018,-
Kyrgyzstan,Total renewable energy,OffGrid,2019,-
Kyrgyzstan,Total renewable energy,OffGrid,2020,-
Kyrgyzstan,Total renewable energy,OffGrid,2021,-
Kyrgyzstan,Total renewable energy,OffGrid,2022,-
Kyrgyzstan,Total renewable energy,OffGrid,2023,-
Kyrgyzstan,Total renewable energy,OffGrid,2024,-
Kyrgyzstan,Total renewable energy,OffGrid,2025,-
Lao PDR,Total renewable energy,OnGrid,2000,678.29
Lao PDR,Total renewable energy,OnGrid,2001,679.49
Lao PDR,Total renewable energy,OnGrid,2002,679.49
Lao PDR,Total renewable energy,OnGrid,2003,679.49
Lao PDR,Total renewable energy,OnGrid,2004,679.49
Lao PDR,Total renewable energy,OnGrid,2005,720.79
Lao PDR,Total renewable energy,OnGrid,2006,720.79
Lao PDR,Total renewable energy,OnGrid,2007,720.79
Lao PDR,Total renewable energy,OnGrid,2008,720.79
Lao PDR,Total renewable energy,OnGrid,2009,1871.79
Lao PDR,Total renewable energy,OnGrid,2010,2586.8
Lao PDR,Total renewable energy,OnGrid,2011,2591.5
Lao PDR,Total renewable energy,OnGrid,2012,3000.5
Lao PDR,Total renewable energy,OnGrid,2013,3045.7
Lao PDR,Total renewable energy,OnGrid,2014,3330.13
Lao PDR,Total renewable energy,OnGrid,2015,4431.58
Lao PDR,Total renewable energy,OnGrid,2016,4907.81
Lao PDR,Total renewable energy,OnGrid,2017,5153.38
Lao PDR,Total renewable energy,OnGrid,2018,5540.4
Lao PDR,Total renewable energy,OnGrid,2019,6382.4
Lao PDR,Total renewable energy,OnGrid,2020,8182.6
Lao PDR,Total renewable energy,OnGrid,2021,9139.21
Lao PDR,Total renewable energy,OnGrid,2022,9829.21
Lao PDR,Total renewable energy,OnGrid,2023,9954.78
Lao PDR,Total renewable energy,OnGrid,2024,10367.78
Lao PDR,Total renewable energy,OnGrid,2025,12685.78
Lao PDR,Total renewable energy,OffGrid,2000,1.35
Lao PDR,Total renewable energy,OffGrid,2001,1.35
Lao PDR,Total renewable energy,OffGrid,2002,1.54
Lao PDR,Total renewable energy,OffGrid,2003,1.79
Lao PDR,Total renewable energy,OffGrid,2004,2.02
Lao PDR,Total renewable energy,OffGrid,2005,2.09
Lao PDR,Total renewable energy,OffGrid,2006,2.11
Lao PDR,Total renewable energy,OffGrid,2007,2.11
Lao PDR,Total renewable energy,OffGrid,2008,2.11
Lao PDR,Total renewable energy,OffGrid,2009,2.11
Lao PDR,Total renewable energy,OffGrid,2010,2.15
Lao PDR,Total renewable energy,OffGrid,2011,2.15
Lao PDR,Total renewable energy,OffGrid,2012,2.15
Lao PDR,Total renewable energy,OffGrid,2013,2.61
Lao PDR,Total renewable energy,OffGrid,2014,3.03
Lao PDR,Total renewable energy,OffGrid,2015,3.81
Lao PDR,Total renewable energy,OffGrid,2016,3.97
Lao PDR,Total renewable energy,OffGrid,2017,3.97
Lao PDR,Total renewable energy,OffGrid,2018,3.81
Lao PDR,Total renewable energy,OffGrid,2019,3.39
Lao PDR,Total renewable energy,OffGrid,2020,2.62
Lao PDR,Total renewable energy,OffGrid,2021,2.64
Lao PDR,Total renewable energy,OffGrid,2022,2.64
Lao PDR,Total renewable energy,OffGrid,2023,2.64
Lao PDR,Total renewable energy,OffGrid,2024,2.64
Lao PDR,Total renewable energy,OffGrid,2025,2.64
Latvia,Total renewable energy,OnGrid,2000,1515
Latvia,Total renewable energy,OnGrid,2001,1526
Latvia,Total renewable energy,OnGrid,2002,1557
Latvia,Total renewable energy,OnGrid,2003,1570
Latvia,Total renewable energy,OnGrid,2004,1571
Latvia,Total renewable energy,OnGrid,2005,1572
Latvia,Total renewable energy,OnGrid,2006,1572
Latvia,Total renewable energy,OnGrid,2007,1572
Latvia,Total renewable energy,OnGrid,2008,1574
Latvia,Total renewable energy,OnGrid,2009,1575
Latvia,Total renewable energy,OnGrid,2010,1622
Latvia,Total renewable energy,OnGrid,2011,1642
Latvia,Total renewable energy,OnGrid,2012,1701
Latvia,Total renewable energy,OnGrid,2013,1760.51
Latvia,Total renewable energy,OnGrid,2014,1777.72
Latvia,Total renewable energy,OnGrid,2015,1781.86
Latvia,Total renewable energy,OnGrid,2016,1777.79
Latvia,Total renewable energy,OnGrid,2017,1796.14
Latvia,Total renewable energy,OnGrid,2018,1803.54
Latvia,Total renewable energy,OnGrid,2019,1825.78
Latvia,Total renewable energy,OnGrid,2020,1825.86
Latvia,Total renewable energy,OnGrid,2021,1823.27
Latvia,Total renewable energy,OnGrid,2022,1927.02
Latvia,Total renewable energy,OnGrid,2023,2165.44
Latvia,Total renewable energy,OnGrid,2024,2505.44
Latvia,Total renewable energy,OnGrid,2025,2755.44
Latvia,Total renewable energy,OffGrid,2000,-
Latvia,Total renewable energy,OffGrid,2001,-
Latvia,Total renewable energy,OffGrid,2002,-
Latvia,Total renewable energy,OffGrid,2003,-
Latvia,Total renewable energy,OffGrid,2004,-
Latvia,Total renewable energy,OffGrid,2005,-
Latvia,Total renewable energy,OffGrid,2006,-
Latvia,Total renewable energy,OffGrid,2007,-
Latvia,Total renewable energy,OffGrid,2008,-
Latvia,Total renewable energy,OffGrid,2009,-
Latvia,Total renewable energy,OffGrid,2010,-
Latvia,Total renewable energy,OffGrid,2011,-
Latvia,Total renewable energy,OffGrid,2012,-
Latvia,Total renewable energy,OffGrid,2013,-
Latvia,Total renewable energy,OffGrid,2014,-
Latvia,Total renewable energy,OffGrid,2015,-
Latvia,Total renewable energy,OffGrid,2016,-
Latvia,Total renewable energy,OffGrid,2017,-
Latvia,Total renewable energy,OffGrid,2018,-
Latvia,Total renewable energy,OffGrid,2019,-
Latvia,Total renewable energy,OffGrid,2020,-
Latvia,Total renewable energy,OffGrid,2021,-
Latvia,Total renewable energy,OffGrid,2022,-
Latvia,Total renewable energy,OffGrid,2023,-
Latvia,Total renewable energy,OffGrid,2024,-
Latvia,Total renewable energy,OffGrid,2025,-
Lebanon,Total renewable energy,OnGrid,2000,282
Lebanon,Total renewable energy,OnGrid,2001,282
Lebanon,Total renewable energy,OnGrid,2002,282
Lebanon,Total renewable energy,OnGrid,2003,282
Lebanon,Total renewable energy,OnGrid,2004,282
Lebanon,Total renewable energy,OnGrid,2005,282
Lebanon,Total renewable energy,OnGrid,2006,282
Lebanon,Total renewable energy,OnGrid,2007,282
Lebanon,Total renewable energy,OnGrid,2008,282
Lebanon,Total renewable energy,OnGrid,2009,282
Lebanon,Total renewable energy,OnGrid,2010,282.33
Lebanon,Total renewable energy,OnGrid,2011,282.47
Lebanon,Total renewable energy,OnGrid,2012,284.78
Lebanon,Total renewable energy,OnGrid,2013,285.79
Lebanon,Total renewable energy,OnGrid,2014,288.11
Lebanon,Total renewable energy,OnGrid,2015,294.78
Lebanon,Total renewable energy,OnGrid,2016,314.42
Lebanon,Total renewable energy,OnGrid,2017,326.7
Lebanon,Total renewable energy,OnGrid,2018,340.32
Lebanon,Total renewable energy,OnGrid,2019,362.12
Lebanon,Total renewable energy,OnGrid,2020,376.42
Lebanon,Total renewable energy,OnGrid,2021,490.41
Lebanon,Total renewable energy,OnGrid,2022,1153.41
Lebanon,Total renewable energy,OnGrid,2023,1365.12
Lebanon,Total renewable energy,OnGrid,2024,1365.12
Lebanon,Total renewable energy,OnGrid,2025,1789
Lebanon,Total renewable energy,OffGrid,2000,-
Lebanon,Total renewable energy,OffGrid,2001,-
Lebanon,Total renewable energy,OffGrid,2002,-
Lebanon,Total renewable energy,OffGrid,2003,-
Lebanon,Total renewable energy,OffGrid,2004,-
Lebanon,Total renewable energy,OffGrid,2005,-
Lebanon,Total renewable energy,OffGrid,2006,-
Lebanon,Total renewable energy,OffGrid,2007,-
Lebanon,Total renewable energy,OffGrid,2008,0
Lebanon,Total renewable energy,OffGrid,2009,0
Lebanon,Total renewable energy,OffGrid,2010,0
Lebanon,Total renewable energy,OffGrid,2011,0
Lebanon,Total renewable energy,OffGrid,2012,0.51
Lebanon,Total renewable energy,OffGrid,2013,2.07
Lebanon,Total renewable energy,OffGrid,2014,3.4
Lebanon,Total renewable energy,OffGrid,2015,3.42
Lebanon,Total renewable energy,OffGrid,2016,3.98
Lebanon,Total renewable energy,OffGrid,2017,4.3
Lebanon,Total renewable energy,OffGrid,2018,7.88
Lebanon,Total renewable energy,OffGrid,2019,7.88
Lebanon,Total renewable energy,OffGrid,2020,7.88
Lebanon,Total renewable energy,OffGrid,2021,7.89
Lebanon,Total renewable energy,OffGrid,2022,7.89
Lebanon,Total renewable energy,OffGrid,2023,8.18
Lebanon,Total renewable energy,OffGrid,2024,8.18
Lebanon,Total renewable energy,OffGrid,2025,8.18
Lesotho,Total renewable energy,OnGrid,2000,75.24
Lesotho,Total renewable energy,OnGrid,2001,75.24
Lesotho,Total renewable energy,OnGrid,2002,75.24
Lesotho,Total renewable energy,OnGrid,2003,74.57
Lesotho,Total renewable energy,OnGrid,2004,74.57
Lesotho,Total renewable energy,OnGrid,2005,74.57
Lesotho,Total renewable energy,OnGrid,2006,72.57
Lesotho,Total renewable energy,OnGrid,2007,72.57
Lesotho,Total renewable energy,OnGrid,2008,72.57
Lesotho,Total renewable energy,OnGrid,2009,72.57
Lesotho,Total renewable energy,OnGrid,2010,72.57
Lesotho,Total renewable energy,OnGrid,2011,72.57
Lesotho,Total renewable energy,OnGrid,2012,74.57
Lesotho,Total renewable energy,OnGrid,2013,74.28
Lesotho,Total renewable energy,OnGrid,2014,74.28
Lesotho,Total renewable energy,OnGrid,2015,74.28
Lesotho,Total renewable energy,OnGrid,2016,74.28
Lesotho,Total renewable energy,OnGrid,2017,74.28
Lesotho,Total renewable energy,OnGrid,2018,74.28
Lesotho,Total renewable energy,OnGrid,2019,74.28
Lesotho,Total renewable energy,OnGrid,2020,74.28
Lesotho,Total renewable energy,OnGrid,2021,74.28
Lesotho,Total renewable energy,OnGrid,2022,74.28
Lesotho,Total renewable energy,OnGrid,2023,102.28
Lesotho,Total renewable energy,OnGrid,2024,103.28
Lesotho,Total renewable energy,OnGrid,2025,103.28
Lesotho,Total renewable energy,OffGrid,2000,0.18
Lesotho,Total renewable energy,OffGrid,2001,0.18
Lesotho,Total renewable energy,OffGrid,2002,0.18
Lesotho,Total renewable energy,OffGrid,2003,0.18
Lesotho,Total renewable energy,OffGrid,2004,0.18
Lesotho,Total renewable energy,OffGrid,2005,0.18
Lesotho,Total renewable energy,OffGrid,2006,0.18
Lesotho,Total renewable energy,OffGrid,2007,0.18
Lesotho,Total renewable energy,OffGrid,2008,0.18
Lesotho,Total renewable energy,OffGrid,2009,0.18
Lesotho,Total renewable energy,OffGrid,2010,0.18
Lesotho,Total renewable energy,OffGrid,2011,0.18
Lesotho,Total renewable energy,OffGrid,2012,0.18
Lesotho,Total renewable energy,OffGrid,2013,0.34
Lesotho,Total renewable energy,OffGrid,2014,0.34
Lesotho,Total renewable energy,OffGrid,2015,0.34
Lesotho,Total renewable energy,OffGrid,2016,0.34
Lesotho,Total renewable energy,OffGrid,2017,0.34
Lesotho,Total renewable energy,OffGrid,2018,0.27
Lesotho,Total renewable energy,OffGrid,2019,0.5
Lesotho,Total renewable energy,OffGrid,2020,0.51
Lesotho,Total renewable energy,OffGrid,2021,0.47
Lesotho,Total renewable energy,OffGrid,2022,0.64
Lesotho,Total renewable energy,OffGrid,2023,0.69
Lesotho,Total renewable energy,OffGrid,2024,0.69
Lesotho,Total renewable energy,OffGrid,2025,0.69
Liberia,Total renewable energy,OnGrid,2000,-
Liberia,Total renewable energy,OnGrid,2001,-
Liberia,Total renewable energy,OnGrid,2002,-
Liberia,Total renewable energy,OnGrid,2003,-
Liberia,Total renewable energy,OnGrid,2004,-
Liberia,Total renewable energy,OnGrid,2005,-
Liberia,Total renewable energy,OnGrid,2006,-
Liberia,Total renewable energy,OnGrid,2007,-
Liberia,Total renewable energy,OnGrid,2008,-
Liberia,Total renewable energy,OnGrid,2009,-
Liberia,Total renewable energy,OnGrid,2010,-
Liberia,Total renewable energy,OnGrid,2011,-
Liberia,Total renewable energy,OnGrid,2012,-
Liberia,Total renewable energy,OnGrid,2013,-
Liberia,Total renewable energy,OnGrid,2014,-
Liberia,Total renewable energy,OnGrid,2015,-
Liberia,Total renewable energy,OnGrid,2016,22
Liberia,Total renewable energy,OnGrid,2017,88
Liberia,Total renewable energy,OnGrid,2018,88
Liberia,Total renewable energy,OnGrid,2019,88
Liberia,Total renewable energy,OnGrid,2020,88
Liberia,Total renewable energy,OnGrid,2021,88.07
Liberia,Total renewable energy,OnGrid,2022,88.07
Liberia,Total renewable energy,OnGrid,2023,88.07
Liberia,Total renewable energy,OnGrid,2024,88.07
Liberia,Total renewable energy,OnGrid,2025,88.07
Liberia,Total renewable energy,OffGrid,2000,4.8
Liberia,Total renewable energy,OffGrid,2001,4.8
Liberia,Total renewable energy,OffGrid,2002,4.8
Liberia,Total renewable energy,OffGrid,2003,4.8
Liberia,Total renewable energy,OffGrid,2004,4.8
Liberia,Total renewable energy,OffGrid,2005,4.8
Liberia,Total renewable energy,OffGrid,2006,4.8
Liberia,Total renewable energy,OffGrid,2007,4.8
Liberia,Total renewable energy,OffGrid,2008,4.8
Liberia,Total renewable energy,OffGrid,2009,4.8
Liberia,Total renewable energy,OffGrid,2010,4.8
Liberia,Total renewable energy,OffGrid,2011,4.88
Liberia,Total renewable energy,OffGrid,2012,4.88
Liberia,Total renewable energy,OffGrid,2013,4.95
Liberia,Total renewable energy,OffGrid,2014,5.04
Liberia,Total renewable energy,OffGrid,2015,5.06
Liberia,Total renewable energy,OffGrid,2016,5.35
Liberia,Total renewable energy,OffGrid,2017,5.8
Liberia,Total renewable energy,OffGrid,2018,6.18
Liberia,Total renewable energy,OffGrid,2019,6.62
Liberia,Total renewable energy,OffGrid,2020,7.51
Liberia,Total renewable energy,OffGrid,2021,7.83
Liberia,Total renewable energy,OffGrid,2022,8.45
Liberia,Total renewable energy,OffGrid,2023,8.68
Liberia,Total renewable energy,OffGrid,2024,8.69
Liberia,Total renewable energy,OffGrid,2025,10.69
Libya,Total renewable energy,OnGrid,2000,-
Libya,Total renewable energy,OnGrid,2001,-
Libya,Total renewable energy,OnGrid,2002,-
Libya,Total renewable energy,OnGrid,2003,-
Libya,Total renewable energy,OnGrid,2004,-
Libya,Total renewable energy,OnGrid,2005,-
Libya,Total renewable energy,OnGrid,2006,-
Libya,Total renewable energy,OnGrid,2007,-
Libya,Total renewable energy,OnGrid,2008,-
Libya,Total renewable energy,OnGrid,2009,-
Libya,Total renewable energy,OnGrid,2010,-
Libya,Total renewable energy,OnGrid,2011,-
Libya,Total renewable energy,OnGrid,2012,-
Libya,Total renewable energy,OnGrid,2013,-
Libya,Total renewable energy,OnGrid,2014,-
Libya,Total renewable energy,OnGrid,2015,-
Libya,Total renewable energy,OnGrid,2016,-
Libya,Total renewable energy,OnGrid,2017,-
Libya,Total renewable energy,OnGrid,2018,-
Libya,Total renewable energy,OnGrid,2019,-
Libya,Total renewable energy,OnGrid,2020,-
Libya,Total renewable energy,OnGrid,2021,-
Libya,Total renewable energy,OnGrid,2022,-
Libya,Total renewable energy,OnGrid,2023,2
Libya,Total renewable energy,OnGrid,2024,2
Libya,Total renewable energy,OnGrid,2025,3.14
Libya,Total renewable energy,OffGrid,2000,-
Libya,Total renewable energy,OffGrid,2001,-
Libya,Total renewable energy,OffGrid,2002,-
Libya,Total renewable energy,OffGrid,2003,0.2
Libya,Total renewable energy,OffGrid,2004,0.7
Libya,Total renewable energy,OffGrid,2005,1.2
Libya,Total renewable energy,OffGrid,2006,1.7
Libya,Total renewable energy,OffGrid,2007,2.2
Libya,Total renewable energy,OffGrid,2008,2.7
Libya,Total renewable energy,OffGrid,2009,3.2
Libya,Total renewable energy,OffGrid,2010,3.7
Libya,Total renewable energy,OffGrid,2011,4.2
Libya,Total renewable energy,OffGrid,2012,4.9
Libya,Total renewable energy,OffGrid,2013,4.9
Libya,Total renewable energy,OffGrid,2014,4.9
Libya,Total renewable energy,OffGrid,2015,4.9
Libya,Total renewable energy,OffGrid,2016,4.9
Libya,Total renewable energy,OffGrid,2017,5.11
Libya,Total renewable energy,OffGrid,2018,5.11
Libya,Total renewable energy,OffGrid,2019,5.11
Libya,Total renewable energy,OffGrid,2020,5.11
Libya,Total renewable energy,OffGrid,2021,6.33
Libya,Total renewable energy,OffGrid,2022,6.33
Libya,Total renewable energy,OffGrid,2023,6.33
Libya,Total renewable energy,OffGrid,2024,6.33
Libya,Total renewable energy,OffGrid,2025,6.33
Lithuania,Total renewable energy,OnGrid,2000,103
Lithuania,Total renewable energy,OnGrid,2001,105
Lithuania,Total renewable energy,OnGrid,2002,107
Lithuania,Total renewable energy,OnGrid,2003,113
Lithuania,Total renewable energy,OnGrid,2004,116
Lithuania,Total renewable energy,OnGrid,2005,123
Lithuania,Total renewable energy,OnGrid,2006,163
Lithuania,Total renewable energy,OnGrid,2007,184
Lithuania,Total renewable energy,OnGrid,2008,193.1
Lithuania,Total renewable energy,OnGrid,2009,238.1
Lithuania,Total renewable energy,OnGrid,2010,278.1
Lithuania,Total renewable energy,OnGrid,2011,351.3
Lithuania,Total renewable energy,OnGrid,2012,451
Lithuania,Total renewable energy,OnGrid,2013,524.65
Lithuania,Total renewable energy,OnGrid,2014,542.61
Lithuania,Total renewable energy,OnGrid,2015,690.61
Lithuania,Total renewable energy,OnGrid,2016,765.04
Lithuania,Total renewable energy,OnGrid,2017,784.75
Lithuania,Total renewable energy,OnGrid,2018,833.09
Lithuania,Total renewable energy,OnGrid,2019,856.01
Lithuania,Total renewable energy,OnGrid,2020,933.5
Lithuania,Total renewable energy,OnGrid,2021,1154.38
Lithuania,Total renewable energy,OnGrid,2022,1748.47
Lithuania,Total renewable energy,OnGrid,2023,2728.56
Lithuania,Total renewable energy,OnGrid,2024,4522.5
Lithuania,Total renewable energy,OnGrid,2025,5949.5
Lithuania,Total renewable energy,OffGrid,2000,-
Lithuania,Total renewable energy,OffGrid,2001,-
Lithuania,Total renewable energy,OffGrid,2002,-
Lithuania,Total renewable energy,OffGrid,2003,-
Lithuania,Total renewable energy,OffGrid,2004,-
Lithuania,Total renewable energy,OffGrid,2005,-
Lithuania,Total renewable energy,OffGrid,2006,-
Lithuania,Total renewable energy,OffGrid,2007,-
Lithuania,Total renewable energy,OffGrid,2008,-
Lithuania,Total renewable energy,OffGrid,2009,-
Lithuania,Total renewable energy,OffGrid,2010,-
Lithuania,Total renewable energy,OffGrid,2011,-
Lithuania,Total renewable energy,OffGrid,2012,-
Lithuania,Total renewable energy,OffGrid,2013,-
Lithuania,Total renewable energy,OffGrid,2014,-
Lithuania,Total renewable energy,OffGrid,2015,-
Lithuania,Total renewable energy,OffGrid,2016,-
Lithuania,Total renewable energy,OffGrid,2017,3.67
Lithuania,Total renewable energy,OffGrid,2018,10
Lithuania,Total renewable energy,OffGrid,2019,30
Lithuania,Total renewable energy,OffGrid,2020,84
Lithuania,Total renewable energy,OffGrid,2021,171
Lithuania,Total renewable energy,OffGrid,2022,171
Lithuania,Total renewable energy,OffGrid,2023,171
Lithuania,Total renewable energy,OffGrid,2024,171
Lithuania,Total renewable energy,OffGrid,2025,171
Luxembourg,Total renewable energy,OnGrid,2000,53
Luxembourg,Total renewable energy,OnGrid,2001,53.85
Luxembourg,Total renewable energy,OnGrid,2002,56.2
Luxembourg,Total renewable energy,OnGrid,2003,76.26
Luxembourg,Total renewable energy,OnGrid,2004,100.93
Luxembourg,Total renewable energy,OnGrid,2005,100.98
Luxembourg,Total renewable energy,OnGrid,2006,102.4
Luxembourg,Total renewable energy,OnGrid,2007,102.63
Luxembourg,Total renewable energy,OnGrid,2008,113.19
Luxembourg,Total renewable energy,OnGrid,2009,116.38
Luxembourg,Total renewable energy,OnGrid,2010,126.38
Luxembourg,Total renewable energy,OnGrid,2011,139
Luxembourg,Total renewable energy,OnGrid,2012,186.95
Luxembourg,Total renewable energy,OnGrid,2013,210.98
Luxembourg,Total renewable energy,OnGrid,2014,225.4
Luxembourg,Total renewable energy,OnGrid,2015,238.78
Luxembourg,Total renewable energy,OnGrid,2016,300.72
Luxembourg,Total renewable energy,OnGrid,2017,318.06
Luxembourg,Total renewable energy,OnGrid,2018,323.96
Luxembourg,Total renewable energy,OnGrid,2019,385.98
Luxembourg,Total renewable energy,OnGrid,2020,430
Luxembourg,Total renewable energy,OnGrid,2021,504.32
Luxembourg,Total renewable energy,OnGrid,2022,571.53
Luxembourg,Total renewable energy,OnGrid,2023,727.07
Luxembourg,Total renewable energy,OnGrid,2024,888.41
Luxembourg,Total renewable energy,OnGrid,2025,1133.41
Luxembourg,Total renewable energy,OffGrid,2000,-
Luxembourg,Total renewable energy,OffGrid,2001,-
Luxembourg,Total renewable energy,OffGrid,2002,-
Luxembourg,Total renewable energy,OffGrid,2003,-
Luxembourg,Total renewable energy,OffGrid,2004,-
Luxembourg,Total renewable energy,OffGrid,2005,-
Luxembourg,Total renewable energy,OffGrid,2006,-
Luxembourg,Total renewable energy,OffGrid,2007,-
Luxembourg,Total renewable energy,OffGrid,2008,-
Luxembourg,Total renewable energy,OffGrid,2009,-
Luxembourg,Total renewable energy,OffGrid,2010,-
Luxembourg,Total renewable energy,OffGrid,2011,-
Luxembourg,Total renewable energy,OffGrid,2012,-
Luxembourg,Total renewable energy,OffGrid,2013,-
Luxembourg,Total renewable energy,OffGrid,2014,-
Luxembourg,Total renewable energy,OffGrid,2015,-
Luxembourg,Total renewable energy,OffGrid,2016,-
Luxembourg,Total renewable energy,OffGrid,2017,-
Luxembourg,Total renewable energy,OffGrid,2018,-
Luxembourg,Total renewable energy,OffGrid,2019,-
Luxembourg,Total renewable energy,OffGrid,2020,-
Luxembourg,Total renewable energy,OffGrid,2021,-
Luxembourg,Total renewable energy,OffGrid,2022,-
Luxembourg,Total renewable energy,OffGrid,2023,-
Luxembourg,Total renewable energy,OffGrid,2024,-
Luxembourg,Total renewable energy,OffGrid,2025,-
Madagascar,Total renewable energy,OnGrid,2000,105.25
Madagascar,Total renewable energy,OnGrid,2001,105.25
Madagascar,Total renewable energy,OnGrid,2002,105.25
Madagascar,Total renewable energy,OnGrid,2003,105.25
Madagascar,Total renewable energy,OnGrid,2004,105.25
Madagascar,Total renewable energy,OnGrid,2005,105.25
Madagascar,Total renewable energy,OnGrid,2006,105.25
Madagascar,Total renewable energy,OnGrid,2007,105.25
Madagascar,Total renewable energy,OnGrid,2008,120.25
Madagascar,Total renewable energy,OnGrid,2009,120.25
Madagascar,Total renewable energy,OnGrid,2010,125.46
Madagascar,Total renewable energy,OnGrid,2011,125.46
Madagascar,Total renewable energy,OnGrid,2012,158.46
Madagascar,Total renewable energy,OnGrid,2013,158.46
Madagascar,Total renewable energy,OnGrid,2014,158.46
Madagascar,Total renewable energy,OnGrid,2015,158.46
Madagascar,Total renewable energy,OnGrid,2016,158.46
Madagascar,Total renewable energy,OnGrid,2017,158.46
Madagascar,Total renewable energy,OnGrid,2018,178.46
Madagascar,Total renewable energy,OnGrid,2019,178.46
Madagascar,Total renewable energy,OnGrid,2020,178.46
Madagascar,Total renewable energy,OnGrid,2021,178.46
Madagascar,Total renewable energy,OnGrid,2022,234.51
Madagascar,Total renewable energy,OnGrid,2023,236.31
Madagascar,Total renewable energy,OnGrid,2024,236.31
Madagascar,Total renewable energy,OnGrid,2025,240.31
Madagascar,Total renewable energy,OffGrid,2000,0.38
Madagascar,Total renewable energy,OffGrid,2001,0.38
Madagascar,Total renewable energy,OffGrid,2002,0.38
Madagascar,Total renewable energy,OffGrid,2003,0.43
Madagascar,Total renewable energy,OffGrid,2004,0.34
Madagascar,Total renewable energy,OffGrid,2005,0.34
Madagascar,Total renewable energy,OffGrid,2006,0.34
Madagascar,Total renewable energy,OffGrid,2007,0.39
Madagascar,Total renewable energy,OffGrid,2008,0.39
Madagascar,Total renewable energy,OffGrid,2009,0.76
Madagascar,Total renewable energy,OffGrid,2010,3.64
Madagascar,Total renewable energy,OffGrid,2011,3.77
Madagascar,Total renewable energy,OffGrid,2012,4.13
Madagascar,Total renewable energy,OffGrid,2013,4.32
Madagascar,Total renewable energy,OffGrid,2014,5.06
Madagascar,Total renewable energy,OffGrid,2015,6.07
Madagascar,Total renewable energy,OffGrid,2016,6.94
Madagascar,Total renewable energy,OffGrid,2017,7.59
Madagascar,Total renewable energy,OffGrid,2018,7.87
Madagascar,Total renewable energy,OffGrid,2019,9.16
Madagascar,Total renewable energy,OffGrid,2020,10.25
Madagascar,Total renewable energy,OffGrid,2021,10.12
Madagascar,Total renewable energy,OffGrid,2022,10.87
Madagascar,Total renewable energy,OffGrid,2023,14.48
Madagascar,Total renewable energy,OffGrid,2024,15.82
Madagascar,Total renewable energy,OffGrid,2025,15.82
Malawi,Total renewable energy,OnGrid,2000,324.75
Malawi,Total renewable energy,OnGrid,2001,324.75
Malawi,Total renewable energy,OnGrid,2002,324.75
Malawi,Total renewable energy,OnGrid,2003,324.75
Malawi,Total renewable energy,OnGrid,2004,324.75
Malawi,Total renewable energy,OnGrid,2005,324.75
Malawi,Total renewable energy,OnGrid,2006,324.75
Malawi,Total renewable energy,OnGrid,2007,324.75
Malawi,Total renewable energy,OnGrid,2008,324.75
Malawi,Total renewable energy,OnGrid,2009,324.75
Malawi,Total renewable energy,OnGrid,2010,324.75
Malawi,Total renewable energy,OnGrid,2011,324.75
Malawi,Total renewable energy,OnGrid,2012,324.75
Malawi,Total renewable energy,OnGrid,2013,390.38
Malawi,Total renewable energy,OnGrid,2014,390.38
Malawi,Total renewable energy,OnGrid,2015,390.38
Malawi,Total renewable energy,OnGrid,2016,390.38
Malawi,Total renewable energy,OnGrid,2017,390.38
Malawi,Total renewable energy,OnGrid,2018,390.42
Malawi,Total renewable energy,OnGrid,2019,390.42
Malawi,Total renewable energy,OnGrid,2020,390.42
Malawi,Total renewable energy,OnGrid,2021,469.52
Malawi,Total renewable energy,OnGrid,2022,510.52
Malawi,Total renewable energy,OnGrid,2023,510.52
Malawi,Total renewable energy,OnGrid,2024,510.52
Malawi,Total renewable energy,OnGrid,2025,510.52
Malawi,Total renewable energy,OffGrid,2000,1.56
Malawi,Total renewable energy,OffGrid,2001,1.56
Malawi,Total renewable energy,OffGrid,2002,1.56
Malawi,Total renewable energy,OffGrid,2003,1.56
Malawi,Total renewable energy,OffGrid,2004,1.56
Malawi,Total renewable energy,OffGrid,2005,1.41
Malawi,Total renewable energy,OffGrid,2006,1.41
Malawi,Total renewable energy,OffGrid,2007,1.41
Malawi,Total renewable energy,OffGrid,2008,1.41
Malawi,Total renewable energy,OffGrid,2009,1.41
Malawi,Total renewable energy,OffGrid,2010,1.41
Malawi,Total renewable energy,OffGrid,2011,1.5
Malawi,Total renewable energy,OffGrid,2012,1.51
Malawi,Total renewable energy,OffGrid,2013,1.52
Malawi,Total renewable energy,OffGrid,2014,1.54
Malawi,Total renewable energy,OffGrid,2015,1.64
Malawi,Total renewable energy,OffGrid,2016,2.1
Malawi,Total renewable energy,OffGrid,2017,2.53
Malawi,Total renewable energy,OffGrid,2018,2.71
Malawi,Total renewable energy,OffGrid,2019,3.04
Malawi,Total renewable energy,OffGrid,2020,4.54
Malawi,Total renewable energy,OffGrid,2021,5.01
Malawi,Total renewable energy,OffGrid,2022,5.33
Malawi,Total renewable energy,OffGrid,2023,5.33
Malawi,Total renewable energy,OffGrid,2024,5.5
Malawi,Total renewable energy,OffGrid,2025,5.5
Malaysia,Total renewable energy,OnGrid,2000,2296.61
Malaysia,Total renewable energy,OnGrid,2001,2285.61
Malaysia,Total renewable energy,OnGrid,2002,2322.61
Malaysia,Total renewable energy,OnGrid,2003,2336.61
Malaysia,Total renewable energy,OnGrid,2004,2336.61
Malaysia,Total renewable energy,OnGrid,2005,2291.61
Malaysia,Total renewable energy,OnGrid,2006,2323.87
Malaysia,Total renewable energy,OnGrid,2007,2337.91
Malaysia,Total renewable energy,OnGrid,2008,2344.72
Malaysia,Total renewable energy,OnGrid,2009,2369.14
Malaysia,Total renewable energy,OnGrid,2010,2370.82
Malaysia,Total renewable energy,OnGrid,2011,3272.89
Malaysia,Total renewable energy,OnGrid,2012,3606.6
Malaysia,Total renewable energy,OnGrid,2013,4345.99
Malaysia,Total renewable energy,OnGrid,2014,5267.82
Malaysia,Total renewable energy,OnGrid,2015,6575.28
Malaysia,Total renewable energy,OnGrid,2016,6683.61
Malaysia,Total renewable energy,OnGrid,2017,6491.35
Malaysia,Total renewable energy,OnGrid,2018,6919.79
Malaysia,Total renewable energy,OnGrid,2019,7362.97
Malaysia,Total renewable energy,OnGrid,2020,8022.54
Malaysia,Total renewable energy,OnGrid,2021,8165.05
Malaysia,Total renewable energy,OnGrid,2022,8744.9
Malaysia,Total renewable energy,OnGrid,2023,9089.57
Malaysia,Total renewable energy,OnGrid,2024,9745.85
Malaysia,Total renewable energy,OnGrid,2025,9745.85
Malaysia,Total renewable energy,OffGrid,2000,464.41
Malaysia,Total renewable energy,OffGrid,2001,464.43
Malaysia,Total renewable energy,OffGrid,2002,464.43
Malaysia,Total renewable energy,OffGrid,2003,464.43
Malaysia,Total renewable energy,OffGrid,2004,464.44
Malaysia,Total renewable energy,OffGrid,2005,464.44
Malaysia,Total renewable energy,OffGrid,2006,464.45
Malaysia,Total renewable energy,OffGrid,2007,464.45
Malaysia,Total renewable energy,OffGrid,2008,464.5
Malaysia,Total renewable energy,OffGrid,2009,463.06
Malaysia,Total renewable energy,OffGrid,2010,406.01
Malaysia,Total renewable energy,OffGrid,2011,515.73
Malaysia,Total renewable energy,OffGrid,2012,505.08
Malaysia,Total renewable energy,OffGrid,2013,732.76
Malaysia,Total renewable energy,OffGrid,2014,1102.11
Malaysia,Total renewable energy,OffGrid,2015,1240.85
Malaysia,Total renewable energy,OffGrid,2016,1246.17
Malaysia,Total renewable energy,OffGrid,2017,534.95
Malaysia,Total renewable energy,OffGrid,2018,540
Malaysia,Total renewable energy,OffGrid,2019,540.02
Malaysia,Total renewable energy,OffGrid,2020,540.2
Malaysia,Total renewable energy,OffGrid,2021,540.24
Malaysia,Total renewable energy,OffGrid,2022,540.28
Malaysia,Total renewable energy,OffGrid,2023,540.44
Malaysia,Total renewable energy,OffGrid,2024,540.61
Malaysia,Total renewable energy,OffGrid,2025,540.61
Maldives,Total renewable energy,OnGrid,2000,-
Maldives,Total renewable energy,OnGrid,2001,-
Maldives,Total renewable energy,OnGrid,2002,-
Maldives,Total renewable energy,OnGrid,2003,-
Maldives,Total renewable energy,OnGrid,2004,-
Maldives,Total renewable energy,OnGrid,2005,-
Maldives,Total renewable energy,OnGrid,2006,-
Maldives,Total renewable energy,OnGrid,2007,-
Maldives,Total renewable energy,OnGrid,2008,-
Maldives,Total renewable energy,OnGrid,2009,-
Maldives,Total renewable energy,OnGrid,2010,-
Maldives,Total renewable energy,OnGrid,2011,-
Maldives,Total renewable energy,OnGrid,2012,-
Maldives,Total renewable energy,OnGrid,2013,-
Maldives,Total renewable energy,OnGrid,2014,-
Maldives,Total renewable energy,OnGrid,2015,-
Maldives,Total renewable energy,OnGrid,2016,-
Maldives,Total renewable energy,OnGrid,2017,-
Maldives,Total renewable energy,OnGrid,2018,-
Maldives,Total renewable energy,OnGrid,2019,0.25
Maldives,Total renewable energy,OnGrid,2020,0.25
Maldives,Total renewable energy,OnGrid,2021,0.25
Maldives,Total renewable energy,OnGrid,2022,0.25
Maldives,Total renewable energy,OnGrid,2023,0.25
Maldives,Total renewable energy,OnGrid,2024,0.25
Maldives,Total renewable energy,OnGrid,2025,0.25
Maldives,Total renewable energy,OffGrid,2000,-
Maldives,Total renewable energy,OffGrid,2001,-
Maldives,Total renewable energy,OffGrid,2002,-
Maldives,Total renewable energy,OffGrid,2003,-
Maldives,Total renewable energy,OffGrid,2004,-
Maldives,Total renewable energy,OffGrid,2005,0.01
Maldives,Total renewable energy,OffGrid,2006,0.05
Maldives,Total renewable energy,OffGrid,2007,0.07
Maldives,Total renewable energy,OffGrid,2008,1.48
Maldives,Total renewable energy,OffGrid,2009,1.55
Maldives,Total renewable energy,OffGrid,2010,1.57
Maldives,Total renewable energy,OffGrid,2011,1.59
Maldives,Total renewable energy,OffGrid,2012,2.73
Maldives,Total renewable energy,OffGrid,2013,3.16
Maldives,Total renewable energy,OffGrid,2014,5.29
Maldives,Total renewable energy,OffGrid,2015,6.21
Maldives,Total renewable energy,OffGrid,2016,8.9
Maldives,Total renewable energy,OffGrid,2017,12.2
Maldives,Total renewable energy,OffGrid,2018,17.89
Maldives,Total renewable energy,OffGrid,2019,30.41
Maldives,Total renewable energy,OffGrid,2020,40.41
Maldives,Total renewable energy,OffGrid,2021,41.41
Maldives,Total renewable energy,OffGrid,2022,53.41
Maldives,Total renewable energy,OffGrid,2023,56.41
Maldives,Total renewable energy,OffGrid,2024,69.91
Maldives,Total renewable energy,OffGrid,2025,76.12
Mali,Total renewable energy,OnGrid,2000,53.02
Mali,Total renewable energy,OnGrid,2001,53.02
Mali,Total renewable energy,OnGrid,2002,253.32
Mali,Total renewable energy,OnGrid,2003,253.32
Mali,Total renewable energy,OnGrid,2004,253.32
Mali,Total renewable energy,OnGrid,2005,253.32
Mali,Total renewable energy,OnGrid,2006,253.32
Mali,Total renewable energy,OnGrid,2007,253.32
Mali,Total renewable energy,OnGrid,2008,253.32
Mali,Total renewable energy,OnGrid,2009,253.32
Mali,Total renewable energy,OnGrid,2010,253.32
Mali,Total renewable energy,OnGrid,2011,253.32
Mali,Total renewable energy,OnGrid,2012,253.32
Mali,Total renewable energy,OnGrid,2013,315.62
Mali,Total renewable energy,OnGrid,2014,315.62
Mali,Total renewable energy,OnGrid,2015,316.59
Mali,Total renewable energy,OnGrid,2016,316.85
Mali,Total renewable energy,OnGrid,2017,317.46
Mali,Total renewable energy,OnGrid,2018,317.46
Mali,Total renewable energy,OnGrid,2019,317.46
Mali,Total renewable energy,OnGrid,2020,367.66
Mali,Total renewable energy,OnGrid,2021,367.66
Mali,Total renewable energy,OnGrid,2022,511.56
Mali,Total renewable energy,OnGrid,2023,511.56
Mali,Total renewable energy,OnGrid,2024,551.56
Mali,Total renewable energy,OnGrid,2025,551.56
Mali,Total renewable energy,OffGrid,2000,2.05
Mali,Total renewable energy,OffGrid,2001,2.05
Mali,Total renewable energy,OffGrid,2002,2.05
Mali,Total renewable energy,OffGrid,2003,2.05
Mali,Total renewable energy,OffGrid,2004,2.05
Mali,Total renewable energy,OffGrid,2005,2.35
Mali,Total renewable energy,OffGrid,2006,2.41
Mali,Total renewable energy,OffGrid,2007,2.41
Mali,Total renewable energy,OffGrid,2008,2.5
Mali,Total renewable energy,OffGrid,2009,2.5
Mali,Total renewable energy,OffGrid,2010,2.88
Mali,Total renewable energy,OffGrid,2011,3.38
Mali,Total renewable energy,OffGrid,2012,6.71
Mali,Total renewable energy,OffGrid,2013,8.7
Mali,Total renewable energy,OffGrid,2014,9.67
Mali,Total renewable energy,OffGrid,2015,10.7
Mali,Total renewable energy,OffGrid,2016,11.22
Mali,Total renewable energy,OffGrid,2017,48.07
Mali,Total renewable energy,OffGrid,2018,48.57
Mali,Total renewable energy,OffGrid,2019,49.6
Mali,Total renewable energy,OffGrid,2020,49.87
Mali,Total renewable energy,OffGrid,2021,80.87
Mali,Total renewable energy,OffGrid,2022,81.43
Mali,Total renewable energy,OffGrid,2023,81.43
Mali,Total renewable energy,OffGrid,2024,80.96
Mali,Total renewable energy,OffGrid,2025,80.96
Malta,Total renewable energy,OnGrid,2000,-
Malta,Total renewable energy,OnGrid,2001,-
Malta,Total renewable energy,OnGrid,2002,-
Malta,Total renewable energy,OnGrid,2003,-
Malta,Total renewable energy,OnGrid,2004,-
Malta,Total renewable energy,OnGrid,2005,0.1
Malta,Total renewable energy,OnGrid,2006,0.1
Malta,Total renewable energy,OnGrid,2007,0.1
Malta,Total renewable energy,OnGrid,2008,0.2
Malta,Total renewable energy,OnGrid,2009,0.9
Malta,Total renewable energy,OnGrid,2010,0.8
Malta,Total renewable energy,OnGrid,2011,8.3
Malta,Total renewable energy,OnGrid,2012,18.8
Malta,Total renewable energy,OnGrid,2013,30.62
Malta,Total renewable energy,OnGrid,2014,56.71
Malta,Total renewable energy,OnGrid,2015,76.9
Malta,Total renewable energy,OnGrid,2016,96.27
Malta,Total renewable energy,OnGrid,2017,113.43
Malta,Total renewable energy,OnGrid,2018,133.55
Malta,Total renewable energy,OnGrid,2019,155.84
Malta,Total renewable energy,OnGrid,2020,184.57
Malta,Total renewable energy,OnGrid,2021,200.23
Malta,Total renewable energy,OnGrid,2022,213.76
Malta,Total renewable energy,OnGrid,2023,230.19
Malta,Total renewable energy,OnGrid,2024,242.13
Malta,Total renewable energy,OnGrid,2025,253.63
Malta,Total renewable energy,OffGrid,2000,-
Malta,Total renewable energy,OffGrid,2001,-
Malta,Total renewable energy,OffGrid,2002,-
Malta,Total renewable energy,OffGrid,2003,-
Malta,Total renewable energy,OffGrid,2004,-
Malta,Total renewable energy,OffGrid,2005,-
Malta,Total renewable energy,OffGrid,2006,-
Malta,Total renewable energy,OffGrid,2007,-
Malta,Total renewable energy,OffGrid,2008,-
Malta,Total renewable energy,OffGrid,2009,-
Malta,Total renewable energy,OffGrid,2010,-
Malta,Total renewable energy,OffGrid,2011,-
Malta,Total renewable energy,OffGrid,2012,-
Malta,Total renewable energy,OffGrid,2013,-
Malta,Total renewable energy,OffGrid,2014,-
Malta,Total renewable energy,OffGrid,2015,-
Malta,Total renewable energy,OffGrid,2016,-
Malta,Total renewable energy,OffGrid,2017,-
Malta,Total renewable energy,OffGrid,2018,-
Malta,Total renewable energy,OffGrid,2019,-
Malta,Total renewable energy,OffGrid,2020,-
Malta,Total renewable energy,OffGrid,2021,-
Malta,Total renewable energy,OffGrid,2022,-
Malta,Total renewable energy,OffGrid,2023,-
Malta,Total renewable energy,OffGrid,2024,-
Malta,Total renewable energy,OffGrid,2025,-
Marshall Is,Total renewable energy,OnGrid,2000,-
Marshall Is,Total renewable energy,OnGrid,2001,-
Marshall Is,Total renewable energy,OnGrid,2002,-
Marshall Is,Total renewable energy,OnGrid,2003,-
Marshall Is,Total renewable energy,OnGrid,2004,-
Marshall Is,Total renewable energy,OnGrid,2005,-
Marshall Is,Total renewable energy,OnGrid,2006,-
Marshall Is,Total renewable energy,OnGrid,2007,-
Marshall Is,Total renewable energy,OnGrid,2008,-
Marshall Is,Total renewable energy,OnGrid,2009,0.06
Marshall Is,Total renewable energy,OnGrid,2010,0.06
Marshall Is,Total renewable energy,OnGrid,2011,0.06
Marshall Is,Total renewable energy,OnGrid,2012,0.11
Marshall Is,Total renewable energy,OnGrid,2013,0.11
Marshall Is,Total renewable energy,OnGrid,2014,0.38
Marshall Is,Total renewable energy,OnGrid,2015,0.38
Marshall Is,Total renewable energy,OnGrid,2016,0.98
Marshall Is,Total renewable energy,OnGrid,2017,0.98
Marshall Is,Total renewable energy,OnGrid,2018,0.98
Marshall Is,Total renewable energy,OnGrid,2019,0.98
Marshall Is,Total renewable energy,OnGrid,2020,0.98
Marshall Is,Total renewable energy,OnGrid,2021,0.98
Marshall Is,Total renewable energy,OnGrid,2022,1.04
Marshall Is,Total renewable energy,OnGrid,2023,1.16
Marshall Is,Total renewable energy,OnGrid,2024,2.46
Marshall Is,Total renewable energy,OnGrid,2025,2.46
Marshall Is,Total renewable energy,OffGrid,2000,0.04
Marshall Is,Total renewable energy,OffGrid,2001,0.04
Marshall Is,Total renewable energy,OffGrid,2002,0.04
Marshall Is,Total renewable energy,OffGrid,2003,0.04
Marshall Is,Total renewable energy,OffGrid,2004,0.07
Marshall Is,Total renewable energy,OffGrid,2005,0.07
Marshall Is,Total renewable energy,OffGrid,2006,0.07
Marshall Is,Total renewable energy,OffGrid,2007,0.07
Marshall Is,Total renewable energy,OffGrid,2008,0.15
Marshall Is,Total renewable energy,OffGrid,2009,0.21
Marshall Is,Total renewable energy,OffGrid,2010,0.26
Marshall Is,Total renewable energy,OffGrid,2011,0.27
Marshall Is,Total renewable energy,OffGrid,2012,0.31
Marshall Is,Total renewable energy,OffGrid,2013,0.49
Marshall Is,Total renewable energy,OffGrid,2014,0.66
Marshall Is,Total renewable energy,OffGrid,2015,0.66
Marshall Is,Total renewable energy,OffGrid,2016,0.66
Marshall Is,Total renewable energy,OffGrid,2017,0.72
Marshall Is,Total renewable energy,OffGrid,2018,0.74
Marshall Is,Total renewable energy,OffGrid,2019,0.74
Marshall Is,Total renewable energy,OffGrid,2020,0.74
Marshall Is,Total renewable energy,OffGrid,2021,0.74
Marshall Is,Total renewable energy,OffGrid,2022,0.74
Marshall Is,Total renewable energy,OffGrid,2023,0.74
Marshall Is,Total renewable energy,OffGrid,2024,0.74
Marshall Is,Total renewable energy,OffGrid,2025,0.74
Martinique,Total renewable energy,OnGrid,2000,-
Martinique,Total renewable energy,OnGrid,2001,-
Martinique,Total renewable energy,OnGrid,2002,2.25
Martinique,Total renewable energy,OnGrid,2003,2.25
Martinique,Total renewable energy,OnGrid,2004,3.35
Martinique,Total renewable energy,OnGrid,2005,3.35
Martinique,Total renewable energy,OnGrid,2006,5.85
Martinique,Total renewable energy,OnGrid,2007,7.35
Martinique,Total renewable energy,OnGrid,2008,10.65
Martinique,Total renewable energy,OnGrid,2009,17.55
Martinique,Total renewable energy,OnGrid,2010,29.75
Martinique,Total renewable energy,OnGrid,2011,51.35
Martinique,Total renewable energy,OnGrid,2012,63.35
Martinique,Total renewable energy,OnGrid,2013,65.35
Martinique,Total renewable energy,OnGrid,2014,65.85
Martinique,Total renewable energy,OnGrid,2015,69.55
Martinique,Total renewable energy,OnGrid,2016,71.05
Martinique,Total renewable energy,OnGrid,2017,72.85
Martinique,Total renewable energy,OnGrid,2018,115.75
Martinique,Total renewable energy,OnGrid,2019,133.51
Martinique,Total renewable energy,OnGrid,2020,135.4
Martinique,Total renewable energy,OnGrid,2021,147.05
Martinique,Total renewable energy,OnGrid,2022,153.68
Martinique,Total renewable energy,OnGrid,2023,164.17
Martinique,Total renewable energy,OnGrid,2024,175.34
Martinique,Total renewable energy,OnGrid,2025,182.45
Martinique,Total renewable energy,OffGrid,2000,-
Martinique,Total renewable energy,OffGrid,2001,-
Martinique,Total renewable energy,OffGrid,2002,-
Martinique,Total renewable energy,OffGrid,2003,-
Martinique,Total renewable energy,OffGrid,2004,-
Martinique,Total renewable energy,OffGrid,2005,-
Martinique,Total renewable energy,OffGrid,2006,-
Martinique,Total renewable energy,OffGrid,2007,-
Martinique,Total renewable energy,OffGrid,2008,-
Martinique,Total renewable energy,OffGrid,2009,-
Martinique,Total renewable energy,OffGrid,2010,-
Martinique,Total renewable energy,OffGrid,2011,-
Martinique,Total renewable energy,OffGrid,2012,-
Martinique,Total renewable energy,OffGrid,2013,-
Martinique,Total renewable energy,OffGrid,2014,-
Martinique,Total renewable energy,OffGrid,2015,-
Martinique,Total renewable energy,OffGrid,2016,-
Martinique,Total renewable energy,OffGrid,2017,-
Martinique,Total renewable energy,OffGrid,2018,-
Martinique,Total renewable energy,OffGrid,2019,-
Martinique,Total renewable energy,OffGrid,2020,-
Martinique,Total renewable energy,OffGrid,2021,-
Martinique,Total renewable energy,OffGrid,2022,-
Martinique,Total renewable energy,OffGrid,2023,-
Martinique,Total renewable energy,OffGrid,2024,-
Martinique,Total renewable energy,OffGrid,2025,-
Mauritania,Total renewable energy,OnGrid,2000,-
Mauritania,Total renewable energy,OnGrid,2001,-
Mauritania,Total renewable energy,OnGrid,2002,-
Mauritania,Total renewable energy,OnGrid,2003,-
Mauritania,Total renewable energy,OnGrid,2004,-
Mauritania,Total renewable energy,OnGrid,2005,-
Mauritania,Total renewable energy,OnGrid,2006,-
Mauritania,Total renewable energy,OnGrid,2007,-
Mauritania,Total renewable energy,OnGrid,2008,-
Mauritania,Total renewable energy,OnGrid,2009,-
Mauritania,Total renewable energy,OnGrid,2010,-
Mauritania,Total renewable energy,OnGrid,2011,-
Mauritania,Total renewable energy,OnGrid,2012,-
Mauritania,Total renewable energy,OnGrid,2013,15
Mauritania,Total renewable energy,OnGrid,2014,15
Mauritania,Total renewable energy,OnGrid,2015,45
Mauritania,Total renewable energy,OnGrid,2016,45
Mauritania,Total renewable energy,OnGrid,2017,45
Mauritania,Total renewable energy,OnGrid,2018,95.78
Mauritania,Total renewable energy,OnGrid,2019,96.3
Mauritania,Total renewable energy,OnGrid,2020,96.3
Mauritania,Total renewable energy,OnGrid,2021,96.3
Mauritania,Total renewable energy,OnGrid,2022,97.8
Mauritania,Total renewable energy,OnGrid,2023,200.18
Mauritania,Total renewable energy,OnGrid,2024,200.18
Mauritania,Total renewable energy,OnGrid,2025,200.18
Mauritania,Total renewable energy,OffGrid,2000,-
Mauritania,Total renewable energy,OffGrid,2001,-
Mauritania,Total renewable energy,OffGrid,2002,-
Mauritania,Total renewable energy,OffGrid,2003,-
Mauritania,Total renewable energy,OffGrid,2004,-
Mauritania,Total renewable energy,OffGrid,2005,-
Mauritania,Total renewable energy,OffGrid,2006,-
Mauritania,Total renewable energy,OffGrid,2007,-
Mauritania,Total renewable energy,OffGrid,2008,-
Mauritania,Total renewable energy,OffGrid,2009,-
Mauritania,Total renewable energy,OffGrid,2010,-
Mauritania,Total renewable energy,OffGrid,2011,-
Mauritania,Total renewable energy,OffGrid,2012,4.4
Mauritania,Total renewable energy,OffGrid,2013,7.4
Mauritania,Total renewable energy,OffGrid,2014,7.55
Mauritania,Total renewable energy,OffGrid,2015,7.57
Mauritania,Total renewable energy,OffGrid,2016,24.17
Mauritania,Total renewable energy,OffGrid,2017,24.17
Mauritania,Total renewable energy,OffGrid,2018,25.47
Mauritania,Total renewable energy,OffGrid,2019,25.61
Mauritania,Total renewable energy,OffGrid,2020,25.61
Mauritania,Total renewable energy,OffGrid,2021,25.61
Mauritania,Total renewable energy,OffGrid,2022,25.61
Mauritania,Total renewable energy,OffGrid,2023,59.61
Mauritania,Total renewable energy,OffGrid,2024,93.61
Mauritania,Total renewable energy,OffGrid,2025,105.61
Mauritius,Total renewable energy,OnGrid,2000,111.12
Mauritius,Total renewable energy,OnGrid,2001,121.07
Mauritius,Total renewable energy,OnGrid,2002,120.07
Mauritius,Total renewable energy,OnGrid,2003,118.75
Mauritius,Total renewable energy,OnGrid,2004,118.75
Mauritius,Total renewable energy,OnGrid,2005,202.5
Mauritius,Total renewable energy,OnGrid,2006,126.75
Mauritius,Total renewable energy,OnGrid,2007,137.4
Mauritius,Total renewable energy,OnGrid,2008,130.45
Mauritius,Total renewable energy,OnGrid,2009,163.77
Mauritius,Total renewable energy,OnGrid,2010,164.1
Mauritius,Total renewable energy,OnGrid,2011,154.07
Mauritius,Total renewable energy,OnGrid,2012,141.62
Mauritius,Total renewable energy,OnGrid,2013,144.78
Mauritius,Total renewable energy,OnGrid,2014,145.06
Mauritius,Total renewable energy,OnGrid,2015,171.04
Mauritius,Total renewable energy,OnGrid,2016,186.45
Mauritius,Total renewable energy,OnGrid,2017,191.19
Mauritius,Total renewable energy,OnGrid,2018,234.9
Mauritius,Total renewable energy,OnGrid,2019,259.54
Mauritius,Total renewable energy,OnGrid,2020,270.67
Mauritius,Total renewable energy,OnGrid,2021,276.25
Mauritius,Total renewable energy,OnGrid,2022,276.25
Mauritius,Total renewable energy,OnGrid,2023,291.6
Mauritius,Total renewable energy,OnGrid,2024,317.39
Mauritius,Total renewable energy,OnGrid,2025,317.39
Mauritius,Total renewable energy,OffGrid,2000,-
Mauritius,Total renewable energy,OffGrid,2001,-
Mauritius,Total renewable energy,OffGrid,2002,-
Mauritius,Total renewable energy,OffGrid,2003,-
Mauritius,Total renewable energy,OffGrid,2004,-
Mauritius,Total renewable energy,OffGrid,2005,-
Mauritius,Total renewable energy,OffGrid,2006,-
Mauritius,Total renewable energy,OffGrid,2007,-
Mauritius,Total renewable energy,OffGrid,2008,-
Mauritius,Total renewable energy,OffGrid,2009,-
Mauritius,Total renewable energy,OffGrid,2010,0.35
Mauritius,Total renewable energy,OffGrid,2011,0.35
Mauritius,Total renewable energy,OffGrid,2012,0.35
Mauritius,Total renewable energy,OffGrid,2013,0.7
Mauritius,Total renewable energy,OffGrid,2014,0.7
Mauritius,Total renewable energy,OffGrid,2015,0.7
Mauritius,Total renewable energy,OffGrid,2016,0.7
Mauritius,Total renewable energy,OffGrid,2017,0.7
Mauritius,Total renewable energy,OffGrid,2018,0.7
Mauritius,Total renewable energy,OffGrid,2019,0.7
Mauritius,Total renewable energy,OffGrid,2020,0.7
Mauritius,Total renewable energy,OffGrid,2021,0.7
Mauritius,Total renewable energy,OffGrid,2022,0.7
Mauritius,Total renewable energy,OffGrid,2023,0.7
Mauritius,Total renewable energy,OffGrid,2024,0.7
Mauritius,Total renewable energy,OffGrid,2025,0.7
Mayotte,Total renewable energy,OnGrid,2000,-
Mayotte,Total renewable energy,OnGrid,2001,-
Mayotte,Total renewable energy,OnGrid,2002,-
Mayotte,Total renewable energy,OnGrid,2003,-
Mayotte,Total renewable energy,OnGrid,2004,-
Mayotte,Total renewable energy,OnGrid,2005,-
Mayotte,Total renewable energy,OnGrid,2006,-
Mayotte,Total renewable energy,OnGrid,2007,-
Mayotte,Total renewable energy,OnGrid,2008,0.51
Mayotte,Total renewable energy,OnGrid,2009,1.81
Mayotte,Total renewable energy,OnGrid,2010,8.34
Mayotte,Total renewable energy,OnGrid,2011,12.44
Mayotte,Total renewable energy,OnGrid,2012,13.07
Mayotte,Total renewable energy,OnGrid,2013,13.14
Mayotte,Total renewable energy,OnGrid,2014,13.24
Mayotte,Total renewable energy,OnGrid,2015,13.33
Mayotte,Total renewable energy,OnGrid,2016,13.33
Mayotte,Total renewable energy,OnGrid,2017,15.15
Mayotte,Total renewable energy,OnGrid,2018,15.73
Mayotte,Total renewable energy,OnGrid,2019,16.81
Mayotte,Total renewable energy,OnGrid,2020,18.57
Mayotte,Total renewable energy,OnGrid,2021,30.03
Mayotte,Total renewable energy,OnGrid,2022,30.03
Mayotte,Total renewable energy,OnGrid,2023,31.23
Mayotte,Total renewable energy,OnGrid,2024,31.23
Mayotte,Total renewable energy,OnGrid,2025,31.23
Mayotte,Total renewable energy,OffGrid,2000,-
Mayotte,Total renewable energy,OffGrid,2001,-
Mayotte,Total renewable energy,OffGrid,2002,-
Mayotte,Total renewable energy,OffGrid,2003,-
Mayotte,Total renewable energy,OffGrid,2004,-
Mayotte,Total renewable energy,OffGrid,2005,-
Mayotte,Total renewable energy,OffGrid,2006,-
Mayotte,Total renewable energy,OffGrid,2007,-
Mayotte,Total renewable energy,OffGrid,2008,-
Mayotte,Total renewable energy,OffGrid,2009,-
Mayotte,Total renewable energy,OffGrid,2010,-
Mayotte,Total renewable energy,OffGrid,2011,-
Mayotte,Total renewable energy,OffGrid,2012,-
Mayotte,Total renewable energy,OffGrid,2013,-
Mayotte,Total renewable energy,OffGrid,2014,-
Mayotte,Total renewable energy,OffGrid,2015,-
Mayotte,Total renewable energy,OffGrid,2016,-
Mayotte,Total renewable energy,OffGrid,2017,-
Mayotte,Total renewable energy,OffGrid,2018,-
Mayotte,Total renewable energy,OffGrid,2019,-
Mayotte,Total renewable energy,OffGrid,2020,-
Mayotte,Total renewable energy,OffGrid,2021,-
Mayotte,Total renewable energy,OffGrid,2022,-
Mayotte,Total renewable energy,OffGrid,2023,-
Mayotte,Total renewable energy,OffGrid,2024,-
Mayotte,Total renewable energy,OffGrid,2025,-
Mexico,Total renewable energy,OnGrid,2000,10856
Mexico,Total renewable energy,OnGrid,2001,10998
Mexico,Total renewable energy,OnGrid,2002,11006
Mexico,Total renewable energy,OnGrid,2003,11121
Mexico,Total renewable energy,OnGrid,2004,12042
Mexico,Total renewable energy,OnGrid,2005,12068
Mexico,Total renewable energy,OnGrid,2006,12353
Mexico,Total renewable energy,OnGrid,2007,13139
Mexico,Total renewable energy,OnGrid,2008,12915
Mexico,Total renewable energy,OnGrid,2009,13200.15
Mexico,Total renewable energy,OnGrid,2010,13433.81
Mexico,Total renewable energy,OnGrid,2011,13405.26
Mexico,Total renewable energy,OnGrid,2012,14793.21
Mexico,Total renewable energy,OnGrid,2013,15239.46
Mexico,Total renewable energy,OnGrid,2014,16683.76
Mexico,Total renewable energy,OnGrid,2015,17412.42
Mexico,Total renewable energy,OnGrid,2016,19003.96
Mexico,Total renewable energy,OnGrid,2017,19701.46
Mexico,Total renewable energy,OnGrid,2018,21396.79
Mexico,Total renewable energy,OnGrid,2019,27706.38
Mexico,Total renewable energy,OnGrid,2020,29298.06
Mexico,Total renewable energy,OnGrid,2021,31568.27
Mexico,Total renewable energy,OnGrid,2022,31699.64
Mexico,Total renewable energy,OnGrid,2023,32941.57
Mexico,Total renewable energy,OnGrid,2024,34221.95
Mexico,Total renewable energy,OnGrid,2025,35159.3
Mexico,Total renewable energy,OffGrid,2000,-
Mexico,Total renewable energy,OffGrid,2001,-
Mexico,Total renewable energy,OffGrid,2002,-
Mexico,Total renewable energy,OffGrid,2003,-
Mexico,Total renewable energy,OffGrid,2004,-
Mexico,Total renewable energy,OffGrid,2005,-
Mexico,Total renewable energy,OffGrid,2006,-
Mexico,Total renewable energy,OffGrid,2007,-
Mexico,Total renewable energy,OffGrid,2008,-
Mexico,Total renewable energy,OffGrid,2009,-
Mexico,Total renewable energy,OffGrid,2010,-
Mexico,Total renewable energy,OffGrid,2011,-
Mexico,Total renewable energy,OffGrid,2012,-
Mexico,Total renewable energy,OffGrid,2013,-
Mexico,Total renewable energy,OffGrid,2014,-
Mexico,Total renewable energy,OffGrid,2015,-
Mexico,Total renewable energy,OffGrid,2016,-
Mexico,Total renewable energy,OffGrid,2017,-
Mexico,Total renewable energy,OffGrid,2018,0.81
Mexico,Total renewable energy,OffGrid,2019,2.49
Mexico,Total renewable energy,OffGrid,2020,2.49
Mexico,Total renewable energy,OffGrid,2021,8.92
Mexico,Total renewable energy,OffGrid,2022,8.57
Mexico,Total renewable energy,OffGrid,2023,8.57
Mexico,Total renewable energy,OffGrid,2024,8.57
Mexico,Total renewable energy,OffGrid,2025,8.57
Micronesia,Total renewable energy,OnGrid,2000,2.16
Micronesia,Total renewable energy,OnGrid,2001,2.16
Micronesia,Total renewable energy,OnGrid,2002,2.16
Micronesia,Total renewable energy,OnGrid,2003,0.1
Micronesia,Total renewable energy,OnGrid,2004,0.1
Micronesia,Total renewable energy,OnGrid,2005,0.1
Micronesia,Total renewable energy,OnGrid,2006,0.1
Micronesia,Total renewable energy,OnGrid,2007,0.18
Micronesia,Total renewable energy,OnGrid,2008,0.18
Micronesia,Total renewable energy,OnGrid,2009,0.23
Micronesia,Total renewable energy,OnGrid,2010,0.23
Micronesia,Total renewable energy,OnGrid,2011,0.23
Micronesia,Total renewable energy,OnGrid,2012,0.23
Micronesia,Total renewable energy,OnGrid,2013,0.3
Micronesia,Total renewable energy,OnGrid,2014,1.47
Micronesia,Total renewable energy,OnGrid,2015,1.47
Micronesia,Total renewable energy,OnGrid,2016,4.37
Micronesia,Total renewable energy,OnGrid,2017,4.37
Micronesia,Total renewable energy,OnGrid,2018,5.95
Micronesia,Total renewable energy,OnGrid,2019,6.63
Micronesia,Total renewable energy,OnGrid,2020,8.63
Micronesia,Total renewable energy,OnGrid,2021,8.63
Micronesia,Total renewable energy,OnGrid,2022,8.63
Micronesia,Total renewable energy,OnGrid,2023,8.63
Micronesia,Total renewable energy,OnGrid,2024,8.56
Micronesia,Total renewable energy,OnGrid,2025,8.56
Micronesia,Total renewable energy,OffGrid,2000,-
Micronesia,Total renewable energy,OffGrid,2001,-
Micronesia,Total renewable energy,OffGrid,2002,-
Micronesia,Total renewable energy,OffGrid,2003,-
Micronesia,Total renewable energy,OffGrid,2004,-
Micronesia,Total renewable energy,OffGrid,2005,-
Micronesia,Total renewable energy,OffGrid,2006,-
Micronesia,Total renewable energy,OffGrid,2007,-
Micronesia,Total renewable energy,OffGrid,2008,0
Micronesia,Total renewable energy,OffGrid,2009,0.13
Micronesia,Total renewable energy,OffGrid,2010,0.13
Micronesia,Total renewable energy,OffGrid,2011,0.13
Micronesia,Total renewable energy,OffGrid,2012,0.13
Micronesia,Total renewable energy,OffGrid,2013,0.14
Micronesia,Total renewable energy,OffGrid,2014,0.14
Micronesia,Total renewable energy,OffGrid,2015,0.14
Micronesia,Total renewable energy,OffGrid,2016,0.14
Micronesia,Total renewable energy,OffGrid,2017,0.14
Micronesia,Total renewable energy,OffGrid,2018,0.14
Micronesia,Total renewable energy,OffGrid,2019,0.14
Micronesia,Total renewable energy,OffGrid,2020,0.14
Micronesia,Total renewable energy,OffGrid,2021,0.14
Micronesia,Total renewable energy,OffGrid,2022,0.14
Micronesia,Total renewable energy,OffGrid,2023,0.14
Micronesia,Total renewable energy,OffGrid,2024,0.14
Micronesia,Total renewable energy,OffGrid,2025,0.14
Moldova Rep,Total renewable energy,OnGrid,2000,64
Moldova Rep,Total renewable energy,OnGrid,2001,60
Moldova Rep,Total renewable energy,OnGrid,2002,60
Moldova Rep,Total renewable energy,OnGrid,2003,60
Moldova Rep,Total renewable energy,OnGrid,2004,59
Moldova Rep,Total renewable energy,OnGrid,2005,59
Moldova Rep,Total renewable energy,OnGrid,2006,56
Moldova Rep,Total renewable energy,OnGrid,2007,56
Moldova Rep,Total renewable energy,OnGrid,2008,64
Moldova Rep,Total renewable energy,OnGrid,2009,64
Moldova Rep,Total renewable energy,OnGrid,2010,64
Moldova Rep,Total renewable energy,OnGrid,2011,64
Moldova Rep,Total renewable energy,OnGrid,2012,64.4
Moldova Rep,Total renewable energy,OnGrid,2013,67
Moldova Rep,Total renewable energy,OnGrid,2014,69
Moldova Rep,Total renewable energy,OnGrid,2015,69
Moldova Rep,Total renewable energy,OnGrid,2016,70.78
Moldova Rep,Total renewable energy,OnGrid,2017,81.44
Moldova Rep,Total renewable energy,OnGrid,2018,105.75
Moldova Rep,Total renewable energy,OnGrid,2019,109.75
Moldova Rep,Total renewable energy,OnGrid,2020,116.15
Moldova Rep,Total renewable energy,OnGrid,2021,152.73
Moldova Rep,Total renewable energy,OnGrid,2022,254.81
Moldova Rep,Total renewable energy,OnGrid,2023,422.01
Moldova Rep,Total renewable energy,OnGrid,2024,629.75
Moldova Rep,Total renewable energy,OnGrid,2025,1028.99
Moldova Rep,Total renewable energy,OffGrid,2000,-
Moldova Rep,Total renewable energy,OffGrid,2001,-
Moldova Rep,Total renewable energy,OffGrid,2002,-
Moldova Rep,Total renewable energy,OffGrid,2003,-
Moldova Rep,Total renewable energy,OffGrid,2004,-
Moldova Rep,Total renewable energy,OffGrid,2005,-
Moldova Rep,Total renewable energy,OffGrid,2006,-
Moldova Rep,Total renewable energy,OffGrid,2007,-
Moldova Rep,Total renewable energy,OffGrid,2008,-
Moldova Rep,Total renewable energy,OffGrid,2009,-
Moldova Rep,Total renewable energy,OffGrid,2010,-
Moldova Rep,Total renewable energy,OffGrid,2011,-
Moldova Rep,Total renewable energy,OffGrid,2012,-
Moldova Rep,Total renewable energy,OffGrid,2013,-
Moldova Rep,Total renewable energy,OffGrid,2014,-
Moldova Rep,Total renewable energy,OffGrid,2015,-
Moldova Rep,Total renewable energy,OffGrid,2016,-
Moldova Rep,Total renewable energy,OffGrid,2017,-
Moldova Rep,Total renewable energy,OffGrid,2018,-
Moldova Rep,Total renewable energy,OffGrid,2019,-
Moldova Rep,Total renewable energy,OffGrid,2020,-
Moldova Rep,Total renewable energy,OffGrid,2021,-
Moldova Rep,Total renewable energy,OffGrid,2022,-
Moldova Rep,Total renewable energy,OffGrid,2023,-
Moldova Rep,Total renewable energy,OffGrid,2024,-
Moldova Rep,Total renewable energy,OffGrid,2025,-
Mongolia,Total renewable energy,OnGrid,2000,15.02
Mongolia,Total renewable energy,OnGrid,2001,15.02
Mongolia,Total renewable energy,OnGrid,2002,15.02
Mongolia,Total renewable energy,OnGrid,2003,15.02
Mongolia,Total renewable energy,OnGrid,2004,15.02
Mongolia,Total renewable energy,OnGrid,2005,15.02
Mongolia,Total renewable energy,OnGrid,2006,15.02
Mongolia,Total renewable energy,OnGrid,2007,15.02
Mongolia,Total renewable energy,OnGrid,2008,15.02
Mongolia,Total renewable energy,OnGrid,2009,15.02
Mongolia,Total renewable energy,OnGrid,2010,26.02
Mongolia,Total renewable energy,OnGrid,2011,26.02
Mongolia,Total renewable energy,OnGrid,2012,26.02
Mongolia,Total renewable energy,OnGrid,2013,76.05
Mongolia,Total renewable energy,OnGrid,2014,76.05
Mongolia,Total renewable energy,OnGrid,2015,76.05
Mongolia,Total renewable energy,OnGrid,2016,88.23
Mongolia,Total renewable energy,OnGrid,2017,171.33
Mongolia,Total renewable energy,OnGrid,2018,242.83
Mongolia,Total renewable energy,OnGrid,2019,267.63
Mongolia,Total renewable energy,OnGrid,2020,271
Mongolia,Total renewable energy,OnGrid,2021,271.2
Mongolia,Total renewable energy,OnGrid,2022,271.2
Mongolia,Total renewable energy,OnGrid,2023,274.8
Mongolia,Total renewable energy,OnGrid,2024,311
Mongolia,Total renewable energy,OnGrid,2025,297.5
Mongolia,Total renewable energy,OffGrid,2000,0.26
Mongolia,Total renewable energy,OffGrid,2001,1.6
Mongolia,Total renewable energy,OffGrid,2002,1.85
Mongolia,Total renewable energy,OffGrid,2003,2.47
Mongolia,Total renewable energy,OffGrid,2004,2.72
Mongolia,Total renewable energy,OffGrid,2005,3.55
Mongolia,Total renewable energy,OffGrid,2006,4.77
Mongolia,Total renewable energy,OffGrid,2007,5.5
Mongolia,Total renewable energy,OffGrid,2008,9.63
Mongolia,Total renewable energy,OffGrid,2009,10.18
Mongolia,Total renewable energy,OffGrid,2010,15.25
Mongolia,Total renewable energy,OffGrid,2011,16.54
Mongolia,Total renewable energy,OffGrid,2012,17.16
Mongolia,Total renewable energy,OffGrid,2013,17.16
Mongolia,Total renewable energy,OffGrid,2014,17.16
Mongolia,Total renewable energy,OffGrid,2015,17.16
Mongolia,Total renewable energy,OffGrid,2016,17.16
Mongolia,Total renewable energy,OffGrid,2017,17.16
Mongolia,Total renewable energy,OffGrid,2018,17.16
Mongolia,Total renewable energy,OffGrid,2019,17.16
Mongolia,Total renewable energy,OffGrid,2020,17.16
Mongolia,Total renewable energy,OffGrid,2021,17.15
Mongolia,Total renewable energy,OffGrid,2022,17.18
Mongolia,Total renewable energy,OffGrid,2023,17.18
Mongolia,Total renewable energy,OffGrid,2024,17.18
Mongolia,Total renewable energy,OffGrid,2025,16.7
Montenegro,Total renewable energy,OnGrid,2000,-
Montenegro,Total renewable energy,OnGrid,2001,-
Montenegro,Total renewable energy,OnGrid,2002,-
Montenegro,Total renewable energy,OnGrid,2003,-
Montenegro,Total renewable energy,OnGrid,2004,-
Montenegro,Total renewable energy,OnGrid,2005,629
Montenegro,Total renewable energy,OnGrid,2006,629
Montenegro,Total renewable energy,OnGrid,2007,629
Montenegro,Total renewable energy,OnGrid,2008,629
Montenegro,Total renewable energy,OnGrid,2009,629
Montenegro,Total renewable energy,OnGrid,2010,629
Montenegro,Total renewable energy,OnGrid,2011,629
Montenegro,Total renewable energy,OnGrid,2012,629
Montenegro,Total renewable energy,OnGrid,2013,629.84
Montenegro,Total renewable energy,OnGrid,2014,652.69
Montenegro,Total renewable energy,OnGrid,2015,661.92
Montenegro,Total renewable energy,OnGrid,2016,668.16
Montenegro,Total renewable energy,OnGrid,2017,746.81
Montenegro,Total renewable energy,OnGrid,2018,747.61
Montenegro,Total renewable energy,OnGrid,2019,794.24
Montenegro,Total renewable energy,OnGrid,2020,817.26
Montenegro,Total renewable energy,OnGrid,2021,817.26
Montenegro,Total renewable energy,OnGrid,2022,817.56
Montenegro,Total renewable energy,OnGrid,2023,831.99
Montenegro,Total renewable energy,OnGrid,2024,886.7
Montenegro,Total renewable energy,OnGrid,2025,922.7
Montenegro,Total renewable energy,OffGrid,2000,-
Montenegro,Total renewable energy,OffGrid,2001,-
Montenegro,Total renewable energy,OffGrid,2002,-
Montenegro,Total renewable energy,OffGrid,2003,-
Montenegro,Total renewable energy,OffGrid,2004,-
Montenegro,Total renewable energy,OffGrid,2005,-
Montenegro,Total renewable energy,OffGrid,2006,-
Montenegro,Total renewable energy,OffGrid,2007,-
Montenegro,Total renewable energy,OffGrid,2008,-
Montenegro,Total renewable energy,OffGrid,2009,-
Montenegro,Total renewable energy,OffGrid,2010,-
Montenegro,Total renewable energy,OffGrid,2011,-
Montenegro,Total renewable energy,OffGrid,2012,-
Montenegro,Total renewable energy,OffGrid,2013,-
Montenegro,Total renewable energy,OffGrid,2014,-
Montenegro,Total renewable energy,OffGrid,2015,-
Montenegro,Total renewable energy,OffGrid,2016,-
Montenegro,Total renewable energy,OffGrid,2017,-
Montenegro,Total renewable energy,OffGrid,2018,-
Montenegro,Total renewable energy,OffGrid,2019,-
Montenegro,Total renewable energy,OffGrid,2020,-
Montenegro,Total renewable energy,OffGrid,2021,-
Montenegro,Total renewable energy,OffGrid,2022,-
Montenegro,Total renewable energy,OffGrid,2023,-
Montenegro,Total renewable energy,OffGrid,2024,-
Montenegro,Total renewable energy,OffGrid,2025,-
Montserrat,Total renewable energy,OnGrid,2000,-
Montserrat,Total renewable energy,OnGrid,2001,-
Montserrat,Total renewable energy,OnGrid,2002,-
Montserrat,Total renewable energy,OnGrid,2003,-
Montserrat,Total renewable energy,OnGrid,2004,-
Montserrat,Total renewable energy,OnGrid,2005,-
Montserrat,Total renewable energy,OnGrid,2006,-
Montserrat,Total renewable energy,OnGrid,2007,-
Montserrat,Total renewable energy,OnGrid,2008,-
Montserrat,Total renewable energy,OnGrid,2009,-
Montserrat,Total renewable energy,OnGrid,2010,-
Montserrat,Total renewable energy,OnGrid,2011,-
Montserrat,Total renewable energy,OnGrid,2012,-
Montserrat,Total renewable energy,OnGrid,2013,-
Montserrat,Total renewable energy,OnGrid,2014,-
Montserrat,Total renewable energy,OnGrid,2015,-
Montserrat,Total renewable energy,OnGrid,2016,-
Montserrat,Total renewable energy,OnGrid,2017,-
Montserrat,Total renewable energy,OnGrid,2018,-
Montserrat,Total renewable energy,OnGrid,2019,0.25
Montserrat,Total renewable energy,OnGrid,2020,0.25
Montserrat,Total renewable energy,OnGrid,2021,1
Montserrat,Total renewable energy,OnGrid,2022,1
Montserrat,Total renewable energy,OnGrid,2023,1.02
Montserrat,Total renewable energy,OnGrid,2024,1.02
Montserrat,Total renewable energy,OnGrid,2025,1.02
Montserrat,Total renewable energy,OffGrid,2000,-
Montserrat,Total renewable energy,OffGrid,2001,-
Montserrat,Total renewable energy,OffGrid,2002,-
Montserrat,Total renewable energy,OffGrid,2003,-
Montserrat,Total renewable energy,OffGrid,2004,-
Montserrat,Total renewable energy,OffGrid,2005,-
Montserrat,Total renewable energy,OffGrid,2006,-
Montserrat,Total renewable energy,OffGrid,2007,-
Montserrat,Total renewable energy,OffGrid,2008,-
Montserrat,Total renewable energy,OffGrid,2009,-
Montserrat,Total renewable energy,OffGrid,2010,-
Montserrat,Total renewable energy,OffGrid,2011,-
Montserrat,Total renewable energy,OffGrid,2012,-
Montserrat,Total renewable energy,OffGrid,2013,-
Montserrat,Total renewable energy,OffGrid,2014,-
Montserrat,Total renewable energy,OffGrid,2015,-
Montserrat,Total renewable energy,OffGrid,2016,-
Montserrat,Total renewable energy,OffGrid,2017,-
Montserrat,Total renewable energy,OffGrid,2018,-
Montserrat,Total renewable energy,OffGrid,2019,-
Montserrat,Total renewable energy,OffGrid,2020,-
Montserrat,Total renewable energy,OffGrid,2021,-
Montserrat,Total renewable energy,OffGrid,2022,-
Montserrat,Total renewable energy,OffGrid,2023,-
Montserrat,Total renewable energy,OffGrid,2024,-
Montserrat,Total renewable energy,OffGrid,2025,-
Morocco,Total renewable energy,OnGrid,2000,1220.62
Morocco,Total renewable energy,OnGrid,2001,1220.62
Morocco,Total renewable energy,OnGrid,2002,1220.62
Morocco,Total renewable energy,OnGrid,2003,1319.12
Morocco,Total renewable energy,OnGrid,2004,1319.32
Morocco,Total renewable energy,OnGrid,2005,1319.32
Morocco,Total renewable energy,OnGrid,2006,1319.32
Morocco,Total renewable energy,OnGrid,2007,1379.37
Morocco,Total renewable energy,OnGrid,2008,1379.37
Morocco,Total renewable energy,OnGrid,2009,1506.37
Morocco,Total renewable energy,OnGrid,2010,1547.58
Morocco,Total renewable energy,OnGrid,2011,1576.71
Morocco,Total renewable energy,OnGrid,2012,1576.71
Morocco,Total renewable energy,OnGrid,2013,1816.71
Morocco,Total renewable energy,OnGrid,2014,2119.33
Morocco,Total renewable energy,OnGrid,2015,2283.23
Morocco,Total renewable energy,OnGrid,2016,2390.93
Morocco,Total renewable energy,OnGrid,2017,2510.93
Morocco,Total renewable energy,OnGrid,2018,3243.93
Morocco,Total renewable energy,OnGrid,2019,3243.93
Morocco,Total renewable energy,OnGrid,2020,3493.93
Morocco,Total renewable energy,OnGrid,2021,3609.93
Morocco,Total renewable energy,OnGrid,2022,3696.93
Morocco,Total renewable energy,OnGrid,2023,4214.93
Morocco,Total renewable energy,OnGrid,2024,4630.93
Morocco,Total renewable energy,OnGrid,2025,4822.93
Morocco,Total renewable energy,OffGrid,2000,6.7
Morocco,Total renewable energy,OffGrid,2001,7
Morocco,Total renewable energy,OffGrid,2002,7.7
Morocco,Total renewable energy,OffGrid,2003,8.4
Morocco,Total renewable energy,OffGrid,2004,9.1
Morocco,Total renewable energy,OffGrid,2005,10
Morocco,Total renewable energy,OffGrid,2006,10.8
Morocco,Total renewable energy,OffGrid,2007,11.9
Morocco,Total renewable energy,OffGrid,2008,12.8
Morocco,Total renewable energy,OffGrid,2009,13.4
Morocco,Total renewable energy,OffGrid,2010,13.5
Morocco,Total renewable energy,OffGrid,2011,19
Morocco,Total renewable energy,OffGrid,2012,20
Morocco,Total renewable energy,OffGrid,2013,20
Morocco,Total renewable energy,OffGrid,2014,23.8
Morocco,Total renewable energy,OffGrid,2015,23.8
Morocco,Total renewable energy,OffGrid,2016,25.87
Morocco,Total renewable energy,OffGrid,2017,27.9
Morocco,Total renewable energy,OffGrid,2018,27.9
Morocco,Total renewable energy,OffGrid,2019,27.9
Morocco,Total renewable energy,OffGrid,2020,28
Morocco,Total renewable energy,OffGrid,2021,28
Morocco,Total renewable energy,OffGrid,2022,28
Morocco,Total renewable energy,OffGrid,2023,28
Morocco,Total renewable energy,OffGrid,2024,28
Morocco,Total renewable energy,OffGrid,2025,28
Mozambique,Total renewable energy,OnGrid,2000,2229.43
Mozambique,Total renewable energy,OnGrid,2001,2250.38
Mozambique,Total renewable energy,OnGrid,2002,2250.38
Mozambique,Total renewable energy,OnGrid,2003,2250.38
Mozambique,Total renewable energy,OnGrid,2004,2250.38
Mozambique,Total renewable energy,OnGrid,2005,2250.38
Mozambique,Total renewable energy,OnGrid,2006,2250.38
Mozambique,Total renewable energy,OnGrid,2007,2250.38
Mozambique,Total renewable energy,OnGrid,2008,2250.38
Mozambique,Total renewable energy,OnGrid,2009,2250.38
Mozambique,Total renewable energy,OnGrid,2010,2250.38
Mozambique,Total renewable energy,OnGrid,2011,2263.85
Mozambique,Total renewable energy,OnGrid,2012,2263.85
Mozambique,Total renewable energy,OnGrid,2013,2265.2
Mozambique,Total renewable energy,OnGrid,2014,2265.2
Mozambique,Total renewable energy,OnGrid,2015,2265.36
Mozambique,Total renewable energy,OnGrid,2016,2265.96
Mozambique,Total renewable energy,OnGrid,2017,2265.96
Mozambique,Total renewable energy,OnGrid,2018,2266.16
Mozambique,Total renewable energy,OnGrid,2019,2308.48
Mozambique,Total renewable energy,OnGrid,2020,2310.19
Mozambique,Total renewable energy,OnGrid,2021,2310.71
Mozambique,Total renewable energy,OnGrid,2022,2352.28
Mozambique,Total renewable energy,OnGrid,2023,2367.28
Mozambique,Total renewable energy,OnGrid,2024,2370.7
Mozambique,Total renewable energy,OnGrid,2025,2370.7
Mozambique,Total renewable energy,OffGrid,2000,-
Mozambique,Total renewable energy,OffGrid,2001,-
Mozambique,Total renewable energy,OffGrid,2002,-
Mozambique,Total renewable energy,OffGrid,2003,-
Mozambique,Total renewable energy,OffGrid,2004,-
Mozambique,Total renewable energy,OffGrid,2005,-
Mozambique,Total renewable energy,OffGrid,2006,-
Mozambique,Total renewable energy,OffGrid,2007,-
Mozambique,Total renewable energy,OffGrid,2008,0.08
Mozambique,Total renewable energy,OffGrid,2009,0.08
Mozambique,Total renewable energy,OffGrid,2010,0.1
Mozambique,Total renewable energy,OffGrid,2011,0.11
Mozambique,Total renewable energy,OffGrid,2012,0.24
Mozambique,Total renewable energy,OffGrid,2013,1.93
Mozambique,Total renewable energy,OffGrid,2014,2.05
Mozambique,Total renewable energy,OffGrid,2015,2.98
Mozambique,Total renewable energy,OffGrid,2016,4.04
Mozambique,Total renewable energy,OffGrid,2017,4.49
Mozambique,Total renewable energy,OffGrid,2018,4.64
Mozambique,Total renewable energy,OffGrid,2019,7.3
Mozambique,Total renewable energy,OffGrid,2020,13.25
Mozambique,Total renewable energy,OffGrid,2021,21.12
Mozambique,Total renewable energy,OffGrid,2022,31.07
Mozambique,Total renewable energy,OffGrid,2023,63.03
Mozambique,Total renewable energy,OffGrid,2024,73.16
Mozambique,Total renewable energy,OffGrid,2025,73.16
Myanmar,Total renewable energy,OnGrid,2000,360
Myanmar,Total renewable energy,OnGrid,2001,360
Myanmar,Total renewable energy,OnGrid,2002,391
Myanmar,Total renewable energy,OnGrid,2003,301
Myanmar,Total renewable energy,OnGrid,2004,746
Myanmar,Total renewable energy,OnGrid,2005,746
Myanmar,Total renewable energy,OnGrid,2006,771
Myanmar,Total renewable energy,OnGrid,2007,803
Myanmar,Total renewable energy,OnGrid,2008,947
Myanmar,Total renewable energy,OnGrid,2009,1654
Myanmar,Total renewable energy,OnGrid,2010,2522
Myanmar,Total renewable energy,OnGrid,2011,2693
Myanmar,Total renewable energy,OnGrid,2012,2813
Myanmar,Total renewable energy,OnGrid,2013,3005
Myanmar,Total renewable energy,OnGrid,2014,3185
Myanmar,Total renewable energy,OnGrid,2015,3183
Myanmar,Total renewable energy,OnGrid,2016,3255
Myanmar,Total renewable energy,OnGrid,2017,3255.38
Myanmar,Total renewable energy,OnGrid,2018,3262.38
Myanmar,Total renewable energy,OnGrid,2019,3302.38
Myanmar,Total renewable energy,OnGrid,2020,3302.38
Myanmar,Total renewable energy,OnGrid,2021,3332.38
Myanmar,Total renewable energy,OnGrid,2022,3355.28
Myanmar,Total renewable energy,OnGrid,2023,3355.28
Myanmar,Total renewable energy,OnGrid,2024,3385.28
Myanmar,Total renewable energy,OnGrid,2025,3385.28
Myanmar,Total renewable energy,OffGrid,2000,29.1
Myanmar,Total renewable energy,OffGrid,2001,34.59
Myanmar,Total renewable energy,OffGrid,2002,31.5
Myanmar,Total renewable energy,OffGrid,2003,33.68
Myanmar,Total renewable energy,OffGrid,2004,35.46
Myanmar,Total renewable energy,OffGrid,2005,36.33
Myanmar,Total renewable energy,OffGrid,2006,40.74
Myanmar,Total renewable energy,OffGrid,2007,48.43
Myanmar,Total renewable energy,OffGrid,2008,48.81
Myanmar,Total renewable energy,OffGrid,2009,48.09
Myanmar,Total renewable energy,OffGrid,2010,46.87
Myanmar,Total renewable energy,OffGrid,2011,49.62
Myanmar,Total renewable energy,OffGrid,2012,50.45
Myanmar,Total renewable energy,OffGrid,2013,55.97
Myanmar,Total renewable energy,OffGrid,2014,62.04
Myanmar,Total renewable energy,OffGrid,2015,76.11
Myanmar,Total renewable energy,OffGrid,2016,88.65
Myanmar,Total renewable energy,OffGrid,2017,102.82
Myanmar,Total renewable energy,OffGrid,2018,111.27
Myanmar,Total renewable energy,OffGrid,2019,114.26
Myanmar,Total renewable energy,OffGrid,2020,110.27
Myanmar,Total renewable energy,OffGrid,2021,106.23
Myanmar,Total renewable energy,OffGrid,2022,153.88
Myanmar,Total renewable energy,OffGrid,2023,153.88
Myanmar,Total renewable energy,OffGrid,2024,158.88
Myanmar,Total renewable energy,OffGrid,2025,182.88
Namibia,Total renewable energy,OnGrid,2000,240
Namibia,Total renewable energy,OnGrid,2001,240
Namibia,Total renewable energy,OnGrid,2002,240
Namibia,Total renewable energy,OnGrid,2003,240
Namibia,Total renewable energy,OnGrid,2004,240
Namibia,Total renewable energy,OnGrid,2005,240.22
Namibia,Total renewable energy,OnGrid,2006,240.22
Namibia,Total renewable energy,OnGrid,2007,240.22
Namibia,Total renewable energy,OnGrid,2008,240.22
Namibia,Total renewable energy,OnGrid,2009,240.22
Namibia,Total renewable energy,OnGrid,2010,240.47
Namibia,Total renewable energy,OnGrid,2011,240.47
Namibia,Total renewable energy,OnGrid,2012,330.84
Namibia,Total renewable energy,OnGrid,2013,331.66
Namibia,Total renewable energy,OnGrid,2014,332.83
Namibia,Total renewable energy,OnGrid,2015,343.76
Namibia,Total renewable energy,OnGrid,2016,373.06
Namibia,Total renewable energy,OnGrid,2017,418.83
Namibia,Total renewable energy,OnGrid,2018,463.91
Namibia,Total renewable energy,OnGrid,2019,527.56
Namibia,Total renewable energy,OnGrid,2020,531.56
Namibia,Total renewable energy,OnGrid,2021,534.16
Namibia,Total renewable energy,OnGrid,2022,589.57
Namibia,Total renewable energy,OnGrid,2023,589.57
Namibia,Total renewable energy,OnGrid,2024,589.57
Namibia,Total renewable energy,OnGrid,2025,738.85
Namibia,Total renewable energy,OffGrid,2000,-
Namibia,Total renewable energy,OffGrid,2001,-
Namibia,Total renewable energy,OffGrid,2002,0.12
Namibia,Total renewable energy,OffGrid,2003,0.27
Namibia,Total renewable energy,OffGrid,2004,0.35
Namibia,Total renewable energy,OffGrid,2005,0.53
Namibia,Total renewable energy,OffGrid,2006,0.8
Namibia,Total renewable energy,OffGrid,2007,0.8
Namibia,Total renewable energy,OffGrid,2008,0.8
Namibia,Total renewable energy,OffGrid,2009,0.8
Namibia,Total renewable energy,OffGrid,2010,0.8
Namibia,Total renewable energy,OffGrid,2011,1.04
Namibia,Total renewable energy,OffGrid,2012,1.07
Namibia,Total renewable energy,OffGrid,2013,1.07
Namibia,Total renewable energy,OffGrid,2014,1.36
Namibia,Total renewable energy,OffGrid,2015,1.36
Namibia,Total renewable energy,OffGrid,2016,1.37
Namibia,Total renewable energy,OffGrid,2017,1.41
Namibia,Total renewable energy,OffGrid,2018,13.6
Namibia,Total renewable energy,OffGrid,2019,13.89
Namibia,Total renewable energy,OffGrid,2020,14.38
Namibia,Total renewable energy,OffGrid,2021,14.4
Namibia,Total renewable energy,OffGrid,2022,14.41
Namibia,Total renewable energy,OffGrid,2023,8.48
Namibia,Total renewable energy,OffGrid,2024,8.54
Namibia,Total renewable energy,OffGrid,2025,8.54
Nauru,Total renewable energy,OnGrid,2000,-
Nauru,Total renewable energy,OnGrid,2001,-
Nauru,Total renewable energy,OnGrid,2002,-
Nauru,Total renewable energy,OnGrid,2003,-
Nauru,Total renewable energy,OnGrid,2004,-
Nauru,Total renewable energy,OnGrid,2005,-
Nauru,Total renewable energy,OnGrid,2006,0.04
Nauru,Total renewable energy,OnGrid,2007,0.04
Nauru,Total renewable energy,OnGrid,2008,0.04
Nauru,Total renewable energy,OnGrid,2009,0.04
Nauru,Total renewable energy,OnGrid,2010,0.04
Nauru,Total renewable energy,OnGrid,2011,0.04
Nauru,Total renewable energy,OnGrid,2012,0.07
Nauru,Total renewable energy,OnGrid,2013,0.2
Nauru,Total renewable energy,OnGrid,2014,0.2
Nauru,Total renewable energy,OnGrid,2015,0.2
Nauru,Total renewable energy,OnGrid,2016,0.7
Nauru,Total renewable energy,OnGrid,2017,0.7
Nauru,Total renewable energy,OnGrid,2018,0.81
Nauru,Total renewable energy,OnGrid,2019,2.31
Nauru,Total renewable energy,OnGrid,2020,2.32
Nauru,Total renewable energy,OnGrid,2021,2.75
Nauru,Total renewable energy,OnGrid,2022,3.01
Nauru,Total renewable energy,OnGrid,2023,3.01
Nauru,Total renewable energy,OnGrid,2024,3.01
Nauru,Total renewable energy,OnGrid,2025,9.01
Nauru,Total renewable energy,OffGrid,2000,-
Nauru,Total renewable energy,OffGrid,2001,-
Nauru,Total renewable energy,OffGrid,2002,-
Nauru,Total renewable energy,OffGrid,2003,-
Nauru,Total renewable energy,OffGrid,2004,-
Nauru,Total renewable energy,OffGrid,2005,-
Nauru,Total renewable energy,OffGrid,2006,-
Nauru,Total renewable energy,OffGrid,2007,-
Nauru,Total renewable energy,OffGrid,2008,-
Nauru,Total renewable energy,OffGrid,2009,-
Nauru,Total renewable energy,OffGrid,2010,-
Nauru,Total renewable energy,OffGrid,2011,-
Nauru,Total renewable energy,OffGrid,2012,-
Nauru,Total renewable energy,OffGrid,2013,0.01
Nauru,Total renewable energy,OffGrid,2014,0.01
Nauru,Total renewable energy,OffGrid,2015,0.01
Nauru,Total renewable energy,OffGrid,2016,0.01
Nauru,Total renewable energy,OffGrid,2017,0.01
Nauru,Total renewable energy,OffGrid,2018,0.01
Nauru,Total renewable energy,OffGrid,2019,0.17
Nauru,Total renewable energy,OffGrid,2020,0.16
Nauru,Total renewable energy,OffGrid,2021,0.16
Nauru,Total renewable energy,OffGrid,2022,0.16
Nauru,Total renewable energy,OffGrid,2023,0.16
Nauru,Total renewable energy,OffGrid,2024,0.16
Nauru,Total renewable energy,OffGrid,2025,0.16
Nepal,Total renewable energy,OnGrid,2000,265.57
Nepal,Total renewable energy,OnGrid,2001,385.37
Nepal,Total renewable energy,OnGrid,2002,390.56
Nepal,Total renewable energy,OnGrid,2003,542.06
Nepal,Total renewable energy,OnGrid,2004,551.26
Nepal,Total renewable energy,OnGrid,2005,553.86
Nepal,Total renewable energy,OnGrid,2006,556.86
Nepal,Total renewable energy,OnGrid,2007,560.86
Nepal,Total renewable energy,OnGrid,2008,569.03
Nepal,Total renewable energy,OnGrid,2009,662.81
Nepal,Total renewable energy,OnGrid,2010,671
Nepal,Total renewable energy,OnGrid,2011,676.14
Nepal,Total renewable energy,OnGrid,2012,677.63
Nepal,Total renewable energy,OnGrid,2013,708.93
Nepal,Total renewable energy,OnGrid,2014,721.25
Nepal,Total renewable energy,OnGrid,2015,771.76
Nepal,Total renewable energy,OnGrid,2016,790.25
Nepal,Total renewable energy,OnGrid,2017,895.11
Nepal,Total renewable energy,OnGrid,2018,1015.2
Nepal,Total renewable energy,OnGrid,2019,1135.13
Nepal,Total renewable energy,OnGrid,2020,1265.15
Nepal,Total renewable energy,OnGrid,2021,1979.41
Nepal,Total renewable energy,OnGrid,2022,2223.71
Nepal,Total renewable energy,OnGrid,2023,2707
Nepal,Total renewable energy,OnGrid,2024,3376.78
Nepal,Total renewable energy,OnGrid,2025,3933.99
Nepal,Total renewable energy,OffGrid,2000,0.03
Nepal,Total renewable energy,OffGrid,2001,1.26
Nepal,Total renewable energy,OffGrid,2002,2.11
Nepal,Total renewable energy,OffGrid,2003,3.45
Nepal,Total renewable energy,OffGrid,2004,4.42
Nepal,Total renewable energy,OffGrid,2005,5.59
Nepal,Total renewable energy,OffGrid,2006,6.48
Nepal,Total renewable energy,OffGrid,2007,8.38
Nepal,Total renewable energy,OffGrid,2008,9.61
Nepal,Total renewable energy,OffGrid,2009,12.57
Nepal,Total renewable energy,OffGrid,2010,14.79
Nepal,Total renewable energy,OffGrid,2011,20.74
Nepal,Total renewable energy,OffGrid,2012,24.78
Nepal,Total renewable energy,OffGrid,2013,29.79
Nepal,Total renewable energy,OffGrid,2014,33.8
Nepal,Total renewable energy,OffGrid,2015,39.31
Nepal,Total renewable energy,OffGrid,2016,41.49
Nepal,Total renewable energy,OffGrid,2017,83.3
Nepal,Total renewable energy,OffGrid,2018,85.55
Nepal,Total renewable energy,OffGrid,2019,85.69
Nepal,Total renewable energy,OffGrid,2020,86.71
Nepal,Total renewable energy,OffGrid,2021,89.4
Nepal,Total renewable energy,OffGrid,2022,93.1
Nepal,Total renewable energy,OffGrid,2023,90.66
Nepal,Total renewable energy,OffGrid,2024,94.53
Nepal,Total renewable energy,OffGrid,2025,96.34
Netherlands,Total renewable energy,OnGrid,2000,787.46
Netherlands,Total renewable energy,OnGrid,2001,838.04
Netherlands,Total renewable energy,OnGrid,2002,1034.13
Netherlands,Total renewable energy,OnGrid,2003,1288.89
Netherlands,Total renewable energy,OnGrid,2004,1457.94
Netherlands,Total renewable energy,OnGrid,2005,1634.18
Netherlands,Total renewable energy,OnGrid,2006,1994.5
Netherlands,Total renewable energy,OnGrid,2007,2321.97
Netherlands,Total renewable energy,OnGrid,2008,2836.58
Netherlands,Total renewable energy,OnGrid,2009,2959.8
Netherlands,Total renewable energy,OnGrid,2010,3031.6
Netherlands,Total renewable energy,OnGrid,2011,3192.74
Netherlands,Total renewable energy,OnGrid,2012,3472.78
Netherlands,Total renewable energy,OnGrid,2013,4169.17
Netherlands,Total renewable energy,OnGrid,2014,4660.87
Netherlands,Total renewable energy,OnGrid,2015,5748.28
Netherlands,Total renewable energy,OnGrid,2016,7203.27
Netherlands,Total renewable energy,OnGrid,2017,7932.54
Netherlands,Total renewable energy,OnGrid,2018,9863.03
Netherlands,Total renewable energy,OnGrid,2019,12565.07
Netherlands,Total renewable energy,OnGrid,2020,18654.59
Netherlands,Total renewable energy,OnGrid,2021,23366.3
Netherlands,Total renewable energy,OnGrid,2022,26967.39
Netherlands,Total renewable energy,OnGrid,2023,33671.88
Netherlands,Total renewable energy,OnGrid,2024,37387.78
Netherlands,Total renewable energy,OnGrid,2025,38574.12
Netherlands,Total renewable energy,OffGrid,2000,-
Netherlands,Total renewable energy,OffGrid,2001,-
Netherlands,Total renewable energy,OffGrid,2002,-
Netherlands,Total renewable energy,OffGrid,2003,-
Netherlands,Total renewable energy,OffGrid,2004,-
Netherlands,Total renewable energy,OffGrid,2005,-
Netherlands,Total renewable energy,OffGrid,2006,-
Netherlands,Total renewable energy,OffGrid,2007,-
Netherlands,Total renewable energy,OffGrid,2008,-
Netherlands,Total renewable energy,OffGrid,2009,-
Netherlands,Total renewable energy,OffGrid,2010,-
Netherlands,Total renewable energy,OffGrid,2011,-
Netherlands,Total renewable energy,OffGrid,2012,-
Netherlands,Total renewable energy,OffGrid,2013,-
Netherlands,Total renewable energy,OffGrid,2014,-
Netherlands,Total renewable energy,OffGrid,2015,-
Netherlands,Total renewable energy,OffGrid,2016,-
Netherlands,Total renewable energy,OffGrid,2017,-
Netherlands,Total renewable energy,OffGrid,2018,-
Netherlands,Total renewable energy,OffGrid,2019,-
Netherlands,Total renewable energy,OffGrid,2020,-
Netherlands,Total renewable energy,OffGrid,2021,-
Netherlands,Total renewable energy,OffGrid,2022,-
Netherlands,Total renewable energy,OffGrid,2023,-
Netherlands,Total renewable energy,OffGrid,2024,-
Netherlands,Total renewable energy,OffGrid,2025,-
New Caledon,Total renewable energy,OnGrid,2000,79.76
New Caledon,Total renewable energy,OnGrid,2001,82.5
New Caledon,Total renewable energy,OnGrid,2002,85
New Caledon,Total renewable energy,OnGrid,2003,89.62
New Caledon,Total renewable energy,OnGrid,2004,101.17
New Caledon,Total renewable energy,OnGrid,2005,101.23
New Caledon,Total renewable energy,OnGrid,2006,106.73
New Caledon,Total renewable energy,OnGrid,2007,110.85
New Caledon,Total renewable energy,OnGrid,2008,110.85
New Caledon,Total renewable energy,OnGrid,2009,115.88
New Caledon,Total renewable energy,OnGrid,2010,117.98
New Caledon,Total renewable energy,OnGrid,2011,118.78
New Caledon,Total renewable energy,OnGrid,2012,118.78
New Caledon,Total renewable energy,OnGrid,2013,118.78
New Caledon,Total renewable energy,OnGrid,2014,119.03
New Caledon,Total renewable energy,OnGrid,2015,122.39
New Caledon,Total renewable energy,OnGrid,2016,125.68
New Caledon,Total renewable energy,OnGrid,2017,142.83
New Caledon,Total renewable energy,OnGrid,2018,176.05
New Caledon,Total renewable energy,OnGrid,2019,219.65
New Caledon,Total renewable energy,OnGrid,2020,243.61
New Caledon,Total renewable energy,OnGrid,2021,293.82
New Caledon,Total renewable energy,OnGrid,2022,349.22
New Caledon,Total renewable energy,OnGrid,2023,354.02
New Caledon,Total renewable energy,OnGrid,2024,355.09
New Caledon,Total renewable energy,OnGrid,2025,359.09
New Caledon,Total renewable energy,OffGrid,2000,0
New Caledon,Total renewable energy,OffGrid,2001,0
New Caledon,Total renewable energy,OffGrid,2002,0
New Caledon,Total renewable energy,OffGrid,2003,0
New Caledon,Total renewable energy,OffGrid,2004,0
New Caledon,Total renewable energy,OffGrid,2005,0
New Caledon,Total renewable energy,OffGrid,2006,0
New Caledon,Total renewable energy,OffGrid,2007,0
New Caledon,Total renewable energy,OffGrid,2008,0
New Caledon,Total renewable energy,OffGrid,2009,0
New Caledon,Total renewable energy,OffGrid,2010,0
New Caledon,Total renewable energy,OffGrid,2011,0
New Caledon,Total renewable energy,OffGrid,2012,0
New Caledon,Total renewable energy,OffGrid,2013,0
New Caledon,Total renewable energy,OffGrid,2014,0
New Caledon,Total renewable energy,OffGrid,2015,0
New Caledon,Total renewable energy,OffGrid,2016,0
New Caledon,Total renewable energy,OffGrid,2017,0
New Caledon,Total renewable energy,OffGrid,2018,0
New Caledon,Total renewable energy,OffGrid,2019,0
New Caledon,Total renewable energy,OffGrid,2020,0
New Caledon,Total renewable energy,OffGrid,2021,0
New Caledon,Total renewable energy,OffGrid,2022,0
New Caledon,Total renewable energy,OffGrid,2023,0.19
New Caledon,Total renewable energy,OffGrid,2024,0.19
New Caledon,Total renewable energy,OffGrid,2025,0.19
New Zealand,Total renewable energy,OnGrid,2000,5732
New Zealand,Total renewable energy,OnGrid,2001,5798
New Zealand,Total renewable energy,OnGrid,2002,5908
New Zealand,Total renewable energy,OnGrid,2003,5945
New Zealand,Total renewable energy,OnGrid,2004,6040
New Zealand,Total renewable energy,OnGrid,2005,6111
New Zealand,Total renewable energy,OnGrid,2006,6114
New Zealand,Total renewable energy,OnGrid,2007,6289
New Zealand,Total renewable energy,OnGrid,2008,6438
New Zealand,Total renewable energy,OnGrid,2009,6613
New Zealand,Total renewable energy,OnGrid,2010,6760
New Zealand,Total renewable energy,OnGrid,2011,6920
New Zealand,Total renewable energy,OnGrid,2012,6961.04
New Zealand,Total renewable energy,OnGrid,2013,7052
New Zealand,Total renewable energy,OnGrid,2014,7253
New Zealand,Total renewable energy,OnGrid,2015,7300
New Zealand,Total renewable energy,OnGrid,2016,7309
New Zealand,Total renewable energy,OnGrid,2017,7331.13
New Zealand,Total renewable energy,OnGrid,2018,7375.82
New Zealand,Total renewable energy,OnGrid,2019,7407.02
New Zealand,Total renewable energy,OnGrid,2020,7465.57
New Zealand,Total renewable energy,OnGrid,2021,7735.4
New Zealand,Total renewable energy,OnGrid,2022,7905.59
New Zealand,Total renewable energy,OnGrid,2023,8112.51
New Zealand,Total renewable energy,OnGrid,2024,8763.46
New Zealand,Total renewable energy,OnGrid,2025,9005.77
New Zealand,Total renewable energy,OffGrid,2000,-
New Zealand,Total renewable energy,OffGrid,2001,-
New Zealand,Total renewable energy,OffGrid,2002,-
New Zealand,Total renewable energy,OffGrid,2003,-
New Zealand,Total renewable energy,OffGrid,2004,-
New Zealand,Total renewable energy,OffGrid,2005,-
New Zealand,Total renewable energy,OffGrid,2006,-
New Zealand,Total renewable energy,OffGrid,2007,-
New Zealand,Total renewable energy,OffGrid,2008,-
New Zealand,Total renewable energy,OffGrid,2009,-
New Zealand,Total renewable energy,OffGrid,2010,-
New Zealand,Total renewable energy,OffGrid,2011,-
New Zealand,Total renewable energy,OffGrid,2012,-
New Zealand,Total renewable energy,OffGrid,2013,-
New Zealand,Total renewable energy,OffGrid,2014,-
New Zealand,Total renewable energy,OffGrid,2015,-
New Zealand,Total renewable energy,OffGrid,2016,-
New Zealand,Total renewable energy,OffGrid,2017,-
New Zealand,Total renewable energy,OffGrid,2018,-
New Zealand,Total renewable energy,OffGrid,2019,-
New Zealand,Total renewable energy,OffGrid,2020,-
New Zealand,Total renewable energy,OffGrid,2021,-
New Zealand,Total renewable energy,OffGrid,2022,-
New Zealand,Total renewable energy,OffGrid,2023,-
New Zealand,Total renewable energy,OffGrid,2024,-
New Zealand,Total renewable energy,OffGrid,2025,-
Nicaragua,Total renewable energy,OnGrid,2000,205.61
Nicaragua,Total renewable energy,OnGrid,2001,205.61
Nicaragua,Total renewable energy,OnGrid,2002,222.7
Nicaragua,Total renewable energy,OnGrid,2003,247.2
Nicaragua,Total renewable energy,OnGrid,2004,303.7
Nicaragua,Total renewable energy,OnGrid,2005,313.7
Nicaragua,Total renewable energy,OnGrid,2006,313.7
Nicaragua,Total renewable energy,OnGrid,2007,314.6
Nicaragua,Total renewable energy,OnGrid,2008,314.6
Nicaragua,Total renewable energy,OnGrid,2009,354.5
Nicaragua,Total renewable energy,OnGrid,2010,377.6
Nicaragua,Total renewable energy,OnGrid,2011,377.6
Nicaragua,Total renewable energy,OnGrid,2012,549.33
Nicaragua,Total renewable energy,OnGrid,2013,554.6
Nicaragua,Total renewable energy,OnGrid,2014,595.58
Nicaragua,Total renewable energy,OnGrid,2015,612.98
Nicaragua,Total renewable energy,OnGrid,2016,661.13
Nicaragua,Total renewable energy,OnGrid,2017,673.71
Nicaragua,Total renewable energy,OnGrid,2018,673.71
Nicaragua,Total renewable energy,OnGrid,2019,728.77
Nicaragua,Total renewable energy,OnGrid,2020,728.77
Nicaragua,Total renewable energy,OnGrid,2021,729.91
Nicaragua,Total renewable energy,OnGrid,2022,742.3
Nicaragua,Total renewable energy,OnGrid,2023,743.78
Nicaragua,Total renewable energy,OnGrid,2024,761.28
Nicaragua,Total renewable energy,OnGrid,2025,761.28
Nicaragua,Total renewable energy,OffGrid,2000,-
Nicaragua,Total renewable energy,OffGrid,2001,-
Nicaragua,Total renewable energy,OffGrid,2002,0.23
Nicaragua,Total renewable energy,OffGrid,2003,0.23
Nicaragua,Total renewable energy,OffGrid,2004,0.31
Nicaragua,Total renewable energy,OffGrid,2005,0.23
Nicaragua,Total renewable energy,OffGrid,2006,0.23
Nicaragua,Total renewable energy,OffGrid,2007,0
Nicaragua,Total renewable energy,OffGrid,2008,0
Nicaragua,Total renewable energy,OffGrid,2009,0
Nicaragua,Total renewable energy,OffGrid,2010,0
Nicaragua,Total renewable energy,OffGrid,2011,0
Nicaragua,Total renewable energy,OffGrid,2012,0.4
Nicaragua,Total renewable energy,OffGrid,2013,0.4
Nicaragua,Total renewable energy,OffGrid,2014,0.4
Nicaragua,Total renewable energy,OffGrid,2015,0.4
Nicaragua,Total renewable energy,OffGrid,2016,0.01
Nicaragua,Total renewable energy,OffGrid,2017,0.01
Nicaragua,Total renewable energy,OffGrid,2018,0.01
Nicaragua,Total renewable energy,OffGrid,2019,2.41
Nicaragua,Total renewable energy,OffGrid,2020,2.41
Nicaragua,Total renewable energy,OffGrid,2021,2.41
Nicaragua,Total renewable energy,OffGrid,2022,3.51
Nicaragua,Total renewable energy,OffGrid,2023,4.61
Nicaragua,Total renewable energy,OffGrid,2024,4.61
Nicaragua,Total renewable energy,OffGrid,2025,4.61
Niger,Total renewable energy,OnGrid,2000,-
Niger,Total renewable energy,OnGrid,2001,-
Niger,Total renewable energy,OnGrid,2002,-
Niger,Total renewable energy,OnGrid,2003,-
Niger,Total renewable energy,OnGrid,2004,-
Niger,Total renewable energy,OnGrid,2005,-
Niger,Total renewable energy,OnGrid,2006,-
Niger,Total renewable energy,OnGrid,2007,-
Niger,Total renewable energy,OnGrid,2008,-
Niger,Total renewable energy,OnGrid,2009,-
Niger,Total renewable energy,OnGrid,2010,-
Niger,Total renewable energy,OnGrid,2011,-
Niger,Total renewable energy,OnGrid,2012,-
Niger,Total renewable energy,OnGrid,2013,-
Niger,Total renewable energy,OnGrid,2014,-
Niger,Total renewable energy,OnGrid,2015,-
Niger,Total renewable energy,OnGrid,2016,-
Niger,Total renewable energy,OnGrid,2017,-
Niger,Total renewable energy,OnGrid,2018,7
Niger,Total renewable energy,OnGrid,2019,7
Niger,Total renewable energy,OnGrid,2020,7
Niger,Total renewable energy,OnGrid,2021,7
Niger,Total renewable energy,OnGrid,2022,42
Niger,Total renewable energy,OnGrid,2023,72
Niger,Total renewable energy,OnGrid,2024,72
Niger,Total renewable energy,OnGrid,2025,72
Niger,Total renewable energy,OffGrid,2000,0.5
Niger,Total renewable energy,OffGrid,2001,1.1
Niger,Total renewable energy,OffGrid,2002,1.7
Niger,Total renewable energy,OffGrid,2003,2.4
Niger,Total renewable energy,OffGrid,2004,3.2
Niger,Total renewable energy,OffGrid,2005,4.2
Niger,Total renewable energy,OffGrid,2006,5.3
Niger,Total renewable energy,OffGrid,2007,6.4
Niger,Total renewable energy,OffGrid,2008,6.4
Niger,Total renewable energy,OffGrid,2009,6.4
Niger,Total renewable energy,OffGrid,2010,6.41
Niger,Total renewable energy,OffGrid,2011,6.41
Niger,Total renewable energy,OffGrid,2012,6.41
Niger,Total renewable energy,OffGrid,2013,6.41
Niger,Total renewable energy,OffGrid,2014,6.45
Niger,Total renewable energy,OffGrid,2015,6.46
Niger,Total renewable energy,OffGrid,2016,6.63
Niger,Total renewable energy,OffGrid,2017,6.85
Niger,Total renewable energy,OffGrid,2018,6.95
Niger,Total renewable energy,OffGrid,2019,7.1
Niger,Total renewable energy,OffGrid,2020,7.69
Niger,Total renewable energy,OffGrid,2021,7.56
Niger,Total renewable energy,OffGrid,2022,7.95
Niger,Total renewable energy,OffGrid,2023,10.9
Niger,Total renewable energy,OffGrid,2024,10.9
Niger,Total renewable energy,OffGrid,2025,10.9
Nigeria,Total renewable energy,OnGrid,2000,2080.4
Nigeria,Total renewable energy,OnGrid,2001,2080.4
Nigeria,Total renewable energy,OnGrid,2002,2080.4
Nigeria,Total renewable energy,OnGrid,2003,2080.4
Nigeria,Total renewable energy,OnGrid,2004,2080.4
Nigeria,Total renewable energy,OnGrid,2005,2080.4
Nigeria,Total renewable energy,OnGrid,2006,2080.48
Nigeria,Total renewable energy,OnGrid,2007,2080.48
Nigeria,Total renewable energy,OnGrid,2008,2080.48
Nigeria,Total renewable energy,OnGrid,2009,2080.67
Nigeria,Total renewable energy,OnGrid,2010,2080.67
Nigeria,Total renewable energy,OnGrid,2011,2110.67
Nigeria,Total renewable energy,OnGrid,2012,2110.72
Nigeria,Total renewable energy,OnGrid,2013,2110.72
Nigeria,Total renewable energy,OnGrid,2014,2110.72
Nigeria,Total renewable energy,OnGrid,2015,2115.72
Nigeria,Total renewable energy,OnGrid,2016,2118.47
Nigeria,Total renewable energy,OnGrid,2017,2119.52
Nigeria,Total renewable energy,OnGrid,2018,2119.71
Nigeria,Total renewable energy,OnGrid,2019,2127.56
Nigeria,Total renewable energy,OnGrid,2020,2141.49
Nigeria,Total renewable energy,OnGrid,2021,2159.05
Nigeria,Total renewable energy,OnGrid,2022,2173.53
Nigeria,Total renewable energy,OnGrid,2023,2984.54
Nigeria,Total renewable energy,OnGrid,2024,3036.9
Nigeria,Total renewable energy,OnGrid,2025,3088.33
Nigeria,Total renewable energy,OffGrid,2000,4.8
Nigeria,Total renewable energy,OffGrid,2001,4.8
Nigeria,Total renewable energy,OffGrid,2002,4.8
Nigeria,Total renewable energy,OffGrid,2003,4.8
Nigeria,Total renewable energy,OffGrid,2004,4.8
Nigeria,Total renewable energy,OffGrid,2005,4.8
Nigeria,Total renewable energy,OffGrid,2006,4.88
Nigeria,Total renewable energy,OffGrid,2007,4.88
Nigeria,Total renewable energy,OffGrid,2008,4.88
Nigeria,Total renewable energy,OffGrid,2009,5.07
Nigeria,Total renewable energy,OffGrid,2010,6.28
Nigeria,Total renewable energy,OffGrid,2011,6.32
Nigeria,Total renewable energy,OffGrid,2012,7.43
Nigeria,Total renewable energy,OffGrid,2013,8.18
Nigeria,Total renewable energy,OffGrid,2014,11.36
Nigeria,Total renewable energy,OffGrid,2015,18.29
Nigeria,Total renewable energy,OffGrid,2016,22.56
Nigeria,Total renewable energy,OffGrid,2017,27.41
Nigeria,Total renewable energy,OffGrid,2018,31.26
Nigeria,Total renewable energy,OffGrid,2019,42.64
Nigeria,Total renewable energy,OffGrid,2020,57.36
Nigeria,Total renewable energy,OffGrid,2021,70.97
Nigeria,Total renewable energy,OffGrid,2022,89.27
Nigeria,Total renewable energy,OffGrid,2023,108.55
Nigeria,Total renewable energy,OffGrid,2024,118.05
Nigeria,Total renewable energy,OffGrid,2025,118.05
Niue,Total renewable energy,OnGrid,2000,-
Niue,Total renewable energy,OnGrid,2001,-
Niue,Total renewable energy,OnGrid,2002,-
Niue,Total renewable energy,OnGrid,2003,-
Niue,Total renewable energy,OnGrid,2004,-
Niue,Total renewable energy,OnGrid,2005,-
Niue,Total renewable energy,OnGrid,2006,-
Niue,Total renewable energy,OnGrid,2007,-
Niue,Total renewable energy,OnGrid,2008,-
Niue,Total renewable energy,OnGrid,2009,0.06
Niue,Total renewable energy,OnGrid,2010,0.06
Niue,Total renewable energy,OnGrid,2011,0.06
Niue,Total renewable energy,OnGrid,2012,0.06
Niue,Total renewable energy,OnGrid,2013,0.06
Niue,Total renewable energy,OnGrid,2014,0.34
Niue,Total renewable energy,OnGrid,2015,0.34
Niue,Total renewable energy,OnGrid,2016,0.34
Niue,Total renewable energy,OnGrid,2017,0.34
Niue,Total renewable energy,OnGrid,2018,0.34
Niue,Total renewable energy,OnGrid,2019,0.94
Niue,Total renewable energy,OnGrid,2020,0.94
Niue,Total renewable energy,OnGrid,2021,0.94
Niue,Total renewable energy,OnGrid,2022,0.94
Niue,Total renewable energy,OnGrid,2023,0.94
Niue,Total renewable energy,OnGrid,2024,1.82
Niue,Total renewable energy,OnGrid,2025,1.82
Niue,Total renewable energy,OffGrid,2000,-
Niue,Total renewable energy,OffGrid,2001,-
Niue,Total renewable energy,OffGrid,2002,-
Niue,Total renewable energy,OffGrid,2003,-
Niue,Total renewable energy,OffGrid,2004,-
Niue,Total renewable energy,OffGrid,2005,-
Niue,Total renewable energy,OffGrid,2006,-
Niue,Total renewable energy,OffGrid,2007,-
Niue,Total renewable energy,OffGrid,2008,-
Niue,Total renewable energy,OffGrid,2009,-
Niue,Total renewable energy,OffGrid,2010,-
Niue,Total renewable energy,OffGrid,2011,-
Niue,Total renewable energy,OffGrid,2012,-
Niue,Total renewable energy,OffGrid,2013,-
Niue,Total renewable energy,OffGrid,2014,-
Niue,Total renewable energy,OffGrid,2015,-
Niue,Total renewable energy,OffGrid,2016,-
Niue,Total renewable energy,OffGrid,2017,-
Niue,Total renewable energy,OffGrid,2018,-
Niue,Total renewable energy,OffGrid,2019,-
Niue,Total renewable energy,OffGrid,2020,-
Niue,Total renewable energy,OffGrid,2021,-
Niue,Total renewable energy,OffGrid,2022,-
Niue,Total renewable energy,OffGrid,2023,-
Niue,Total renewable energy,OffGrid,2024,-
Niue,Total renewable energy,OffGrid,2025,-
North Macedonia,Total renewable energy,OnGrid,2000,443
North Macedonia,Total renewable energy,OnGrid,2001,443
North Macedonia,Total renewable energy,OnGrid,2002,443
North Macedonia,Total renewable energy,OnGrid,2003,444
North Macedonia,Total renewable energy,OnGrid,2004,544
North Macedonia,Total renewable energy,OnGrid,2005,544
North Macedonia,Total renewable energy,OnGrid,2006,545
North Macedonia,Total renewable energy,OnGrid,2007,546
North Macedonia,Total renewable energy,OnGrid,2008,552
North Macedonia,Total renewable energy,OnGrid,2009,553
North Macedonia,Total renewable energy,OnGrid,2010,555
North Macedonia,Total renewable energy,OnGrid,2011,558
North Macedonia,Total renewable energy,OnGrid,2012,599
North Macedonia,Total renewable energy,OnGrid,2013,624
North Macedonia,Total renewable energy,OnGrid,2014,681.8
North Macedonia,Total renewable energy,OnGrid,2015,715.49
North Macedonia,Total renewable energy,OnGrid,2016,719.63
North Macedonia,Total renewable energy,OnGrid,2017,748.73
North Macedonia,Total renewable energy,OnGrid,2018,754.67
North Macedonia,Total renewable energy,OnGrid,2019,760.99
North Macedonia,Total renewable energy,OnGrid,2020,782.37
North Macedonia,Total renewable energy,OnGrid,2021,800
North Macedonia,Total renewable energy,OnGrid,2022,914.8
North Macedonia,Total renewable energy,OnGrid,2023,1355.54
North Macedonia,Total renewable energy,OnGrid,2024,1675.22
North Macedonia,Total renewable energy,OnGrid,2025,1894.22
North Macedonia,Total renewable energy,OffGrid,2000,-
North Macedonia,Total renewable energy,OffGrid,2001,-
North Macedonia,Total renewable energy,OffGrid,2002,-
North Macedonia,Total renewable energy,OffGrid,2003,-
North Macedonia,Total renewable energy,OffGrid,2004,-
North Macedonia,Total renewable energy,OffGrid,2005,-
North Macedonia,Total renewable energy,OffGrid,2006,-
North Macedonia,Total renewable energy,OffGrid,2007,-
North Macedonia,Total renewable energy,OffGrid,2008,-
North Macedonia,Total renewable energy,OffGrid,2009,-
North Macedonia,Total renewable energy,OffGrid,2010,-
North Macedonia,Total renewable energy,OffGrid,2011,-
North Macedonia,Total renewable energy,OffGrid,2012,-
North Macedonia,Total renewable energy,OffGrid,2013,-
North Macedonia,Total renewable energy,OffGrid,2014,-
North Macedonia,Total renewable energy,OffGrid,2015,-
North Macedonia,Total renewable energy,OffGrid,2016,-
North Macedonia,Total renewable energy,OffGrid,2017,-
North Macedonia,Total renewable energy,OffGrid,2018,-
North Macedonia,Total renewable energy,OffGrid,2019,-
North Macedonia,Total renewable energy,OffGrid,2020,-
North Macedonia,Total renewable energy,OffGrid,2021,-
North Macedonia,Total renewable energy,OffGrid,2022,-
North Macedonia,Total renewable energy,OffGrid,2023,-
North Macedonia,Total renewable energy,OffGrid,2024,-
North Macedonia,Total renewable energy,OffGrid,2025,-
Norway,Total renewable energy,OnGrid,2000,28187
Norway,Total renewable energy,OnGrid,2001,27740
Norway,Total renewable energy,OnGrid,2002,28118.5
Norway,Total renewable energy,OnGrid,2003,28206
Norway,Total renewable energy,OnGrid,2004,28290
Norway,Total renewable energy,OnGrid,2005,28906
Norway,Total renewable energy,OnGrid,2006,29101
Norway,Total renewable energy,OnGrid,2007,29411.5
Norway,Total renewable energy,OnGrid,2008,29925.8
Norway,Total renewable energy,OnGrid,2009,30082.2
Norway,Total renewable energy,OnGrid,2010,30250.1
Norway,Total renewable energy,OnGrid,2011,30631.5
Norway,Total renewable energy,OnGrid,2012,31365
Norway,Total renewable energy,OnGrid,2013,32001.7
Norway,Total renewable energy,OnGrid,2014,32251.7
Norway,Total renewable energy,OnGrid,2015,32393.7
Norway,Total renewable energy,OnGrid,2016,32813.9
Norway,Total renewable energy,OnGrid,2017,33251.1
Norway,Total renewable energy,OnGrid,2018,34395.61
Norway,Total renewable energy,OnGrid,2019,35911.53
Norway,Total renewable energy,OnGrid,2020,37962.98
Norway,Total renewable energy,OnGrid,2021,39367.09
Norway,Total renewable energy,OnGrid,2022,39730.39
Norway,Total renewable energy,OnGrid,2023,40052.96
Norway,Total renewable energy,OnGrid,2024,40565.85
Norway,Total renewable energy,OnGrid,2025,40782.15
Norway,Total renewable energy,OffGrid,2000,-
Norway,Total renewable energy,OffGrid,2001,-
Norway,Total renewable energy,OffGrid,2002,-
Norway,Total renewable energy,OffGrid,2003,-
Norway,Total renewable energy,OffGrid,2004,-
Norway,Total renewable energy,OffGrid,2005,-
Norway,Total renewable energy,OffGrid,2006,-
Norway,Total renewable energy,OffGrid,2007,-
Norway,Total renewable energy,OffGrid,2008,-
Norway,Total renewable energy,OffGrid,2009,-
Norway,Total renewable energy,OffGrid,2010,-
Norway,Total renewable energy,OffGrid,2011,-
Norway,Total renewable energy,OffGrid,2012,-
Norway,Total renewable energy,OffGrid,2013,-
Norway,Total renewable energy,OffGrid,2014,-
Norway,Total renewable energy,OffGrid,2015,-
Norway,Total renewable energy,OffGrid,2016,-
Norway,Total renewable energy,OffGrid,2017,-
Norway,Total renewable energy,OffGrid,2018,15.29
Norway,Total renewable energy,OffGrid,2019,17.29
Norway,Total renewable energy,OffGrid,2020,18.29
Norway,Total renewable energy,OffGrid,2021,18.79
Norway,Total renewable energy,OffGrid,2022,18.79
Norway,Total renewable energy,OffGrid,2023,18.79
Norway,Total renewable energy,OffGrid,2024,18.79
Norway,Total renewable energy,OffGrid,2025,18.79
Oceania,Total renewable energy,OnGrid,2000,13372.46
Oceania,Total renewable energy,OnGrid,2001,13641.2
Oceania,Total renewable energy,OnGrid,2002,13795.7
Oceania,Total renewable energy,OnGrid,2003,13968.6
Oceania,Total renewable energy,OnGrid,2004,14421.95
Oceania,Total renewable energy,OnGrid,2005,15527.27
Oceania,Total renewable energy,OnGrid,2006,15701.49
Oceania,Total renewable energy,OnGrid,2007,16356.64
Oceania,Total renewable energy,OnGrid,2008,16675.16
Oceania,Total renewable energy,OnGrid,2009,17410.27
Oceania,Total renewable energy,OnGrid,2010,18493.95
Oceania,Total renewable energy,OnGrid,2011,19260.06
Oceania,Total renewable energy,OnGrid,2012,20879.36
Oceania,Total renewable energy,OnGrid,2013,22423.84
Oceania,Total renewable energy,OnGrid,2014,24046.72
Oceania,Total renewable energy,OnGrid,2015,25585.17
Oceania,Total renewable energy,OnGrid,2016,26865.79
Oceania,Total renewable energy,OnGrid,2017,29014.79
Oceania,Total renewable energy,OnGrid,2018,34244.67
Oceania,Total renewable energy,OnGrid,2019,40129.16
Oceania,Total renewable energy,OnGrid,2020,46873.11
Oceania,Total renewable energy,OnGrid,2021,52177.42
Oceania,Total renewable energy,OnGrid,2022,58388.66
Oceania,Total renewable energy,OnGrid,2023,61415.48
Oceania,Total renewable energy,OnGrid,2024,70162.52
Oceania,Total renewable energy,OnGrid,2025,76223.12
Oceania,Total renewable energy,OffGrid,2000,77.67
Oceania,Total renewable energy,OffGrid,2001,78.17
Oceania,Total renewable energy,OffGrid,2002,78.39
Oceania,Total renewable energy,OffGrid,2003,84.79
Oceania,Total renewable energy,OffGrid,2004,84.78
Oceania,Total renewable energy,OffGrid,2005,114.99
Oceania,Total renewable energy,OffGrid,2006,115.69
Oceania,Total renewable energy,OffGrid,2007,135.84
Oceania,Total renewable energy,OffGrid,2008,136.32
Oceania,Total renewable energy,OffGrid,2009,130.84
Oceania,Total renewable energy,OffGrid,2010,130.26
Oceania,Total renewable energy,OffGrid,2011,131.21
Oceania,Total renewable energy,OffGrid,2012,133.45
Oceania,Total renewable energy,OffGrid,2013,135.6
Oceania,Total renewable energy,OffGrid,2014,137.51
Oceania,Total renewable energy,OffGrid,2015,140.76
Oceania,Total renewable energy,OffGrid,2016,143.49
Oceania,Total renewable energy,OffGrid,2017,145.73
Oceania,Total renewable energy,OffGrid,2018,148.35
Oceania,Total renewable energy,OffGrid,2019,150.28
Oceania,Total renewable energy,OffGrid,2020,151.21
Oceania,Total renewable energy,OffGrid,2021,153.14
Oceania,Total renewable energy,OffGrid,2022,154.69
Oceania,Total renewable energy,OffGrid,2023,158.14
Oceania,Total renewable energy,OffGrid,2024,159.55
Oceania,Total renewable energy,OffGrid,2025,159.93
Oman,Total renewable energy,OnGrid,2000,-
Oman,Total renewable energy,OnGrid,2001,-
Oman,Total renewable energy,OnGrid,2002,-
Oman,Total renewable energy,OnGrid,2003,-
Oman,Total renewable energy,OnGrid,2004,-
Oman,Total renewable energy,OnGrid,2005,-
Oman,Total renewable energy,OnGrid,2006,-
Oman,Total renewable energy,OnGrid,2007,-
Oman,Total renewable energy,OnGrid,2008,-
Oman,Total renewable energy,OnGrid,2009,-
Oman,Total renewable energy,OnGrid,2010,-
Oman,Total renewable energy,OnGrid,2011,-
Oman,Total renewable energy,OnGrid,2012,-
Oman,Total renewable energy,OnGrid,2013,0.7
Oman,Total renewable energy,OnGrid,2014,0.7
Oman,Total renewable energy,OnGrid,2015,2.2
Oman,Total renewable energy,OnGrid,2016,2.2
Oman,Total renewable energy,OnGrid,2017,8.2
Oman,Total renewable energy,OnGrid,2018,25.78
Oman,Total renewable energy,OnGrid,2019,76.23
Oman,Total renewable energy,OnGrid,2020,179.08
Oman,Total renewable energy,OnGrid,2021,205.08
Oman,Total renewable energy,OnGrid,2022,705.08
Oman,Total renewable energy,OnGrid,2023,722.08
Oman,Total renewable energy,OnGrid,2024,722.08
Oman,Total renewable energy,OnGrid,2025,1722.08
Oman,Total renewable energy,OffGrid,2000,-
Oman,Total renewable energy,OffGrid,2001,-
Oman,Total renewable energy,OffGrid,2002,-
Oman,Total renewable energy,OffGrid,2003,-
Oman,Total renewable energy,OffGrid,2004,-
Oman,Total renewable energy,OffGrid,2005,-
Oman,Total renewable energy,OffGrid,2006,-
Oman,Total renewable energy,OffGrid,2007,-
Oman,Total renewable energy,OffGrid,2008,-
Oman,Total renewable energy,OffGrid,2009,-
Oman,Total renewable energy,OffGrid,2010,-
Oman,Total renewable energy,OffGrid,2011,-
Oman,Total renewable energy,OffGrid,2012,-
Oman,Total renewable energy,OffGrid,2013,-
Oman,Total renewable energy,OffGrid,2014,-
Oman,Total renewable energy,OffGrid,2015,0
Oman,Total renewable energy,OffGrid,2016,0
Oman,Total renewable energy,OffGrid,2017,0.01
Oman,Total renewable energy,OffGrid,2018,0.01
Oman,Total renewable energy,OffGrid,2019,0.01
Oman,Total renewable energy,OffGrid,2020,0.01
Oman,Total renewable energy,OffGrid,2021,0.01
Oman,Total renewable energy,OffGrid,2022,0.01
Oman,Total renewable energy,OffGrid,2023,0.01
Oman,Total renewable energy,OffGrid,2024,0.01
Oman,Total renewable energy,OffGrid,2025,0.01
Pakistan,Total renewable energy,OnGrid,2000,5175.3
Pakistan,Total renewable energy,OnGrid,2001,5313.3
Pakistan,Total renewable energy,OnGrid,2002,5319.3
Pakistan,Total renewable energy,OnGrid,2003,5900.3
Pakistan,Total renewable energy,OnGrid,2004,6775.3
Pakistan,Total renewable energy,OnGrid,2005,6776.7
Pakistan,Total renewable energy,OnGrid,2006,6762.7
Pakistan,Total renewable energy,OnGrid,2007,6797.44
Pakistan,Total renewable energy,OnGrid,2008,6920.84
Pakistan,Total renewable energy,OnGrid,2009,6926.37
Pakistan,Total renewable energy,OnGrid,2010,7000.95
Pakistan,Total renewable energy,OnGrid,2011,7012.5
Pakistan,Total renewable energy,OnGrid,2012,7125.47
Pakistan,Total renewable energy,OnGrid,2013,7546.64
Pakistan,Total renewable energy,OnGrid,2014,7896.71
Pakistan,Total renewable energy,OnGrid,2015,8107.91
Pakistan,Total renewable energy,OnGrid,2016,8785.26
Pakistan,Total renewable energy,OnGrid,2017,9189.56
Pakistan,Total renewable energy,OnGrid,2018,12168.26
Pakistan,Total renewable energy,OnGrid,2019,12309.26
Pakistan,Total renewable energy,OnGrid,2020,12723.26
Pakistan,Total renewable energy,OnGrid,2021,13207.31
Pakistan,Total renewable energy,OnGrid,2022,15056.81
Pakistan,Total renewable energy,OnGrid,2023,16084.56
Pakistan,Total renewable energy,OnGrid,2024,17476.16
Pakistan,Total renewable energy,OnGrid,2025,17476.16
Pakistan,Total renewable energy,OffGrid,2000,0.59
Pakistan,Total renewable energy,OffGrid,2001,0.59
Pakistan,Total renewable energy,OffGrid,2002,0.59
Pakistan,Total renewable energy,OffGrid,2003,0.59
Pakistan,Total renewable energy,OffGrid,2004,0.59
Pakistan,Total renewable energy,OffGrid,2005,0.59
Pakistan,Total renewable energy,OffGrid,2006,0.59
Pakistan,Total renewable energy,OffGrid,2007,0.59
Pakistan,Total renewable energy,OffGrid,2008,1.63
Pakistan,Total renewable energy,OffGrid,2009,5.75
Pakistan,Total renewable energy,OffGrid,2010,11.42
Pakistan,Total renewable energy,OffGrid,2011,12.7
Pakistan,Total renewable energy,OffGrid,2012,16.67
Pakistan,Total renewable energy,OffGrid,2013,17.69
Pakistan,Total renewable energy,OffGrid,2014,18.22
Pakistan,Total renewable energy,OffGrid,2015,19.51
Pakistan,Total renewable energy,OffGrid,2016,22.39
Pakistan,Total renewable energy,OffGrid,2017,33.73
Pakistan,Total renewable energy,OffGrid,2018,34.57
Pakistan,Total renewable energy,OffGrid,2019,37.89
Pakistan,Total renewable energy,OffGrid,2020,38.1
Pakistan,Total renewable energy,OffGrid,2021,38.17
Pakistan,Total renewable energy,OffGrid,2022,38.17
Pakistan,Total renewable energy,OffGrid,2023,38.03
Pakistan,Total renewable energy,OffGrid,2024,37.89
Pakistan,Total renewable energy,OffGrid,2025,37.89
Palau,Total renewable energy,OnGrid,2000,-
Palau,Total renewable energy,OnGrid,2001,-
Palau,Total renewable energy,OnGrid,2002,-
Palau,Total renewable energy,OnGrid,2003,-
Palau,Total renewable energy,OnGrid,2004,-
Palau,Total renewable energy,OnGrid,2005,0.03
Palau,Total renewable energy,OnGrid,2006,0.03
Palau,Total renewable energy,OnGrid,2007,0.03
Palau,Total renewable energy,OnGrid,2008,0.28
Palau,Total renewable energy,OnGrid,2009,0.28
Palau,Total renewable energy,OnGrid,2010,0.29
Palau,Total renewable energy,OnGrid,2011,0.58
Palau,Total renewable energy,OnGrid,2012,0.67
Palau,Total renewable energy,OnGrid,2013,0.75
Palau,Total renewable energy,OnGrid,2014,1.13
Palau,Total renewable energy,OnGrid,2015,1.13
Palau,Total renewable energy,OnGrid,2016,2.3
Palau,Total renewable energy,OnGrid,2017,2.3
Palau,Total renewable energy,OnGrid,2018,2.7
Palau,Total renewable energy,OnGrid,2019,2.38
Palau,Total renewable energy,OnGrid,2020,2.38
Palau,Total renewable energy,OnGrid,2021,3.8
Palau,Total renewable energy,OnGrid,2022,3.8
Palau,Total renewable energy,OnGrid,2023,19.08
Palau,Total renewable energy,OnGrid,2024,19.34
Palau,Total renewable energy,OnGrid,2025,22.58
Palau,Total renewable energy,OffGrid,2000,0
Palau,Total renewable energy,OffGrid,2001,0
Palau,Total renewable energy,OffGrid,2002,0
Palau,Total renewable energy,OffGrid,2003,0
Palau,Total renewable energy,OffGrid,2004,0
Palau,Total renewable energy,OffGrid,2005,-
Palau,Total renewable energy,OffGrid,2006,-
Palau,Total renewable energy,OffGrid,2007,-
Palau,Total renewable energy,OffGrid,2008,-
Palau,Total renewable energy,OffGrid,2009,-
Palau,Total renewable energy,OffGrid,2010,-
Palau,Total renewable energy,OffGrid,2011,-
Palau,Total renewable energy,OffGrid,2012,-
Palau,Total renewable energy,OffGrid,2013,-
Palau,Total renewable energy,OffGrid,2014,-
Palau,Total renewable energy,OffGrid,2015,-
Palau,Total renewable energy,OffGrid,2016,0.17
Palau,Total renewable energy,OffGrid,2017,0.17
Palau,Total renewable energy,OffGrid,2018,0.17
Palau,Total renewable energy,OffGrid,2019,0.24
Palau,Total renewable energy,OffGrid,2020,0.54
Palau,Total renewable energy,OffGrid,2021,0.54
Palau,Total renewable energy,OffGrid,2022,0.54
Palau,Total renewable energy,OffGrid,2023,0.54
Palau,Total renewable energy,OffGrid,2024,0.54
Palau,Total renewable energy,OffGrid,2025,0.54
Palestine,Total renewable energy,OnGrid,2000,-
Palestine,Total renewable energy,OnGrid,2001,-
Palestine,Total renewable energy,OnGrid,2002,-
Palestine,Total renewable energy,OnGrid,2003,-
Palestine,Total renewable energy,OnGrid,2004,-
Palestine,Total renewable energy,OnGrid,2005,-
Palestine,Total renewable energy,OnGrid,2006,-
Palestine,Total renewable energy,OnGrid,2007,-
Palestine,Total renewable energy,OnGrid,2008,-
Palestine,Total renewable energy,OnGrid,2009,-
Palestine,Total renewable energy,OnGrid,2010,-
Palestine,Total renewable energy,OnGrid,2011,0.35
Palestine,Total renewable energy,OnGrid,2012,0.6
Palestine,Total renewable energy,OnGrid,2013,0.6
Palestine,Total renewable energy,OnGrid,2014,3
Palestine,Total renewable energy,OnGrid,2015,12
Palestine,Total renewable energy,OnGrid,2016,25
Palestine,Total renewable energy,OnGrid,2017,35.34
Palestine,Total renewable energy,OnGrid,2018,40.34
Palestine,Total renewable energy,OnGrid,2019,80.34
Palestine,Total renewable energy,OnGrid,2020,115.84
Palestine,Total renewable energy,OnGrid,2021,176.34
Palestine,Total renewable energy,OnGrid,2022,190.34
Palestine,Total renewable energy,OnGrid,2023,257.34
Palestine,Total renewable energy,OnGrid,2024,300.34
Palestine,Total renewable energy,OnGrid,2025,305.7
Palestine,Total renewable energy,OffGrid,2000,-
Palestine,Total renewable energy,OffGrid,2001,-
Palestine,Total renewable energy,OffGrid,2002,-
Palestine,Total renewable energy,OffGrid,2003,-
Palestine,Total renewable energy,OffGrid,2004,-
Palestine,Total renewable energy,OffGrid,2005,-
Palestine,Total renewable energy,OffGrid,2006,-
Palestine,Total renewable energy,OffGrid,2007,-
Palestine,Total renewable energy,OffGrid,2008,-
Palestine,Total renewable energy,OffGrid,2009,0.01
Palestine,Total renewable energy,OffGrid,2010,0.01
Palestine,Total renewable energy,OffGrid,2011,0.03
Palestine,Total renewable energy,OffGrid,2012,0.05
Palestine,Total renewable energy,OffGrid,2013,0.08
Palestine,Total renewable energy,OffGrid,2014,0.08
Palestine,Total renewable energy,OffGrid,2015,0.79
Palestine,Total renewable energy,OffGrid,2016,0.82
Palestine,Total renewable energy,OffGrid,2017,0.82
Palestine,Total renewable energy,OffGrid,2018,0.83
Palestine,Total renewable energy,OffGrid,2019,2.92
Palestine,Total renewable energy,OffGrid,2020,3.04
Palestine,Total renewable energy,OffGrid,2021,3.04
Palestine,Total renewable energy,OffGrid,2022,3.04
Palestine,Total renewable energy,OffGrid,2023,3.04
Palestine,Total renewable energy,OffGrid,2024,3.04
Palestine,Total renewable energy,OffGrid,2025,3.04
Panama,Total renewable energy,OnGrid,2000,613.47
Panama,Total renewable energy,OnGrid,2001,615.71
Panama,Total renewable energy,OnGrid,2002,701.71
Panama,Total renewable energy,OnGrid,2003,832.99
Panama,Total renewable energy,OnGrid,2004,832.71
Panama,Total renewable energy,OnGrid,2005,831.99
Panama,Total renewable energy,OnGrid,2006,852.5
Panama,Total renewable energy,OnGrid,2007,858.48
Panama,Total renewable energy,OnGrid,2008,869.95
Panama,Total renewable energy,OnGrid,2009,879.77
Panama,Total renewable energy,OnGrid,2010,934.79
Panama,Total renewable energy,OnGrid,2011,1231.31
Panama,Total renewable energy,OnGrid,2012,1465.86
Panama,Total renewable energy,OnGrid,2013,1494.09
Panama,Total renewable energy,OnGrid,2014,1631.84
Panama,Total renewable energy,OnGrid,2015,1972.41
Panama,Total renewable energy,OnGrid,2016,1991.03
Panama,Total renewable energy,OnGrid,2017,2052.1
Panama,Total renewable energy,OnGrid,2018,2247.63
Panama,Total renewable energy,OnGrid,2019,2294.16
Panama,Total renewable energy,OnGrid,2020,2323.47
Panama,Total renewable energy,OnGrid,2021,2586.87
Panama,Total renewable energy,OnGrid,2022,2721.24
Panama,Total renewable energy,OnGrid,2023,2873.18
Panama,Total renewable energy,OnGrid,2024,2970.96
Panama,Total renewable energy,OnGrid,2025,3201.16
Panama,Total renewable energy,OffGrid,2000,60
Panama,Total renewable energy,OffGrid,2001,60
Panama,Total renewable energy,OffGrid,2002,60
Panama,Total renewable energy,OffGrid,2003,60
Panama,Total renewable energy,OffGrid,2004,60
Panama,Total renewable energy,OffGrid,2005,60
Panama,Total renewable energy,OffGrid,2006,60
Panama,Total renewable energy,OffGrid,2007,60
Panama,Total renewable energy,OffGrid,2008,60
Panama,Total renewable energy,OffGrid,2009,60
Panama,Total renewable energy,OffGrid,2010,60
Panama,Total renewable energy,OffGrid,2011,60
Panama,Total renewable energy,OffGrid,2012,60
Panama,Total renewable energy,OffGrid,2013,60
Panama,Total renewable energy,OffGrid,2014,60
Panama,Total renewable energy,OffGrid,2015,60
Panama,Total renewable energy,OffGrid,2016,60
Panama,Total renewable energy,OffGrid,2017,60
Panama,Total renewable energy,OffGrid,2018,60
Panama,Total renewable energy,OffGrid,2019,60.02
Panama,Total renewable energy,OffGrid,2020,60.02
Panama,Total renewable energy,OffGrid,2021,60.02
Panama,Total renewable energy,OffGrid,2022,60.02
Panama,Total renewable energy,OffGrid,2023,60.02
Panama,Total renewable energy,OffGrid,2024,60.02
Panama,Total renewable energy,OffGrid,2025,60.02
Papua N Guin,Total renewable energy,OnGrid,2000,131.4
Papua N Guin,Total renewable energy,OnGrid,2001,131.4
Papua N Guin,Total renewable energy,OnGrid,2002,131.4
Papua N Guin,Total renewable energy,OnGrid,2003,131.4
Papua N Guin,Total renewable energy,OnGrid,2004,131.4
Papua N Guin,Total renewable energy,OnGrid,2005,131.4
Papua N Guin,Total renewable energy,OnGrid,2006,131.4
Papua N Guin,Total renewable energy,OnGrid,2007,139.4
Papua N Guin,Total renewable energy,OnGrid,2008,147.4
Papua N Guin,Total renewable energy,OnGrid,2009,155.4
Papua N Guin,Total renewable energy,OnGrid,2010,163.4
Papua N Guin,Total renewable energy,OnGrid,2011,163.4
Papua N Guin,Total renewable energy,OnGrid,2012,163.4
Papua N Guin,Total renewable energy,OnGrid,2013,163.4
Papua N Guin,Total renewable energy,OnGrid,2014,163.4
Papua N Guin,Total renewable energy,OnGrid,2015,181.4
Papua N Guin,Total renewable energy,OnGrid,2016,181.4
Papua N Guin,Total renewable energy,OnGrid,2017,181.4
Papua N Guin,Total renewable energy,OnGrid,2018,181.7
Papua N Guin,Total renewable energy,OnGrid,2019,181.7
Papua N Guin,Total renewable energy,OnGrid,2020,181.7
Papua N Guin,Total renewable energy,OnGrid,2021,181.7
Papua N Guin,Total renewable energy,OnGrid,2022,184.85
Papua N Guin,Total renewable energy,OnGrid,2023,250.45
Papua N Guin,Total renewable energy,OnGrid,2024,251.45
Papua N Guin,Total renewable energy,OnGrid,2025,261.45
Papua N Guin,Total renewable energy,OffGrid,2000,75.25
Papua N Guin,Total renewable energy,OffGrid,2001,75.56
Papua N Guin,Total renewable energy,OffGrid,2002,75.56
Papua N Guin,Total renewable energy,OffGrid,2003,81.8
Papua N Guin,Total renewable energy,OffGrid,2004,81.82
Papua N Guin,Total renewable energy,OffGrid,2005,111.82
Papua N Guin,Total renewable energy,OffGrid,2006,111.82
Papua N Guin,Total renewable energy,OffGrid,2007,131.82
Papua N Guin,Total renewable energy,OffGrid,2008,131.82
Papua N Guin,Total renewable energy,OffGrid,2009,125.82
Papua N Guin,Total renewable energy,OffGrid,2010,125.82
Papua N Guin,Total renewable energy,OffGrid,2011,125.82
Papua N Guin,Total renewable energy,OffGrid,2012,127.73
Papua N Guin,Total renewable energy,OffGrid,2013,129.64
Papua N Guin,Total renewable energy,OffGrid,2014,129.64
Papua N Guin,Total renewable energy,OffGrid,2015,130.18
Papua N Guin,Total renewable energy,OffGrid,2016,128.83
Papua N Guin,Total renewable energy,OffGrid,2017,128.89
Papua N Guin,Total renewable energy,OffGrid,2018,128.83
Papua N Guin,Total renewable energy,OffGrid,2019,129.4
Papua N Guin,Total renewable energy,OffGrid,2020,129.9
Papua N Guin,Total renewable energy,OffGrid,2021,131.56
Papua N Guin,Total renewable energy,OffGrid,2022,131.23
Papua N Guin,Total renewable energy,OffGrid,2023,131.23
Papua N Guin,Total renewable energy,OffGrid,2024,132.23
Papua N Guin,Total renewable energy,OffGrid,2025,132.33
Paraguay,Total renewable energy,OnGrid,2000,8100
Paraguay,Total renewable energy,OnGrid,2001,8100.26
Paraguay,Total renewable energy,OnGrid,2002,8100.26
Paraguay,Total renewable energy,OnGrid,2003,8100.26
Paraguay,Total renewable energy,OnGrid,2004,8100.26
Paraguay,Total renewable energy,OnGrid,2005,8100.42
Paraguay,Total renewable energy,OnGrid,2006,8450.42
Paraguay,Total renewable energy,OnGrid,2007,8800.42
Paraguay,Total renewable energy,OnGrid,2008,8800.42
Paraguay,Total renewable energy,OnGrid,2009,8800.42
Paraguay,Total renewable energy,OnGrid,2010,8800.42
Paraguay,Total renewable energy,OnGrid,2011,8800.42
Paraguay,Total renewable energy,OnGrid,2012,8800.42
Paraguay,Total renewable energy,OnGrid,2013,8820.17
Paraguay,Total renewable energy,OnGrid,2014,8820.17
Paraguay,Total renewable energy,OnGrid,2015,8820.17
Paraguay,Total renewable energy,OnGrid,2016,8820.17
Paraguay,Total renewable energy,OnGrid,2017,8820.17
Paraguay,Total renewable energy,OnGrid,2018,8820.17
Paraguay,Total renewable energy,OnGrid,2019,8846.17
Paraguay,Total renewable energy,OnGrid,2020,8846.17
Paraguay,Total renewable energy,OnGrid,2021,8846.17
Paraguay,Total renewable energy,OnGrid,2022,8846.17
Paraguay,Total renewable energy,OnGrid,2023,8846.17
Paraguay,Total renewable energy,OnGrid,2024,8846.17
Paraguay,Total renewable energy,OnGrid,2025,8847.27
Paraguay,Total renewable energy,OffGrid,2000,-
Paraguay,Total renewable energy,OffGrid,2001,-
Paraguay,Total renewable energy,OffGrid,2002,-
Paraguay,Total renewable energy,OffGrid,2003,-
Paraguay,Total renewable energy,OffGrid,2004,-
Paraguay,Total renewable energy,OffGrid,2005,-
Paraguay,Total renewable energy,OffGrid,2006,-
Paraguay,Total renewable energy,OffGrid,2007,-
Paraguay,Total renewable energy,OffGrid,2008,-
Paraguay,Total renewable energy,OffGrid,2009,0
Paraguay,Total renewable energy,OffGrid,2010,0
Paraguay,Total renewable energy,OffGrid,2011,0.01
Paraguay,Total renewable energy,OffGrid,2012,0.01
Paraguay,Total renewable energy,OffGrid,2013,0.06
Paraguay,Total renewable energy,OffGrid,2014,0.06
Paraguay,Total renewable energy,OffGrid,2015,0.06
Paraguay,Total renewable energy,OffGrid,2016,0.06
Paraguay,Total renewable energy,OffGrid,2017,0.06
Paraguay,Total renewable energy,OffGrid,2018,0.06
Paraguay,Total renewable energy,OffGrid,2019,0.06
Paraguay,Total renewable energy,OffGrid,2020,0.17
Paraguay,Total renewable energy,OffGrid,2021,0.17
Paraguay,Total renewable energy,OffGrid,2022,1.19
Paraguay,Total renewable energy,OffGrid,2023,1.19
Paraguay,Total renewable energy,OffGrid,2024,1.19
Paraguay,Total renewable energy,OffGrid,2025,2.03
Peru,Total renewable energy,OnGrid,2000,2727.1
Peru,Total renewable energy,OnGrid,2001,2837.7
Peru,Total renewable energy,OnGrid,2002,2875.3
Peru,Total renewable energy,OnGrid,2003,2913.4
Peru,Total renewable energy,OnGrid,2004,2934.7
Peru,Total renewable energy,OnGrid,2005,3082.9
Peru,Total renewable energy,OnGrid,2006,3093
Peru,Total renewable energy,OnGrid,2007,3098.3
Peru,Total renewable energy,OnGrid,2008,3115.7
Peru,Total renewable energy,OnGrid,2009,3192.8
Peru,Total renewable energy,OnGrid,2010,3328.13
Peru,Total renewable energy,OnGrid,2011,3381.47
Peru,Total renewable energy,OnGrid,2012,3518.94
Peru,Total renewable energy,OnGrid,2013,3611.08
Peru,Total renewable energy,OnGrid,2014,3872.47
Peru,Total renewable energy,OnGrid,2015,4496.49
Peru,Total renewable energy,OnGrid,2016,5505.83
Peru,Total renewable energy,OnGrid,2017,5608.41
Peru,Total renewable energy,OnGrid,2018,5898.9
Peru,Total renewable energy,OnGrid,2019,6089.61
Peru,Total renewable energy,OnGrid,2020,6145.53
Peru,Total renewable energy,OnGrid,2021,6217.51
Peru,Total renewable energy,OnGrid,2022,6356.44
Peru,Total renewable energy,OnGrid,2023,6985.1
Peru,Total renewable energy,OnGrid,2024,7065.49
Peru,Total renewable energy,OnGrid,2025,8095.49
Peru,Total renewable energy,OffGrid,2000,166.38
Peru,Total renewable energy,OffGrid,2001,166.15
Peru,Total renewable energy,OffGrid,2002,159.88
Peru,Total renewable energy,OffGrid,2003,166.54
Peru,Total renewable energy,OffGrid,2004,169.54
Peru,Total renewable energy,OffGrid,2005,173.16
Peru,Total renewable energy,OffGrid,2006,172.95
Peru,Total renewable energy,OffGrid,2007,173.22
Peru,Total renewable energy,OffGrid,2008,175.32
Peru,Total renewable energy,OffGrid,2009,170.26
Peru,Total renewable energy,OffGrid,2010,174.72
Peru,Total renewable energy,OffGrid,2011,180.09
Peru,Total renewable energy,OffGrid,2012,194.11
Peru,Total renewable energy,OffGrid,2013,195.85
Peru,Total renewable energy,OffGrid,2014,205.54
Peru,Total renewable energy,OffGrid,2015,214.44
Peru,Total renewable energy,OffGrid,2016,244.95
Peru,Total renewable energy,OffGrid,2017,238.14
Peru,Total renewable energy,OffGrid,2018,224.14
Peru,Total renewable energy,OffGrid,2019,222.22
Peru,Total renewable energy,OffGrid,2020,222.42
Peru,Total renewable energy,OffGrid,2021,213.87
Peru,Total renewable energy,OffGrid,2022,221.11
Peru,Total renewable energy,OffGrid,2023,194.81
Peru,Total renewable energy,OffGrid,2024,231.23
Peru,Total renewable energy,OffGrid,2025,269.73
Philippines,Total renewable energy,OnGrid,2000,3474.8
Philippines,Total renewable energy,OnGrid,2001,3556.8
Philippines,Total renewable energy,OnGrid,2002,3764.5
Philippines,Total renewable energy,OnGrid,2003,4199.5
Philippines,Total renewable energy,OnGrid,2004,4500.5
Philippines,Total renewable energy,OnGrid,2005,4533.5
Philippines,Total renewable energy,OnGrid,2006,4533.5
Philippines,Total renewable energy,OnGrid,2007,4533.5
Philippines,Total renewable energy,OnGrid,2008,4536
Philippines,Total renewable energy,OnGrid,2009,4575.15
Philippines,Total renewable energy,OnGrid,2010,4844.05
Philippines,Total renewable energy,OnGrid,2011,4847.95
Philippines,Total renewable energy,OnGrid,2012,4880.65
Philippines,Total renewable energy,OnGrid,2013,4883.25
Philippines,Total renewable energy,OnGrid,2014,5309.2
Philippines,Total renewable energy,OnGrid,2015,5655.35
Philippines,Total renewable energy,OnGrid,2016,6298.2
Philippines,Total renewable energy,OnGrid,2017,6458.85
Philippines,Total renewable energy,OnGrid,2018,6626.07
Philippines,Total renewable energy,OnGrid,2019,6772.43
Philippines,Total renewable energy,OnGrid,2020,6990.86
Philippines,Total renewable energy,OnGrid,2021,7322.32
Philippines,Total renewable energy,OnGrid,2022,7685.15
Philippines,Total renewable energy,OnGrid,2023,7881.38
Philippines,Total renewable energy,OnGrid,2024,9229.27
Philippines,Total renewable energy,OnGrid,2025,10343.35
Philippines,Total renewable energy,OffGrid,2000,9.97
Philippines,Total renewable energy,OffGrid,2001,10.05
Philippines,Total renewable energy,OffGrid,2002,10.05
Philippines,Total renewable energy,OffGrid,2003,10.05
Philippines,Total renewable energy,OffGrid,2004,10.05
Philippines,Total renewable energy,OffGrid,2005,10.77
Philippines,Total renewable energy,OffGrid,2006,10.87
Philippines,Total renewable energy,OffGrid,2007,12.62
Philippines,Total renewable energy,OffGrid,2008,13.87
Philippines,Total renewable energy,OffGrid,2009,15.64
Philippines,Total renewable energy,OffGrid,2010,19.55
Philippines,Total renewable energy,OffGrid,2011,23.52
Philippines,Total renewable energy,OffGrid,2012,26.5
Philippines,Total renewable energy,OffGrid,2013,31.52
Philippines,Total renewable energy,OffGrid,2014,31.97
Philippines,Total renewable energy,OffGrid,2015,35.92
Philippines,Total renewable energy,OffGrid,2016,36
Philippines,Total renewable energy,OffGrid,2017,36.32
Philippines,Total renewable energy,OffGrid,2018,47.28
Philippines,Total renewable energy,OffGrid,2019,84.39
Philippines,Total renewable energy,OffGrid,2020,84.97
Philippines,Total renewable energy,OffGrid,2021,85.79
Philippines,Total renewable energy,OffGrid,2022,85.38
Philippines,Total renewable energy,OffGrid,2023,88.16
Philippines,Total renewable energy,OffGrid,2024,92.36
Philippines,Total renewable energy,OffGrid,2025,92.36
Poland,Total renewable energy,OnGrid,2000,837
Poland,Total renewable energy,OnGrid,2001,914
Poland,Total renewable energy,OnGrid,2002,902
Poland,Total renewable energy,OnGrid,2003,943
Poland,Total renewable energy,OnGrid,2004,964
Poland,Total renewable energy,OnGrid,2005,1091
Poland,Total renewable energy,OnGrid,2006,1154
Poland,Total renewable energy,OnGrid,2007,1301
Poland,Total renewable energy,OnGrid,2008,1547
Poland,Total renewable energy,OnGrid,2009,1751.4
Poland,Total renewable energy,OnGrid,2010,2178.4
Poland,Total renewable energy,OnGrid,2011,3018.51
Poland,Total renewable energy,OnGrid,2012,4093.7
Poland,Total renewable energy,OnGrid,2013,5115.76
Poland,Total renewable energy,OnGrid,2014,5636.17
Poland,Total renewable energy,OnGrid,2015,6912.41
Poland,Total renewable energy,OnGrid,2016,7869.84
Poland,Total renewable energy,OnGrid,2017,7964.77
Poland,Total renewable energy,OnGrid,2018,8265.02
Poland,Total renewable energy,OnGrid,2019,9250.31
Poland,Total renewable energy,OnGrid,2020,11976.51
Poland,Total renewable energy,OnGrid,2021,16132.12
Poland,Total renewable energy,OnGrid,2022,21414.9
Poland,Total renewable energy,OnGrid,2023,27424.57
Poland,Total renewable energy,OnGrid,2024,34013.92
Poland,Total renewable energy,OnGrid,2025,38226.54
Poland,Total renewable energy,OffGrid,2000,-
Poland,Total renewable energy,OffGrid,2001,-
Poland,Total renewable energy,OffGrid,2002,-
Poland,Total renewable energy,OffGrid,2003,-
Poland,Total renewable energy,OffGrid,2004,-
Poland,Total renewable energy,OffGrid,2005,-
Poland,Total renewable energy,OffGrid,2006,-
Poland,Total renewable energy,OffGrid,2007,-
Poland,Total renewable energy,OffGrid,2008,-
Poland,Total renewable energy,OffGrid,2009,-
Poland,Total renewable energy,OffGrid,2010,-
Poland,Total renewable energy,OffGrid,2011,-
Poland,Total renewable energy,OffGrid,2012,-
Poland,Total renewable energy,OffGrid,2013,-
Poland,Total renewable energy,OffGrid,2014,-
Poland,Total renewable energy,OffGrid,2015,-
Poland,Total renewable energy,OffGrid,2016,-
Poland,Total renewable energy,OffGrid,2017,-
Poland,Total renewable energy,OffGrid,2018,-
Poland,Total renewable energy,OffGrid,2019,-
Poland,Total renewable energy,OffGrid,2020,-
Poland,Total renewable energy,OffGrid,2021,-
Poland,Total renewable energy,OffGrid,2022,-
Poland,Total renewable energy,OffGrid,2023,-
Poland,Total renewable energy,OffGrid,2024,-
Poland,Total renewable energy,OffGrid,2025,-
Portugal,Total renewable energy,OnGrid,2000,4885
Portugal,Total renewable energy,OnGrid,2001,4947
Portugal,Total renewable energy,OnGrid,2002,5057.5
Portugal,Total renewable energy,OnGrid,2003,5127.5
Portugal,Total renewable energy,OnGrid,2004,5665.5
Portugal,Total renewable energy,OnGrid,2005,6416.5
Portugal,Total renewable energy,OnGrid,2006,7087.5
Portugal,Total renewable energy,OnGrid,2007,7652.5
Portugal,Total renewable energy,OnGrid,2008,8343.5
Portugal,Total renewable energy,OnGrid,2009,8957.5
Portugal,Total renewable energy,OnGrid,2010,9606.5
Portugal,Total renewable energy,OnGrid,2011,10548.22
Portugal,Total renewable energy,OnGrid,2012,10954.85
Portugal,Total renewable energy,OnGrid,2013,11143.25
Portugal,Total renewable energy,OnGrid,2014,11573.06
Portugal,Total renewable energy,OnGrid,2015,12154.34
Portugal,Total renewable energy,OnGrid,2016,13209.43
Portugal,Total renewable energy,OnGrid,2017,13540.96
Portugal,Total renewable energy,OnGrid,2018,13753.2
Portugal,Total renewable energy,OnGrid,2019,14117.77
Portugal,Total renewable energy,OnGrid,2020,14207.58
Portugal,Total renewable energy,OnGrid,2021,15074.09
Portugal,Total renewable energy,OnGrid,2022,17107.66
Portugal,Total renewable energy,OnGrid,2023,18330.54
Portugal,Total renewable energy,OnGrid,2024,20340.81
Portugal,Total renewable energy,OnGrid,2025,21489.11
Portugal,Total renewable energy,OffGrid,2000,-
Portugal,Total renewable energy,OffGrid,2001,-
Portugal,Total renewable energy,OffGrid,2002,-
Portugal,Total renewable energy,OffGrid,2003,-
Portugal,Total renewable energy,OffGrid,2004,-
Portugal,Total renewable energy,OffGrid,2005,-
Portugal,Total renewable energy,OffGrid,2006,-
Portugal,Total renewable energy,OffGrid,2007,-
Portugal,Total renewable energy,OffGrid,2008,-
Portugal,Total renewable energy,OffGrid,2009,-
Portugal,Total renewable energy,OffGrid,2010,-
Portugal,Total renewable energy,OffGrid,2011,2.4
Portugal,Total renewable energy,OffGrid,2012,2.4
Portugal,Total renewable energy,OffGrid,2013,2.4
Portugal,Total renewable energy,OffGrid,2014,2.4
Portugal,Total renewable energy,OffGrid,2015,5.25
Portugal,Total renewable energy,OffGrid,2016,19.77
Portugal,Total renewable energy,OffGrid,2017,39.82
Portugal,Total renewable energy,OffGrid,2018,49.59
Portugal,Total renewable energy,OffGrid,2019,68.7
Portugal,Total renewable energy,OffGrid,2020,90.22
Portugal,Total renewable energy,OffGrid,2021,171.21
Portugal,Total renewable energy,OffGrid,2022,171.21
Portugal,Total renewable energy,OffGrid,2023,171.21
Portugal,Total renewable energy,OffGrid,2024,171.21
Portugal,Total renewable energy,OffGrid,2025,171.21
Puerto Rico,Total renewable energy,OnGrid,2000,98.1
Puerto Rico,Total renewable energy,OnGrid,2001,98.1
Puerto Rico,Total renewable energy,OnGrid,2002,98.1
Puerto Rico,Total renewable energy,OnGrid,2003,98.1
Puerto Rico,Total renewable energy,OnGrid,2004,98.1
Puerto Rico,Total renewable energy,OnGrid,2005,98.1
Puerto Rico,Total renewable energy,OnGrid,2006,98.1
Puerto Rico,Total renewable energy,OnGrid,2007,98.1
Puerto Rico,Total renewable energy,OnGrid,2008,98.1
Puerto Rico,Total renewable energy,OnGrid,2009,98.1
Puerto Rico,Total renewable energy,OnGrid,2010,102.64
Puerto Rico,Total renewable energy,OnGrid,2011,116.38
Puerto Rico,Total renewable energy,OnGrid,2012,240.01
Puerto Rico,Total renewable energy,OnGrid,2013,270.4
Puerto Rico,Total renewable energy,OnGrid,2014,275.8
Puerto Rico,Total renewable energy,OnGrid,2015,406.05
Puerto Rico,Total renewable energy,OnGrid,2016,443.1
Puerto Rico,Total renewable energy,OnGrid,2017,501.9
Puerto Rico,Total renewable energy,OnGrid,2018,504.83
Puerto Rico,Total renewable energy,OnGrid,2019,536.46
Puerto Rico,Total renewable energy,OnGrid,2020,582.9
Puerto Rico,Total renewable energy,OnGrid,2021,689.43
Puerto Rico,Total renewable energy,OnGrid,2022,841.24
Puerto Rico,Total renewable energy,OnGrid,2023,1157.05
Puerto Rico,Total renewable energy,OnGrid,2024,1193.3
Puerto Rico,Total renewable energy,OnGrid,2025,1591
Puerto Rico,Total renewable energy,OffGrid,2000,-
Puerto Rico,Total renewable energy,OffGrid,2001,-
Puerto Rico,Total renewable energy,OffGrid,2002,-
Puerto Rico,Total renewable energy,OffGrid,2003,-
Puerto Rico,Total renewable energy,OffGrid,2004,-
Puerto Rico,Total renewable energy,OffGrid,2005,-
Puerto Rico,Total renewable energy,OffGrid,2006,-
Puerto Rico,Total renewable energy,OffGrid,2007,-
Puerto Rico,Total renewable energy,OffGrid,2008,-
Puerto Rico,Total renewable energy,OffGrid,2009,-
Puerto Rico,Total renewable energy,OffGrid,2010,-
Puerto Rico,Total renewable energy,OffGrid,2011,-
Puerto Rico,Total renewable energy,OffGrid,2012,-
Puerto Rico,Total renewable energy,OffGrid,2013,-
Puerto Rico,Total renewable energy,OffGrid,2014,-
Puerto Rico,Total renewable energy,OffGrid,2015,-
Puerto Rico,Total renewable energy,OffGrid,2016,-
Puerto Rico,Total renewable energy,OffGrid,2017,0.06
Puerto Rico,Total renewable energy,OffGrid,2018,0.07
Puerto Rico,Total renewable energy,OffGrid,2019,0.07
Puerto Rico,Total renewable energy,OffGrid,2020,0.04
Puerto Rico,Total renewable energy,OffGrid,2021,0.04
Puerto Rico,Total renewable energy,OffGrid,2022,0.04
Puerto Rico,Total renewable energy,OffGrid,2023,0.04
Puerto Rico,Total renewable energy,OffGrid,2024,0.04
Puerto Rico,Total renewable energy,OffGrid,2025,0.04
Qatar,Total renewable energy,OnGrid,2000,-
Qatar,Total renewable energy,OnGrid,2001,-
Qatar,Total renewable energy,OnGrid,2002,-
Qatar,Total renewable energy,OnGrid,2003,-
Qatar,Total renewable energy,OnGrid,2004,-
Qatar,Total renewable energy,OnGrid,2005,-
Qatar,Total renewable energy,OnGrid,2006,-
Qatar,Total renewable energy,OnGrid,2007,-
Qatar,Total renewable energy,OnGrid,2008,-
Qatar,Total renewable energy,OnGrid,2009,-
Qatar,Total renewable energy,OnGrid,2010,-
Qatar,Total renewable energy,OnGrid,2011,19.67
Qatar,Total renewable energy,OnGrid,2012,19.67
Qatar,Total renewable energy,OnGrid,2013,21.29
Qatar,Total renewable energy,OnGrid,2014,22.97
Qatar,Total renewable energy,OnGrid,2015,22.97
Qatar,Total renewable energy,OnGrid,2016,24.1
Qatar,Total renewable energy,OnGrid,2017,24.1
Qatar,Total renewable energy,OnGrid,2018,24.1
Qatar,Total renewable energy,OnGrid,2019,24.1
Qatar,Total renewable energy,OnGrid,2020,24.1
Qatar,Total renewable energy,OnGrid,2021,24.1
Qatar,Total renewable energy,OnGrid,2022,824.1
Qatar,Total renewable energy,OnGrid,2023,824.1
Qatar,Total renewable energy,OnGrid,2024,824.1
Qatar,Total renewable energy,OnGrid,2025,1699.1
Qatar,Total renewable energy,OffGrid,2000,-
Qatar,Total renewable energy,OffGrid,2001,-
Qatar,Total renewable energy,OffGrid,2002,-
Qatar,Total renewable energy,OffGrid,2003,-
Qatar,Total renewable energy,OffGrid,2004,-
Qatar,Total renewable energy,OffGrid,2005,-
Qatar,Total renewable energy,OffGrid,2006,-
Qatar,Total renewable energy,OffGrid,2007,-
Qatar,Total renewable energy,OffGrid,2008,-
Qatar,Total renewable energy,OffGrid,2009,-
Qatar,Total renewable energy,OffGrid,2010,-
Qatar,Total renewable energy,OffGrid,2011,-
Qatar,Total renewable energy,OffGrid,2012,-
Qatar,Total renewable energy,OffGrid,2013,-
Qatar,Total renewable energy,OffGrid,2014,-
Qatar,Total renewable energy,OffGrid,2015,-
Qatar,Total renewable energy,OffGrid,2016,-
Qatar,Total renewable energy,OffGrid,2017,-
Qatar,Total renewable energy,OffGrid,2018,-
Qatar,Total renewable energy,OffGrid,2019,-
Qatar,Total renewable energy,OffGrid,2020,-
Qatar,Total renewable energy,OffGrid,2021,-
Qatar,Total renewable energy,OffGrid,2022,-
Qatar,Total renewable energy,OffGrid,2023,-
Qatar,Total renewable energy,OffGrid,2024,-
Qatar,Total renewable energy,OffGrid,2025,-
Reunion,Total renewable energy,OnGrid,2000,143.6
Reunion,Total renewable energy,OnGrid,2001,143.6
Reunion,Total renewable energy,OnGrid,2002,143.6
Reunion,Total renewable energy,OnGrid,2003,143.6
Reunion,Total renewable energy,OnGrid,2004,159.46
Reunion,Total renewable energy,OnGrid,2005,164.1
Reunion,Total renewable energy,OnGrid,2006,179.08
Reunion,Total renewable energy,OnGrid,2007,183.23
Reunion,Total renewable energy,OnGrid,2008,189.43
Reunion,Total renewable energy,OnGrid,2009,221.93
Reunion,Total renewable energy,OnGrid,2010,281.53
Reunion,Total renewable energy,OnGrid,2011,323.33
Reunion,Total renewable energy,OnGrid,2012,345.23
Reunion,Total renewable energy,OnGrid,2013,348.43
Reunion,Total renewable energy,OnGrid,2014,359.43
Reunion,Total renewable energy,OnGrid,2015,380.33
Reunion,Total renewable energy,OnGrid,2016,382.5
Reunion,Total renewable energy,OnGrid,2017,383.9
Reunion,Total renewable energy,OnGrid,2018,427.6
Reunion,Total renewable energy,OnGrid,2019,434.8
Reunion,Total renewable energy,OnGrid,2020,443.2
Reunion,Total renewable energy,OnGrid,2021,461.2
Reunion,Total renewable energy,OnGrid,2022,468.44
Reunion,Total renewable energy,OnGrid,2023,708.66
Reunion,Total renewable energy,OnGrid,2024,920.8
Reunion,Total renewable energy,OnGrid,2025,920.8
Reunion,Total renewable energy,OffGrid,2000,-
Reunion,Total renewable energy,OffGrid,2001,-
Reunion,Total renewable energy,OffGrid,2002,-
Reunion,Total renewable energy,OffGrid,2003,-
Reunion,Total renewable energy,OffGrid,2004,-
Reunion,Total renewable energy,OffGrid,2005,-
Reunion,Total renewable energy,OffGrid,2006,-
Reunion,Total renewable energy,OffGrid,2007,-
Reunion,Total renewable energy,OffGrid,2008,-
Reunion,Total renewable energy,OffGrid,2009,-
Reunion,Total renewable energy,OffGrid,2010,-
Reunion,Total renewable energy,OffGrid,2011,-
Reunion,Total renewable energy,OffGrid,2012,-
Reunion,Total renewable energy,OffGrid,2013,0
Reunion,Total renewable energy,OffGrid,2014,0
Reunion,Total renewable energy,OffGrid,2015,0
Reunion,Total renewable energy,OffGrid,2016,0
Reunion,Total renewable energy,OffGrid,2017,0
Reunion,Total renewable energy,OffGrid,2018,0
Reunion,Total renewable energy,OffGrid,2019,1.34
Reunion,Total renewable energy,OffGrid,2020,1.5
Reunion,Total renewable energy,OffGrid,2021,1.5
Reunion,Total renewable energy,OffGrid,2022,1.5
Reunion,Total renewable energy,OffGrid,2023,1.5
Reunion,Total renewable energy,OffGrid,2024,1.5
Reunion,Total renewable energy,OffGrid,2025,1.5
Romania,Total renewable energy,OnGrid,2000,6371
Romania,Total renewable energy,OnGrid,2001,6273
Romania,Total renewable energy,OnGrid,2002,6245
Romania,Total renewable energy,OnGrid,2003,6248
Romania,Total renewable energy,OnGrid,2004,6278
Romania,Total renewable energy,OnGrid,2005,6290
Romania,Total renewable energy,OnGrid,2006,6283
Romania,Total renewable energy,OnGrid,2007,6349
Romania,Total renewable energy,OnGrid,2008,6382.1
Romania,Total renewable energy,OnGrid,2009,6373.1
Romania,Total renewable energy,OnGrid,2010,6791.1
Romania,Total renewable energy,OnGrid,2011,7410
Romania,Total renewable energy,OnGrid,2012,8354
Romania,Total renewable energy,OnGrid,2013,10098
Romania,Total renewable energy,OnGrid,2014,11152.05
Romania,Total renewable energy,OnGrid,2015,11212.05
Romania,Total renewable energy,OnGrid,2016,11162.05
Romania,Total renewable energy,OnGrid,2017,11144.95
Romania,Total renewable energy,OnGrid,2018,11168.73
Romania,Total renewable energy,OnGrid,2019,11168.91
Romania,Total renewable energy,OnGrid,2020,11121.37
Romania,Total renewable energy,OnGrid,2021,11120.14
Romania,Total renewable energy,OnGrid,2022,11579.93
Romania,Total renewable energy,OnGrid,2023,12765.71
Romania,Total renewable energy,OnGrid,2024,14080.17
Romania,Total renewable energy,OnGrid,2025,16300.17
Romania,Total renewable energy,OffGrid,2000,-
Romania,Total renewable energy,OffGrid,2001,-
Romania,Total renewable energy,OffGrid,2002,-
Romania,Total renewable energy,OffGrid,2003,-
Romania,Total renewable energy,OffGrid,2004,-
Romania,Total renewable energy,OffGrid,2005,-
Romania,Total renewable energy,OffGrid,2006,-
Romania,Total renewable energy,OffGrid,2007,-
Romania,Total renewable energy,OffGrid,2008,-
Romania,Total renewable energy,OffGrid,2009,-
Romania,Total renewable energy,OffGrid,2010,-
Romania,Total renewable energy,OffGrid,2011,-
Romania,Total renewable energy,OffGrid,2012,-
Romania,Total renewable energy,OffGrid,2013,-
Romania,Total renewable energy,OffGrid,2014,-
Romania,Total renewable energy,OffGrid,2015,-
Romania,Total renewable energy,OffGrid,2016,-
Romania,Total renewable energy,OffGrid,2017,-
Romania,Total renewable energy,OffGrid,2018,-
Romania,Total renewable energy,OffGrid,2019,-
Romania,Total renewable energy,OffGrid,2020,-
Romania,Total renewable energy,OffGrid,2021,-
Romania,Total renewable energy,OffGrid,2022,-
Romania,Total renewable energy,OffGrid,2023,-
Romania,Total renewable energy,OffGrid,2024,-
Romania,Total renewable energy,OffGrid,2025,-
Russian Fed,Total renewable energy,OnGrid,2000,44412.83
Russian Fed,Total renewable energy,OnGrid,2001,44791.13
Russian Fed,Total renewable energy,OnGrid,2002,44944.13
Russian Fed,Total renewable energy,OnGrid,2003,45348.23
Russian Fed,Total renewable energy,OnGrid,2004,45730.9
Russian Fed,Total renewable energy,OnGrid,2005,45973.23
Russian Fed,Total renewable energy,OnGrid,2006,46210.23
Russian Fed,Total renewable energy,OnGrid,2007,46952.53
Russian Fed,Total renewable energy,OnGrid,2008,47194.25
Russian Fed,Total renewable energy,OnGrid,2009,47418.85
Russian Fed,Total renewable energy,OnGrid,2010,47503.86
Russian Fed,Total renewable energy,OnGrid,2011,47552.87
Russian Fed,Total renewable energy,OnGrid,2012,49518.94
Russian Fed,Total renewable energy,OnGrid,2013,50177.11
Russian Fed,Total renewable energy,OnGrid,2014,49801.5
Russian Fed,Total renewable energy,OnGrid,2015,50007.7
Russian Fed,Total renewable energy,OnGrid,2016,50311.4
Russian Fed,Total renewable energy,OnGrid,2017,50815.1
Russian Fed,Total renewable energy,OnGrid,2018,51256.7
Russian Fed,Total renewable energy,OnGrid,2019,52699.11
Russian Fed,Total renewable energy,OnGrid,2020,53991.71
Russian Fed,Total renewable energy,OnGrid,2021,55472.91
Russian Fed,Total renewable energy,OnGrid,2022,56142.61
Russian Fed,Total renewable energy,OnGrid,2023,58885.45
Russian Fed,Total renewable energy,OnGrid,2024,56766.41
Russian Fed,Total renewable energy,OnGrid,2025,57385.76
Russian Fed,Total renewable energy,OffGrid,2000,-
Russian Fed,Total renewable energy,OffGrid,2001,-
Russian Fed,Total renewable energy,OffGrid,2002,-
Russian Fed,Total renewable energy,OffGrid,2003,-
Russian Fed,Total renewable energy,OffGrid,2004,-
Russian Fed,Total renewable energy,OffGrid,2005,-
Russian Fed,Total renewable energy,OffGrid,2006,-
Russian Fed,Total renewable energy,OffGrid,2007,-
Russian Fed,Total renewable energy,OffGrid,2008,-
Russian Fed,Total renewable energy,OffGrid,2009,-
Russian Fed,Total renewable energy,OffGrid,2010,-
Russian Fed,Total renewable energy,OffGrid,2011,-
Russian Fed,Total renewable energy,OffGrid,2012,-
Russian Fed,Total renewable energy,OffGrid,2013,-
Russian Fed,Total renewable energy,OffGrid,2014,-
Russian Fed,Total renewable energy,OffGrid,2015,-
Russian Fed,Total renewable energy,OffGrid,2016,-
Russian Fed,Total renewable energy,OffGrid,2017,-
Russian Fed,Total renewable energy,OffGrid,2018,-
Russian Fed,Total renewable energy,OffGrid,2019,-
Russian Fed,Total renewable energy,OffGrid,2020,-
Russian Fed,Total renewable energy,OffGrid,2021,-
Russian Fed,Total renewable energy,OffGrid,2022,-
Russian Fed,Total renewable energy,OffGrid,2023,-
Russian Fed,Total renewable energy,OffGrid,2024,-
Russian Fed,Total renewable energy,OffGrid,2025,-
Rwanda,Total renewable energy,OnGrid,2000,41.1
Rwanda,Total renewable energy,OnGrid,2001,41.1
Rwanda,Total renewable energy,OnGrid,2002,41.1
Rwanda,Total renewable energy,OnGrid,2003,41.1
Rwanda,Total renewable energy,OnGrid,2004,41.1
Rwanda,Total renewable energy,OnGrid,2005,41.1
Rwanda,Total renewable energy,OnGrid,2006,40.84
Rwanda,Total renewable energy,OnGrid,2007,41.09
Rwanda,Total renewable energy,OnGrid,2008,41.09
Rwanda,Total renewable energy,OnGrid,2009,41.09
Rwanda,Total renewable energy,OnGrid,2010,50.19
Rwanda,Total renewable energy,OnGrid,2011,55.57
Rwanda,Total renewable energy,OnGrid,2012,56.47
Rwanda,Total renewable energy,OnGrid,2013,59.37
Rwanda,Total renewable energy,OnGrid,2014,74.32
Rwanda,Total renewable energy,OnGrid,2015,102.37
Rwanda,Total renewable energy,OnGrid,2016,106.37
Rwanda,Total renewable energy,OnGrid,2017,109.67
Rwanda,Total renewable energy,OnGrid,2018,109.67
Rwanda,Total renewable energy,OnGrid,2019,120.52
Rwanda,Total renewable energy,OnGrid,2020,130.32
Rwanda,Total renewable energy,OnGrid,2021,130.32
Rwanda,Total renewable energy,OnGrid,2022,135.66
Rwanda,Total renewable energy,OnGrid,2023,135.66
Rwanda,Total renewable energy,OnGrid,2024,165.31
Rwanda,Total renewable energy,OnGrid,2025,122.55
Rwanda,Total renewable energy,OffGrid,2000,-
Rwanda,Total renewable energy,OffGrid,2001,-
Rwanda,Total renewable energy,OffGrid,2002,-
Rwanda,Total renewable energy,OffGrid,2003,-
Rwanda,Total renewable energy,OffGrid,2004,-
Rwanda,Total renewable energy,OffGrid,2005,-
Rwanda,Total renewable energy,OffGrid,2006,-
Rwanda,Total renewable energy,OffGrid,2007,-
Rwanda,Total renewable energy,OffGrid,2008,-
Rwanda,Total renewable energy,OffGrid,2009,-
Rwanda,Total renewable energy,OffGrid,2010,0.39
Rwanda,Total renewable energy,OffGrid,2011,0.39
Rwanda,Total renewable energy,OffGrid,2012,0.4
Rwanda,Total renewable energy,OffGrid,2013,1.09
Rwanda,Total renewable energy,OffGrid,2014,1.13
Rwanda,Total renewable energy,OffGrid,2015,1.17
Rwanda,Total renewable energy,OffGrid,2016,1.35
Rwanda,Total renewable energy,OffGrid,2017,1.54
Rwanda,Total renewable energy,OffGrid,2018,1.83
Rwanda,Total renewable energy,OffGrid,2019,2.51
Rwanda,Total renewable energy,OffGrid,2020,3
Rwanda,Total renewable energy,OffGrid,2021,3.41
Rwanda,Total renewable energy,OffGrid,2022,4.07
Rwanda,Total renewable energy,OffGrid,2023,4.44
Rwanda,Total renewable energy,OffGrid,2024,4.25
Rwanda,Total renewable energy,OffGrid,2025,4.25
Samoa,Total renewable energy,OnGrid,2000,10.56
Samoa,Total renewable energy,OnGrid,2001,10.56
Samoa,Total renewable energy,OnGrid,2002,10.56
Samoa,Total renewable energy,OnGrid,2003,10.56
Samoa,Total renewable energy,OnGrid,2004,10.56
Samoa,Total renewable energy,OnGrid,2005,10.56
Samoa,Total renewable energy,OnGrid,2006,8.06
Samoa,Total renewable energy,OnGrid,2007,8.07
Samoa,Total renewable energy,OnGrid,2008,8.07
Samoa,Total renewable energy,OnGrid,2009,8.07
Samoa,Total renewable energy,OnGrid,2010,11.07
Samoa,Total renewable energy,OnGrid,2011,11.07
Samoa,Total renewable energy,OnGrid,2012,11.37
Samoa,Total renewable energy,OnGrid,2013,6.97
Samoa,Total renewable energy,OnGrid,2014,10.36
Samoa,Total renewable energy,OnGrid,2015,13.06
Samoa,Total renewable energy,OnGrid,2016,19.14
Samoa,Total renewable energy,OnGrid,2017,23.83
Samoa,Total renewable energy,OnGrid,2018,25.99
Samoa,Total renewable energy,OnGrid,2019,29.35
Samoa,Total renewable energy,OnGrid,2020,30.1
Samoa,Total renewable energy,OnGrid,2021,30.1
Samoa,Total renewable energy,OnGrid,2022,32.68
Samoa,Total renewable energy,OnGrid,2023,32.67
Samoa,Total renewable energy,OnGrid,2024,32.67
Samoa,Total renewable energy,OnGrid,2025,32.67
Samoa,Total renewable energy,OffGrid,2000,-
Samoa,Total renewable energy,OffGrid,2001,-
Samoa,Total renewable energy,OffGrid,2002,-
Samoa,Total renewable energy,OffGrid,2003,-
Samoa,Total renewable energy,OffGrid,2004,-
Samoa,Total renewable energy,OffGrid,2005,0
Samoa,Total renewable energy,OffGrid,2006,0
Samoa,Total renewable energy,OffGrid,2007,0
Samoa,Total renewable energy,OffGrid,2008,0
Samoa,Total renewable energy,OffGrid,2009,0
Samoa,Total renewable energy,OffGrid,2010,0
Samoa,Total renewable energy,OffGrid,2011,0
Samoa,Total renewable energy,OffGrid,2012,0
Samoa,Total renewable energy,OffGrid,2013,0
Samoa,Total renewable energy,OffGrid,2014,0
Samoa,Total renewable energy,OffGrid,2015,0
Samoa,Total renewable energy,OffGrid,2016,0
Samoa,Total renewable energy,OffGrid,2017,0.03
Samoa,Total renewable energy,OffGrid,2018,0.03
Samoa,Total renewable energy,OffGrid,2019,0.18
Samoa,Total renewable energy,OffGrid,2020,0.16
Samoa,Total renewable energy,OffGrid,2021,0.16
Samoa,Total renewable energy,OffGrid,2022,0
Samoa,Total renewable energy,OffGrid,2023,0
Samoa,Total renewable energy,OffGrid,2024,-
Samoa,Total renewable energy,OffGrid,2025,-
Sao Tome Prn,Total renewable energy,OnGrid,2000,1.92
Sao Tome Prn,Total renewable energy,OnGrid,2001,1.92
Sao Tome Prn,Total renewable energy,OnGrid,2002,1.92
Sao Tome Prn,Total renewable energy,OnGrid,2003,1.92
Sao Tome Prn,Total renewable energy,OnGrid,2004,1.92
Sao Tome Prn,Total renewable energy,OnGrid,2005,1.92
Sao Tome Prn,Total renewable energy,OnGrid,2006,1.92
Sao Tome Prn,Total renewable energy,OnGrid,2007,1.92
Sao Tome Prn,Total renewable energy,OnGrid,2008,1.92
Sao Tome Prn,Total renewable energy,OnGrid,2009,1.92
Sao Tome Prn,Total renewable energy,OnGrid,2010,1.92
Sao Tome Prn,Total renewable energy,OnGrid,2011,1.92
Sao Tome Prn,Total renewable energy,OnGrid,2012,1.92
Sao Tome Prn,Total renewable energy,OnGrid,2013,1.92
Sao Tome Prn,Total renewable energy,OnGrid,2014,1.92
Sao Tome Prn,Total renewable energy,OnGrid,2015,1.92
Sao Tome Prn,Total renewable energy,OnGrid,2016,1.92
Sao Tome Prn,Total renewable energy,OnGrid,2017,1.92
Sao Tome Prn,Total renewable energy,OnGrid,2018,1.92
Sao Tome Prn,Total renewable energy,OnGrid,2019,1.92
Sao Tome Prn,Total renewable energy,OnGrid,2020,1.92
Sao Tome Prn,Total renewable energy,OnGrid,2021,1.92
Sao Tome Prn,Total renewable energy,OnGrid,2022,1.92
Sao Tome Prn,Total renewable energy,OnGrid,2023,3.92
Sao Tome Prn,Total renewable energy,OnGrid,2024,3.92
Sao Tome Prn,Total renewable energy,OnGrid,2025,5.12
Sao Tome Prn,Total renewable energy,OffGrid,2000,-
Sao Tome Prn,Total renewable energy,OffGrid,2001,-
Sao Tome Prn,Total renewable energy,OffGrid,2002,-
Sao Tome Prn,Total renewable energy,OffGrid,2003,-
Sao Tome Prn,Total renewable energy,OffGrid,2004,-
Sao Tome Prn,Total renewable energy,OffGrid,2005,-
Sao Tome Prn,Total renewable energy,OffGrid,2006,-
Sao Tome Prn,Total renewable energy,OffGrid,2007,-
Sao Tome Prn,Total renewable energy,OffGrid,2008,-
Sao Tome Prn,Total renewable energy,OffGrid,2009,-
Sao Tome Prn,Total renewable energy,OffGrid,2010,-
Sao Tome Prn,Total renewable energy,OffGrid,2011,-
Sao Tome Prn,Total renewable energy,OffGrid,2012,-
Sao Tome Prn,Total renewable energy,OffGrid,2013,-
Sao Tome Prn,Total renewable energy,OffGrid,2014,-
Sao Tome Prn,Total renewable energy,OffGrid,2015,-
Sao Tome Prn,Total renewable energy,OffGrid,2016,0.15
Sao Tome Prn,Total renewable energy,OffGrid,2017,0.35
Sao Tome Prn,Total renewable energy,OffGrid,2018,0.35
Sao Tome Prn,Total renewable energy,OffGrid,2019,0.35
Sao Tome Prn,Total renewable energy,OffGrid,2020,0.34
Sao Tome Prn,Total renewable energy,OffGrid,2021,0.2
Sao Tome Prn,Total renewable energy,OffGrid,2022,0.01
Sao Tome Prn,Total renewable energy,OffGrid,2023,0.01
Sao Tome Prn,Total renewable energy,OffGrid,2024,0.01
Sao Tome Prn,Total renewable energy,OffGrid,2025,0.01
Saudi Arabia,Total renewable energy,OnGrid,2000,0.35
Saudi Arabia,Total renewable energy,OnGrid,2001,0.35
Saudi Arabia,Total renewable energy,OnGrid,2002,0.35
Saudi Arabia,Total renewable energy,OnGrid,2003,0.35
Saudi Arabia,Total renewable energy,OnGrid,2004,0.35
Saudi Arabia,Total renewable energy,OnGrid,2005,0.35
Saudi Arabia,Total renewable energy,OnGrid,2006,0.35
Saudi Arabia,Total renewable energy,OnGrid,2007,0.35
Saudi Arabia,Total renewable energy,OnGrid,2008,0.35
Saudi Arabia,Total renewable energy,OnGrid,2009,0.35
Saudi Arabia,Total renewable energy,OnGrid,2010,2.35
Saudi Arabia,Total renewable energy,OnGrid,2011,2.85
Saudi Arabia,Total renewable energy,OnGrid,2012,13.55
Saudi Arabia,Total renewable energy,OnGrid,2013,22.45
Saudi Arabia,Total renewable energy,OnGrid,2014,24.25
Saudi Arabia,Total renewable energy,OnGrid,2015,24.25
Saudi Arabia,Total renewable energy,OnGrid,2016,24.25
Saudi Arabia,Total renewable energy,OnGrid,2017,37.37
Saudi Arabia,Total renewable energy,OnGrid,2018,87.37
Saudi Arabia,Total renewable energy,OnGrid,2019,112.37
Saudi Arabia,Total renewable energy,OnGrid,2020,412.37
Saudi Arabia,Total renewable energy,OnGrid,2021,442.37
Saudi Arabia,Total renewable energy,OnGrid,2022,839.87
Saudi Arabia,Total renewable energy,OnGrid,2023,2839.87
Saudi Arabia,Total renewable energy,OnGrid,2024,6601
Saudi Arabia,Total renewable energy,OnGrid,2025,12332
Saudi Arabia,Total renewable energy,OffGrid,2000,-
Saudi Arabia,Total renewable energy,OffGrid,2001,-
Saudi Arabia,Total renewable energy,OffGrid,2002,-
Saudi Arabia,Total renewable energy,OffGrid,2003,-
Saudi Arabia,Total renewable energy,OffGrid,2004,-
Saudi Arabia,Total renewable energy,OffGrid,2005,-
Saudi Arabia,Total renewable energy,OffGrid,2006,-
Saudi Arabia,Total renewable energy,OffGrid,2007,-
Saudi Arabia,Total renewable energy,OffGrid,2008,-
Saudi Arabia,Total renewable energy,OffGrid,2009,-
Saudi Arabia,Total renewable energy,OffGrid,2010,-
Saudi Arabia,Total renewable energy,OffGrid,2011,-
Saudi Arabia,Total renewable energy,OffGrid,2012,-
Saudi Arabia,Total renewable energy,OffGrid,2013,-
Saudi Arabia,Total renewable energy,OffGrid,2014,-
Saudi Arabia,Total renewable energy,OffGrid,2015,-
Saudi Arabia,Total renewable energy,OffGrid,2016,-
Saudi Arabia,Total renewable energy,OffGrid,2017,-
Saudi Arabia,Total renewable energy,OffGrid,2018,-
Saudi Arabia,Total renewable energy,OffGrid,2019,-
Saudi Arabia,Total renewable energy,OffGrid,2020,-
Saudi Arabia,Total renewable energy,OffGrid,2021,-
Saudi Arabia,Total renewable energy,OffGrid,2022,-
Saudi Arabia,Total renewable energy,OffGrid,2023,-
Saudi Arabia,Total renewable energy,OffGrid,2024,-
Saudi Arabia,Total renewable energy,OffGrid,2025,-
Senegal,Total renewable energy,OnGrid,2000,-
Senegal,Total renewable energy,OnGrid,2001,-
Senegal,Total renewable energy,OnGrid,2002,-
Senegal,Total renewable energy,OnGrid,2003,-
Senegal,Total renewable energy,OnGrid,2004,-
Senegal,Total renewable energy,OnGrid,2005,-
Senegal,Total renewable energy,OnGrid,2006,-
Senegal,Total renewable energy,OnGrid,2007,-
Senegal,Total renewable energy,OnGrid,2008,-
Senegal,Total renewable energy,OnGrid,2009,-
Senegal,Total renewable energy,OnGrid,2010,56
Senegal,Total renewable energy,OnGrid,2011,56
Senegal,Total renewable energy,OnGrid,2012,56
Senegal,Total renewable energy,OnGrid,2013,56
Senegal,Total renewable energy,OnGrid,2014,56
Senegal,Total renewable energy,OnGrid,2015,56
Senegal,Total renewable energy,OnGrid,2016,100
Senegal,Total renewable energy,OnGrid,2017,140
Senegal,Total renewable energy,OnGrid,2018,180
Senegal,Total renewable energy,OnGrid,2019,259.78
Senegal,Total renewable energy,OnGrid,2020,363.28
Senegal,Total renewable energy,OnGrid,2021,429.78
Senegal,Total renewable energy,OnGrid,2022,432.08
Senegal,Total renewable energy,OnGrid,2023,432.08
Senegal,Total renewable energy,OnGrid,2024,473.58
Senegal,Total renewable energy,OnGrid,2025,616.98
Senegal,Total renewable energy,OffGrid,2000,-
Senegal,Total renewable energy,OffGrid,2001,-
Senegal,Total renewable energy,OffGrid,2002,-
Senegal,Total renewable energy,OffGrid,2003,-
Senegal,Total renewable energy,OffGrid,2004,-
Senegal,Total renewable energy,OffGrid,2005,-
Senegal,Total renewable energy,OffGrid,2006,-
Senegal,Total renewable energy,OffGrid,2007,-
Senegal,Total renewable energy,OffGrid,2008,-
Senegal,Total renewable energy,OffGrid,2009,-
Senegal,Total renewable energy,OffGrid,2010,-
Senegal,Total renewable energy,OffGrid,2011,-
Senegal,Total renewable energy,OffGrid,2012,0.05
Senegal,Total renewable energy,OffGrid,2013,0.1
Senegal,Total renewable energy,OffGrid,2014,0.19
Senegal,Total renewable energy,OffGrid,2015,0.44
Senegal,Total renewable energy,OffGrid,2016,0.75
Senegal,Total renewable energy,OffGrid,2017,2.48
Senegal,Total renewable energy,OffGrid,2018,5.18
Senegal,Total renewable energy,OffGrid,2019,6.33
Senegal,Total renewable energy,OffGrid,2020,6.84
Senegal,Total renewable energy,OffGrid,2021,7.95
Senegal,Total renewable energy,OffGrid,2022,8.4
Senegal,Total renewable energy,OffGrid,2023,8.61
Senegal,Total renewable energy,OffGrid,2024,7.83
Senegal,Total renewable energy,OffGrid,2025,7.83
Serbia,Total renewable energy,OnGrid,2000,2272.72
Serbia,Total renewable energy,OnGrid,2001,2272.88
Serbia,Total renewable energy,OnGrid,2002,2272.88
Serbia,Total renewable energy,OnGrid,2003,2272.88
Serbia,Total renewable energy,OnGrid,2004,2272.88
Serbia,Total renewable energy,OnGrid,2005,2272.98
Serbia,Total renewable energy,OnGrid,2006,2273.08
Serbia,Total renewable energy,OnGrid,2007,2273.28
Serbia,Total renewable energy,OnGrid,2008,2273.78
Serbia,Total renewable energy,OnGrid,2009,2276.08
Serbia,Total renewable energy,OnGrid,2010,2294.51
Serbia,Total renewable energy,OnGrid,2011,2325.5
Serbia,Total renewable energy,OnGrid,2012,2359.13
Serbia,Total renewable energy,OnGrid,2013,2326.8
Serbia,Total renewable energy,OnGrid,2014,2415.1
Serbia,Total renewable energy,OnGrid,2015,2433.2
Serbia,Total renewable energy,OnGrid,2016,2454.8
Serbia,Total renewable energy,OnGrid,2017,2473.6
Serbia,Total renewable energy,OnGrid,2018,2685.6
Serbia,Total renewable energy,OnGrid,2019,2897.14
Serbia,Total renewable energy,OnGrid,2020,2908.71
Serbia,Total renewable energy,OnGrid,2021,2917.22
Serbia,Total renewable energy,OnGrid,2022,2952.74
Serbia,Total renewable energy,OnGrid,2023,3158.06
Serbia,Total renewable energy,OnGrid,2024,3358.24
Serbia,Total renewable energy,OnGrid,2025,3695.24
Serbia,Total renewable energy,OffGrid,2000,-
Serbia,Total renewable energy,OffGrid,2001,-
Serbia,Total renewable energy,OffGrid,2002,-
Serbia,Total renewable energy,OffGrid,2003,-
Serbia,Total renewable energy,OffGrid,2004,-
Serbia,Total renewable energy,OffGrid,2005,0.57
Serbia,Total renewable energy,OffGrid,2006,0.73
Serbia,Total renewable energy,OffGrid,2007,0.53
Serbia,Total renewable energy,OffGrid,2008,1.43
Serbia,Total renewable energy,OffGrid,2009,1.81
Serbia,Total renewable energy,OffGrid,2010,2
Serbia,Total renewable energy,OffGrid,2011,2.17
Serbia,Total renewable energy,OffGrid,2012,3.97
Serbia,Total renewable energy,OffGrid,2013,5.02
Serbia,Total renewable energy,OffGrid,2014,7.43
Serbia,Total renewable energy,OffGrid,2015,6.83
Serbia,Total renewable energy,OffGrid,2016,6.24
Serbia,Total renewable energy,OffGrid,2017,8.39
Serbia,Total renewable energy,OffGrid,2018,9.77
Serbia,Total renewable energy,OffGrid,2019,12.45
Serbia,Total renewable energy,OffGrid,2020,19.01
Serbia,Total renewable energy,OffGrid,2021,39.71
Serbia,Total renewable energy,OffGrid,2022,114.56
Serbia,Total renewable energy,OffGrid,2023,114.56
Serbia,Total renewable energy,OffGrid,2024,114.56
Serbia,Total renewable energy,OffGrid,2025,114.56
Seychelles,Total renewable energy,OnGrid,2000,-
Seychelles,Total renewable energy,OnGrid,2001,-
Seychelles,Total renewable energy,OnGrid,2002,-
Seychelles,Total renewable energy,OnGrid,2003,-
Seychelles,Total renewable energy,OnGrid,2004,-
Seychelles,Total renewable energy,OnGrid,2005,-
Seychelles,Total renewable energy,OnGrid,2006,-
Seychelles,Total renewable energy,OnGrid,2007,-
Seychelles,Total renewable energy,OnGrid,2008,-
Seychelles,Total renewable energy,OnGrid,2009,-
Seychelles,Total renewable energy,OnGrid,2010,-
Seychelles,Total renewable energy,OnGrid,2011,-
Seychelles,Total renewable energy,OnGrid,2012,-
Seychelles,Total renewable energy,OnGrid,2013,6.21
Seychelles,Total renewable energy,OnGrid,2014,6.89
Seychelles,Total renewable energy,OnGrid,2015,7.35
Seychelles,Total renewable energy,OnGrid,2016,7.88
Seychelles,Total renewable energy,OnGrid,2017,8.58
Seychelles,Total renewable energy,OnGrid,2018,9.09
Seychelles,Total renewable energy,OnGrid,2019,9.09
Seychelles,Total renewable energy,OnGrid,2020,11.88
Seychelles,Total renewable energy,OnGrid,2021,18.33
Seychelles,Total renewable energy,OnGrid,2022,19.2
Seychelles,Total renewable energy,OnGrid,2023,20.16
Seychelles,Total renewable energy,OnGrid,2024,20.74
Seychelles,Total renewable energy,OnGrid,2025,20.74
Seychelles,Total renewable energy,OffGrid,2000,-
Seychelles,Total renewable energy,OffGrid,2001,-
Seychelles,Total renewable energy,OffGrid,2002,-
Seychelles,Total renewable energy,OffGrid,2003,-
Seychelles,Total renewable energy,OffGrid,2004,-
Seychelles,Total renewable energy,OffGrid,2005,-
Seychelles,Total renewable energy,OffGrid,2006,-
Seychelles,Total renewable energy,OffGrid,2007,-
Seychelles,Total renewable energy,OffGrid,2008,-
Seychelles,Total renewable energy,OffGrid,2009,-
Seychelles,Total renewable energy,OffGrid,2010,-
Seychelles,Total renewable energy,OffGrid,2011,-
Seychelles,Total renewable energy,OffGrid,2012,-
Seychelles,Total renewable energy,OffGrid,2013,0.07
Seychelles,Total renewable energy,OffGrid,2014,0.07
Seychelles,Total renewable energy,OffGrid,2015,0.07
Seychelles,Total renewable energy,OffGrid,2016,0.07
Seychelles,Total renewable energy,OffGrid,2017,0.07
Seychelles,Total renewable energy,OffGrid,2018,0.92
Seychelles,Total renewable energy,OffGrid,2019,0.92
Seychelles,Total renewable energy,OffGrid,2020,0.92
Seychelles,Total renewable energy,OffGrid,2021,4.12
Seychelles,Total renewable energy,OffGrid,2022,4.12
Seychelles,Total renewable energy,OffGrid,2023,4.12
Seychelles,Total renewable energy,OffGrid,2024,4.12
Seychelles,Total renewable energy,OffGrid,2025,4.12
Sierra Leone,Total renewable energy,OnGrid,2000,4
Sierra Leone,Total renewable energy,OnGrid,2001,4
Sierra Leone,Total renewable energy,OnGrid,2002,4
Sierra Leone,Total renewable energy,OnGrid,2003,4
Sierra Leone,Total renewable energy,OnGrid,2004,4
Sierra Leone,Total renewable energy,OnGrid,2005,4
Sierra Leone,Total renewable energy,OnGrid,2006,4
Sierra Leone,Total renewable energy,OnGrid,2007,4
Sierra Leone,Total renewable energy,OnGrid,2008,29
Sierra Leone,Total renewable energy,OnGrid,2009,29
Sierra Leone,Total renewable energy,OnGrid,2010,54
Sierra Leone,Total renewable energy,OnGrid,2011,54
Sierra Leone,Total renewable energy,OnGrid,2012,54
Sierra Leone,Total renewable energy,OnGrid,2013,54
Sierra Leone,Total renewable energy,OnGrid,2014,89.8
Sierra Leone,Total renewable energy,OnGrid,2015,89.8
Sierra Leone,Total renewable energy,OnGrid,2016,89.8
Sierra Leone,Total renewable energy,OnGrid,2017,89.8
Sierra Leone,Total renewable energy,OnGrid,2018,89.92
Sierra Leone,Total renewable energy,OnGrid,2019,89.93
Sierra Leone,Total renewable energy,OnGrid,2020,89.93
Sierra Leone,Total renewable energy,OnGrid,2021,89.93
Sierra Leone,Total renewable energy,OnGrid,2022,94.93
Sierra Leone,Total renewable energy,OnGrid,2023,94.93
Sierra Leone,Total renewable energy,OnGrid,2024,94.93
Sierra Leone,Total renewable energy,OnGrid,2025,95.93
Sierra Leone,Total renewable energy,OffGrid,2000,-
Sierra Leone,Total renewable energy,OffGrid,2001,-
Sierra Leone,Total renewable energy,OffGrid,2002,-
Sierra Leone,Total renewable energy,OffGrid,2003,-
Sierra Leone,Total renewable energy,OffGrid,2004,0
Sierra Leone,Total renewable energy,OffGrid,2005,0
Sierra Leone,Total renewable energy,OffGrid,2006,0
Sierra Leone,Total renewable energy,OffGrid,2007,0.03
Sierra Leone,Total renewable energy,OffGrid,2008,0.04
Sierra Leone,Total renewable energy,OffGrid,2009,0.07
Sierra Leone,Total renewable energy,OffGrid,2010,0.09
Sierra Leone,Total renewable energy,OffGrid,2011,0.01
Sierra Leone,Total renewable energy,OffGrid,2012,0.3
Sierra Leone,Total renewable energy,OffGrid,2013,0.31
Sierra Leone,Total renewable energy,OffGrid,2014,0.31
Sierra Leone,Total renewable energy,OffGrid,2015,0.44
Sierra Leone,Total renewable energy,OffGrid,2016,0.84
Sierra Leone,Total renewable energy,OffGrid,2017,5.85
Sierra Leone,Total renewable energy,OffGrid,2018,6.04
Sierra Leone,Total renewable energy,OffGrid,2019,7.89
Sierra Leone,Total renewable energy,OffGrid,2020,8.72
Sierra Leone,Total renewable energy,OffGrid,2021,15.99
Sierra Leone,Total renewable energy,OffGrid,2022,16.34
Sierra Leone,Total renewable energy,OffGrid,2023,16.59
Sierra Leone,Total renewable energy,OffGrid,2024,16.19
Sierra Leone,Total renewable energy,OffGrid,2025,16.19
Singapore,Total renewable energy,OnGrid,2000,152.9
Singapore,Total renewable energy,OnGrid,2001,152.9
Singapore,Total renewable energy,OnGrid,2002,152.9
Singapore,Total renewable energy,OnGrid,2003,152.9
Singapore,Total renewable energy,OnGrid,2004,152.9
Singapore,Total renewable energy,OnGrid,2005,152.9
Singapore,Total renewable energy,OnGrid,2006,152.9
Singapore,Total renewable energy,OnGrid,2007,152.9
Singapore,Total renewable energy,OnGrid,2008,153.1
Singapore,Total renewable energy,OnGrid,2009,130
Singapore,Total renewable energy,OnGrid,2010,131.5
Singapore,Total renewable energy,OnGrid,2011,133.1
Singapore,Total renewable energy,OnGrid,2012,136.2
Singapore,Total renewable energy,OnGrid,2013,140.7
Singapore,Total renewable energy,OnGrid,2014,180.12
Singapore,Total renewable energy,OnGrid,2015,214.52
Singapore,Total renewable energy,OnGrid,2016,266.22
Singapore,Total renewable energy,OnGrid,2017,285.72
Singapore,Total renewable energy,OnGrid,2018,331.52
Singapore,Total renewable energy,OnGrid,2019,437.02
Singapore,Total renewable energy,OnGrid,2020,493.92
Singapore,Total renewable energy,OnGrid,2021,657.12
Singapore,Total renewable energy,OnGrid,2022,860.62
Singapore,Total renewable energy,OnGrid,2023,1162.52
Singapore,Total renewable energy,OnGrid,2024,1427.22
Singapore,Total renewable energy,OnGrid,2025,1741.82
Singapore,Total renewable energy,OffGrid,2000,-
Singapore,Total renewable energy,OffGrid,2001,-
Singapore,Total renewable energy,OffGrid,2002,-
Singapore,Total renewable energy,OffGrid,2003,-
Singapore,Total renewable energy,OffGrid,2004,-
Singapore,Total renewable energy,OffGrid,2005,-
Singapore,Total renewable energy,OffGrid,2006,-
Singapore,Total renewable energy,OffGrid,2007,-
Singapore,Total renewable energy,OffGrid,2008,-
Singapore,Total renewable energy,OffGrid,2009,-
Singapore,Total renewable energy,OffGrid,2010,-
Singapore,Total renewable energy,OffGrid,2011,-
Singapore,Total renewable energy,OffGrid,2012,-
Singapore,Total renewable energy,OffGrid,2013,-
Singapore,Total renewable energy,OffGrid,2014,-
Singapore,Total renewable energy,OffGrid,2015,-
Singapore,Total renewable energy,OffGrid,2016,-
Singapore,Total renewable energy,OffGrid,2017,-
Singapore,Total renewable energy,OffGrid,2018,-
Singapore,Total renewable energy,OffGrid,2019,-
Singapore,Total renewable energy,OffGrid,2020,-
Singapore,Total renewable energy,OffGrid,2021,-
Singapore,Total renewable energy,OffGrid,2022,-
Singapore,Total renewable energy,OffGrid,2023,-
Singapore,Total renewable energy,OffGrid,2024,-
Singapore,Total renewable energy,OffGrid,2025,-
Slovakia,Total renewable energy,OnGrid,2000,1685
Slovakia,Total renewable energy,OnGrid,2001,1592
Slovakia,Total renewable energy,OnGrid,2002,1632
Slovakia,Total renewable energy,OnGrid,2003,1640
Slovakia,Total renewable energy,OnGrid,2004,1654
Slovakia,Total renewable energy,OnGrid,2005,1650
Slovakia,Total renewable energy,OnGrid,2006,1715
Slovakia,Total renewable energy,OnGrid,2007,1744
Slovakia,Total renewable energy,OnGrid,2008,1791
Slovakia,Total renewable energy,OnGrid,2009,1741
Slovakia,Total renewable energy,OnGrid,2010,1802.5
Slovakia,Total renewable energy,OnGrid,2011,2300.5
Slovakia,Total renewable energy,OnGrid,2012,2334.5
Slovakia,Total renewable energy,OnGrid,2013,2358.5
Slovakia,Total renewable energy,OnGrid,2014,2379.5
Slovakia,Total renewable energy,OnGrid,2015,2383.5
Slovakia,Total renewable energy,OnGrid,2016,2396.5
Slovakia,Total renewable energy,OnGrid,2017,2385
Slovakia,Total renewable energy,OnGrid,2018,2330
Slovakia,Total renewable energy,OnGrid,2019,2431
Slovakia,Total renewable energy,OnGrid,2020,2377
Slovakia,Total renewable energy,OnGrid,2021,2406
Slovakia,Total renewable energy,OnGrid,2022,2432.5
Slovakia,Total renewable energy,OnGrid,2023,2418
Slovakia,Total renewable energy,OnGrid,2024,2692.5
Slovakia,Total renewable energy,OnGrid,2025,2992.5
Slovakia,Total renewable energy,OffGrid,2000,-
Slovakia,Total renewable energy,OffGrid,2001,-
Slovakia,Total renewable energy,OffGrid,2002,-
Slovakia,Total renewable energy,OffGrid,2003,-
Slovakia,Total renewable energy,OffGrid,2004,-
Slovakia,Total renewable energy,OffGrid,2005,-
Slovakia,Total renewable energy,OffGrid,2006,-
Slovakia,Total renewable energy,OffGrid,2007,-
Slovakia,Total renewable energy,OffGrid,2008,-
Slovakia,Total renewable energy,OffGrid,2009,-
Slovakia,Total renewable energy,OffGrid,2010,-
Slovakia,Total renewable energy,OffGrid,2011,-
Slovakia,Total renewable energy,OffGrid,2012,-
Slovakia,Total renewable energy,OffGrid,2013,-
Slovakia,Total renewable energy,OffGrid,2014,-
Slovakia,Total renewable energy,OffGrid,2015,-
Slovakia,Total renewable energy,OffGrid,2016,-
Slovakia,Total renewable energy,OffGrid,2017,-
Slovakia,Total renewable energy,OffGrid,2018,-
Slovakia,Total renewable energy,OffGrid,2019,-
Slovakia,Total renewable energy,OffGrid,2020,-
Slovakia,Total renewable energy,OffGrid,2021,-
Slovakia,Total renewable energy,OffGrid,2022,-
Slovakia,Total renewable energy,OffGrid,2023,-
Slovakia,Total renewable energy,OffGrid,2024,-
Slovakia,Total renewable energy,OffGrid,2025,-
Slovenia,Total renewable energy,OnGrid,2000,861
Slovenia,Total renewable energy,OnGrid,2001,925
Slovenia,Total renewable energy,OnGrid,2002,968
Slovenia,Total renewable energy,OnGrid,2003,991
Slovenia,Total renewable energy,OnGrid,2004,993
Slovenia,Total renewable energy,OnGrid,2005,998
Slovenia,Total renewable energy,OnGrid,2006,1030
Slovenia,Total renewable energy,OnGrid,2007,1041
Slovenia,Total renewable energy,OnGrid,2008,1085
Slovenia,Total renewable energy,OnGrid,2009,1124
Slovenia,Total renewable energy,OnGrid,2010,1133
Slovenia,Total renewable energy,OnGrid,2011,1184
Slovenia,Total renewable energy,OnGrid,2012,1277
Slovenia,Total renewable energy,OnGrid,2013,1367
Slovenia,Total renewable energy,OnGrid,2014,1404
Slovenia,Total renewable energy,OnGrid,2015,1419
Slovenia,Total renewable energy,OnGrid,2016,1409
Slovenia,Total renewable energy,OnGrid,2017,1478.53
Slovenia,Total renewable energy,OnGrid,2018,1473.93
Slovenia,Total renewable energy,OnGrid,2019,1512.29
Slovenia,Total renewable energy,OnGrid,2020,1611.69
Slovenia,Total renewable energy,OnGrid,2021,1703.96
Slovenia,Total renewable energy,OnGrid,2022,1862.94
Slovenia,Total renewable energy,OnGrid,2023,2272.77
Slovenia,Total renewable energy,OnGrid,2024,2665.24
Slovenia,Total renewable energy,OnGrid,2025,2781.03
Slovenia,Total renewable energy,OffGrid,2000,-
Slovenia,Total renewable energy,OffGrid,2001,-
Slovenia,Total renewable energy,OffGrid,2002,-
Slovenia,Total renewable energy,OffGrid,2003,-
Slovenia,Total renewable energy,OffGrid,2004,-
Slovenia,Total renewable energy,OffGrid,2005,-
Slovenia,Total renewable energy,OffGrid,2006,-
Slovenia,Total renewable energy,OffGrid,2007,-
Slovenia,Total renewable energy,OffGrid,2008,-
Slovenia,Total renewable energy,OffGrid,2009,-
Slovenia,Total renewable energy,OffGrid,2010,-
Slovenia,Total renewable energy,OffGrid,2011,-
Slovenia,Total renewable energy,OffGrid,2012,-
Slovenia,Total renewable energy,OffGrid,2013,-
Slovenia,Total renewable energy,OffGrid,2014,-
Slovenia,Total renewable energy,OffGrid,2015,-
Slovenia,Total renewable energy,OffGrid,2016,-
Slovenia,Total renewable energy,OffGrid,2017,-
Slovenia,Total renewable energy,OffGrid,2018,-
Slovenia,Total renewable energy,OffGrid,2019,-
Slovenia,Total renewable energy,OffGrid,2020,-
Slovenia,Total renewable energy,OffGrid,2021,-
Slovenia,Total renewable energy,OffGrid,2022,-
Slovenia,Total renewable energy,OffGrid,2023,-
Slovenia,Total renewable energy,OffGrid,2024,-
Slovenia,Total renewable energy,OffGrid,2025,-
Solomon Is,Total renewable energy,OnGrid,2000,0
Solomon Is,Total renewable energy,OnGrid,2001,0
Solomon Is,Total renewable energy,OnGrid,2002,0
Solomon Is,Total renewable energy,OnGrid,2003,0
Solomon Is,Total renewable energy,OnGrid,2004,0
Solomon Is,Total renewable energy,OnGrid,2005,0
Solomon Is,Total renewable energy,OnGrid,2006,0
Solomon Is,Total renewable energy,OnGrid,2007,0
Solomon Is,Total renewable energy,OnGrid,2008,0
Solomon Is,Total renewable energy,OnGrid,2009,0
Solomon Is,Total renewable energy,OnGrid,2010,0
Solomon Is,Total renewable energy,OnGrid,2011,0
Solomon Is,Total renewable energy,OnGrid,2012,0
Solomon Is,Total renewable energy,OnGrid,2013,0
Solomon Is,Total renewable energy,OnGrid,2014,0.31
Solomon Is,Total renewable energy,OnGrid,2015,0.31
Solomon Is,Total renewable energy,OnGrid,2016,1.31
Solomon Is,Total renewable energy,OnGrid,2017,1.31
Solomon Is,Total renewable energy,OnGrid,2018,1.31
Solomon Is,Total renewable energy,OnGrid,2019,1.31
Solomon Is,Total renewable energy,OnGrid,2020,1.31
Solomon Is,Total renewable energy,OnGrid,2021,1.31
Solomon Is,Total renewable energy,OnGrid,2022,1.31
Solomon Is,Total renewable energy,OnGrid,2023,3.37
Solomon Is,Total renewable energy,OnGrid,2024,3.52
Solomon Is,Total renewable energy,OnGrid,2025,5.74
Solomon Is,Total renewable energy,OffGrid,2000,0.33
Solomon Is,Total renewable energy,OffGrid,2001,0.33
Solomon Is,Total renewable energy,OffGrid,2002,0.36
Solomon Is,Total renewable energy,OffGrid,2003,0.36
Solomon Is,Total renewable energy,OffGrid,2004,0.38
Solomon Is,Total renewable energy,OffGrid,2005,0.38
Solomon Is,Total renewable energy,OffGrid,2006,0.89
Solomon Is,Total renewable energy,OffGrid,2007,0.89
Solomon Is,Total renewable energy,OffGrid,2008,0.89
Solomon Is,Total renewable energy,OffGrid,2009,0.9
Solomon Is,Total renewable energy,OffGrid,2010,0.68
Solomon Is,Total renewable energy,OffGrid,2011,1.48
Solomon Is,Total renewable energy,OffGrid,2012,1.48
Solomon Is,Total renewable energy,OffGrid,2013,1.48
Solomon Is,Total renewable energy,OffGrid,2014,1.76
Solomon Is,Total renewable energy,OffGrid,2015,1.76
Solomon Is,Total renewable energy,OffGrid,2016,1.94
Solomon Is,Total renewable energy,OffGrid,2017,2.31
Solomon Is,Total renewable energy,OffGrid,2018,2.31
Solomon Is,Total renewable energy,OffGrid,2019,2.2
Solomon Is,Total renewable energy,OffGrid,2020,2.2
Solomon Is,Total renewable energy,OffGrid,2021,2.2
Solomon Is,Total renewable energy,OffGrid,2022,3.91
Solomon Is,Total renewable energy,OffGrid,2023,3.91
Solomon Is,Total renewable energy,OffGrid,2024,3.91
Solomon Is,Total renewable energy,OffGrid,2025,3.91
Somalia,Total renewable energy,OnGrid,2000,-
Somalia,Total renewable energy,OnGrid,2001,-
Somalia,Total renewable energy,OnGrid,2002,-
Somalia,Total renewable energy,OnGrid,2003,-
Somalia,Total renewable energy,OnGrid,2004,-
Somalia,Total renewable energy,OnGrid,2005,-
Somalia,Total renewable energy,OnGrid,2006,-
Somalia,Total renewable energy,OnGrid,2007,-
Somalia,Total renewable energy,OnGrid,2008,-
Somalia,Total renewable energy,OnGrid,2009,-
Somalia,Total renewable energy,OnGrid,2010,-
Somalia,Total renewable energy,OnGrid,2011,-
Somalia,Total renewable energy,OnGrid,2012,-
Somalia,Total renewable energy,OnGrid,2013,-
Somalia,Total renewable energy,OnGrid,2014,-
Somalia,Total renewable energy,OnGrid,2015,-
Somalia,Total renewable energy,OnGrid,2016,-
Somalia,Total renewable energy,OnGrid,2017,-
Somalia,Total renewable energy,OnGrid,2018,-
Somalia,Total renewable energy,OnGrid,2019,-
Somalia,Total renewable energy,OnGrid,2020,-
Somalia,Total renewable energy,OnGrid,2021,-
Somalia,Total renewable energy,OnGrid,2022,-
Somalia,Total renewable energy,OnGrid,2023,-
Somalia,Total renewable energy,OnGrid,2024,-
Somalia,Total renewable energy,OnGrid,2025,-
Somalia,Total renewable energy,OffGrid,2000,-
Somalia,Total renewable energy,OffGrid,2001,-
Somalia,Total renewable energy,OffGrid,2002,-
Somalia,Total renewable energy,OffGrid,2003,-
Somalia,Total renewable energy,OffGrid,2004,-
Somalia,Total renewable energy,OffGrid,2005,-
Somalia,Total renewable energy,OffGrid,2006,-
Somalia,Total renewable energy,OffGrid,2007,-
Somalia,Total renewable energy,OffGrid,2008,0.02
Somalia,Total renewable energy,OffGrid,2009,0.02
Somalia,Total renewable energy,OffGrid,2010,0.02
Somalia,Total renewable energy,OffGrid,2011,0.02
Somalia,Total renewable energy,OffGrid,2012,2.22
Somalia,Total renewable energy,OffGrid,2013,2.22
Somalia,Total renewable energy,OffGrid,2014,2.33
Somalia,Total renewable energy,OffGrid,2015,2.96
Somalia,Total renewable energy,OffGrid,2016,3.91
Somalia,Total renewable energy,OffGrid,2017,5.13
Somalia,Total renewable energy,OffGrid,2018,5.82
Somalia,Total renewable energy,OffGrid,2019,5.99
Somalia,Total renewable energy,OffGrid,2020,14.46
Somalia,Total renewable energy,OffGrid,2021,22.46
Somalia,Total renewable energy,OffGrid,2022,45.96
Somalia,Total renewable energy,OffGrid,2023,49.46
Somalia,Total renewable energy,OffGrid,2024,49.46
Somalia,Total renewable energy,OffGrid,2025,49.46
South Africa,Total renewable energy,OnGrid,2000,1241.7
South Africa,Total renewable energy,OnGrid,2001,1276.7
South Africa,Total renewable energy,OnGrid,2002,1279.86
South Africa,Total renewable energy,OnGrid,2003,1579.86
South Africa,Total renewable energy,OnGrid,2004,940.86
South Africa,Total renewable energy,OnGrid,2005,940.86
South Africa,Total renewable energy,OnGrid,2006,940.86
South Africa,Total renewable energy,OnGrid,2007,945.06
South Africa,Total renewable energy,OnGrid,2008,950.26
South Africa,Total renewable energy,OnGrid,2009,968.26
South Africa,Total renewable energy,OnGrid,2010,986.02
South Africa,Total renewable energy,OnGrid,2011,989.78
South Africa,Total renewable energy,OnGrid,2012,995.43
South Africa,Total renewable energy,OnGrid,2013,1492.59
South Africa,Total renewable energy,OnGrid,2014,2701.87
South Africa,Total renewable energy,OnGrid,2015,3420.34
South Africa,Total renewable energy,OnGrid,2016,4368.69
South Africa,Total renewable energy,OnGrid,2017,5293.69
South Africa,Total renewable energy,OnGrid,2018,5598.69
South Africa,Total renewable energy,OnGrid,2019,5898.69
South Africa,Total renewable energy,OnGrid,2020,7220.69
South Africa,Total renewable energy,OnGrid,2021,7703.69
South Africa,Total renewable energy,OnGrid,2022,9871.69
South Africa,Total renewable energy,OnGrid,2023,12450.69
South Africa,Total renewable energy,OnGrid,2024,13502.69
South Africa,Total renewable energy,OnGrid,2025,16583.49
South Africa,Total renewable energy,OffGrid,2000,6.7
South Africa,Total renewable energy,OffGrid,2001,6.7
South Africa,Total renewable energy,OffGrid,2002,6.7
South Africa,Total renewable energy,OffGrid,2003,6.7
South Africa,Total renewable energy,OffGrid,2004,6.7
South Africa,Total renewable energy,OffGrid,2005,6.7
South Africa,Total renewable energy,OffGrid,2006,6.7
South Africa,Total renewable energy,OffGrid,2007,6.7
South Africa,Total renewable energy,OffGrid,2008,6.76
South Africa,Total renewable energy,OffGrid,2009,6.77
South Africa,Total renewable energy,OffGrid,2010,6.78
South Africa,Total renewable energy,OffGrid,2011,7.15
South Africa,Total renewable energy,OffGrid,2012,7.37
South Africa,Total renewable energy,OffGrid,2013,7.89
South Africa,Total renewable energy,OffGrid,2014,9.33
South Africa,Total renewable energy,OffGrid,2015,9.86
South Africa,Total renewable energy,OffGrid,2016,10.14
South Africa,Total renewable energy,OffGrid,2017,12.9
South Africa,Total renewable energy,OffGrid,2018,12.76
South Africa,Total renewable energy,OffGrid,2019,13.18
South Africa,Total renewable energy,OffGrid,2020,12.95
South Africa,Total renewable energy,OffGrid,2021,12.84
South Africa,Total renewable energy,OffGrid,2022,12.77
South Africa,Total renewable energy,OffGrid,2023,13.43
South Africa,Total renewable energy,OffGrid,2024,14.07
South Africa,Total renewable energy,OffGrid,2025,14.07
South Georgia,Total renewable energy,OnGrid,2000,-
South Georgia,Total renewable energy,OnGrid,2001,-
South Georgia,Total renewable energy,OnGrid,2002,-
South Georgia,Total renewable energy,OnGrid,2003,-
South Georgia,Total renewable energy,OnGrid,2004,-
South Georgia,Total renewable energy,OnGrid,2005,-
South Georgia,Total renewable energy,OnGrid,2006,-
South Georgia,Total renewable energy,OnGrid,2007,-
South Georgia,Total renewable energy,OnGrid,2008,-
South Georgia,Total renewable energy,OnGrid,2009,-
South Georgia,Total renewable energy,OnGrid,2010,-
South Georgia,Total renewable energy,OnGrid,2011,-
South Georgia,Total renewable energy,OnGrid,2012,-
South Georgia,Total renewable energy,OnGrid,2013,-
South Georgia,Total renewable energy,OnGrid,2014,-
South Georgia,Total renewable energy,OnGrid,2015,-
South Georgia,Total renewable energy,OnGrid,2016,-
South Georgia,Total renewable energy,OnGrid,2017,-
South Georgia,Total renewable energy,OnGrid,2018,-
South Georgia,Total renewable energy,OnGrid,2019,-
South Georgia,Total renewable energy,OnGrid,2020,-
South Georgia,Total renewable energy,OnGrid,2021,-
South Georgia,Total renewable energy,OnGrid,2022,-
South Georgia,Total renewable energy,OnGrid,2023,-
South Georgia,Total renewable energy,OnGrid,2024,-
South Georgia,Total renewable energy,OnGrid,2025,-
South Georgia,Total renewable energy,OffGrid,2000,0.01
South Georgia,Total renewable energy,OffGrid,2001,0.01
South Georgia,Total renewable energy,OffGrid,2002,0.01
South Georgia,Total renewable energy,OffGrid,2003,0.01
South Georgia,Total renewable energy,OffGrid,2004,0.01
South Georgia,Total renewable energy,OffGrid,2005,0.01
South Georgia,Total renewable energy,OffGrid,2006,0.01
South Georgia,Total renewable energy,OffGrid,2007,0.26
South Georgia,Total renewable energy,OffGrid,2008,0.26
South Georgia,Total renewable energy,OffGrid,2009,0.26
South Georgia,Total renewable energy,OffGrid,2010,0.26
South Georgia,Total renewable energy,OffGrid,2011,0.26
South Georgia,Total renewable energy,OffGrid,2012,0.26
South Georgia,Total renewable energy,OffGrid,2013,0.26
South Georgia,Total renewable energy,OffGrid,2014,0.26
South Georgia,Total renewable energy,OffGrid,2015,0.26
South Georgia,Total renewable energy,OffGrid,2016,0.26
South Georgia,Total renewable energy,OffGrid,2017,0.26
South Georgia,Total renewable energy,OffGrid,2018,0.26
South Georgia,Total renewable energy,OffGrid,2019,0.26
South Georgia,Total renewable energy,OffGrid,2020,0.26
South Georgia,Total renewable energy,OffGrid,2021,0.26
South Georgia,Total renewable energy,OffGrid,2022,0.26
South Georgia,Total renewable energy,OffGrid,2023,0.26
South Georgia,Total renewable energy,OffGrid,2024,0.27
South Georgia,Total renewable energy,OffGrid,2025,0.27
South Sudan,Total renewable energy,OnGrid,2000,-
South Sudan,Total renewable energy,OnGrid,2001,-
South Sudan,Total renewable energy,OnGrid,2002,-
South Sudan,Total renewable energy,OnGrid,2003,-
South Sudan,Total renewable energy,OnGrid,2004,-
South Sudan,Total renewable energy,OnGrid,2005,-
South Sudan,Total renewable energy,OnGrid,2006,-
South Sudan,Total renewable energy,OnGrid,2007,-
South Sudan,Total renewable energy,OnGrid,2008,-
South Sudan,Total renewable energy,OnGrid,2009,-
South Sudan,Total renewable energy,OnGrid,2010,-
South Sudan,Total renewable energy,OnGrid,2011,-
South Sudan,Total renewable energy,OnGrid,2012,-
South Sudan,Total renewable energy,OnGrid,2013,-
South Sudan,Total renewable energy,OnGrid,2014,-
South Sudan,Total renewable energy,OnGrid,2015,-
South Sudan,Total renewable energy,OnGrid,2016,-
South Sudan,Total renewable energy,OnGrid,2017,-
South Sudan,Total renewable energy,OnGrid,2018,-
South Sudan,Total renewable energy,OnGrid,2019,-
South Sudan,Total renewable energy,OnGrid,2020,1
South Sudan,Total renewable energy,OnGrid,2021,1
South Sudan,Total renewable energy,OnGrid,2022,1
South Sudan,Total renewable energy,OnGrid,2023,13
South Sudan,Total renewable energy,OnGrid,2024,27
South Sudan,Total renewable energy,OnGrid,2025,41
South Sudan,Total renewable energy,OffGrid,2000,-
South Sudan,Total renewable energy,OffGrid,2001,-
South Sudan,Total renewable energy,OffGrid,2002,-
South Sudan,Total renewable energy,OffGrid,2003,-
South Sudan,Total renewable energy,OffGrid,2004,-
South Sudan,Total renewable energy,OffGrid,2005,-
South Sudan,Total renewable energy,OffGrid,2006,-
South Sudan,Total renewable energy,OffGrid,2007,-
South Sudan,Total renewable energy,OffGrid,2008,-
South Sudan,Total renewable energy,OffGrid,2009,-
South Sudan,Total renewable energy,OffGrid,2010,-
South Sudan,Total renewable energy,OffGrid,2011,0.03
South Sudan,Total renewable energy,OffGrid,2012,0.04
South Sudan,Total renewable energy,OffGrid,2013,0.1
South Sudan,Total renewable energy,OffGrid,2014,0.1
South Sudan,Total renewable energy,OffGrid,2015,0.11
South Sudan,Total renewable energy,OffGrid,2016,1.24
South Sudan,Total renewable energy,OffGrid,2017,1.95
South Sudan,Total renewable energy,OffGrid,2018,2.23
South Sudan,Total renewable energy,OffGrid,2019,2.48
South Sudan,Total renewable energy,OffGrid,2020,2.73
South Sudan,Total renewable energy,OffGrid,2021,2.53
South Sudan,Total renewable energy,OffGrid,2022,2.98
South Sudan,Total renewable energy,OffGrid,2023,3.74
South Sudan,Total renewable energy,OffGrid,2024,3.74
South Sudan,Total renewable energy,OffGrid,2025,3.74
Spain,Total renewable energy,OnGrid,2000,17950.23
Spain,Total renewable energy,OnGrid,2001,19239.03
Spain,Total renewable energy,OnGrid,2002,20915.59
Spain,Total renewable energy,OnGrid,2003,22034.95
Spain,Total renewable energy,OnGrid,2004,24620.84
Spain,Total renewable energy,OnGrid,2005,26321.35
Spain,Total renewable energy,OnGrid,2006,28355.23
Spain,Total renewable energy,OnGrid,2007,31888.28
Spain,Total renewable energy,OnGrid,2008,36628.08
Spain,Total renewable energy,OnGrid,2009,39714.46
Spain,Total renewable energy,OnGrid,2010,42237.35
Spain,Total renewable energy,OnGrid,2011,43945.59
Spain,Total renewable energy,OnGrid,2012,46441.39
Spain,Total renewable energy,OnGrid,2013,46829.09
Spain,Total renewable energy,OnGrid,2014,46860.41
Spain,Total renewable energy,OnGrid,2015,47717.83
Spain,Total renewable energy,OnGrid,2016,47798.65
Spain,Total renewable energy,OnGrid,2017,47947.69
Spain,Total renewable energy,OnGrid,2018,48283.14
Spain,Total renewable energy,OnGrid,2019,54600.58
Spain,Total renewable energy,OnGrid,2020,57313.13
Spain,Total renewable energy,OnGrid,2021,62010.74
Spain,Total renewable energy,OnGrid,2022,74404.21
Spain,Total renewable energy,OnGrid,2023,80844.35
Spain,Total renewable energy,OnGrid,2024,88406.59
Spain,Total renewable energy,OnGrid,2025,98577.09
Spain,Total renewable energy,OffGrid,2000,9
Spain,Total renewable energy,OffGrid,2001,10
Spain,Total renewable energy,OffGrid,2002,11
Spain,Total renewable energy,OffGrid,2003,12
Spain,Total renewable energy,OffGrid,2004,14
Spain,Total renewable energy,OffGrid,2005,15
Spain,Total renewable energy,OffGrid,2006,17
Spain,Total renewable energy,OffGrid,2007,18
Spain,Total renewable energy,OffGrid,2008,19
Spain,Total renewable energy,OffGrid,2009,20
Spain,Total renewable energy,OffGrid,2010,22
Spain,Total renewable energy,OffGrid,2011,23
Spain,Total renewable energy,OffGrid,2012,24
Spain,Total renewable energy,OffGrid,2013,25
Spain,Total renewable energy,OffGrid,2014,25
Spain,Total renewable energy,OffGrid,2015,27
Spain,Total renewable energy,OffGrid,2016,26
Spain,Total renewable energy,OffGrid,2017,27
Spain,Total renewable energy,OffGrid,2018,32.91
Spain,Total renewable energy,OffGrid,2019,35.18
Spain,Total renewable energy,OffGrid,2020,35.17
Spain,Total renewable energy,OffGrid,2021,36.8
Spain,Total renewable energy,OffGrid,2022,36.8
Spain,Total renewable energy,OffGrid,2023,36.8
Spain,Total renewable energy,OffGrid,2024,36.8
Spain,Total renewable energy,OffGrid,2025,36.8
Sri Lanka,Total renewable energy,OnGrid,2000,1153.22
Sri Lanka,Total renewable energy,OnGrid,2001,1164.56
Sri Lanka,Total renewable energy,OnGrid,2002,1175.28
Sri Lanka,Total renewable energy,OnGrid,2003,1250.45
Sri Lanka,Total renewable energy,OnGrid,2004,1285.31
Sri Lanka,Total renewable energy,OnGrid,2005,1296.54
Sri Lanka,Total renewable energy,OnGrid,2006,1319.19
Sri Lanka,Total renewable energy,OnGrid,2007,1325.79
Sri Lanka,Total renewable energy,OnGrid,2008,1356.65
Sri Lanka,Total renewable energy,OnGrid,2009,1392.95
Sri Lanka,Total renewable energy,OnGrid,2010,1429.06
Sri Lanka,Total renewable energy,OnGrid,2011,1457.77
Sri Lanka,Total renewable energy,OnGrid,2012,1674.38
Sri Lanka,Total renewable energy,OnGrid,2013,1715.89
Sri Lanka,Total renewable energy,OnGrid,2014,1820.56
Sri Lanka,Total renewable energy,OnGrid,2015,1864.24
Sri Lanka,Total renewable energy,OnGrid,2016,1941.01
Sri Lanka,Total renewable energy,OnGrid,2017,2044.87
Sri Lanka,Total renewable energy,OnGrid,2018,2168.45
Sri Lanka,Total renewable energy,OnGrid,2019,2319.47
Sri Lanka,Total renewable energy,OnGrid,2020,2445.06
Sri Lanka,Total renewable energy,OnGrid,2021,2710.89
Sri Lanka,Total renewable energy,OnGrid,2022,2916.62
Sri Lanka,Total renewable energy,OnGrid,2023,3107.26
Sri Lanka,Total renewable energy,OnGrid,2024,3852.67
Sri Lanka,Total renewable energy,OnGrid,2025,4780.87
Sri Lanka,Total renewable energy,OffGrid,2000,3.57
Sri Lanka,Total renewable energy,OffGrid,2001,4.17
Sri Lanka,Total renewable energy,OffGrid,2002,4.85
Sri Lanka,Total renewable energy,OffGrid,2003,5.53
Sri Lanka,Total renewable energy,OffGrid,2004,6.21
Sri Lanka,Total renewable energy,OffGrid,2005,6.88
Sri Lanka,Total renewable energy,OffGrid,2006,7.56
Sri Lanka,Total renewable energy,OffGrid,2007,9.32
Sri Lanka,Total renewable energy,OffGrid,2008,10
Sri Lanka,Total renewable energy,OffGrid,2009,10.68
Sri Lanka,Total renewable energy,OffGrid,2010,11.37
Sri Lanka,Total renewable energy,OffGrid,2011,12.13
Sri Lanka,Total renewable energy,OffGrid,2012,12.22
Sri Lanka,Total renewable energy,OffGrid,2013,12.24
Sri Lanka,Total renewable energy,OffGrid,2014,12.17
Sri Lanka,Total renewable energy,OffGrid,2015,12.17
Sri Lanka,Total renewable energy,OffGrid,2016,12.21
Sri Lanka,Total renewable energy,OffGrid,2017,12.19
Sri Lanka,Total renewable energy,OffGrid,2018,12.11
Sri Lanka,Total renewable energy,OffGrid,2019,12.11
Sri Lanka,Total renewable energy,OffGrid,2020,12.11
Sri Lanka,Total renewable energy,OffGrid,2021,12.11
Sri Lanka,Total renewable energy,OffGrid,2022,12.11
Sri Lanka,Total renewable energy,OffGrid,2023,12.11
Sri Lanka,Total renewable energy,OffGrid,2024,12.11
Sri Lanka,Total renewable energy,OffGrid,2025,12.11
St Barth,Total renewable energy,OnGrid,2000,-
St Barth,Total renewable energy,OnGrid,2001,-
St Barth,Total renewable energy,OnGrid,2002,-
St Barth,Total renewable energy,OnGrid,2003,-
St Barth,Total renewable energy,OnGrid,2004,-
St Barth,Total renewable energy,OnGrid,2005,-
St Barth,Total renewable energy,OnGrid,2006,-
St Barth,Total renewable energy,OnGrid,2007,-
St Barth,Total renewable energy,OnGrid,2008,-
St Barth,Total renewable energy,OnGrid,2009,-
St Barth,Total renewable energy,OnGrid,2010,-
St Barth,Total renewable energy,OnGrid,2011,-
St Barth,Total renewable energy,OnGrid,2012,-
St Barth,Total renewable energy,OnGrid,2013,-
St Barth,Total renewable energy,OnGrid,2014,-
St Barth,Total renewable energy,OnGrid,2015,-
St Barth,Total renewable energy,OnGrid,2016,0.02
St Barth,Total renewable energy,OnGrid,2017,0.02
St Barth,Total renewable energy,OnGrid,2018,0.02
St Barth,Total renewable energy,OnGrid,2019,0.02
St Barth,Total renewable energy,OnGrid,2020,0.04
St Barth,Total renewable energy,OnGrid,2021,0.04
St Barth,Total renewable energy,OnGrid,2022,0.06
St Barth,Total renewable energy,OnGrid,2023,0.06
St Barth,Total renewable energy,OnGrid,2024,1.2
St Barth,Total renewable energy,OnGrid,2025,1.2
St Barth,Total renewable energy,OffGrid,2000,-
St Barth,Total renewable energy,OffGrid,2001,-
St Barth,Total renewable energy,OffGrid,2002,-
St Barth,Total renewable energy,OffGrid,2003,-
St Barth,Total renewable energy,OffGrid,2004,-
St Barth,Total renewable energy,OffGrid,2005,-
St Barth,Total renewable energy,OffGrid,2006,-
St Barth,Total renewable energy,OffGrid,2007,-
St Barth,Total renewable energy,OffGrid,2008,-
St Barth,Total renewable energy,OffGrid,2009,-
St Barth,Total renewable energy,OffGrid,2010,-
St Barth,Total renewable energy,OffGrid,2011,-
St Barth,Total renewable energy,OffGrid,2012,-
St Barth,Total renewable energy,OffGrid,2013,-
St Barth,Total renewable energy,OffGrid,2014,-
St Barth,Total renewable energy,OffGrid,2015,-
St Barth,Total renewable energy,OffGrid,2016,-
St Barth,Total renewable energy,OffGrid,2017,-
St Barth,Total renewable energy,OffGrid,2018,-
St Barth,Total renewable energy,OffGrid,2019,-
St Barth,Total renewable energy,OffGrid,2020,-
St Barth,Total renewable energy,OffGrid,2021,-
St Barth,Total renewable energy,OffGrid,2022,-
St Barth,Total renewable energy,OffGrid,2023,-
St Barth,Total renewable energy,OffGrid,2024,-
St Barth,Total renewable energy,OffGrid,2025,-
St Kitts Nevis,Total renewable energy,OnGrid,2000,-
St Kitts Nevis,Total renewable energy,OnGrid,2001,-
St Kitts Nevis,Total renewable energy,OnGrid,2002,-
St Kitts Nevis,Total renewable energy,OnGrid,2003,-
St Kitts Nevis,Total renewable energy,OnGrid,2004,-
St Kitts Nevis,Total renewable energy,OnGrid,2005,-
St Kitts Nevis,Total renewable energy,OnGrid,2006,-
St Kitts Nevis,Total renewable energy,OnGrid,2007,-
St Kitts Nevis,Total renewable energy,OnGrid,2008,-
St Kitts Nevis,Total renewable energy,OnGrid,2009,-
St Kitts Nevis,Total renewable energy,OnGrid,2010,2.26
St Kitts Nevis,Total renewable energy,OnGrid,2011,2.38
St Kitts Nevis,Total renewable energy,OnGrid,2012,2.38
St Kitts Nevis,Total renewable energy,OnGrid,2013,3.63
St Kitts Nevis,Total renewable energy,OnGrid,2014,3.63
St Kitts Nevis,Total renewable energy,OnGrid,2015,3.63
St Kitts Nevis,Total renewable energy,OnGrid,2016,4.13
St Kitts Nevis,Total renewable energy,OnGrid,2017,4.13
St Kitts Nevis,Total renewable energy,OnGrid,2018,4.16
St Kitts Nevis,Total renewable energy,OnGrid,2019,4.21
St Kitts Nevis,Total renewable energy,OnGrid,2020,5.21
St Kitts Nevis,Total renewable energy,OnGrid,2021,5.21
St Kitts Nevis,Total renewable energy,OnGrid,2022,5.21
St Kitts Nevis,Total renewable energy,OnGrid,2023,5.21
St Kitts Nevis,Total renewable energy,OnGrid,2024,6.71
St Kitts Nevis,Total renewable energy,OnGrid,2025,6.71
St Kitts Nevis,Total renewable energy,OffGrid,2000,-
St Kitts Nevis,Total renewable energy,OffGrid,2001,-
St Kitts Nevis,Total renewable energy,OffGrid,2002,-
St Kitts Nevis,Total renewable energy,OffGrid,2003,-
St Kitts Nevis,Total renewable energy,OffGrid,2004,-
St Kitts Nevis,Total renewable energy,OffGrid,2005,-
St Kitts Nevis,Total renewable energy,OffGrid,2006,-
St Kitts Nevis,Total renewable energy,OffGrid,2007,-
St Kitts Nevis,Total renewable energy,OffGrid,2008,-
St Kitts Nevis,Total renewable energy,OffGrid,2009,-
St Kitts Nevis,Total renewable energy,OffGrid,2010,-
St Kitts Nevis,Total renewable energy,OffGrid,2011,-
St Kitts Nevis,Total renewable energy,OffGrid,2012,-
St Kitts Nevis,Total renewable energy,OffGrid,2013,-
St Kitts Nevis,Total renewable energy,OffGrid,2014,0
St Kitts Nevis,Total renewable energy,OffGrid,2015,0
St Kitts Nevis,Total renewable energy,OffGrid,2016,0
St Kitts Nevis,Total renewable energy,OffGrid,2017,0
St Kitts Nevis,Total renewable energy,OffGrid,2018,0
St Kitts Nevis,Total renewable energy,OffGrid,2019,0
St Kitts Nevis,Total renewable energy,OffGrid,2020,0
St Kitts Nevis,Total renewable energy,OffGrid,2021,0
St Kitts Nevis,Total renewable energy,OffGrid,2022,0
St Kitts Nevis,Total renewable energy,OffGrid,2023,0
St Kitts Nevis,Total renewable energy,OffGrid,2024,0
St Kitts Nevis,Total renewable energy,OffGrid,2025,0
St Lucia,Total renewable energy,OnGrid,2000,-
St Lucia,Total renewable energy,OnGrid,2001,-
St Lucia,Total renewable energy,OnGrid,2002,-
St Lucia,Total renewable energy,OnGrid,2003,-
St Lucia,Total renewable energy,OnGrid,2004,-
St Lucia,Total renewable energy,OnGrid,2005,-
St Lucia,Total renewable energy,OnGrid,2006,-
St Lucia,Total renewable energy,OnGrid,2007,-
St Lucia,Total renewable energy,OnGrid,2008,-
St Lucia,Total renewable energy,OnGrid,2009,0.01
St Lucia,Total renewable energy,OnGrid,2010,0.02
St Lucia,Total renewable energy,OnGrid,2011,0.02
St Lucia,Total renewable energy,OnGrid,2012,0.05
St Lucia,Total renewable energy,OnGrid,2013,0.06
St Lucia,Total renewable energy,OnGrid,2014,0.1
St Lucia,Total renewable energy,OnGrid,2015,0.76
St Lucia,Total renewable energy,OnGrid,2016,0.87
St Lucia,Total renewable energy,OnGrid,2017,0.87
St Lucia,Total renewable energy,OnGrid,2018,3.87
St Lucia,Total renewable energy,OnGrid,2019,4.11
St Lucia,Total renewable energy,OnGrid,2020,4.16
St Lucia,Total renewable energy,OnGrid,2021,4.16
St Lucia,Total renewable energy,OnGrid,2022,4.16
St Lucia,Total renewable energy,OnGrid,2023,4.24
St Lucia,Total renewable energy,OnGrid,2024,4.98
St Lucia,Total renewable energy,OnGrid,2025,5.53
St Lucia,Total renewable energy,OffGrid,2000,-
St Lucia,Total renewable energy,OffGrid,2001,-
St Lucia,Total renewable energy,OffGrid,2002,-
St Lucia,Total renewable energy,OffGrid,2003,-
St Lucia,Total renewable energy,OffGrid,2004,-
St Lucia,Total renewable energy,OffGrid,2005,-
St Lucia,Total renewable energy,OffGrid,2006,-
St Lucia,Total renewable energy,OffGrid,2007,-
St Lucia,Total renewable energy,OffGrid,2008,-
St Lucia,Total renewable energy,OffGrid,2009,-
St Lucia,Total renewable energy,OffGrid,2010,-
St Lucia,Total renewable energy,OffGrid,2011,-
St Lucia,Total renewable energy,OffGrid,2012,-
St Lucia,Total renewable energy,OffGrid,2013,-
St Lucia,Total renewable energy,OffGrid,2014,-
St Lucia,Total renewable energy,OffGrid,2015,-
St Lucia,Total renewable energy,OffGrid,2016,0.18
St Lucia,Total renewable energy,OffGrid,2017,0.18
St Lucia,Total renewable energy,OffGrid,2018,0.18
St Lucia,Total renewable energy,OffGrid,2019,0.18
St Lucia,Total renewable energy,OffGrid,2020,0.18
St Lucia,Total renewable energy,OffGrid,2021,0.18
St Lucia,Total renewable energy,OffGrid,2022,0.18
St Lucia,Total renewable energy,OffGrid,2023,0.18
St Lucia,Total renewable energy,OffGrid,2024,0.18
St Lucia,Total renewable energy,OffGrid,2025,0.18
St Maarten,Total renewable energy,OnGrid,2000,-
St Maarten,Total renewable energy,OnGrid,2001,-
St Maarten,Total renewable energy,OnGrid,2002,-
St Maarten,Total renewable energy,OnGrid,2003,-
St Maarten,Total renewable energy,OnGrid,2004,-
St Maarten,Total renewable energy,OnGrid,2005,-
St Maarten,Total renewable energy,OnGrid,2006,-
St Maarten,Total renewable energy,OnGrid,2007,-
St Maarten,Total renewable energy,OnGrid,2008,-
St Maarten,Total renewable energy,OnGrid,2009,-
St Maarten,Total renewable energy,OnGrid,2010,-
St Maarten,Total renewable energy,OnGrid,2011,-
St Maarten,Total renewable energy,OnGrid,2012,-
St Maarten,Total renewable energy,OnGrid,2013,-
St Maarten,Total renewable energy,OnGrid,2014,-
St Maarten,Total renewable energy,OnGrid,2015,-
St Maarten,Total renewable energy,OnGrid,2016,-
St Maarten,Total renewable energy,OnGrid,2017,-
St Maarten,Total renewable energy,OnGrid,2018,-
St Maarten,Total renewable energy,OnGrid,2019,-
St Maarten,Total renewable energy,OnGrid,2020,-
St Maarten,Total renewable energy,OnGrid,2021,-
St Maarten,Total renewable energy,OnGrid,2022,0.09
St Maarten,Total renewable energy,OnGrid,2023,0.09
St Maarten,Total renewable energy,OnGrid,2024,0.09
St Maarten,Total renewable energy,OnGrid,2025,0.09
St Maarten,Total renewable energy,OffGrid,2000,-
St Maarten,Total renewable energy,OffGrid,2001,-
St Maarten,Total renewable energy,OffGrid,2002,-
St Maarten,Total renewable energy,OffGrid,2003,-
St Maarten,Total renewable energy,OffGrid,2004,-
St Maarten,Total renewable energy,OffGrid,2005,-
St Maarten,Total renewable energy,OffGrid,2006,-
St Maarten,Total renewable energy,OffGrid,2007,-
St Maarten,Total renewable energy,OffGrid,2008,-
St Maarten,Total renewable energy,OffGrid,2009,-
St Maarten,Total renewable energy,OffGrid,2010,-
St Maarten,Total renewable energy,OffGrid,2011,-
St Maarten,Total renewable energy,OffGrid,2012,-
St Maarten,Total renewable energy,OffGrid,2013,-
St Maarten,Total renewable energy,OffGrid,2014,-
St Maarten,Total renewable energy,OffGrid,2015,-
St Maarten,Total renewable energy,OffGrid,2016,-
St Maarten,Total renewable energy,OffGrid,2017,-
St Maarten,Total renewable energy,OffGrid,2018,-
St Maarten,Total renewable energy,OffGrid,2019,-
St Maarten,Total renewable energy,OffGrid,2020,-
St Maarten,Total renewable energy,OffGrid,2021,-
St Maarten,Total renewable energy,OffGrid,2022,-
St Maarten,Total renewable energy,OffGrid,2023,-
St Maarten,Total renewable energy,OffGrid,2024,-
St Maarten,Total renewable energy,OffGrid,2025,-
St Martin,Total renewable energy,OnGrid,2000,-
St Martin,Total renewable energy,OnGrid,2001,-
St Martin,Total renewable energy,OnGrid,2002,-
St Martin,Total renewable energy,OnGrid,2003,-
St Martin,Total renewable energy,OnGrid,2004,-
St Martin,Total renewable energy,OnGrid,2005,-
St Martin,Total renewable energy,OnGrid,2006,-
St Martin,Total renewable energy,OnGrid,2007,-
St Martin,Total renewable energy,OnGrid,2008,-
St Martin,Total renewable energy,OnGrid,2009,-
St Martin,Total renewable energy,OnGrid,2010,-
St Martin,Total renewable energy,OnGrid,2011,-
St Martin,Total renewable energy,OnGrid,2012,-
St Martin,Total renewable energy,OnGrid,2013,1.4
St Martin,Total renewable energy,OnGrid,2014,1.6
St Martin,Total renewable energy,OnGrid,2015,2.6
St Martin,Total renewable energy,OnGrid,2016,1.8
St Martin,Total renewable energy,OnGrid,2017,0.1
St Martin,Total renewable energy,OnGrid,2018,0.1
St Martin,Total renewable energy,OnGrid,2019,0.5
St Martin,Total renewable energy,OnGrid,2020,1
St Martin,Total renewable energy,OnGrid,2021,1
St Martin,Total renewable energy,OnGrid,2022,1.9
St Martin,Total renewable energy,OnGrid,2023,2.1
St Martin,Total renewable energy,OnGrid,2024,2.1
St Martin,Total renewable energy,OnGrid,2025,17.1
St Martin,Total renewable energy,OffGrid,2000,-
St Martin,Total renewable energy,OffGrid,2001,-
St Martin,Total renewable energy,OffGrid,2002,-
St Martin,Total renewable energy,OffGrid,2003,-
St Martin,Total renewable energy,OffGrid,2004,-
St Martin,Total renewable energy,OffGrid,2005,-
St Martin,Total renewable energy,OffGrid,2006,-
St Martin,Total renewable energy,OffGrid,2007,-
St Martin,Total renewable energy,OffGrid,2008,-
St Martin,Total renewable energy,OffGrid,2009,-
St Martin,Total renewable energy,OffGrid,2010,-
St Martin,Total renewable energy,OffGrid,2011,-
St Martin,Total renewable energy,OffGrid,2012,-
St Martin,Total renewable energy,OffGrid,2013,-
St Martin,Total renewable energy,OffGrid,2014,-
St Martin,Total renewable energy,OffGrid,2015,-
St Martin,Total renewable energy,OffGrid,2016,-
St Martin,Total renewable energy,OffGrid,2017,-
St Martin,Total renewable energy,OffGrid,2018,-
St Martin,Total renewable energy,OffGrid,2019,-
St Martin,Total renewable energy,OffGrid,2020,-
St Martin,Total renewable energy,OffGrid,2021,-
St Martin,Total renewable energy,OffGrid,2022,-
St Martin,Total renewable energy,OffGrid,2023,-
St Martin,Total renewable energy,OffGrid,2024,-
St Martin,Total renewable energy,OffGrid,2025,-
St Pierre Mq,Total renewable energy,OnGrid,2000,0.6
St Pierre Mq,Total renewable energy,OnGrid,2001,0.6
St Pierre Mq,Total renewable energy,OnGrid,2002,0.6
St Pierre Mq,Total renewable energy,OnGrid,2003,0.6
St Pierre Mq,Total renewable energy,OnGrid,2004,0.6
St Pierre Mq,Total renewable energy,OnGrid,2005,0.6
St Pierre Mq,Total renewable energy,OnGrid,2006,0.6
St Pierre Mq,Total renewable energy,OnGrid,2007,0.6
St Pierre Mq,Total renewable energy,OnGrid,2008,0.6
St Pierre Mq,Total renewable energy,OnGrid,2009,0.6
St Pierre Mq,Total renewable energy,OnGrid,2010,0.6
St Pierre Mq,Total renewable energy,OnGrid,2011,0.6
St Pierre Mq,Total renewable energy,OnGrid,2012,0.6
St Pierre Mq,Total renewable energy,OnGrid,2013,0.6
St Pierre Mq,Total renewable energy,OnGrid,2014,0.6
St Pierre Mq,Total renewable energy,OnGrid,2015,-
St Pierre Mq,Total renewable energy,OnGrid,2016,-
St Pierre Mq,Total renewable energy,OnGrid,2017,-
St Pierre Mq,Total renewable energy,OnGrid,2018,-
St Pierre Mq,Total renewable energy,OnGrid,2019,-
St Pierre Mq,Total renewable energy,OnGrid,2020,-
St Pierre Mq,Total renewable energy,OnGrid,2021,-
St Pierre Mq,Total renewable energy,OnGrid,2022,-
St Pierre Mq,Total renewable energy,OnGrid,2023,-
St Pierre Mq,Total renewable energy,OnGrid,2024,-
St Pierre Mq,Total renewable energy,OnGrid,2025,-
St Pierre Mq,Total renewable energy,OffGrid,2000,-
St Pierre Mq,Total renewable energy,OffGrid,2001,-
St Pierre Mq,Total renewable energy,OffGrid,2002,-
St Pierre Mq,Total renewable energy,OffGrid,2003,-
St Pierre Mq,Total renewable energy,OffGrid,2004,-
St Pierre Mq,Total renewable energy,OffGrid,2005,-
St Pierre Mq,Total renewable energy,OffGrid,2006,-
St Pierre Mq,Total renewable energy,OffGrid,2007,-
St Pierre Mq,Total renewable energy,OffGrid,2008,-
St Pierre Mq,Total renewable energy,OffGrid,2009,-
St Pierre Mq,Total renewable energy,OffGrid,2010,-
St Pierre Mq,Total renewable energy,OffGrid,2011,-
St Pierre Mq,Total renewable energy,OffGrid,2012,-
St Pierre Mq,Total renewable energy,OffGrid,2013,-
St Pierre Mq,Total renewable energy,OffGrid,2014,-
St Pierre Mq,Total renewable energy,OffGrid,2015,-
St Pierre Mq,Total renewable energy,OffGrid,2016,-
St Pierre Mq,Total renewable energy,OffGrid,2017,-
St Pierre Mq,Total renewable energy,OffGrid,2018,-
St Pierre Mq,Total renewable energy,OffGrid,2019,-
St Pierre Mq,Total renewable energy,OffGrid,2020,-
St Pierre Mq,Total renewable energy,OffGrid,2021,-
St Pierre Mq,Total renewable energy,OffGrid,2022,-
St Pierre Mq,Total renewable energy,OffGrid,2023,-
St Pierre Mq,Total renewable energy,OffGrid,2024,-
St Pierre Mq,Total renewable energy,OffGrid,2025,-
St Vincent Gren,Total renewable energy,OnGrid,2000,5.62
St Vincent Gren,Total renewable energy,OnGrid,2001,5.62
St Vincent Gren,Total renewable energy,OnGrid,2002,5.62
St Vincent Gren,Total renewable energy,OnGrid,2003,5.62
St Vincent Gren,Total renewable energy,OnGrid,2004,5.62
St Vincent Gren,Total renewable energy,OnGrid,2005,5.62
St Vincent Gren,Total renewable energy,OnGrid,2006,5.62
St Vincent Gren,Total renewable energy,OnGrid,2007,5.62
St Vincent Gren,Total renewable energy,OnGrid,2008,5.62
St Vincent Gren,Total renewable energy,OnGrid,2009,5.62
St Vincent Gren,Total renewable energy,OnGrid,2010,5.62
St Vincent Gren,Total renewable energy,OnGrid,2011,5.7
St Vincent Gren,Total renewable energy,OnGrid,2012,5.71
St Vincent Gren,Total renewable energy,OnGrid,2013,5.88
St Vincent Gren,Total renewable energy,OnGrid,2014,6.44
St Vincent Gren,Total renewable energy,OnGrid,2015,8.14
St Vincent Gren,Total renewable energy,OnGrid,2016,8.32
St Vincent Gren,Total renewable energy,OnGrid,2017,8.39
St Vincent Gren,Total renewable energy,OnGrid,2018,9.02
St Vincent Gren,Total renewable energy,OnGrid,2019,9.71
St Vincent Gren,Total renewable energy,OnGrid,2020,9.88
St Vincent Gren,Total renewable energy,OnGrid,2021,9.95
St Vincent Gren,Total renewable energy,OnGrid,2022,10.01
St Vincent Gren,Total renewable energy,OnGrid,2023,11.31
St Vincent Gren,Total renewable energy,OnGrid,2024,11.31
St Vincent Gren,Total renewable energy,OnGrid,2025,11.31
St Vincent Gren,Total renewable energy,OffGrid,2000,-
St Vincent Gren,Total renewable energy,OffGrid,2001,-
St Vincent Gren,Total renewable energy,OffGrid,2002,-
St Vincent Gren,Total renewable energy,OffGrid,2003,-
St Vincent Gren,Total renewable energy,OffGrid,2004,-
St Vincent Gren,Total renewable energy,OffGrid,2005,-
St Vincent Gren,Total renewable energy,OffGrid,2006,-
St Vincent Gren,Total renewable energy,OffGrid,2007,-
St Vincent Gren,Total renewable energy,OffGrid,2008,-
St Vincent Gren,Total renewable energy,OffGrid,2009,-
St Vincent Gren,Total renewable energy,OffGrid,2010,-
St Vincent Gren,Total renewable energy,OffGrid,2011,-
St Vincent Gren,Total renewable energy,OffGrid,2012,-
St Vincent Gren,Total renewable energy,OffGrid,2013,-
St Vincent Gren,Total renewable energy,OffGrid,2014,-
St Vincent Gren,Total renewable energy,OffGrid,2015,-
St Vincent Gren,Total renewable energy,OffGrid,2016,-
St Vincent Gren,Total renewable energy,OffGrid,2017,-
St Vincent Gren,Total renewable energy,OffGrid,2018,-
St Vincent Gren,Total renewable energy,OffGrid,2019,-
St Vincent Gren,Total renewable energy,OffGrid,2020,-
St Vincent Gren,Total renewable energy,OffGrid,2021,-
St Vincent Gren,Total renewable energy,OffGrid,2022,-
St Vincent Gren,Total renewable energy,OffGrid,2023,-
St Vincent Gren,Total renewable energy,OffGrid,2024,-
St Vincent Gren,Total renewable energy,OffGrid,2025,-
Sudan,Total renewable energy,OnGrid,2000,389
Sudan,Total renewable energy,OnGrid,2001,389
Sudan,Total renewable energy,OnGrid,2002,389
Sudan,Total renewable energy,OnGrid,2003,389
Sudan,Total renewable energy,OnGrid,2004,389
Sudan,Total renewable energy,OnGrid,2005,417
Sudan,Total renewable energy,OnGrid,2006,417
Sudan,Total renewable energy,OnGrid,2007,417
Sudan,Total renewable energy,OnGrid,2008,417
Sudan,Total renewable energy,OnGrid,2009,1417
Sudan,Total renewable energy,OnGrid,2010,1417
Sudan,Total renewable energy,OnGrid,2011,1417
Sudan,Total renewable energy,OnGrid,2012,1521
Sudan,Total renewable energy,OnGrid,2013,1521
Sudan,Total renewable energy,OnGrid,2014,1521
Sudan,Total renewable energy,OnGrid,2015,1521
Sudan,Total renewable energy,OnGrid,2016,1521
Sudan,Total renewable energy,OnGrid,2017,1521
Sudan,Total renewable energy,OnGrid,2018,1681.01
Sudan,Total renewable energy,OnGrid,2019,1681.29
Sudan,Total renewable energy,OnGrid,2020,1681.29
Sudan,Total renewable energy,OnGrid,2021,1681.29
Sudan,Total renewable energy,OnGrid,2022,1735.29
Sudan,Total renewable energy,OnGrid,2023,1735.29
Sudan,Total renewable energy,OnGrid,2024,1735.29
Sudan,Total renewable energy,OnGrid,2025,1735.29
Sudan,Total renewable energy,OffGrid,2000,-
Sudan,Total renewable energy,OffGrid,2001,-
Sudan,Total renewable energy,OffGrid,2002,0.01
Sudan,Total renewable energy,OffGrid,2003,0.01
Sudan,Total renewable energy,OffGrid,2004,0.11
Sudan,Total renewable energy,OffGrid,2005,0.2
Sudan,Total renewable energy,OffGrid,2006,0.21
Sudan,Total renewable energy,OffGrid,2007,0.4
Sudan,Total renewable energy,OffGrid,2008,0.52
Sudan,Total renewable energy,OffGrid,2009,0.88
Sudan,Total renewable energy,OffGrid,2010,2.27
Sudan,Total renewable energy,OffGrid,2011,3.51
Sudan,Total renewable energy,OffGrid,2012,8.11
Sudan,Total renewable energy,OffGrid,2013,14.72
Sudan,Total renewable energy,OffGrid,2014,16.64
Sudan,Total renewable energy,OffGrid,2015,19.99
Sudan,Total renewable energy,OffGrid,2016,26.29
Sudan,Total renewable energy,OffGrid,2017,36.17
Sudan,Total renewable energy,OffGrid,2018,59.91
Sudan,Total renewable energy,OffGrid,2019,80.63
Sudan,Total renewable energy,OffGrid,2020,117.27
Sudan,Total renewable energy,OffGrid,2021,136
Sudan,Total renewable energy,OffGrid,2022,136
Sudan,Total renewable energy,OffGrid,2023,136
Sudan,Total renewable energy,OffGrid,2024,136
Sudan,Total renewable energy,OffGrid,2025,136
Suriname,Total renewable energy,OnGrid,2000,180
Suriname,Total renewable energy,OnGrid,2001,180
Suriname,Total renewable energy,OnGrid,2002,180
Suriname,Total renewable energy,OnGrid,2003,180
Suriname,Total renewable energy,OnGrid,2004,180
Suriname,Total renewable energy,OnGrid,2005,180
Suriname,Total renewable energy,OnGrid,2006,180
Suriname,Total renewable energy,OnGrid,2007,180
Suriname,Total renewable energy,OnGrid,2008,180
Suriname,Total renewable energy,OnGrid,2009,180
Suriname,Total renewable energy,OnGrid,2010,180
Suriname,Total renewable energy,OnGrid,2011,180
Suriname,Total renewable energy,OnGrid,2012,180
Suriname,Total renewable energy,OnGrid,2013,180
Suriname,Total renewable energy,OnGrid,2014,185
Suriname,Total renewable energy,OnGrid,2015,185
Suriname,Total renewable energy,OnGrid,2016,185
Suriname,Total renewable energy,OnGrid,2017,185
Suriname,Total renewable energy,OnGrid,2018,185.03
Suriname,Total renewable energy,OnGrid,2019,185.03
Suriname,Total renewable energy,OnGrid,2020,185.03
Suriname,Total renewable energy,OnGrid,2021,185.03
Suriname,Total renewable energy,OnGrid,2022,185.03
Suriname,Total renewable energy,OnGrid,2023,186.23
Suriname,Total renewable energy,OnGrid,2024,186.33
Suriname,Total renewable energy,OnGrid,2025,186.33
Suriname,Total renewable energy,OffGrid,2000,-
Suriname,Total renewable energy,OffGrid,2001,-
Suriname,Total renewable energy,OffGrid,2002,-
Suriname,Total renewable energy,OffGrid,2003,-
Suriname,Total renewable energy,OffGrid,2004,-
Suriname,Total renewable energy,OffGrid,2005,-
Suriname,Total renewable energy,OffGrid,2006,-
Suriname,Total renewable energy,OffGrid,2007,-
Suriname,Total renewable energy,OffGrid,2008,-
Suriname,Total renewable energy,OffGrid,2009,-
Suriname,Total renewable energy,OffGrid,2010,-
Suriname,Total renewable energy,OffGrid,2011,-
Suriname,Total renewable energy,OffGrid,2012,-
Suriname,Total renewable energy,OffGrid,2013,-
Suriname,Total renewable energy,OffGrid,2014,0.02
Suriname,Total renewable energy,OffGrid,2015,1.52
Suriname,Total renewable energy,OffGrid,2016,1.52
Suriname,Total renewable energy,OffGrid,2017,1.56
Suriname,Total renewable energy,OffGrid,2018,2.11
Suriname,Total renewable energy,OffGrid,2019,2.12
Suriname,Total renewable energy,OffGrid,2020,2.77
Suriname,Total renewable energy,OffGrid,2021,3.77
Suriname,Total renewable energy,OffGrid,2022,6.07
Suriname,Total renewable energy,OffGrid,2023,6.07
Suriname,Total renewable energy,OffGrid,2024,7.76
Suriname,Total renewable energy,OffGrid,2025,11.02
Sweden,Total renewable energy,OnGrid,2000,18263
Sweden,Total renewable energy,OnGrid,2001,18703
Sweden,Total renewable energy,OnGrid,2002,18322
Sweden,Total renewable energy,OnGrid,2003,18294
Sweden,Total renewable energy,OnGrid,2004,19131
Sweden,Total renewable energy,OnGrid,2005,20069.5
Sweden,Total renewable energy,OnGrid,2006,20906.5
Sweden,Total renewable energy,OnGrid,2007,20750
Sweden,Total renewable energy,OnGrid,2008,20973.5
Sweden,Total renewable energy,OnGrid,2009,22042
Sweden,Total renewable energy,OnGrid,2010,22707.15
Sweden,Total renewable energy,OnGrid,2011,23468.65
Sweden,Total renewable energy,OnGrid,2012,24292.65
Sweden,Total renewable energy,OnGrid,2013,24645.24
Sweden,Total renewable energy,OnGrid,2014,25527.69
Sweden,Total renewable energy,OnGrid,2015,26869.19
Sweden,Total renewable energy,OnGrid,2016,27804.69
Sweden,Total renewable energy,OnGrid,2017,28166.19
Sweden,Total renewable energy,OnGrid,2018,29162.69
Sweden,Total renewable energy,OnGrid,2019,31155.5
Sweden,Total renewable energy,OnGrid,2020,31153.5
Sweden,Total renewable energy,OnGrid,2021,33708
Sweden,Total renewable energy,OnGrid,2022,36775.5
Sweden,Total renewable energy,OnGrid,2023,40376
Sweden,Total renewable energy,OnGrid,2024,41583.5
Sweden,Total renewable energy,OnGrid,2025,42833.1
Sweden,Total renewable energy,OffGrid,2000,-
Sweden,Total renewable energy,OffGrid,2001,-
Sweden,Total renewable energy,OffGrid,2002,-
Sweden,Total renewable energy,OffGrid,2003,-
Sweden,Total renewable energy,OffGrid,2004,-
Sweden,Total renewable energy,OffGrid,2005,-
Sweden,Total renewable energy,OffGrid,2006,-
Sweden,Total renewable energy,OffGrid,2007,-
Sweden,Total renewable energy,OffGrid,2008,-
Sweden,Total renewable energy,OffGrid,2009,-
Sweden,Total renewable energy,OffGrid,2010,-
Sweden,Total renewable energy,OffGrid,2011,-
Sweden,Total renewable energy,OffGrid,2012,-
Sweden,Total renewable energy,OffGrid,2013,-
Sweden,Total renewable energy,OffGrid,2014,-
Sweden,Total renewable energy,OffGrid,2015,-
Sweden,Total renewable energy,OffGrid,2016,-
Sweden,Total renewable energy,OffGrid,2017,13
Sweden,Total renewable energy,OffGrid,2018,17
Sweden,Total renewable energy,OffGrid,2019,16
Sweden,Total renewable energy,OffGrid,2020,17
Sweden,Total renewable energy,OffGrid,2021,19
Sweden,Total renewable energy,OffGrid,2022,19
Sweden,Total renewable energy,OffGrid,2023,19
Sweden,Total renewable energy,OffGrid,2024,19
Sweden,Total renewable energy,OffGrid,2025,19
Switzerland,Total renewable energy,OnGrid,2000,13113
Switzerland,Total renewable energy,OnGrid,2001,13165
Switzerland,Total renewable energy,OnGrid,2002,13179
Switzerland,Total renewable energy,OnGrid,2003,13201.5
Switzerland,Total renewable energy,OnGrid,2004,13218.5
Switzerland,Total renewable energy,OnGrid,2005,13268
Switzerland,Total renewable energy,OnGrid,2006,13280.5
Switzerland,Total renewable energy,OnGrid,2007,13398
Switzerland,Total renewable energy,OnGrid,2008,13420
Switzerland,Total renewable energy,OnGrid,2009,13504.5
Switzerland,Total renewable energy,OnGrid,2010,13645
Switzerland,Total renewable energy,OnGrid,2011,13788.5
Switzerland,Total renewable energy,OnGrid,2012,14062
Switzerland,Total renewable energy,OnGrid,2013,14400
Switzerland,Total renewable energy,OnGrid,2014,14620
Switzerland,Total renewable energy,OnGrid,2015,15038
Switzerland,Total renewable energy,OnGrid,2016,16245.5
Switzerland,Total renewable energy,OnGrid,2017,17040.7
Switzerland,Total renewable energy,OnGrid,2018,17454.59
Switzerland,Total renewable energy,OnGrid,2019,17793.61
Switzerland,Total renewable energy,OnGrid,2020,18279.69
Switzerland,Total renewable energy,OnGrid,2021,18932.33
Switzerland,Total renewable energy,OnGrid,2022,20896.77
Switzerland,Total renewable energy,OnGrid,2023,22461.49
Switzerland,Total renewable energy,OnGrid,2024,24175.29
Switzerland,Total renewable energy,OnGrid,2025,25553.89
Switzerland,Total renewable energy,OffGrid,2000,-
Switzerland,Total renewable energy,OffGrid,2001,-
Switzerland,Total renewable energy,OffGrid,2002,-
Switzerland,Total renewable energy,OffGrid,2003,-
Switzerland,Total renewable energy,OffGrid,2004,-
Switzerland,Total renewable energy,OffGrid,2005,-
Switzerland,Total renewable energy,OffGrid,2006,-
Switzerland,Total renewable energy,OffGrid,2007,-
Switzerland,Total renewable energy,OffGrid,2008,-
Switzerland,Total renewable energy,OffGrid,2009,-
Switzerland,Total renewable energy,OffGrid,2010,-
Switzerland,Total renewable energy,OffGrid,2011,-
Switzerland,Total renewable energy,OffGrid,2012,-
Switzerland,Total renewable energy,OffGrid,2013,-
Switzerland,Total renewable energy,OffGrid,2014,-
Switzerland,Total renewable energy,OffGrid,2015,-
Switzerland,Total renewable energy,OffGrid,2016,-
Switzerland,Total renewable energy,OffGrid,2017,-
Switzerland,Total renewable energy,OffGrid,2018,-
Switzerland,Total renewable energy,OffGrid,2019,-
Switzerland,Total renewable energy,OffGrid,2020,-
Switzerland,Total renewable energy,OffGrid,2021,-
Switzerland,Total renewable energy,OffGrid,2022,-
Switzerland,Total renewable energy,OffGrid,2023,-
Switzerland,Total renewable energy,OffGrid,2024,-
Switzerland,Total renewable energy,OffGrid,2025,-
Syrian AR,Total renewable energy,OnGrid,2000,1534.71
Syrian AR,Total renewable energy,OnGrid,2001,1534.71
Syrian AR,Total renewable energy,OnGrid,2002,1176.71
Syrian AR,Total renewable energy,OnGrid,2003,1216.71
Syrian AR,Total renewable energy,OnGrid,2004,1534.71
Syrian AR,Total renewable energy,OnGrid,2005,1534.71
Syrian AR,Total renewable energy,OnGrid,2006,1534.71
Syrian AR,Total renewable energy,OnGrid,2007,1511.71
Syrian AR,Total renewable energy,OnGrid,2008,906.71
Syrian AR,Total renewable energy,OnGrid,2009,906.71
Syrian AR,Total renewable energy,OnGrid,2010,856.71
Syrian AR,Total renewable energy,OnGrid,2011,856.71
Syrian AR,Total renewable energy,OnGrid,2012,856.71
Syrian AR,Total renewable energy,OnGrid,2013,856.71
Syrian AR,Total renewable energy,OnGrid,2014,1500.71
Syrian AR,Total renewable energy,OnGrid,2015,1578.71
Syrian AR,Total renewable energy,OnGrid,2016,1500.71
Syrian AR,Total renewable energy,OnGrid,2017,1496.83
Syrian AR,Total renewable energy,OnGrid,2018,1498.08
Syrian AR,Total renewable energy,OnGrid,2019,1499.17
Syrian AR,Total renewable energy,OnGrid,2020,1508.23
Syrian AR,Total renewable energy,OnGrid,2021,1532.21
Syrian AR,Total renewable energy,OnGrid,2022,1557.21
Syrian AR,Total renewable energy,OnGrid,2023,1592.71
Syrian AR,Total renewable energy,OnGrid,2024,1607.71
Syrian AR,Total renewable energy,OnGrid,2025,1745.71
Syrian AR,Total renewable energy,OffGrid,2000,-
Syrian AR,Total renewable energy,OffGrid,2001,-
Syrian AR,Total renewable energy,OffGrid,2002,-
Syrian AR,Total renewable energy,OffGrid,2003,-
Syrian AR,Total renewable energy,OffGrid,2004,-
Syrian AR,Total renewable energy,OffGrid,2005,-
Syrian AR,Total renewable energy,OffGrid,2006,-
Syrian AR,Total renewable energy,OffGrid,2007,-
Syrian AR,Total renewable energy,OffGrid,2008,-
Syrian AR,Total renewable energy,OffGrid,2009,-
Syrian AR,Total renewable energy,OffGrid,2010,-
Syrian AR,Total renewable energy,OffGrid,2011,-
Syrian AR,Total renewable energy,OffGrid,2012,-
Syrian AR,Total renewable energy,OffGrid,2013,-
Syrian AR,Total renewable energy,OffGrid,2014,-
Syrian AR,Total renewable energy,OffGrid,2015,-
Syrian AR,Total renewable energy,OffGrid,2016,-
Syrian AR,Total renewable energy,OffGrid,2017,-
Syrian AR,Total renewable energy,OffGrid,2018,-
Syrian AR,Total renewable energy,OffGrid,2019,-
Syrian AR,Total renewable energy,OffGrid,2020,-
Syrian AR,Total renewable energy,OffGrid,2021,-
Syrian AR,Total renewable energy,OffGrid,2022,249
Syrian AR,Total renewable energy,OffGrid,2023,931
Syrian AR,Total renewable energy,OffGrid,2024,1500
Syrian AR,Total renewable energy,OffGrid,2025,2060
Tajikistan,Total renewable energy,OnGrid,2000,4061
Tajikistan,Total renewable energy,OnGrid,2001,4061
Tajikistan,Total renewable energy,OnGrid,2002,4061
Tajikistan,Total renewable energy,OnGrid,2003,4061
Tajikistan,Total renewable energy,OnGrid,2004,4061
Tajikistan,Total renewable energy,OnGrid,2005,4073
Tajikistan,Total renewable energy,OnGrid,2006,4073
Tajikistan,Total renewable energy,OnGrid,2007,4073
Tajikistan,Total renewable energy,OnGrid,2008,4073
Tajikistan,Total renewable energy,OnGrid,2009,4759.38
Tajikistan,Total renewable energy,OnGrid,2010,4758.88
Tajikistan,Total renewable energy,OnGrid,2011,4766.29
Tajikistan,Total renewable energy,OnGrid,2012,4827.4
Tajikistan,Total renewable energy,OnGrid,2013,4829.4
Tajikistan,Total renewable energy,OnGrid,2014,4939.4
Tajikistan,Total renewable energy,OnGrid,2015,4939.4
Tajikistan,Total renewable energy,OnGrid,2016,4939.4
Tajikistan,Total renewable energy,OnGrid,2017,4939.4
Tajikistan,Total renewable energy,OnGrid,2018,4939.61
Tajikistan,Total renewable energy,OnGrid,2019,5699.61
Tajikistan,Total renewable energy,OnGrid,2020,5699.83
Tajikistan,Total renewable energy,OnGrid,2021,5699.83
Tajikistan,Total renewable energy,OnGrid,2022,5718.22
Tajikistan,Total renewable energy,OnGrid,2023,5718.22
Tajikistan,Total renewable energy,OnGrid,2024,5718.69
Tajikistan,Total renewable energy,OnGrid,2025,5822.69
Tajikistan,Total renewable energy,OffGrid,2000,-
Tajikistan,Total renewable energy,OffGrid,2001,-
Tajikistan,Total renewable energy,OffGrid,2002,-
Tajikistan,Total renewable energy,OffGrid,2003,-
Tajikistan,Total renewable energy,OffGrid,2004,-
Tajikistan,Total renewable energy,OffGrid,2005,10.52
Tajikistan,Total renewable energy,OffGrid,2006,10.61
Tajikistan,Total renewable energy,OffGrid,2007,10.71
Tajikistan,Total renewable energy,OffGrid,2008,12.65
Tajikistan,Total renewable energy,OffGrid,2009,12.71
Tajikistan,Total renewable energy,OffGrid,2010,13.17
Tajikistan,Total renewable energy,OffGrid,2011,15.39
Tajikistan,Total renewable energy,OffGrid,2012,16.59
Tajikistan,Total renewable energy,OffGrid,2013,17.18
Tajikistan,Total renewable energy,OffGrid,2014,17.19
Tajikistan,Total renewable energy,OffGrid,2015,17.69
Tajikistan,Total renewable energy,OffGrid,2016,17.92
Tajikistan,Total renewable energy,OffGrid,2017,18.4
Tajikistan,Total renewable energy,OffGrid,2018,18.4
Tajikistan,Total renewable energy,OffGrid,2019,18.4
Tajikistan,Total renewable energy,OffGrid,2020,18.85
Tajikistan,Total renewable energy,OffGrid,2021,18.85
Tajikistan,Total renewable energy,OffGrid,2022,18.85
Tajikistan,Total renewable energy,OffGrid,2023,18.85
Tajikistan,Total renewable energy,OffGrid,2024,18.85
Tajikistan,Total renewable energy,OffGrid,2025,18.85
Tanzania,Total renewable energy,OnGrid,2000,600.2
Tanzania,Total renewable energy,OnGrid,2001,600.2
Tanzania,Total renewable energy,OnGrid,2002,600.2
Tanzania,Total renewable energy,OnGrid,2003,609.7
Tanzania,Total renewable energy,OnGrid,2004,609.7
Tanzania,Total renewable energy,OnGrid,2005,593.4
Tanzania,Total renewable energy,OnGrid,2006,593.4
Tanzania,Total renewable energy,OnGrid,2007,593.4
Tanzania,Total renewable energy,OnGrid,2008,593.9
Tanzania,Total renewable energy,OnGrid,2009,594.7
Tanzania,Total renewable energy,OnGrid,2010,605.7
Tanzania,Total renewable energy,OnGrid,2011,605.7
Tanzania,Total renewable energy,OnGrid,2012,605.7
Tanzania,Total renewable energy,OnGrid,2013,605.7
Tanzania,Total renewable energy,OnGrid,2014,605.7
Tanzania,Total renewable energy,OnGrid,2015,605.7
Tanzania,Total renewable energy,OnGrid,2016,611.14
Tanzania,Total renewable energy,OnGrid,2017,611.74
Tanzania,Total renewable energy,OnGrid,2018,617.74
Tanzania,Total renewable energy,OnGrid,2019,617.74
Tanzania,Total renewable energy,OnGrid,2020,620.14
Tanzania,Total renewable energy,OnGrid,2021,621.04
Tanzania,Total renewable energy,OnGrid,2022,621.04
Tanzania,Total renewable energy,OnGrid,2023,702.04
Tanzania,Total renewable energy,OnGrid,2024,1407.04
Tanzania,Total renewable energy,OnGrid,2025,2817.04
Tanzania,Total renewable energy,OffGrid,2000,12.45
Tanzania,Total renewable energy,OffGrid,2001,12.49
Tanzania,Total renewable energy,OffGrid,2002,12.72
Tanzania,Total renewable energy,OffGrid,2003,12.72
Tanzania,Total renewable energy,OffGrid,2004,12.72
Tanzania,Total renewable energy,OffGrid,2005,12.72
Tanzania,Total renewable energy,OffGrid,2006,13.43
Tanzania,Total renewable energy,OffGrid,2007,13.43
Tanzania,Total renewable energy,OffGrid,2008,13.43
Tanzania,Total renewable energy,OffGrid,2009,13.43
Tanzania,Total renewable energy,OffGrid,2010,13.47
Tanzania,Total renewable energy,OffGrid,2011,26.06
Tanzania,Total renewable energy,OffGrid,2012,32.89
Tanzania,Total renewable energy,OffGrid,2013,34.32
Tanzania,Total renewable energy,OffGrid,2014,44.28
Tanzania,Total renewable energy,OffGrid,2015,49.94
Tanzania,Total renewable energy,OffGrid,2016,52.73
Tanzania,Total renewable energy,OffGrid,2017,56.56
Tanzania,Total renewable energy,OffGrid,2018,57.57
Tanzania,Total renewable energy,OffGrid,2019,54.43
Tanzania,Total renewable energy,OffGrid,2020,56.29
Tanzania,Total renewable energy,OffGrid,2021,56.64
Tanzania,Total renewable energy,OffGrid,2022,56.52
Tanzania,Total renewable energy,OffGrid,2023,57.01
Tanzania,Total renewable energy,OffGrid,2024,63.21
Tanzania,Total renewable energy,OffGrid,2025,63.21
Thailand,Total renewable energy,OnGrid,2000,3573.7
Thailand,Total renewable energy,OnGrid,2001,3573.7
Thailand,Total renewable energy,OnGrid,2002,3583
Thailand,Total renewable energy,OnGrid,2003,3589.3
Thailand,Total renewable energy,OnGrid,2004,3709.6
Thailand,Total renewable energy,OnGrid,2005,3733.5
Thailand,Total renewable energy,OnGrid,2006,4050.88
Thailand,Total renewable energy,OnGrid,2007,4388.62
Thailand,Total renewable energy,OnGrid,2008,4635.07
Thailand,Total renewable energy,OnGrid,2009,4721.4
Thailand,Total renewable energy,OnGrid,2010,4802.55
Thailand,Total renewable energy,OnGrid,2011,5048.25
Thailand,Total renewable energy,OnGrid,2012,5676.65
Thailand,Total renewable energy,OnGrid,2013,6677.15
Thailand,Total renewable energy,OnGrid,2014,7372.85
Thailand,Total renewable energy,OnGrid,2015,7902.3
Thailand,Total renewable energy,OnGrid,2016,9369.16
Thailand,Total renewable energy,OnGrid,2017,10147.5
Thailand,Total renewable energy,OnGrid,2018,11215.03
Thailand,Total renewable energy,OnGrid,2019,11699.64
Thailand,Total renewable energy,OnGrid,2020,11367.89
Thailand,Total renewable energy,OnGrid,2021,11911.74
Thailand,Total renewable energy,OnGrid,2022,12040.69
Thailand,Total renewable energy,OnGrid,2023,12206.3
Thailand,Total renewable energy,OnGrid,2024,12220.41
Thailand,Total renewable energy,OnGrid,2025,15631.76
Thailand,Total renewable energy,OffGrid,2000,0.3
Thailand,Total renewable energy,OffGrid,2001,0.3
Thailand,Total renewable energy,OffGrid,2002,0.3
Thailand,Total renewable energy,OffGrid,2003,0.3
Thailand,Total renewable energy,OffGrid,2004,0.3
Thailand,Total renewable energy,OffGrid,2005,0.3
Thailand,Total renewable energy,OffGrid,2006,0.3
Thailand,Total renewable energy,OffGrid,2007,0.3
Thailand,Total renewable energy,OffGrid,2008,0.3
Thailand,Total renewable energy,OffGrid,2009,0.3
Thailand,Total renewable energy,OffGrid,2010,0.3
Thailand,Total renewable energy,OffGrid,2011,0.3
Thailand,Total renewable energy,OffGrid,2012,0.3
Thailand,Total renewable energy,OffGrid,2013,0.32
Thailand,Total renewable energy,OffGrid,2014,0.36
Thailand,Total renewable energy,OffGrid,2015,0.61
Thailand,Total renewable energy,OffGrid,2016,0.96
Thailand,Total renewable energy,OffGrid,2017,1.12
Thailand,Total renewable energy,OffGrid,2018,1.32
Thailand,Total renewable energy,OffGrid,2019,1.37
Thailand,Total renewable energy,OffGrid,2020,474.89
Thailand,Total renewable energy,OffGrid,2021,490.49
Thailand,Total renewable energy,OffGrid,2022,499.35
Thailand,Total renewable energy,OffGrid,2023,386.23
Thailand,Total renewable energy,OffGrid,2024,385.96
Thailand,Total renewable energy,OffGrid,2025,385.96
Timor Leste,Total renewable energy,OnGrid,2000,-
Timor Leste,Total renewable energy,OnGrid,2001,-
Timor Leste,Total renewable energy,OnGrid,2002,-
Timor Leste,Total renewable energy,OnGrid,2003,-
Timor Leste,Total renewable energy,OnGrid,2004,-
Timor Leste,Total renewable energy,OnGrid,2005,-
Timor Leste,Total renewable energy,OnGrid,2006,-
Timor Leste,Total renewable energy,OnGrid,2007,-
Timor Leste,Total renewable energy,OnGrid,2008,-
Timor Leste,Total renewable energy,OnGrid,2009,-
Timor Leste,Total renewable energy,OnGrid,2010,-
Timor Leste,Total renewable energy,OnGrid,2011,-
Timor Leste,Total renewable energy,OnGrid,2012,-
Timor Leste,Total renewable energy,OnGrid,2013,-
Timor Leste,Total renewable energy,OnGrid,2014,-
Timor Leste,Total renewable energy,OnGrid,2015,-
Timor Leste,Total renewable energy,OnGrid,2016,0.3
Timor Leste,Total renewable energy,OnGrid,2017,0.3
Timor Leste,Total renewable energy,OnGrid,2018,0.3
Timor Leste,Total renewable energy,OnGrid,2019,0.3
Timor Leste,Total renewable energy,OnGrid,2020,0.3
Timor Leste,Total renewable energy,OnGrid,2021,0.3
Timor Leste,Total renewable energy,OnGrid,2022,0.3
Timor Leste,Total renewable energy,OnGrid,2023,0.31
Timor Leste,Total renewable energy,OnGrid,2024,0.31
Timor Leste,Total renewable energy,OnGrid,2025,0.63
Timor Leste,Total renewable energy,OffGrid,2000,-
Timor Leste,Total renewable energy,OffGrid,2001,-
Timor Leste,Total renewable energy,OffGrid,2002,-
Timor Leste,Total renewable energy,OffGrid,2003,-
Timor Leste,Total renewable energy,OffGrid,2004,0
Timor Leste,Total renewable energy,OffGrid,2005,0.01
Timor Leste,Total renewable energy,OffGrid,2006,0.01
Timor Leste,Total renewable energy,OffGrid,2007,0.02
Timor Leste,Total renewable energy,OffGrid,2008,0.39
Timor Leste,Total renewable energy,OffGrid,2009,0.44
Timor Leste,Total renewable energy,OffGrid,2010,0.5
Timor Leste,Total renewable energy,OffGrid,2011,0.8
Timor Leste,Total renewable energy,OffGrid,2012,1.11
Timor Leste,Total renewable energy,OffGrid,2013,1.3
Timor Leste,Total renewable energy,OffGrid,2014,1.51
Timor Leste,Total renewable energy,OffGrid,2015,1.7
Timor Leste,Total renewable energy,OffGrid,2016,1.4
Timor Leste,Total renewable energy,OffGrid,2017,1.09
Timor Leste,Total renewable energy,OffGrid,2018,0.88
Timor Leste,Total renewable energy,OffGrid,2019,0.66
Timor Leste,Total renewable energy,OffGrid,2020,0.43
Timor Leste,Total renewable energy,OffGrid,2021,0.42
Timor Leste,Total renewable energy,OffGrid,2022,0.46
Timor Leste,Total renewable energy,OffGrid,2023,0.49
Timor Leste,Total renewable energy,OffGrid,2024,0.49
Timor Leste,Total renewable energy,OffGrid,2025,0.81
Togo,Total renewable energy,OnGrid,2000,67.4
Togo,Total renewable energy,OnGrid,2001,67.4
Togo,Total renewable energy,OnGrid,2002,67.4
Togo,Total renewable energy,OnGrid,2003,66.6
Togo,Total renewable energy,OnGrid,2004,66.6
Togo,Total renewable energy,OnGrid,2005,66.6
Togo,Total renewable energy,OnGrid,2006,66.6
Togo,Total renewable energy,OnGrid,2007,66.6
Togo,Total renewable energy,OnGrid,2008,66.6
Togo,Total renewable energy,OnGrid,2009,66.6
Togo,Total renewable energy,OnGrid,2010,66.6
Togo,Total renewable energy,OnGrid,2011,66.6
Togo,Total renewable energy,OnGrid,2012,66.61
Togo,Total renewable energy,OnGrid,2013,66.61
Togo,Total renewable energy,OnGrid,2014,66.61
Togo,Total renewable energy,OnGrid,2015,66.61
Togo,Total renewable energy,OnGrid,2016,66.61
Togo,Total renewable energy,OnGrid,2017,66.61
Togo,Total renewable energy,OnGrid,2018,66.61
Togo,Total renewable energy,OnGrid,2019,66.61
Togo,Total renewable energy,OnGrid,2020,67.34
Togo,Total renewable energy,OnGrid,2021,117.38
Togo,Total renewable energy,OnGrid,2022,117.38
Togo,Total renewable energy,OnGrid,2023,117.38
Togo,Total renewable energy,OnGrid,2024,117.38
Togo,Total renewable energy,OnGrid,2025,137.5
Togo,Total renewable energy,OffGrid,2000,-
Togo,Total renewable energy,OffGrid,2001,-
Togo,Total renewable energy,OffGrid,2002,-
Togo,Total renewable energy,OffGrid,2003,-
Togo,Total renewable energy,OffGrid,2004,-
Togo,Total renewable energy,OffGrid,2005,-
Togo,Total renewable energy,OffGrid,2006,-
Togo,Total renewable energy,OffGrid,2007,-
Togo,Total renewable energy,OffGrid,2008,-
Togo,Total renewable energy,OffGrid,2009,-
Togo,Total renewable energy,OffGrid,2010,-
Togo,Total renewable energy,OffGrid,2011,-
Togo,Total renewable energy,OffGrid,2012,-
Togo,Total renewable energy,OffGrid,2013,0.01
Togo,Total renewable energy,OffGrid,2014,0.02
Togo,Total renewable energy,OffGrid,2015,0.06
Togo,Total renewable energy,OffGrid,2016,0.08
Togo,Total renewable energy,OffGrid,2017,0.57
Togo,Total renewable energy,OffGrid,2018,3.78
Togo,Total renewable energy,OffGrid,2019,6.64
Togo,Total renewable energy,OffGrid,2020,9.42
Togo,Total renewable energy,OffGrid,2021,12.8
Togo,Total renewable energy,OffGrid,2022,14.74
Togo,Total renewable energy,OffGrid,2023,15.55
Togo,Total renewable energy,OffGrid,2024,15.71
Togo,Total renewable energy,OffGrid,2025,15.71
Tokelau,Total renewable energy,OnGrid,2000,-
Tokelau,Total renewable energy,OnGrid,2001,-
Tokelau,Total renewable energy,OnGrid,2002,-
Tokelau,Total renewable energy,OnGrid,2003,-
Tokelau,Total renewable energy,OnGrid,2004,-
Tokelau,Total renewable energy,OnGrid,2005,-
Tokelau,Total renewable energy,OnGrid,2006,-
Tokelau,Total renewable energy,OnGrid,2007,-
Tokelau,Total renewable energy,OnGrid,2008,-
Tokelau,Total renewable energy,OnGrid,2009,-
Tokelau,Total renewable energy,OnGrid,2010,-
Tokelau,Total renewable energy,OnGrid,2011,-
Tokelau,Total renewable energy,OnGrid,2012,0.93
Tokelau,Total renewable energy,OnGrid,2013,0.93
Tokelau,Total renewable energy,OnGrid,2014,0.93
Tokelau,Total renewable energy,OnGrid,2015,0.93
Tokelau,Total renewable energy,OnGrid,2016,1.02
Tokelau,Total renewable energy,OnGrid,2017,1.02
Tokelau,Total renewable energy,OnGrid,2018,1.02
Tokelau,Total renewable energy,OnGrid,2019,1.03
Tokelau,Total renewable energy,OnGrid,2020,1.03
Tokelau,Total renewable energy,OnGrid,2021,1.03
Tokelau,Total renewable energy,OnGrid,2022,1.03
Tokelau,Total renewable energy,OnGrid,2023,1.03
Tokelau,Total renewable energy,OnGrid,2024,1.03
Tokelau,Total renewable energy,OnGrid,2025,1.03
Tokelau,Total renewable energy,OffGrid,2000,0
Tokelau,Total renewable energy,OffGrid,2001,0
Tokelau,Total renewable energy,OffGrid,2002,0
Tokelau,Total renewable energy,OffGrid,2003,0
Tokelau,Total renewable energy,OffGrid,2004,0
Tokelau,Total renewable energy,OffGrid,2005,0
Tokelau,Total renewable energy,OffGrid,2006,0
Tokelau,Total renewable energy,OffGrid,2007,0
Tokelau,Total renewable energy,OffGrid,2008,0
Tokelau,Total renewable energy,OffGrid,2009,0
Tokelau,Total renewable energy,OffGrid,2010,0
Tokelau,Total renewable energy,OffGrid,2011,0
Tokelau,Total renewable energy,OffGrid,2012,0
Tokelau,Total renewable energy,OffGrid,2013,0
Tokelau,Total renewable energy,OffGrid,2014,0
Tokelau,Total renewable energy,OffGrid,2015,0
Tokelau,Total renewable energy,OffGrid,2016,0
Tokelau,Total renewable energy,OffGrid,2017,0
Tokelau,Total renewable energy,OffGrid,2018,0
Tokelau,Total renewable energy,OffGrid,2019,0
Tokelau,Total renewable energy,OffGrid,2020,0
Tokelau,Total renewable energy,OffGrid,2021,0
Tokelau,Total renewable energy,OffGrid,2022,0
Tokelau,Total renewable energy,OffGrid,2023,0
Tokelau,Total renewable energy,OffGrid,2024,-
Tokelau,Total renewable energy,OffGrid,2025,-
Tonga,Total renewable energy,OnGrid,2000,-
Tonga,Total renewable energy,OnGrid,2001,-
Tonga,Total renewable energy,OnGrid,2002,-
Tonga,Total renewable energy,OnGrid,2003,-
Tonga,Total renewable energy,OnGrid,2004,-
Tonga,Total renewable energy,OnGrid,2005,-
Tonga,Total renewable energy,OnGrid,2006,-
Tonga,Total renewable energy,OnGrid,2007,-
Tonga,Total renewable energy,OnGrid,2008,0.01
Tonga,Total renewable energy,OnGrid,2009,0.01
Tonga,Total renewable energy,OnGrid,2010,0.01
Tonga,Total renewable energy,OnGrid,2011,0.19
Tonga,Total renewable energy,OnGrid,2012,1.87
Tonga,Total renewable energy,OnGrid,2013,2.49
Tonga,Total renewable energy,OnGrid,2014,2.49
Tonga,Total renewable energy,OnGrid,2015,3.53
Tonga,Total renewable energy,OnGrid,2016,4.31
Tonga,Total renewable energy,OnGrid,2017,6.47
Tonga,Total renewable energy,OnGrid,2018,6.59
Tonga,Total renewable energy,OnGrid,2019,7.97
Tonga,Total renewable energy,OnGrid,2020,7.97
Tonga,Total renewable energy,OnGrid,2021,7.97
Tonga,Total renewable energy,OnGrid,2022,15.26
Tonga,Total renewable energy,OnGrid,2023,16.06
Tonga,Total renewable energy,OnGrid,2024,16.31
Tonga,Total renewable energy,OnGrid,2025,16.55
Tonga,Total renewable energy,OffGrid,2000,0.06
Tonga,Total renewable energy,OffGrid,2001,0.06
Tonga,Total renewable energy,OffGrid,2002,0.08
Tonga,Total renewable energy,OffGrid,2003,0.08
Tonga,Total renewable energy,OffGrid,2004,0.08
Tonga,Total renewable energy,OffGrid,2005,0.08
Tonga,Total renewable energy,OffGrid,2006,0.11
Tonga,Total renewable energy,OffGrid,2007,0.11
Tonga,Total renewable energy,OffGrid,2008,0.11
Tonga,Total renewable energy,OffGrid,2009,0.12
Tonga,Total renewable energy,OffGrid,2010,0.12
Tonga,Total renewable energy,OffGrid,2011,0.12
Tonga,Total renewable energy,OffGrid,2012,0.13
Tonga,Total renewable energy,OffGrid,2013,0.23
Tonga,Total renewable energy,OffGrid,2014,0.23
Tonga,Total renewable energy,OffGrid,2015,0.24
Tonga,Total renewable energy,OffGrid,2016,0.25
Tonga,Total renewable energy,OffGrid,2017,0.25
Tonga,Total renewable energy,OffGrid,2018,0.44
Tonga,Total renewable energy,OffGrid,2019,0.44
Tonga,Total renewable energy,OffGrid,2020,0.44
Tonga,Total renewable energy,OffGrid,2021,0.44
Tonga,Total renewable energy,OffGrid,2022,0.44
Tonga,Total renewable energy,OffGrid,2023,0.44
Tonga,Total renewable energy,OffGrid,2024,0.62
Tonga,Total renewable energy,OffGrid,2025,0.62
Trinidad Tobago,Total renewable energy,OnGrid,2000,5.34
Trinidad Tobago,Total renewable energy,OnGrid,2001,5.67
Trinidad Tobago,Total renewable energy,OnGrid,2002,5.88
Trinidad Tobago,Total renewable energy,OnGrid,2003,6.22
Trinidad Tobago,Total renewable energy,OnGrid,2004,6.66
Trinidad Tobago,Total renewable energy,OnGrid,2005,6.76
Trinidad Tobago,Total renewable energy,OnGrid,2006,6.99
Trinidad Tobago,Total renewable energy,OnGrid,2007,7.11
Trinidad Tobago,Total renewable energy,OnGrid,2008,2.27
Trinidad Tobago,Total renewable energy,OnGrid,2009,2.53
Trinidad Tobago,Total renewable energy,OnGrid,2010,2.83
Trinidad Tobago,Total renewable energy,OnGrid,2011,2.83
Trinidad Tobago,Total renewable energy,OnGrid,2012,4
Trinidad Tobago,Total renewable energy,OnGrid,2013,4
Trinidad Tobago,Total renewable energy,OnGrid,2014,4
Trinidad Tobago,Total renewable energy,OnGrid,2015,4.01
Trinidad Tobago,Total renewable energy,OnGrid,2016,4.01
Trinidad Tobago,Total renewable energy,OnGrid,2017,4.01
Trinidad Tobago,Total renewable energy,OnGrid,2018,4.01
Trinidad Tobago,Total renewable energy,OnGrid,2019,4.01
Trinidad Tobago,Total renewable energy,OnGrid,2020,4.01
Trinidad Tobago,Total renewable energy,OnGrid,2021,4.11
Trinidad Tobago,Total renewable energy,OnGrid,2022,4.11
Trinidad Tobago,Total renewable energy,OnGrid,2023,4.12
Trinidad Tobago,Total renewable energy,OnGrid,2024,4.63
Trinidad Tobago,Total renewable energy,OnGrid,2025,96.63
Trinidad Tobago,Total renewable energy,OffGrid,2000,-
Trinidad Tobago,Total renewable energy,OffGrid,2001,-
Trinidad Tobago,Total renewable energy,OffGrid,2002,-
Trinidad Tobago,Total renewable energy,OffGrid,2003,-
Trinidad Tobago,Total renewable energy,OffGrid,2004,-
Trinidad Tobago,Total renewable energy,OffGrid,2005,-
Trinidad Tobago,Total renewable energy,OffGrid,2006,-
Trinidad Tobago,Total renewable energy,OffGrid,2007,-
Trinidad Tobago,Total renewable energy,OffGrid,2008,-
Trinidad Tobago,Total renewable energy,OffGrid,2009,-
Trinidad Tobago,Total renewable energy,OffGrid,2010,-
Trinidad Tobago,Total renewable energy,OffGrid,2011,-
Trinidad Tobago,Total renewable energy,OffGrid,2012,-
Trinidad Tobago,Total renewable energy,OffGrid,2013,-
Trinidad Tobago,Total renewable energy,OffGrid,2014,0
Trinidad Tobago,Total renewable energy,OffGrid,2015,0
Trinidad Tobago,Total renewable energy,OffGrid,2016,0
Trinidad Tobago,Total renewable energy,OffGrid,2017,0
Trinidad Tobago,Total renewable energy,OffGrid,2018,0
Trinidad Tobago,Total renewable energy,OffGrid,2019,0
Trinidad Tobago,Total renewable energy,OffGrid,2020,0
Trinidad Tobago,Total renewable energy,OffGrid,2021,0
Trinidad Tobago,Total renewable energy,OffGrid,2022,0
Trinidad Tobago,Total renewable energy,OffGrid,2023,0
Trinidad Tobago,Total renewable energy,OffGrid,2024,-
Trinidad Tobago,Total renewable energy,OffGrid,2025,-
Tunisia,Total renewable energy,OnGrid,2000,72.65
Tunisia,Total renewable energy,OnGrid,2001,72.65
Tunisia,Total renewable energy,OnGrid,2002,72.65
Tunisia,Total renewable energy,OnGrid,2003,81.37
Tunisia,Total renewable energy,OnGrid,2004,81.37
Tunisia,Total renewable energy,OnGrid,2005,81.37
Tunisia,Total renewable energy,OnGrid,2006,81.37
Tunisia,Total renewable energy,OnGrid,2007,81.37
Tunisia,Total renewable energy,OnGrid,2008,81.37
Tunisia,Total renewable energy,OnGrid,2009,115.69
Tunisia,Total renewable energy,OnGrid,2010,116.1
Tunisia,Total renewable energy,OnGrid,2011,117.14
Tunisia,Total renewable energy,OnGrid,2012,239.02
Tunisia,Total renewable energy,OnGrid,2013,269.98
Tunisia,Total renewable energy,OnGrid,2014,310.51
Tunisia,Total renewable energy,OnGrid,2015,327.84
Tunisia,Total renewable energy,OnGrid,2016,338
Tunisia,Total renewable energy,OnGrid,2017,347
Tunisia,Total renewable energy,OnGrid,2018,372.67
Tunisia,Total renewable energy,OnGrid,2019,383.97
Tunisia,Total renewable energy,OnGrid,2020,398.81
Tunisia,Total renewable energy,OnGrid,2021,398.81
Tunisia,Total renewable energy,OnGrid,2022,501
Tunisia,Total renewable energy,OnGrid,2023,810
Tunisia,Total renewable energy,OnGrid,2024,1077
Tunisia,Total renewable energy,OnGrid,2025,1197
Tunisia,Total renewable energy,OffGrid,2000,0.84
Tunisia,Total renewable energy,OffGrid,2001,0.97
Tunisia,Total renewable energy,OffGrid,2002,1.08
Tunisia,Total renewable energy,OffGrid,2003,1.14
Tunisia,Total renewable energy,OffGrid,2004,1.18
Tunisia,Total renewable energy,OffGrid,2005,1.19
Tunisia,Total renewable energy,OffGrid,2006,1.21
Tunisia,Total renewable energy,OffGrid,2007,1.22
Tunisia,Total renewable energy,OffGrid,2008,1.32
Tunisia,Total renewable energy,OffGrid,2009,1.4
Tunisia,Total renewable energy,OffGrid,2010,1.4
Tunisia,Total renewable energy,OffGrid,2011,1.44
Tunisia,Total renewable energy,OffGrid,2012,1.55
Tunisia,Total renewable energy,OffGrid,2013,1.55
Tunisia,Total renewable energy,OffGrid,2014,1.55
Tunisia,Total renewable energy,OffGrid,2015,1.71
Tunisia,Total renewable energy,OffGrid,2016,2.08
Tunisia,Total renewable energy,OffGrid,2017,2.09
Tunisia,Total renewable energy,OffGrid,2018,2.09
Tunisia,Total renewable energy,OffGrid,2019,7.12
Tunisia,Total renewable energy,OffGrid,2020,8.68
Tunisia,Total renewable energy,OffGrid,2021,8.71
Tunisia,Total renewable energy,OffGrid,2022,8.92
Tunisia,Total renewable energy,OffGrid,2023,8.92
Tunisia,Total renewable energy,OffGrid,2024,8.92
Tunisia,Total renewable energy,OffGrid,2025,8.92
T�rkiye,Total renewable energy,OnGrid,2000,11288.1
T�rkiye,Total renewable energy,OnGrid,2001,11786.3
T�rkiye,Total renewable energy,OnGrid,2002,12359.6
T�rkiye,Total renewable energy,OnGrid,2003,12695
T�rkiye,Total renewable energy,OnGrid,2004,12761.5
T�rkiye,Total renewable energy,OnGrid,2005,13025
T�rkiye,Total renewable energy,OnGrid,2006,13233.5
T�rkiye,Total renewable energy,OnGrid,2007,13655
T�rkiye,Total renewable energy,OnGrid,2008,14328.7
T�rkiye,Total renewable energy,OnGrid,2009,15528.7
T�rkiye,Total renewable energy,OnGrid,2010,17368.7
T�rkiye,Total renewable energy,OnGrid,2011,19085.7
T�rkiye,Total renewable energy,OnGrid,2012,22185.7
T�rkiye,Total renewable energy,OnGrid,2013,25550.7
T�rkiye,Total renewable energy,OnGrid,2014,27940
T�rkiye,Total renewable energy,OnGrid,2015,31516
T�rkiye,Total renewable energy,OnGrid,2016,34446
T�rkiye,Total renewable energy,OnGrid,2017,38746.45
T�rkiye,Total renewable energy,OnGrid,2018,42230.39
T�rkiye,Total renewable energy,OnGrid,2019,44388.54
T�rkiye,Total renewable energy,OnGrid,2020,49195.38
T�rkiye,Total renewable energy,OnGrid,2021,53175.32
T�rkiye,Total renewable energy,OnGrid,2022,55946.49
T�rkiye,Total renewable energy,OnGrid,2023,63084.66
T�rkiye,Total renewable energy,OnGrid,2024,69086.62
T�rkiye,Total renewable energy,OnGrid,2025,76300.12
T�rkiye,Total renewable energy,OffGrid,2000,-
T�rkiye,Total renewable energy,OffGrid,2001,-
T�rkiye,Total renewable energy,OffGrid,2002,-
T�rkiye,Total renewable energy,OffGrid,2003,-
T�rkiye,Total renewable energy,OffGrid,2004,-
T�rkiye,Total renewable energy,OffGrid,2005,-
T�rkiye,Total renewable energy,OffGrid,2006,-
T�rkiye,Total renewable energy,OffGrid,2007,-
T�rkiye,Total renewable energy,OffGrid,2008,-
T�rkiye,Total renewable energy,OffGrid,2009,-
T�rkiye,Total renewable energy,OffGrid,2010,-
T�rkiye,Total renewable energy,OffGrid,2011,-
T�rkiye,Total renewable energy,OffGrid,2012,-
T�rkiye,Total renewable energy,OffGrid,2013,-
T�rkiye,Total renewable energy,OffGrid,2014,-
T�rkiye,Total renewable energy,OffGrid,2015,-
T�rkiye,Total renewable energy,OffGrid,2016,-
T�rkiye,Total renewable energy,OffGrid,2017,-
T�rkiye,Total renewable energy,OffGrid,2018,-
T�rkiye,Total renewable energy,OffGrid,2019,-
T�rkiye,Total renewable energy,OffGrid,2020,-
T�rkiye,Total renewable energy,OffGrid,2021,-
T�rkiye,Total renewable energy,OffGrid,2022,-
T�rkiye,Total renewable energy,OffGrid,2023,-
T�rkiye,Total renewable energy,OffGrid,2024,-
T�rkiye,Total renewable energy,OffGrid,2025,-
Turkmenistan,Total renewable energy,OnGrid,2000,1.2
Turkmenistan,Total renewable energy,OnGrid,2001,1.2
Turkmenistan,Total renewable energy,OnGrid,2002,1.2
Turkmenistan,Total renewable energy,OnGrid,2003,1.2
Turkmenistan,Total renewable energy,OnGrid,2004,1.2
Turkmenistan,Total renewable energy,OnGrid,2005,1.2
Turkmenistan,Total renewable energy,OnGrid,2006,1.2
Turkmenistan,Total renewable energy,OnGrid,2007,1.2
Turkmenistan,Total renewable energy,OnGrid,2008,1.2
Turkmenistan,Total renewable energy,OnGrid,2009,1.2
Turkmenistan,Total renewable energy,OnGrid,2010,1.2
Turkmenistan,Total renewable energy,OnGrid,2011,1.2
Turkmenistan,Total renewable energy,OnGrid,2012,1.2
Turkmenistan,Total renewable energy,OnGrid,2013,1.2
Turkmenistan,Total renewable energy,OnGrid,2014,1.2
Turkmenistan,Total renewable energy,OnGrid,2015,1.2
Turkmenistan,Total renewable energy,OnGrid,2016,1.2
Turkmenistan,Total renewable energy,OnGrid,2017,1.2
Turkmenistan,Total renewable energy,OnGrid,2018,1.2
Turkmenistan,Total renewable energy,OnGrid,2019,1.2
Turkmenistan,Total renewable energy,OnGrid,2020,1.2
Turkmenistan,Total renewable energy,OnGrid,2021,2.2
Turkmenistan,Total renewable energy,OnGrid,2022,2.2
Turkmenistan,Total renewable energy,OnGrid,2023,2.2
Turkmenistan,Total renewable energy,OnGrid,2024,2.31
Turkmenistan,Total renewable energy,OnGrid,2025,2.31
Turkmenistan,Total renewable energy,OffGrid,2000,-
Turkmenistan,Total renewable energy,OffGrid,2001,-
Turkmenistan,Total renewable energy,OffGrid,2002,-
Turkmenistan,Total renewable energy,OffGrid,2003,-
Turkmenistan,Total renewable energy,OffGrid,2004,-
Turkmenistan,Total renewable energy,OffGrid,2005,-
Turkmenistan,Total renewable energy,OffGrid,2006,-
Turkmenistan,Total renewable energy,OffGrid,2007,-
Turkmenistan,Total renewable energy,OffGrid,2008,-
Turkmenistan,Total renewable energy,OffGrid,2009,-
Turkmenistan,Total renewable energy,OffGrid,2010,-
Turkmenistan,Total renewable energy,OffGrid,2011,-
Turkmenistan,Total renewable energy,OffGrid,2012,-
Turkmenistan,Total renewable energy,OffGrid,2013,-
Turkmenistan,Total renewable energy,OffGrid,2014,-
Turkmenistan,Total renewable energy,OffGrid,2015,-
Turkmenistan,Total renewable energy,OffGrid,2016,-
Turkmenistan,Total renewable energy,OffGrid,2017,-
Turkmenistan,Total renewable energy,OffGrid,2018,-
Turkmenistan,Total renewable energy,OffGrid,2019,-
Turkmenistan,Total renewable energy,OffGrid,2020,-
Turkmenistan,Total renewable energy,OffGrid,2021,-
Turkmenistan,Total renewable energy,OffGrid,2022,-
Turkmenistan,Total renewable energy,OffGrid,2023,-
Turkmenistan,Total renewable energy,OffGrid,2024,-
Turkmenistan,Total renewable energy,OffGrid,2025,-
Turks Caicos,Total renewable energy,OnGrid,2000,-
Turks Caicos,Total renewable energy,OnGrid,2001,-
Turks Caicos,Total renewable energy,OnGrid,2002,-
Turks Caicos,Total renewable energy,OnGrid,2003,-
Turks Caicos,Total renewable energy,OnGrid,2004,-
Turks Caicos,Total renewable energy,OnGrid,2005,-
Turks Caicos,Total renewable energy,OnGrid,2006,-
Turks Caicos,Total renewable energy,OnGrid,2007,-
Turks Caicos,Total renewable energy,OnGrid,2008,-
Turks Caicos,Total renewable energy,OnGrid,2009,-
Turks Caicos,Total renewable energy,OnGrid,2010,-
Turks Caicos,Total renewable energy,OnGrid,2011,-
Turks Caicos,Total renewable energy,OnGrid,2012,-
Turks Caicos,Total renewable energy,OnGrid,2013,-
Turks Caicos,Total renewable energy,OnGrid,2014,-
Turks Caicos,Total renewable energy,OnGrid,2015,0.03
Turks Caicos,Total renewable energy,OnGrid,2016,0.03
Turks Caicos,Total renewable energy,OnGrid,2017,0.19
Turks Caicos,Total renewable energy,OnGrid,2018,0.44
Turks Caicos,Total renewable energy,OnGrid,2019,0.94
Turks Caicos,Total renewable energy,OnGrid,2020,0.94
Turks Caicos,Total renewable energy,OnGrid,2021,2.57
Turks Caicos,Total renewable energy,OnGrid,2022,3.29
Turks Caicos,Total renewable energy,OnGrid,2023,3.52
Turks Caicos,Total renewable energy,OnGrid,2024,3.52
Turks Caicos,Total renewable energy,OnGrid,2025,4.02
Turks Caicos,Total renewable energy,OffGrid,2000,-
Turks Caicos,Total renewable energy,OffGrid,2001,-
Turks Caicos,Total renewable energy,OffGrid,2002,-
Turks Caicos,Total renewable energy,OffGrid,2003,-
Turks Caicos,Total renewable energy,OffGrid,2004,-
Turks Caicos,Total renewable energy,OffGrid,2005,-
Turks Caicos,Total renewable energy,OffGrid,2006,-
Turks Caicos,Total renewable energy,OffGrid,2007,-
Turks Caicos,Total renewable energy,OffGrid,2008,-
Turks Caicos,Total renewable energy,OffGrid,2009,-
Turks Caicos,Total renewable energy,OffGrid,2010,-
Turks Caicos,Total renewable energy,OffGrid,2011,-
Turks Caicos,Total renewable energy,OffGrid,2012,-
Turks Caicos,Total renewable energy,OffGrid,2013,-
Turks Caicos,Total renewable energy,OffGrid,2014,-
Turks Caicos,Total renewable energy,OffGrid,2015,-
Turks Caicos,Total renewable energy,OffGrid,2016,-
Turks Caicos,Total renewable energy,OffGrid,2017,-
Turks Caicos,Total renewable energy,OffGrid,2018,-
Turks Caicos,Total renewable energy,OffGrid,2019,-
Turks Caicos,Total renewable energy,OffGrid,2020,-
Turks Caicos,Total renewable energy,OffGrid,2021,-
Turks Caicos,Total renewable energy,OffGrid,2022,-
Turks Caicos,Total renewable energy,OffGrid,2023,-
Turks Caicos,Total renewable energy,OffGrid,2024,-
Turks Caicos,Total renewable energy,OffGrid,2025,-
Tuvalu,Total renewable energy,OnGrid,2000,-
Tuvalu,Total renewable energy,OnGrid,2001,-
Tuvalu,Total renewable energy,OnGrid,2002,-
Tuvalu,Total renewable energy,OnGrid,2003,-
Tuvalu,Total renewable energy,OnGrid,2004,-
Tuvalu,Total renewable energy,OnGrid,2005,-
Tuvalu,Total renewable energy,OnGrid,2006,-
Tuvalu,Total renewable energy,OnGrid,2007,-
Tuvalu,Total renewable energy,OnGrid,2008,0.04
Tuvalu,Total renewable energy,OnGrid,2009,0.09
Tuvalu,Total renewable energy,OnGrid,2010,0.09
Tuvalu,Total renewable energy,OnGrid,2011,0.09
Tuvalu,Total renewable energy,OnGrid,2012,0.09
Tuvalu,Total renewable energy,OnGrid,2013,0.15
Tuvalu,Total renewable energy,OnGrid,2014,0.15
Tuvalu,Total renewable energy,OnGrid,2015,2.32
Tuvalu,Total renewable energy,OnGrid,2016,2.32
Tuvalu,Total renewable energy,OnGrid,2017,2.32
Tuvalu,Total renewable energy,OnGrid,2018,2.32
Tuvalu,Total renewable energy,OnGrid,2019,2.32
Tuvalu,Total renewable energy,OnGrid,2020,2.4
Tuvalu,Total renewable energy,OnGrid,2021,2.4
Tuvalu,Total renewable energy,OnGrid,2022,2.4
Tuvalu,Total renewable energy,OnGrid,2023,2.5
Tuvalu,Total renewable energy,OnGrid,2024,3
Tuvalu,Total renewable energy,OnGrid,2025,3
Tuvalu,Total renewable energy,OffGrid,2000,0.01
Tuvalu,Total renewable energy,OffGrid,2001,0.01
Tuvalu,Total renewable energy,OffGrid,2002,0.01
Tuvalu,Total renewable energy,OffGrid,2003,0.01
Tuvalu,Total renewable energy,OffGrid,2004,0.01
Tuvalu,Total renewable energy,OffGrid,2005,0.01
Tuvalu,Total renewable energy,OffGrid,2006,0.01
Tuvalu,Total renewable energy,OffGrid,2007,0.01
Tuvalu,Total renewable energy,OffGrid,2008,0.01
Tuvalu,Total renewable energy,OffGrid,2009,0.19
Tuvalu,Total renewable energy,OffGrid,2010,0.19
Tuvalu,Total renewable energy,OffGrid,2011,0.19
Tuvalu,Total renewable energy,OffGrid,2012,0.19
Tuvalu,Total renewable energy,OffGrid,2013,0.19
Tuvalu,Total renewable energy,OffGrid,2014,0.19
Tuvalu,Total renewable energy,OffGrid,2015,1.31
Tuvalu,Total renewable energy,OffGrid,2016,1.32
Tuvalu,Total renewable energy,OffGrid,2017,1.32
Tuvalu,Total renewable energy,OffGrid,2018,1.33
Tuvalu,Total renewable energy,OffGrid,2019,1.33
Tuvalu,Total renewable energy,OffGrid,2020,1.33
Tuvalu,Total renewable energy,OffGrid,2021,1.33
Tuvalu,Total renewable energy,OffGrid,2022,1.33
Tuvalu,Total renewable energy,OffGrid,2023,1.33
Tuvalu,Total renewable energy,OffGrid,2024,1.56
Tuvalu,Total renewable energy,OffGrid,2025,1.56
Uganda,Total renewable energy,OnGrid,2000,260
Uganda,Total renewable energy,OnGrid,2001,260
Uganda,Total renewable energy,OnGrid,2002,300
Uganda,Total renewable energy,OnGrid,2003,300
Uganda,Total renewable energy,OnGrid,2004,300
Uganda,Total renewable energy,OnGrid,2005,315
Uganda,Total renewable energy,OnGrid,2006,315
Uganda,Total renewable energy,OnGrid,2007,315
Uganda,Total renewable energy,OnGrid,2008,411
Uganda,Total renewable energy,OnGrid,2009,424
Uganda,Total renewable energy,OnGrid,2010,448.4
Uganda,Total renewable energy,OnGrid,2011,448.4
Uganda,Total renewable energy,OnGrid,2012,598.4
Uganda,Total renewable energy,OnGrid,2013,727.5
Uganda,Total renewable energy,OnGrid,2014,745.5
Uganda,Total renewable energy,OnGrid,2015,759.5
Uganda,Total renewable energy,OnGrid,2016,759.57
Uganda,Total renewable energy,OnGrid,2017,800.46
Uganda,Total renewable energy,OnGrid,2018,880.73
Uganda,Total renewable energy,OnGrid,2019,1151.12
Uganda,Total renewable energy,OnGrid,2020,1188.7
Uganda,Total renewable energy,OnGrid,2021,1248.08
Uganda,Total renewable energy,OnGrid,2022,1274.38
Uganda,Total renewable energy,OnGrid,2023,1706.47
Uganda,Total renewable energy,OnGrid,2024,1907.27
Uganda,Total renewable energy,OnGrid,2025,1913.87
Uganda,Total renewable energy,OffGrid,2000,0
Uganda,Total renewable energy,OffGrid,2001,0
Uganda,Total renewable energy,OffGrid,2002,0
Uganda,Total renewable energy,OffGrid,2003,0
Uganda,Total renewable energy,OffGrid,2004,0
Uganda,Total renewable energy,OffGrid,2005,0
Uganda,Total renewable energy,OffGrid,2006,0
Uganda,Total renewable energy,OffGrid,2007,0
Uganda,Total renewable energy,OffGrid,2008,0
Uganda,Total renewable energy,OffGrid,2009,0
Uganda,Total renewable energy,OffGrid,2010,0.03
Uganda,Total renewable energy,OffGrid,2011,0.11
Uganda,Total renewable energy,OffGrid,2012,0.96
Uganda,Total renewable energy,OffGrid,2013,1.88
Uganda,Total renewable energy,OffGrid,2014,2.76
Uganda,Total renewable energy,OffGrid,2015,4.66
Uganda,Total renewable energy,OffGrid,2016,6.5
Uganda,Total renewable energy,OffGrid,2017,8.91
Uganda,Total renewable energy,OffGrid,2018,11.73
Uganda,Total renewable energy,OffGrid,2019,14.1
Uganda,Total renewable energy,OffGrid,2020,13.6
Uganda,Total renewable energy,OffGrid,2021,13.6
Uganda,Total renewable energy,OffGrid,2022,13.55
Uganda,Total renewable energy,OffGrid,2023,13.11
Uganda,Total renewable energy,OffGrid,2024,13.11
Uganda,Total renewable energy,OffGrid,2025,12.26
UK,Total renewable energy,OnGrid,2000,2916
UK,Total renewable energy,OnGrid,2001,3202
UK,Total renewable energy,OnGrid,2002,3261.5
UK,Total renewable energy,OnGrid,2003,3650
UK,Total renewable energy,OnGrid,2004,4009
UK,Total renewable energy,OnGrid,2005,4922
UK,Total renewable energy,OnGrid,2006,5412
UK,Total renewable energy,OnGrid,2007,6011
UK,Total renewable energy,OnGrid,2008,7055
UK,Total renewable energy,OnGrid,2009,8302.5
UK,Total renewable energy,OnGrid,2010,9626.5
UK,Total renewable energy,OnGrid,2011,12783
UK,Total renewable energy,OnGrid,2012,15901
UK,Total renewable energy,OnGrid,2013,20026.5
UK,Total renewable energy,OnGrid,2014,24880
UK,Total renewable energy,OnGrid,2015,30800.36
UK,Total renewable energy,OnGrid,2016,35436.96
UK,Total renewable energy,OnGrid,2017,40037.84
UK,Total renewable energy,OnGrid,2018,43905.44
UK,Total renewable energy,OnGrid,2019,46663.46
UK,Total renewable energy,OnGrid,2020,47730.37
UK,Total renewable energy,OnGrid,2021,49590.2
UK,Total renewable energy,OnGrid,2022,53237.38
UK,Total renewable energy,OnGrid,2023,56279.53
UK,Total renewable energy,OnGrid,2024,61169.24
UK,Total renewable energy,OnGrid,2025,65080.79
UK,Total renewable energy,OffGrid,2000,-
UK,Total renewable energy,OffGrid,2001,-
UK,Total renewable energy,OffGrid,2002,-
UK,Total renewable energy,OffGrid,2003,-
UK,Total renewable energy,OffGrid,2004,-
UK,Total renewable energy,OffGrid,2005,-
UK,Total renewable energy,OffGrid,2006,-
UK,Total renewable energy,OffGrid,2007,-
UK,Total renewable energy,OffGrid,2008,-
UK,Total renewable energy,OffGrid,2009,-
UK,Total renewable energy,OffGrid,2010,-
UK,Total renewable energy,OffGrid,2011,-
UK,Total renewable energy,OffGrid,2012,-
UK,Total renewable energy,OffGrid,2013,-
UK,Total renewable energy,OffGrid,2014,-
UK,Total renewable energy,OffGrid,2015,-
UK,Total renewable energy,OffGrid,2016,-
UK,Total renewable energy,OffGrid,2017,-
UK,Total renewable energy,OffGrid,2018,-
UK,Total renewable energy,OffGrid,2019,-
UK,Total renewable energy,OffGrid,2020,-
UK,Total renewable energy,OffGrid,2021,-
UK,Total renewable energy,OffGrid,2022,-
UK,Total renewable energy,OffGrid,2023,-
UK,Total renewable energy,OffGrid,2024,-
UK,Total renewable energy,OffGrid,2025,-
Ukraine,Total renewable energy,OnGrid,2000,4674.5
Ukraine,Total renewable energy,OnGrid,2001,4705.73
Ukraine,Total renewable energy,OnGrid,2002,4715.73
Ukraine,Total renewable energy,OnGrid,2003,4723.9
Ukraine,Total renewable energy,OnGrid,2004,4740.9
Ukraine,Total renewable energy,OnGrid,2005,4746.1
Ukraine,Total renewable energy,OnGrid,2006,4746.1
Ukraine,Total renewable energy,OnGrid,2007,4791.5
Ukraine,Total renewable energy,OnGrid,2008,4819.5
Ukraine,Total renewable energy,OnGrid,2009,4646.7
Ukraine,Total renewable energy,OnGrid,2010,4690.7
Ukraine,Total renewable energy,OnGrid,2011,4945.4
Ukraine,Total renewable energy,OnGrid,2012,5240.8
Ukraine,Total renewable energy,OnGrid,2013,5768.6
Ukraine,Total renewable energy,OnGrid,2014,6048.2
Ukraine,Total renewable energy,OnGrid,2015,6105.3
Ukraine,Total renewable energy,OnGrid,2016,6198.7
Ukraine,Total renewable energy,OnGrid,2017,6530
Ukraine,Total renewable energy,OnGrid,2018,7455.08
Ukraine,Total renewable energy,OnGrid,2019,12189.46
Ukraine,Total renewable energy,OnGrid,2020,13764
Ukraine,Total renewable energy,OnGrid,2021,14921
Ukraine,Total renewable energy,OnGrid,2022,14921
Ukraine,Total renewable energy,OnGrid,2023,14612.2
Ukraine,Total renewable energy,OnGrid,2024,7150
Ukraine,Total renewable energy,OnGrid,2025,7150
Ukraine,Total renewable energy,OffGrid,2000,-
Ukraine,Total renewable energy,OffGrid,2001,-
Ukraine,Total renewable energy,OffGrid,2002,-
Ukraine,Total renewable energy,OffGrid,2003,-
Ukraine,Total renewable energy,OffGrid,2004,-
Ukraine,Total renewable energy,OffGrid,2005,-
Ukraine,Total renewable energy,OffGrid,2006,-
Ukraine,Total renewable energy,OffGrid,2007,-
Ukraine,Total renewable energy,OffGrid,2008,-
Ukraine,Total renewable energy,OffGrid,2009,-
Ukraine,Total renewable energy,OffGrid,2010,-
Ukraine,Total renewable energy,OffGrid,2011,-
Ukraine,Total renewable energy,OffGrid,2012,-
Ukraine,Total renewable energy,OffGrid,2013,-
Ukraine,Total renewable energy,OffGrid,2014,-
Ukraine,Total renewable energy,OffGrid,2015,-
Ukraine,Total renewable energy,OffGrid,2016,-
Ukraine,Total renewable energy,OffGrid,2017,-
Ukraine,Total renewable energy,OffGrid,2018,-
Ukraine,Total renewable energy,OffGrid,2019,-
Ukraine,Total renewable energy,OffGrid,2020,-
Ukraine,Total renewable energy,OffGrid,2021,-
Ukraine,Total renewable energy,OffGrid,2022,-
Ukraine,Total renewable energy,OffGrid,2023,-
Ukraine,Total renewable energy,OffGrid,2024,-
Ukraine,Total renewable energy,OffGrid,2025,-
United Arab Em,Total renewable energy,OnGrid,2000,-
United Arab Em,Total renewable energy,OnGrid,2001,-
United Arab Em,Total renewable energy,OnGrid,2002,-
United Arab Em,Total renewable energy,OnGrid,2003,-
United Arab Em,Total renewable energy,OnGrid,2004,-
United Arab Em,Total renewable energy,OnGrid,2005,-
United Arab Em,Total renewable energy,OnGrid,2006,-
United Arab Em,Total renewable energy,OnGrid,2007,-
United Arab Em,Total renewable energy,OnGrid,2008,-
United Arab Em,Total renewable energy,OnGrid,2009,10.04
United Arab Em,Total renewable energy,OnGrid,2010,10.79
United Arab Em,Total renewable energy,OnGrid,2011,12.61
United Arab Em,Total renewable energy,OnGrid,2012,13.02
United Arab Em,Total renewable energy,OnGrid,2013,127.46
United Arab Em,Total renewable energy,OnGrid,2014,129.97
United Arab Em,Total renewable energy,OnGrid,2015,131.02
United Arab Em,Total renewable energy,OnGrid,2016,133.2
United Arab Em,Total renewable energy,OnGrid,2017,351.23
United Arab Em,Total renewable energy,OnGrid,2018,597.48
United Arab Em,Total renewable energy,OnGrid,2019,1931.56
United Arab Em,Total renewable energy,OnGrid,2020,2328
United Arab Em,Total renewable energy,OnGrid,2021,2997.8
United Arab Em,Total renewable energy,OnGrid,2022,3599.72
United Arab Em,Total renewable energy,OnGrid,2023,6065.5
United Arab Em,Total renewable energy,OnGrid,2024,6846.7
United Arab Em,Total renewable energy,OnGrid,2025,7900.53
United Arab Em,Total renewable energy,OffGrid,2000,-
United Arab Em,Total renewable energy,OffGrid,2001,-
United Arab Em,Total renewable energy,OffGrid,2002,-
United Arab Em,Total renewable energy,OffGrid,2003,-
United Arab Em,Total renewable energy,OffGrid,2004,-
United Arab Em,Total renewable energy,OffGrid,2005,-
United Arab Em,Total renewable energy,OffGrid,2006,-
United Arab Em,Total renewable energy,OffGrid,2007,-
United Arab Em,Total renewable energy,OffGrid,2008,-
United Arab Em,Total renewable energy,OffGrid,2009,0.04
United Arab Em,Total renewable energy,OffGrid,2010,0.04
United Arab Em,Total renewable energy,OffGrid,2011,0.14
United Arab Em,Total renewable energy,OffGrid,2012,0.19
United Arab Em,Total renewable energy,OffGrid,2013,0.19
United Arab Em,Total renewable energy,OffGrid,2014,3.19
United Arab Em,Total renewable energy,OffGrid,2015,3.21
United Arab Em,Total renewable energy,OffGrid,2016,3.21
United Arab Em,Total renewable energy,OffGrid,2017,3.24
United Arab Em,Total renewable energy,OffGrid,2018,3.41
United Arab Em,Total renewable energy,OffGrid,2019,4.67
United Arab Em,Total renewable energy,OffGrid,2020,5.6
United Arab Em,Total renewable energy,OffGrid,2021,5.6
United Arab Em,Total renewable energy,OffGrid,2022,5.9
United Arab Em,Total renewable energy,OffGrid,2023,6.2
United Arab Em,Total renewable energy,OffGrid,2024,6.2
United Arab Em,Total renewable energy,OffGrid,2025,6.2
Uruguay,Total renewable energy,OnGrid,2000,1553.43
Uruguay,Total renewable energy,OnGrid,2001,1553.43
Uruguay,Total renewable energy,OnGrid,2002,1551.93
Uruguay,Total renewable energy,OnGrid,2003,1551.65
Uruguay,Total renewable energy,OnGrid,2004,1551.65
Uruguay,Total renewable energy,OnGrid,2005,1552.65
Uruguay,Total renewable energy,OnGrid,2006,1552.65
Uruguay,Total renewable energy,OnGrid,2007,1710.8
Uruguay,Total renewable energy,OnGrid,2008,1725.2
Uruguay,Total renewable energy,OnGrid,2009,1741.2
Uruguay,Total renewable energy,OnGrid,2010,1809.7
Uruguay,Total renewable energy,OnGrid,2011,1820.23
Uruguay,Total renewable energy,OnGrid,2012,1826.31
Uruguay,Total renewable energy,OnGrid,2013,2004.07
Uruguay,Total renewable energy,OnGrid,2014,2428.67
Uruguay,Total renewable energy,OnGrid,2015,2874.93
Uruguay,Total renewable energy,OnGrid,2016,3253.56
Uruguay,Total renewable energy,OnGrid,2017,3703.26
Uruguay,Total renewable energy,OnGrid,2018,3708.42
Uruguay,Total renewable energy,OnGrid,2019,3713.18
Uruguay,Total renewable energy,OnGrid,2020,3716.93
Uruguay,Total renewable energy,OnGrid,2021,3724.36
Uruguay,Total renewable energy,OnGrid,2022,3731.44
Uruguay,Total renewable energy,OnGrid,2023,4064.61
Uruguay,Total renewable energy,OnGrid,2024,4099.13
Uruguay,Total renewable energy,OnGrid,2025,4102.14
Uruguay,Total renewable energy,OffGrid,2000,-
Uruguay,Total renewable energy,OffGrid,2001,-
Uruguay,Total renewable energy,OffGrid,2002,-
Uruguay,Total renewable energy,OffGrid,2003,-
Uruguay,Total renewable energy,OffGrid,2004,-
Uruguay,Total renewable energy,OffGrid,2005,-
Uruguay,Total renewable energy,OffGrid,2006,-
Uruguay,Total renewable energy,OffGrid,2007,-
Uruguay,Total renewable energy,OffGrid,2008,0.07
Uruguay,Total renewable energy,OffGrid,2009,0.11
Uruguay,Total renewable energy,OffGrid,2010,0.14
Uruguay,Total renewable energy,OffGrid,2011,0.36
Uruguay,Total renewable energy,OffGrid,2012,0.5
Uruguay,Total renewable energy,OffGrid,2013,1.32
Uruguay,Total renewable energy,OffGrid,2014,1.34
Uruguay,Total renewable energy,OffGrid,2015,1.36
Uruguay,Total renewable energy,OffGrid,2016,1.94
Uruguay,Total renewable energy,OffGrid,2017,7.61
Uruguay,Total renewable energy,OffGrid,2018,14.35
Uruguay,Total renewable energy,OffGrid,2019,18.2
Uruguay,Total renewable energy,OffGrid,2020,18.55
Uruguay,Total renewable energy,OffGrid,2021,19.69
Uruguay,Total renewable energy,OffGrid,2022,26.56
Uruguay,Total renewable energy,OffGrid,2023,27.49
Uruguay,Total renewable energy,OffGrid,2024,28.64
Uruguay,Total renewable energy,OffGrid,2025,28.82
US Virgin Is,Total renewable energy,OnGrid,2000,-
US Virgin Is,Total renewable energy,OnGrid,2001,-
US Virgin Is,Total renewable energy,OnGrid,2002,-
US Virgin Is,Total renewable energy,OnGrid,2003,-
US Virgin Is,Total renewable energy,OnGrid,2004,-
US Virgin Is,Total renewable energy,OnGrid,2005,-
US Virgin Is,Total renewable energy,OnGrid,2006,-
US Virgin Is,Total renewable energy,OnGrid,2007,-
US Virgin Is,Total renewable energy,OnGrid,2008,-
US Virgin Is,Total renewable energy,OnGrid,2009,-
US Virgin Is,Total renewable energy,OnGrid,2010,-
US Virgin Is,Total renewable energy,OnGrid,2011,0.48
US Virgin Is,Total renewable energy,OnGrid,2012,0.61
US Virgin Is,Total renewable energy,OnGrid,2013,0.86
US Virgin Is,Total renewable energy,OnGrid,2014,4.95
US Virgin Is,Total renewable energy,OnGrid,2015,9.15
US Virgin Is,Total renewable energy,OnGrid,2016,9.19
US Virgin Is,Total renewable energy,OnGrid,2017,4.99
US Virgin Is,Total renewable energy,OnGrid,2018,9.99
US Virgin Is,Total renewable energy,OnGrid,2019,9.99
US Virgin Is,Total renewable energy,OnGrid,2020,9.99
US Virgin Is,Total renewable energy,OnGrid,2021,9.99
US Virgin Is,Total renewable energy,OnGrid,2022,9.99
US Virgin Is,Total renewable energy,OnGrid,2023,9.99
US Virgin Is,Total renewable energy,OnGrid,2024,30.49
US Virgin Is,Total renewable energy,OnGrid,2025,52.89
US Virgin Is,Total renewable energy,OffGrid,2000,-
US Virgin Is,Total renewable energy,OffGrid,2001,-
US Virgin Is,Total renewable energy,OffGrid,2002,-
US Virgin Is,Total renewable energy,OffGrid,2003,-
US Virgin Is,Total renewable energy,OffGrid,2004,-
US Virgin Is,Total renewable energy,OffGrid,2005,-
US Virgin Is,Total renewable energy,OffGrid,2006,-
US Virgin Is,Total renewable energy,OffGrid,2007,-
US Virgin Is,Total renewable energy,OffGrid,2008,-
US Virgin Is,Total renewable energy,OffGrid,2009,-
US Virgin Is,Total renewable energy,OffGrid,2010,-
US Virgin Is,Total renewable energy,OffGrid,2011,-
US Virgin Is,Total renewable energy,OffGrid,2012,-
US Virgin Is,Total renewable energy,OffGrid,2013,0.1
US Virgin Is,Total renewable energy,OffGrid,2014,0.1
US Virgin Is,Total renewable energy,OffGrid,2015,0.1
US Virgin Is,Total renewable energy,OffGrid,2016,0.1
US Virgin Is,Total renewable energy,OffGrid,2017,0.1
US Virgin Is,Total renewable energy,OffGrid,2018,0.1
US Virgin Is,Total renewable energy,OffGrid,2019,0.1
US Virgin Is,Total renewable energy,OffGrid,2020,0.1
US Virgin Is,Total renewable energy,OffGrid,2021,0.1
US Virgin Is,Total renewable energy,OffGrid,2022,0.1
US Virgin Is,Total renewable energy,OffGrid,2023,0.1
US Virgin Is,Total renewable energy,OffGrid,2024,0.1
US Virgin Is,Total renewable energy,OffGrid,2025,0.1
USA,Total renewable energy,OnGrid,2000,96257.5
USA,Total renewable energy,OnGrid,2001,96739.5
USA,Total renewable energy,OnGrid,2002,98237
USA,Total renewable energy,OnGrid,2003,99258
USA,Total renewable energy,OnGrid,2004,99188
USA,Total renewable energy,OnGrid,2005,101706.5
USA,Total renewable energy,OnGrid,2006,105094
USA,Total renewable energy,OnGrid,2007,111344
USA,Total renewable energy,OnGrid,2008,120055.5
USA,Total renewable energy,OnGrid,2009,131105.5
USA,Total renewable energy,OnGrid,2010,137724
USA,Total renewable energy,OnGrid,2011,146570
USA,Total renewable energy,OnGrid,2012,163939.5
USA,Total renewable energy,OnGrid,2013,170812.09
USA,Total renewable energy,OnGrid,2014,180202.11
USA,Total renewable energy,OnGrid,2015,194900.03
USA,Total renewable energy,OnGrid,2016,215087.04
USA,Total renewable energy,OnGrid,2017,229677.7
USA,Total renewable energy,OnGrid,2018,244873.68
USA,Total renewable energy,OnGrid,2019,262733.95
USA,Total renewable energy,OnGrid,2020,292548.08
USA,Total renewable energy,OnGrid,2021,325822.26
USA,Total renewable energy,OnGrid,2022,352489.82
USA,Total renewable energy,OnGrid,2023,385282.9
USA,Total renewable energy,OnGrid,2024,427885.7
USA,Total renewable energy,OnGrid,2025,467918.3
USA,Total renewable energy,OffGrid,2000,-
USA,Total renewable energy,OffGrid,2001,-
USA,Total renewable energy,OffGrid,2002,-
USA,Total renewable energy,OffGrid,2003,-
USA,Total renewable energy,OffGrid,2004,-
USA,Total renewable energy,OffGrid,2005,-
USA,Total renewable energy,OffGrid,2006,-
USA,Total renewable energy,OffGrid,2007,-
USA,Total renewable energy,OffGrid,2008,-
USA,Total renewable energy,OffGrid,2009,-
USA,Total renewable energy,OffGrid,2010,-
USA,Total renewable energy,OffGrid,2011,-
USA,Total renewable energy,OffGrid,2012,-
USA,Total renewable energy,OffGrid,2013,-
USA,Total renewable energy,OffGrid,2014,-
USA,Total renewable energy,OffGrid,2015,-
USA,Total renewable energy,OffGrid,2016,-
USA,Total renewable energy,OffGrid,2017,-
USA,Total renewable energy,OffGrid,2018,-
USA,Total renewable energy,OffGrid,2019,-
USA,Total renewable energy,OffGrid,2020,-
USA,Total renewable energy,OffGrid,2021,-
USA,Total renewable energy,OffGrid,2022,-
USA,Total renewable energy,OffGrid,2023,-
USA,Total renewable energy,OffGrid,2024,-
USA,Total renewable energy,OffGrid,2025,-
Uzbekistan,Total renewable energy,OnGrid,2000,1596
Uzbekistan,Total renewable energy,OnGrid,2001,1596
Uzbekistan,Total renewable energy,OnGrid,2002,1596
Uzbekistan,Total renewable energy,OnGrid,2003,1599
Uzbekistan,Total renewable energy,OnGrid,2004,1751
Uzbekistan,Total renewable energy,OnGrid,2005,1709
Uzbekistan,Total renewable energy,OnGrid,2006,1710
Uzbekistan,Total renewable energy,OnGrid,2007,1710
Uzbekistan,Total renewable energy,OnGrid,2008,1743
Uzbekistan,Total renewable energy,OnGrid,2009,1742.8
Uzbekistan,Total renewable energy,OnGrid,2010,1792.9
Uzbekistan,Total renewable energy,OnGrid,2011,1787.9
Uzbekistan,Total renewable energy,OnGrid,2012,1822.2
Uzbekistan,Total renewable energy,OnGrid,2013,1822
Uzbekistan,Total renewable energy,OnGrid,2014,1871.13
Uzbekistan,Total renewable energy,OnGrid,2015,1880.53
Uzbekistan,Total renewable energy,OnGrid,2016,1880.53
Uzbekistan,Total renewable energy,OnGrid,2017,1858.43
Uzbekistan,Total renewable energy,OnGrid,2018,1915.83
Uzbekistan,Total renewable energy,OnGrid,2019,1908.43
Uzbekistan,Total renewable energy,OnGrid,2020,2021.53
Uzbekistan,Total renewable energy,OnGrid,2021,2052.82
Uzbekistan,Total renewable energy,OnGrid,2022,2426.13
Uzbekistan,Total renewable energy,OnGrid,2023,3246.33
Uzbekistan,Total renewable energy,OnGrid,2024,6076.1
Uzbekistan,Total renewable energy,OnGrid,2025,10023.17
Uzbekistan,Total renewable energy,OffGrid,2000,-
Uzbekistan,Total renewable energy,OffGrid,2001,-
Uzbekistan,Total renewable energy,OffGrid,2002,-
Uzbekistan,Total renewable energy,OffGrid,2003,-
Uzbekistan,Total renewable energy,OffGrid,2004,-
Uzbekistan,Total renewable energy,OffGrid,2005,-
Uzbekistan,Total renewable energy,OffGrid,2006,-
Uzbekistan,Total renewable energy,OffGrid,2007,-
Uzbekistan,Total renewable energy,OffGrid,2008,-
Uzbekistan,Total renewable energy,OffGrid,2009,-
Uzbekistan,Total renewable energy,OffGrid,2010,-
Uzbekistan,Total renewable energy,OffGrid,2011,-
Uzbekistan,Total renewable energy,OffGrid,2012,-
Uzbekistan,Total renewable energy,OffGrid,2013,1
Uzbekistan,Total renewable energy,OffGrid,2014,1
Uzbekistan,Total renewable energy,OffGrid,2015,1
Uzbekistan,Total renewable energy,OffGrid,2016,2.2
Uzbekistan,Total renewable energy,OffGrid,2017,3.03
Uzbekistan,Total renewable energy,OffGrid,2018,3.33
Uzbekistan,Total renewable energy,OffGrid,2019,3.33
Uzbekistan,Total renewable energy,OffGrid,2020,3.33
Uzbekistan,Total renewable energy,OffGrid,2021,3.33
Uzbekistan,Total renewable energy,OffGrid,2022,3.33
Uzbekistan,Total renewable energy,OffGrid,2023,3.33
Uzbekistan,Total renewable energy,OffGrid,2024,3.33
Uzbekistan,Total renewable energy,OffGrid,2025,3.33
Vanuatu,Total renewable energy,OnGrid,2000,0.6
Vanuatu,Total renewable energy,OnGrid,2001,0.6
Vanuatu,Total renewable energy,OnGrid,2002,0.6
Vanuatu,Total renewable energy,OnGrid,2003,0.6
Vanuatu,Total renewable energy,OnGrid,2004,0.6
Vanuatu,Total renewable energy,OnGrid,2005,0.6
Vanuatu,Total renewable energy,OnGrid,2006,0.6
Vanuatu,Total renewable energy,OnGrid,2007,0.6
Vanuatu,Total renewable energy,OnGrid,2008,3.63
Vanuatu,Total renewable energy,OnGrid,2009,4.22
Vanuatu,Total renewable energy,OnGrid,2010,4.22
Vanuatu,Total renewable energy,OnGrid,2011,7.01
Vanuatu,Total renewable energy,OnGrid,2012,7.05
Vanuatu,Total renewable energy,OnGrid,2013,7.05
Vanuatu,Total renewable energy,OnGrid,2014,7.64
Vanuatu,Total renewable energy,OnGrid,2015,7.65
Vanuatu,Total renewable energy,OnGrid,2016,8.93
Vanuatu,Total renewable energy,OnGrid,2017,8.65
Vanuatu,Total renewable energy,OnGrid,2018,9.84
Vanuatu,Total renewable energy,OnGrid,2019,9.84
Vanuatu,Total renewable energy,OnGrid,2020,10.08
Vanuatu,Total renewable energy,OnGrid,2021,10.11
Vanuatu,Total renewable energy,OnGrid,2022,9.85
Vanuatu,Total renewable energy,OnGrid,2023,10.25
Vanuatu,Total renewable energy,OnGrid,2024,10.28
Vanuatu,Total renewable energy,OnGrid,2025,10.55
Vanuatu,Total renewable energy,OffGrid,2000,-
Vanuatu,Total renewable energy,OffGrid,2001,-
Vanuatu,Total renewable energy,OffGrid,2002,-
Vanuatu,Total renewable energy,OffGrid,2003,-
Vanuatu,Total renewable energy,OffGrid,2004,-
Vanuatu,Total renewable energy,OffGrid,2005,-
Vanuatu,Total renewable energy,OffGrid,2006,-
Vanuatu,Total renewable energy,OffGrid,2007,-
Vanuatu,Total renewable energy,OffGrid,2008,0.04
Vanuatu,Total renewable energy,OffGrid,2009,0.08
Vanuatu,Total renewable energy,OffGrid,2010,0.08
Vanuatu,Total renewable energy,OffGrid,2011,0.08
Vanuatu,Total renewable energy,OffGrid,2012,0.08
Vanuatu,Total renewable energy,OffGrid,2013,0.1
Vanuatu,Total renewable energy,OffGrid,2014,0.22
Vanuatu,Total renewable energy,OffGrid,2015,0.34
Vanuatu,Total renewable energy,OffGrid,2016,0.38
Vanuatu,Total renewable energy,OffGrid,2017,1.28
Vanuatu,Total renewable energy,OffGrid,2018,1.61
Vanuatu,Total renewable energy,OffGrid,2019,2.13
Vanuatu,Total renewable energy,OffGrid,2020,2.19
Vanuatu,Total renewable energy,OffGrid,2021,2.17
Vanuatu,Total renewable energy,OffGrid,2022,2.21
Vanuatu,Total renewable energy,OffGrid,2023,2.22
Vanuatu,Total renewable energy,OffGrid,2024,2.22
Vanuatu,Total renewable energy,OffGrid,2025,2.22
Venezuela,Total renewable energy,OnGrid,2000,13211
Venezuela,Total renewable energy,OnGrid,2001,13207
Venezuela,Total renewable energy,OnGrid,2002,12491
Venezuela,Total renewable energy,OnGrid,2003,13223
Venezuela,Total renewable energy,OnGrid,2004,13865
Venezuela,Total renewable energy,OnGrid,2005,14414
Venezuela,Total renewable energy,OnGrid,2006,14597
Venezuela,Total renewable energy,OnGrid,2007,14597
Venezuela,Total renewable energy,OnGrid,2008,14597
Venezuela,Total renewable energy,OnGrid,2009,14622
Venezuela,Total renewable energy,OnGrid,2010,14632
Venezuela,Total renewable energy,OnGrid,2011,14632
Venezuela,Total renewable energy,OnGrid,2012,14632
Venezuela,Total renewable energy,OnGrid,2013,14889
Venezuela,Total renewable energy,OnGrid,2014,14890
Venezuela,Total renewable energy,OnGrid,2015,15147
Venezuela,Total renewable energy,OnGrid,2016,16838
Venezuela,Total renewable energy,OnGrid,2017,16838
Venezuela,Total renewable energy,OnGrid,2018,16915
Venezuela,Total renewable energy,OnGrid,2019,16835
Venezuela,Total renewable energy,OnGrid,2020,16835
Venezuela,Total renewable energy,OnGrid,2021,16923.2
Venezuela,Total renewable energy,OnGrid,2022,16923.2
Venezuela,Total renewable energy,OnGrid,2023,16923.25
Venezuela,Total renewable energy,OnGrid,2024,16924.44
Venezuela,Total renewable energy,OnGrid,2025,16924.84
Venezuela,Total renewable energy,OffGrid,2000,0.81
Venezuela,Total renewable energy,OffGrid,2001,0.81
Venezuela,Total renewable energy,OffGrid,2002,0.81
Venezuela,Total renewable energy,OffGrid,2003,0.81
Venezuela,Total renewable energy,OffGrid,2004,0.81
Venezuela,Total renewable energy,OffGrid,2005,0.83
Venezuela,Total renewable energy,OffGrid,2006,0.91
Venezuela,Total renewable energy,OffGrid,2007,1.71
Venezuela,Total renewable energy,OffGrid,2008,1.93
Venezuela,Total renewable energy,OffGrid,2009,2.31
Venezuela,Total renewable energy,OffGrid,2010,2.68
Venezuela,Total renewable energy,OffGrid,2011,3.21
Venezuela,Total renewable energy,OffGrid,2012,33.31
Venezuela,Total renewable energy,OffGrid,2013,53.88
Venezuela,Total renewable energy,OffGrid,2014,53.88
Venezuela,Total renewable energy,OffGrid,2015,53.88
Venezuela,Total renewable energy,OffGrid,2016,53.88
Venezuela,Total renewable energy,OffGrid,2017,53.88
Venezuela,Total renewable energy,OffGrid,2018,53.88
Venezuela,Total renewable energy,OffGrid,2019,53.88
Venezuela,Total renewable energy,OffGrid,2020,53.88
Venezuela,Total renewable energy,OffGrid,2021,99.88
Venezuela,Total renewable energy,OffGrid,2022,99.88
Venezuela,Total renewable energy,OffGrid,2023,99.88
Venezuela,Total renewable energy,OffGrid,2024,99.88
Venezuela,Total renewable energy,OffGrid,2025,99.88
Viet Nam,Total renewable energy,OnGrid,2000,3273.9
Viet Nam,Total renewable energy,OnGrid,2001,3809
Viet Nam,Total renewable energy,OnGrid,2002,4118.4
Viet Nam,Total renewable energy,OnGrid,2003,4170.3
Viet Nam,Total renewable energy,OnGrid,2004,4212.1
Viet Nam,Total renewable energy,OnGrid,2005,4226.53
Viet Nam,Total renewable energy,OnGrid,2006,4466.93
Viet Nam,Total renewable energy,OnGrid,2007,4870.03
Viet Nam,Total renewable energy,OnGrid,2008,5872.43
Viet Nam,Total renewable energy,OnGrid,2009,7153.03
Viet Nam,Total renewable energy,OnGrid,2010,8642.93
Viet Nam,Total renewable energy,OnGrid,2011,10070.43
Viet Nam,Total renewable energy,OnGrid,2012,13542.43
Viet Nam,Total renewable energy,OnGrid,2013,14724.43
Viet Nam,Total renewable energy,OnGrid,2014,15809.33
Viet Nam,Total renewable energy,OnGrid,2015,16775.23
Viet Nam,Total renewable energy,OnGrid,2016,18030.43
Viet Nam,Total renewable energy,OnGrid,2017,18056
Viet Nam,Total renewable energy,OnGrid,2018,18376.57
Viet Nam,Total renewable energy,OnGrid,2019,25928.84
Viet Nam,Total renewable energy,OnGrid,2020,38302.29
Viet Nam,Total renewable energy,OnGrid,2021,42932.29
Viet Nam,Total renewable energy,OnGrid,2022,44623.74
Viet Nam,Total renewable energy,OnGrid,2023,47731.16
Viet Nam,Total renewable energy,OnGrid,2024,48947.39
Viet Nam,Total renewable energy,OnGrid,2025,50604.39
Viet Nam,Total renewable energy,OffGrid,2000,125
Viet Nam,Total renewable energy,OffGrid,2001,125.11
Viet Nam,Total renewable energy,OffGrid,2002,125.24
Viet Nam,Total renewable energy,OffGrid,2003,125.41
Viet Nam,Total renewable energy,OffGrid,2004,125.75
Viet Nam,Total renewable energy,OffGrid,2005,169.89
Viet Nam,Total renewable energy,OffGrid,2006,171.42
Viet Nam,Total renewable energy,OffGrid,2007,171.42
Viet Nam,Total renewable energy,OffGrid,2008,171.42
Viet Nam,Total renewable energy,OffGrid,2009,171.49
Viet Nam,Total renewable energy,OffGrid,2010,172.43
Viet Nam,Total renewable energy,OffGrid,2011,172.43
Viet Nam,Total renewable energy,OffGrid,2012,172.43
Viet Nam,Total renewable energy,OffGrid,2013,178.43
Viet Nam,Total renewable energy,OffGrid,2014,189.43
Viet Nam,Total renewable energy,OffGrid,2015,214.43
Viet Nam,Total renewable energy,OffGrid,2016,240.43
Viet Nam,Total renewable energy,OffGrid,2017,240.43
Viet Nam,Total renewable energy,OffGrid,2018,336.43
Viet Nam,Total renewable energy,OffGrid,2019,154.43
Viet Nam,Total renewable energy,OffGrid,2020,82.93
Viet Nam,Total renewable energy,OffGrid,2021,66.43
Viet Nam,Total renewable energy,OffGrid,2022,66.43
Viet Nam,Total renewable energy,OffGrid,2023,66.43
Viet Nam,Total renewable energy,OffGrid,2024,66.43
Viet Nam,Total renewable energy,OffGrid,2025,66.43
Yemen,Total renewable energy,OnGrid,2000,-
Yemen,Total renewable energy,OnGrid,2001,-
Yemen,Total renewable energy,OnGrid,2002,-
Yemen,Total renewable energy,OnGrid,2003,-
Yemen,Total renewable energy,OnGrid,2004,-
Yemen,Total renewable energy,OnGrid,2005,-
Yemen,Total renewable energy,OnGrid,2006,-
Yemen,Total renewable energy,OnGrid,2007,-
Yemen,Total renewable energy,OnGrid,2008,-
Yemen,Total renewable energy,OnGrid,2009,-
Yemen,Total renewable energy,OnGrid,2010,-
Yemen,Total renewable energy,OnGrid,2011,-
Yemen,Total renewable energy,OnGrid,2012,-
Yemen,Total renewable energy,OnGrid,2013,-
Yemen,Total renewable energy,OnGrid,2014,-
Yemen,Total renewable energy,OnGrid,2015,-
Yemen,Total renewable energy,OnGrid,2016,-
Yemen,Total renewable energy,OnGrid,2017,-
Yemen,Total renewable energy,OnGrid,2018,-
Yemen,Total renewable energy,OnGrid,2019,-
Yemen,Total renewable energy,OnGrid,2020,-
Yemen,Total renewable energy,OnGrid,2021,-
Yemen,Total renewable energy,OnGrid,2022,-
Yemen,Total renewable energy,OnGrid,2023,20
Yemen,Total renewable energy,OnGrid,2024,140
Yemen,Total renewable energy,OnGrid,2025,193
Yemen,Total renewable energy,OffGrid,2000,-
Yemen,Total renewable energy,OffGrid,2001,-
Yemen,Total renewable energy,OffGrid,2002,-
Yemen,Total renewable energy,OffGrid,2003,-
Yemen,Total renewable energy,OffGrid,2004,-
Yemen,Total renewable energy,OffGrid,2005,-
Yemen,Total renewable energy,OffGrid,2006,-
Yemen,Total renewable energy,OffGrid,2007,-
Yemen,Total renewable energy,OffGrid,2008,0.95
Yemen,Total renewable energy,OffGrid,2009,1
Yemen,Total renewable energy,OffGrid,2010,1.01
Yemen,Total renewable energy,OffGrid,2011,1.29
Yemen,Total renewable energy,OffGrid,2012,1.37
Yemen,Total renewable energy,OffGrid,2013,2.37
Yemen,Total renewable energy,OffGrid,2014,5.45
Yemen,Total renewable energy,OffGrid,2015,60.25
Yemen,Total renewable energy,OffGrid,2016,80.63
Yemen,Total renewable energy,OffGrid,2017,103.08
Yemen,Total renewable energy,OffGrid,2018,253.34
Yemen,Total renewable energy,OffGrid,2019,254.16
Yemen,Total renewable energy,OffGrid,2020,257.67
Yemen,Total renewable energy,OffGrid,2021,257.72
Yemen,Total renewable energy,OffGrid,2022,263.74
Yemen,Total renewable energy,OffGrid,2023,263.49
Yemen,Total renewable energy,OffGrid,2024,262.75
Yemen,Total renewable energy,OffGrid,2025,262.75
Zambia,Total renewable energy,OnGrid,2000,1801.4
Zambia,Total renewable energy,OnGrid,2001,1801.4
Zambia,Total renewable energy,OnGrid,2002,1801.4
Zambia,Total renewable energy,OnGrid,2003,1741.4
Zambia,Total renewable energy,OnGrid,2004,1741.4
Zambia,Total renewable energy,OnGrid,2005,1741.4
Zambia,Total renewable energy,OnGrid,2006,1741.4
Zambia,Total renewable energy,OnGrid,2007,1681.4
Zambia,Total renewable energy,OnGrid,2008,1711.8
Zambia,Total renewable energy,OnGrid,2009,1719.8
Zambia,Total renewable energy,OnGrid,2010,1933.8
Zambia,Total renewable energy,OnGrid,2011,1933.8
Zambia,Total renewable energy,OnGrid,2012,1939.8
Zambia,Total renewable energy,OnGrid,2013,2299.8
Zambia,Total renewable energy,OnGrid,2014,2299.8
Zambia,Total renewable energy,OnGrid,2015,2309.3
Zambia,Total renewable energy,OnGrid,2016,2429.3
Zambia,Total renewable energy,OnGrid,2017,2439.3
Zambia,Total renewable energy,OnGrid,2018,2440.3
Zambia,Total renewable energy,OnGrid,2019,2528.3
Zambia,Total renewable energy,OnGrid,2020,2529.3
Zambia,Total renewable energy,OnGrid,2021,2835.3
Zambia,Total renewable energy,OnGrid,2022,3294.3
Zambia,Total renewable energy,OnGrid,2023,3329.3
Zambia,Total renewable energy,OnGrid,2024,3391.3
Zambia,Total renewable energy,OnGrid,2025,3526.3
Zambia,Total renewable energy,OffGrid,2000,0.18
Zambia,Total renewable energy,OffGrid,2001,0.18
Zambia,Total renewable energy,OffGrid,2002,0.18
Zambia,Total renewable energy,OffGrid,2003,0.18
Zambia,Total renewable energy,OffGrid,2004,0.18
Zambia,Total renewable energy,OffGrid,2005,0.18
Zambia,Total renewable energy,OffGrid,2006,0.18
Zambia,Total renewable energy,OffGrid,2007,0.94
Zambia,Total renewable energy,OffGrid,2008,0.94
Zambia,Total renewable energy,OffGrid,2009,0.94
Zambia,Total renewable energy,OffGrid,2010,0.94
Zambia,Total renewable energy,OffGrid,2011,0.94
Zambia,Total renewable energy,OffGrid,2012,1.94
Zambia,Total renewable energy,OffGrid,2013,1.94
Zambia,Total renewable energy,OffGrid,2014,1.94
Zambia,Total renewable energy,OffGrid,2015,2.35
Zambia,Total renewable energy,OffGrid,2016,3.06
Zambia,Total renewable energy,OffGrid,2017,3.42
Zambia,Total renewable energy,OffGrid,2018,4.92
Zambia,Total renewable energy,OffGrid,2019,6.91
Zambia,Total renewable energy,OffGrid,2020,7.61
Zambia,Total renewable energy,OffGrid,2021,7.85
Zambia,Total renewable energy,OffGrid,2022,8.8
Zambia,Total renewable energy,OffGrid,2023,9.43
Zambia,Total renewable energy,OffGrid,2024,9.67
Zambia,Total renewable energy,OffGrid,2025,9.67
Zimbabwe,Total renewable energy,OnGrid,2000,728.25
Zimbabwe,Total renewable energy,OnGrid,2001,728.25
Zimbabwe,Total renewable energy,OnGrid,2002,748.25
Zimbabwe,Total renewable energy,OnGrid,2003,748.25
Zimbabwe,Total renewable energy,OnGrid,2004,748.25
Zimbabwe,Total renewable energy,OnGrid,2005,748.25
Zimbabwe,Total renewable energy,OnGrid,2006,748.25
Zimbabwe,Total renewable energy,OnGrid,2007,748.25
Zimbabwe,Total renewable energy,OnGrid,2008,832.25
Zimbabwe,Total renewable energy,OnGrid,2009,832.25
Zimbabwe,Total renewable energy,OnGrid,2010,833.35
Zimbabwe,Total renewable energy,OnGrid,2011,851.85
Zimbabwe,Total renewable energy,OnGrid,2012,851.85
Zimbabwe,Total renewable energy,OnGrid,2013,856.8
Zimbabwe,Total renewable energy,OnGrid,2014,856.8
Zimbabwe,Total renewable energy,OnGrid,2015,871.8
Zimbabwe,Total renewable energy,OnGrid,2016,875.55
Zimbabwe,Total renewable energy,OnGrid,2017,880.95
Zimbabwe,Total renewable energy,OnGrid,2018,1184.04
Zimbabwe,Total renewable energy,OnGrid,2019,1187.62
Zimbabwe,Total renewable energy,OnGrid,2020,1189.54
Zimbabwe,Total renewable energy,OnGrid,2021,1203.72
Zimbabwe,Total renewable energy,OnGrid,2022,1217.03
Zimbabwe,Total renewable energy,OnGrid,2023,1222.53
Zimbabwe,Total renewable energy,OnGrid,2024,1281.53
Zimbabwe,Total renewable energy,OnGrid,2025,1281.53
Zimbabwe,Total renewable energy,OffGrid,2000,0.44
Zimbabwe,Total renewable energy,OffGrid,2001,0.44
Zimbabwe,Total renewable energy,OffGrid,2002,0.44
Zimbabwe,Total renewable energy,OffGrid,2003,0.44
Zimbabwe,Total renewable energy,OffGrid,2004,0.44
Zimbabwe,Total renewable energy,OffGrid,2005,0.44
Zimbabwe,Total renewable energy,OffGrid,2006,0.44
Zimbabwe,Total renewable energy,OffGrid,2007,0.44
Zimbabwe,Total renewable energy,OffGrid,2008,0.44
Zimbabwe,Total renewable energy,OffGrid,2009,0.94
Zimbabwe,Total renewable energy,OffGrid,2010,0.96
Zimbabwe,Total renewable energy,OffGrid,2011,0.61
Zimbabwe,Total renewable energy,OffGrid,2012,1.17
Zimbabwe,Total renewable energy,OffGrid,2013,2.06
Zimbabwe,Total renewable energy,OffGrid,2014,2.76
Zimbabwe,Total renewable energy,OffGrid,2015,2.62
Zimbabwe,Total renewable energy,OffGrid,2016,2.81
Zimbabwe,Total renewable energy,OffGrid,2017,3.27
Zimbabwe,Total renewable energy,OffGrid,2018,3.82
Zimbabwe,Total renewable energy,OffGrid,2019,3.55
Zimbabwe,Total renewable energy,OffGrid,2020,3.78
Zimbabwe,Total renewable energy,OffGrid,2021,3.15
Zimbabwe,Total renewable energy,OffGrid,2022,2.79
Zimbabwe,Total renewable energy,OffGrid,2023,2.84
Zimbabwe,Total renewable energy,OffGrid,2024,3.29
Zimbabwe,Total renewable energy,OffGrid,2025,3.29