country_code,year,gdp,energy_use_per_capita
,1960,1093432780325.21,
,1960,1093432780325.21,
,1960,1093432780325.21,
,1960,1093432780325.21,
,1960,1093432780325.21,
,1960,,
,1960,,
,1960,,
,1960,,
,1960,,
,1960,85718645234.66,
,1960,85718645234.66,
,1960,85718645234.66,
,1960,85718645234.66,
,1960,85718645234.66,
,1960,,
,1960,,
,1960,,
,1960,,
,1960,,
,1960,168301179364.723,
,1960,168301179364.723,
,1960,168301179364.723,
,1960,168301179364.723,
,1960,168301179364.723,
,1961,1166232450158.12,
,1961,1166232450158.12,
,1961,1166232450158.12,
,1961,1166232450158.12,
,1961,1166232450158.12,
,1961,,
,1961,,
,1961,,
,1961,,
,1961,,
,1961,91375597712.0308,
,1961,91375597712.0308,
,1961,91375597712.0308,
,1961,91375597712.0308,
,1961,91375597712.0308,
,1961,,
,1961,,
,1961,,
,1961,,
,1961,,
,1961,165921579245.585,
,1961,165921579245.585,
,1961,165921579245.585,
,1961,165921579245.585,
,1961,165921579245.585,
,1962,1261142948234.93,
,1962,1261142948234.93,
,1962,1261142948234.93,
,1962,1261142948234.93,
,1962,1261142948234.93,
,1962,,
,1962,,
,1962,,
,1962,,
,1962,,
,1962,92791537815.2938,
,1962,92791537815.2938,
,1962,92791537815.2938,
,1962,92791537815.2938,
,1962,92791537815.2938,
,1962,,
,1962,,
,1962,,
,1962,,
,1962,,
,1962,167379651487.487,
,1962,167379651487.487,
,1962,167379651487.487,
,1962,167379651487.487,
,1962,167379651487.487,
,1963,1356475376143.07,
,1963,1356475376143.07,
,1963,1356475376143.07,
,1963,1356475376143.07,
,1963,1356475376143.07,
,1963,,
,1963,,
,1963,,
,1963,,
,1963,,
,1963,102654850184.887,
,1963,102654850184.887,
,1963,102654850184.887,
,1963,102654850184.887,
,1963,102654850184.887,
,1963,,
,1963,,
,1963,,
,1963,,
,1963,,
,1963,183977453340.648,
,1963,183977453340.648,
,1963,183977453340.648,
,1963,183977453340.648,
,1963,183977453340.648,
,1964,1482593892873.19,
,1964,1482593892873.19,
,1964,1482593892873.19,
,1964,1482593892873.19,
,1964,1482593892873.19,
,1964,,
,1964,,
,1964,,
,1964,,
,1964,,
,1964,115346299527.998,
,1964,115346299527.998,
,1964,115346299527.998,
,1964,115346299527.998,
,1964,115346299527.998,
,1964,,
,1964,,
,1964,,
,1964,,
,1964,,
,1964,210883041645.767,
,1964,210883041645.767,
,1964,210883041645.767,
,1964,210883041645.767,
,1964,210883041645.767,
,1965,1611497243980.64,
,1965,1611497243980.64,
,1965,1611497243980.64,
,1965,1611497243980.64,
,1965,1611497243980.64,
,1965,,
,1965,,
,1965,,
,1965,,
,1965,,
,1965,123581597701.261,
,1965,123581597701.261,
,1965,123581597701.261,
,1965,123581597701.261,
,1965,123581597701.261,
,1965,,
,1965,,
,1965,,
,1965,,
,1965,,
,1965,235905563168.848,
,1965,235905563168.848,
,1965,235905563168.848,
,1965,235905563168.848,
,1965,235905563168.848,
,1966,1763379068928.37,
,1966,1763379068928.37,
,1966,1763379068928.37,
,1966,1763379068928.37,
,1966,1763379068928.37,
,1966,,
,1966,,
,1966,,
,1966,,
,1966,,
,1966,112803578667.612,
,1966,112803578667.612,
,1966,112803578667.612,
,1966,112803578667.612,
,1966,112803578667.612,
,1966,,
,1966,,
,1966,,
,1966,,
,1966,,
,1966,260316790801.059,
,1966,260316790801.059,
,1966,260316790801.059,
,1966,260316790801.059,
,1966,260316790801.059,
,1967,1883767863914.37,
,1967,1883767863914.37,
,1967,1883767863914.37,
,1967,1883767863914.37,
,1967,1883767863914.37,
,1967,17168631140.7442,
,1967,17168631140.7442,
,1967,17168631140.7442,
,1967,17168631140.7442,
,1967,17168631140.7442,
,1967,120384771269.325,
,1967,120384771269.325,
,1967,120384771269.325,
,1967,120384771269.325,
,1967,120384771269.325,
,1967,,
,1967,,
,1967,,
,1967,,
,1967,,
,1967,263557167698.538,
,1967,263557167698.538,
,1967,263557167698.538,
,1967,263557167698.538,
,1967,263557167698.538,
,1968,2043305595056.53,
,1968,2043305595056.53,
,1968,2043305595056.53,
,1968,2043305595056.53,
,1968,2043305595056.53,
,1968,18643486433.0984,
,1968,18643486433.0984,
,1968,18643486433.0984,
,1968,18643486433.0984,
,1968,18643486433.0984,
,1968,127756036298.991,
,1968,127756036298.991,
,1968,127756036298.991,
,1968,127756036298.991,
,1968,127756036298.991,
,1968,,
,1968,,
,1968,,
,1968,,
,1968,,
,1968,278937183061.184,
,1968,278937183061.184,
,1968,278937183061.184,
,1968,278937183061.184,
,1968,278937183061.184,
,1969,2252164756856.4,
,1969,2252164756856.4,
,1969,2252164756856.4,
,1969,2252164756856.4,
,1969,2252164756856.4,
,1969,21687971434.1315,
,1969,21687971434.1315,
,1969,21687971434.1315,
,1969,21687971434.1315,
,1969,21687971434.1315,
,1969,141434554930.938,
,1969,141434554930.938,
,1969,141434554930.938,
,1969,141434554930.938,
,1969,141434554930.938,
,1969,,
,1969,,
,1969,,
,1969,,
,1969,,
,1969,313018349850.228,
,1969,313018349850.228,
,1969,313018349850.228,
,1969,313018349850.228,
,1969,313018349850.228,
,1970,2472351752906.22,
,1970,2472351752906.22,
,1970,2472351752906.22,
,1970,2472351752906.22,
,1970,2472351752906.22,
,1970,22138606272.5654,
,1970,22138606272.5654,
,1970,22138606272.5654,
,1970,22138606272.5654,
,1970,22138606272.5654,
,1970,153169378390.728,
,1970,153169378390.728,
,1970,153169378390.728,
,1970,153169378390.728,
,1970,153169378390.728,
,1970,,
,1970,,
,1970,,
,1970,,
,1970,,
,1970,343935285669.63,
,1970,343935285669.63,
,1970,343935285669.63,
,1970,343935285669.63,
,1970,343935285669.63,
,1971,2746785744349.68,
,1971,2746785744349.68,
,1971,2746785744349.68,
,1971,2746785744349.68,
,1971,2746785744349.68,
,1971,24678547941.9782,
,1971,24678547941.9782,
,1971,24678547941.9782,
,1971,24678547941.9782,
,1971,24678547941.9782,
,1971,159556712408.833,
,1971,159556712408.833,
,1971,159556712408.833,
,1971,159556712408.833,
,1971,159556712408.833,
,1971,,
,1971,,
,1971,,
,1971,,
,1971,,
,1971,374392771386.033,
,1971,374392771386.033,
,1971,374392771386.033,
,1971,374392771386.033,
,1971,374392771386.033,
,1972,3190539759998.6,
,1972,3190539759998.6,
,1972,3190539759998.6,
,1972,3190539759998.6,
,1972,3190539759998.6,
,1972,27615304466.7896,
,1972,27615304466.7896,
,1972,27615304466.7896,
,1972,27615304466.7896,
,1972,27615304466.7896,
,1972,170263867209.731,
,1972,170263867209.731,
,1972,170263867209.731,
,1972,170263867209.731,
,1972,170263867209.731,
,1972,,
,1972,,
,1972,,
,1972,,
,1972,,
,1972,429646254432.817,
,1972,429646254432.817,
,1972,429646254432.817,
,1972,429646254432.817,
,1972,429646254432.817,
,1973,3870418015726.99,
,1973,3870418015726.99,
,1973,3870418015726.99,
,1973,3870418015726.99,
,1973,3870418015726.99,
,1973,33022563725.2582,
,1973,33022563725.2582,
,1973,33022563725.2582,
,1973,33022563725.2582,
,1973,33022563725.2582,
,1973,200259091709.449,
,1973,200259091709.449,
,1973,200259091709.449,
,1973,200259091709.449,
,1973,200259091709.449,
,1973,,
,1973,,
,1973,,
,1973,,
,1973,,
,1973,566427139124.192,
,1973,566427139124.192,
,1973,566427139124.192,
,1973,566427139124.192,
,1973,566427139124.192,
,1974,4377486307751.18,
,1974,4377486307751.18,
,1974,4377486307751.18,
,1974,4377486307751.18,
,1974,4377486307751.18,
,1974,41317575283.7762,
,1974,41317575283.7762,
,1974,41317575283.7762,
,1974,41317575283.7762,
,1974,41317575283.7762,
,1974,247655819081.373,
,1974,247655819081.373,
,1974,247655819081.373,
,1974,247655819081.373,
,1974,247655819081.373,
,1974,,
,1974,,
,1974,,
,1974,,
,1974,,
,1974,728956068550.651,
,1974,728956068550.651,
,1974,728956068550.651,
,1974,728956068550.651,
,1974,728956068550.651,
,1975,4884197559212.61,
,1975,4884197559212.61,
,1975,4884197559212.61,
,1975,4884197559212.61,
,1975,4884197559212.61,
,1975,48858798819.9938,
,1975,48858798819.9938,
,1975,48858798819.9938,
,1975,48858798819.9938,
,1975,48858798819.9938,
,1975,271278823692.05,
,1975,271278823692.05,
,1975,271278823692.05,
,1975,271278823692.05,
,1975,271278823692.05,
,1975,,
,1975,,
,1975,,
,1975,,
,1975,,
,1975,806608582683.113,
,1975,806608582683.113,
,1975,806608582683.113,
,1975,806608582683.113,
,1975,806608582683.113,
,1976,5319434063684.19,
,1976,5319434063684.19,
,1976,5319434063684.19,
,1976,5319434063684.19,
,1976,5319434063684.19,
,1976,51353443144.9124,
,1976,51353443144.9124,
,1976,51353443144.9124,
,1976,51353443144.9124,
,1976,51353443144.9124,
,1976,286867975882.657,
,1976,286867975882.657,
,1976,286867975882.657,
,1976,286867975882.657,
,1976,286867975882.657,
,1976,,
,1976,,
,1976,,
,1976,,
,1976,,
,1976,873861925668.031,
,1976,873861925668.031,
,1976,873861925668.031,
,1976,873861925668.031,
,1976,873861925668.031,
,1977,6022080072395.3,
,1977,6022080072395.3,
,1977,6022080072395.3,
,1977,6022080072395.3,
,1977,6022080072395.3,
,1977,59469573577.2217,
,1977,59469573577.2217,
,1977,59469573577.2217,
,1977,59469573577.2217,
,1977,59469573577.2217,
,1977,322288055456.463,
,1977,322288055456.463,
,1977,322288055456.463,
,1977,322288055456.463,
,1977,322288055456.463,
,1977,,
,1977,,
,1977,,
,1977,,
,1977,,
,1977,979427152117.784,
,1977,979427152117.784,
,1977,979427152117.784,
,1977,979427152117.784,
,1977,979427152117.784,
,1978,7229254173813.57,
,1978,7229254173813.57,
,1978,7229254173813.57,
,1978,7229254173813.57,
,1978,7229254173813.57,
,1978,69326192103.9817,
,1978,69326192103.9817,
,1978,69326192103.9817,
,1978,69326192103.9817,
,1978,69326192103.9817,
,1978,363478849935.628,
,1978,363478849935.628,
,1978,363478849935.628,
,1978,363478849935.628,
,1978,363478849935.628,
,1978,,
,1978,,
,1978,,
,1978,,
,1978,,
,1978,1079266938526.53,
,1978,1079266938526.53,
,1978,1079266938526.53,
,1978,1079266938526.53,
,1978,1079266938526.53,
,1979,8355728642468.64,
,1979,8355728642468.64,
,1979,8355728642468.64,
,1979,8355728642468.64,
,1979,8355728642468.64,
,1979,73361506554.39,
,1979,73361506554.39,
,1979,73361506554.39,
,1979,73361506554.39,
,1979,73361506554.39,
,1979,421417164523.234,
,1979,421417164523.234,
,1979,421417164523.234,
,1979,421417164523.234,
,1979,421417164523.234,
,1979,,
,1979,,
,1979,,
,1979,,
,1979,,
,1979,1256625970718.53,
,1979,1256625970718.53,
,1979,1256625970718.53,
,1979,1256625970718.53,
,1979,1256625970718.53,
,1980,9328366481069.85,
,1980,9328366481069.85,
,1980,9328366481069.85,
,1980,9328366481069.85,
,1980,9328366481069.85,
,1980,82239917972.7894,
,1980,82239917972.7894,
,1980,82239917972.7894,
,1980,82239917972.7894,
,1980,82239917972.7894,
,1980,513985968986.668,
,1980,513985968986.668,
,1980,513985968986.668,
,1980,513985968986.668,
,1980,513985968986.668,
,1980,,
,1980,,
,1980,,
,1980,,
,1980,,
,1980,1471975200346.02,
,1980,1471975200346.02,
,1980,1471975200346.02,
,1980,1471975200346.02,
,1980,1471975200346.02,
,1981,9469804750495.84,
,1981,9469804750495.84,
,1981,9469804750495.84,
,1981,9469804750495.84,
,1981,9469804750495.84,
,1981,83576565929.6326,
,1981,83576565929.6326,
,1981,83576565929.6326,
,1981,83576565929.6326,
,1981,83576565929.6326,
,1981,637967861997.788,
,1981,637967861997.788,
,1981,637967861997.788,
,1981,637967861997.788,
,1981,637967861997.788,
,1981,,
,1981,,
,1981,,
,1981,,
,1981,,
,1981,1591269951981.75,
,1981,1591269951981.75,
,1981,1591269951981.75,
,1981,1591269951981.75,
,1981,1591269951981.75,
,1982,9376036390679.14,
,1982,9376036390679.14,
,1982,9376036390679.14,
,1982,9376036390679.14,
,1982,9376036390679.14,
,1982,83687327649.104,
,1982,83687327649.104,
,1982,83687327649.104,
,1982,83687327649.104,
,1982,83687327649.104,
,1982,633606953005.588,
,1982,633606953005.588,
,1982,633606953005.588,
,1982,633606953005.588,
,1982,633606953005.588,
,1982,,
,1982,,
,1982,,
,1982,,
,1982,,
,1982,1562915435872.05,
,1982,1562915435872.05,
,1982,1562915435872.05,
,1982,1562915435872.05,
,1982,1562915435872.05,
,1983,9686285915250.16,
,1983,9686285915250.16,
,1983,9686285915250.16,
,1983,9686285915250.16,
,1983,9686285915250.16,
,1983,79883109897.1075,
,1983,79883109897.1075,
,1983,79883109897.1075,
,1983,79883109897.1075,
,1983,79883109897.1075,
,1983,600666177720.455,
,1983,600666177720.455,
,1983,600666177720.455,
,1983,600666177720.455,
,1983,600666177720.455,
,1983,,
,1983,,
,1983,,
,1983,,
,1983,,
,1983,1528731873355.89,
,1983,1528731873355.89,
,1983,1528731873355.89,
,1983,1528731873355.89,
,1983,1528731873355.89,
,1984,10098746534234.1,
,1984,10098746534234.1,
,1984,10098746534234.1,
,1984,10098746534234.1,
,1984,10098746534234.1,
,1984,78581550455.1373,
,1984,78581550455.1373,
,1984,78581550455.1373,
,1984,78581550455.1373,
,1984,78581550455.1373,
,1984,576332075858.018,
,1984,576332075858.018,
,1984,576332075858.018,
,1984,576332075858.018,
,1984,576332075858.018,
,1984,,
,1984,,
,1984,,
,1984,,
,1984,,
,1984,1615400948383.79,
,1984,1615400948383.79,
,1984,1615400948383.79,
,1984,1615400948383.79,
,1984,1615400948383.79,
,1985,10596810326464.4,
,1985,10596810326464.4,
,1985,10596810326464.4,
,1985,10596810326464.4,
,1985,10596810326464.4,
,1985,73755909045.9014,
,1985,73755909045.9014,
,1985,73755909045.9014,
,1985,73755909045.9014,
,1985,73755909045.9014,
,1985,615045341856.564,
,1985,615045341856.564,
,1985,615045341856.564,
,1985,615045341856.564,
,1985,615045341856.564,
,1985,,
,1985,,
,1985,,
,1985,,
,1985,,
,1985,1666632880435.57,
,1985,1666632880435.57,
,1985,1666632880435.57,
,1985,1666632880435.57,
,1985,1666632880435.57,
,1986,12871282221512.2,
,1986,12871282221512.2,
,1986,12871282221512.2,
,1986,12871282221512.2,
,1986,12871282221512.2,
,1986,77699611464.5962,
,1986,77699611464.5962,
,1986,77699611464.5962,
,1986,77699611464.5962,
,1986,77699611464.5962,
,1986,617956032262.182,
,1986,617956032262.182,
,1986,617956032262.182,
,1986,617956032262.182,
,1986,617956032262.182,
,1986,,
,1986,,
,1986,,
,1986,,
,1986,,
,1986,1710853569900.45,
,1986,1710853569900.45,
,1986,1710853569900.45,
,1986,1710853569900.45,
,1986,1710853569900.45,
,1987,14923330650922.7,
,1987,14923330650922.7,
,1987,14923330650922.7,
,1987,14923330650922.7,
,1987,14923330650922.7,
,1987,81699510513.3869,
,1987,81699510513.3869,
,1987,81699510513.3869,
,1987,81699510513.3869,
,1987,81699510513.3869,
,1987,673706631510.725,
,1987,673706631510.725,
,1987,673706631510.725,
,1987,673706631510.725,
,1987,673706631510.725,
,1987,,
,1987,,
,1987,,
,1987,,
,1987,,
,1987,1727133135624.12,
,1987,1727133135624.12,
,1987,1727133135624.12,
,1987,1727133135624.12,
,1987,1727133135624.12,
,1988,16796441297838.6,
,1988,16796441297838.6,
,1988,16796441297838.6,
,1988,16796441297838.6,
,1988,16796441297838.6,
,1988,88552567441.0159,
,1988,88552567441.0159,
,1988,88552567441.0159,
,1988,88552567441.0159,
,1988,88552567441.0159,
,1988,695226297684.468,
,1988,695226297684.468,
,1988,695226297684.468,
,1988,695226297684.468,
,1988,695226297684.468,
,1988,,
,1988,,
,1988,,
,1988,,
,1988,,
,1988,1866029448988.16,
,1988,1866029448988.16,
,1988,1866029448988.16,
,1988,1866029448988.16,
,1988,1866029448988.16,
,1989,17494368252472.0,
,1989,17494368252472.0,
,1989,17494368252472.0,
,1989,17494368252472.0,
,1989,17494368252472.0,
,1989,95849966757.1986,
,1989,95849966757.1986,
,1989,95849966757.1986,
,1989,95849966757.1986,
,1989,95849966757.1986,
,1989,680922887878.65,
,1989,680922887878.65,
,1989,680922887878.65,
,1989,680922887878.65,
,1989,680922887878.65,
,1989,,
,1989,,
,1989,,
,1989,,
,1989,,
,1989,2065897165340.6,
,1989,2065897165340.6,
,1989,2065897165340.6,
,1989,2065897165340.6,
,1989,2065897165340.6,
,1990,19592605087712.9,4708.99245785823
,1990,19592605087712.9,522.678496927813
,1990,19592605087712.9,362.833613024711
,1990,19592605087712.9,
,1990,19592605087712.9,1030.94167158038
,1990,120057505114.008,4708.99245785823
,1990,120057505114.008,522.678496927813
,1990,120057505114.008,362.833613024711
,1990,120057505114.008,
,1990,120057505114.008,1030.94167158038
,1990,740238512582.881,4708.99245785823
,1990,740238512582.881,522.678496927813
,1990,740238512582.881,362.833613024711
,1990,740238512582.881,
,1990,740238512582.881,1030.94167158038
,1990,,4708.99245785823
,1990,,522.678496927813
,1990,,362.833613024711
,1990,,
,1990,,1030.94167158038
,1990,2410286900177.05,4708.99245785823
,1990,2410286900177.05,522.678496927813
,1990,2410286900177.05,362.833613024711
,1990,2410286900177.05,
,1990,2410286900177.05,1030.94167158038
,1991,20676762469983.9,4711.85049032323
,1991,20676762469983.9,513.228615460529
,1991,20676762469983.9,366.421431537013
,1991,20676762469983.9,
,1991,20676762469983.9,1012.90693022943
,1991,134410439130.966,4711.85049032323
,1991,134410439130.966,513.228615460529
,1991,134410439130.966,366.421431537013
,1991,134410439130.966,
,1991,134410439130.966,1012.90693022943
,1991,708795018511.736,4711.85049032323
,1991,708795018511.736,513.228615460529
,1991,708795018511.736,366.421431537013
,1991,708795018511.736,
,1991,708795018511.736,1012.90693022943
,1991,,4711.85049032323
,1991,,513.228615460529
,1991,,366.421431537013
,1991,,
,1991,,1012.90693022943
,1991,2335833216231.81,4711.85049032323
,1991,2335833216231.81,513.228615460529
,1991,2335833216231.81,366.421431537013
,1991,2335833216231.81,
,1991,2335833216231.81,1012.90693022943
,1992,22141754501799.4,4660.58519470747
,1992,22141754501799.4,479.048971427529
,1992,22141754501799.4,368.208651366031
,1992,22141754501799.4,
,1992,22141754501799.4,997.684332572762
,1992,92686061462.6444,4660.58519470747
,1992,92686061462.6444,479.048971427529
,1992,92686061462.6444,368.208651366031
,1992,92686061462.6444,
,1992,92686061462.6444,997.684332572762
,1992,740203715946.42,4660.58519470747
,1992,740203715946.42,479.048971427529
,1992,740203715946.42,368.208651366031
,1992,740203715946.42,
,1992,740203715946.42,997.684332572762
,1992,,4660.58519470747
,1992,,479.048971427529
,1992,,368.208651366031
,1992,,
,1992,,997.684332572762
,1992,2496848264610.53,4660.58519470747
,1992,2496848264610.53,479.048971427529
,1992,2496848264610.53,368.208651366031
,1992,2496848264610.53,
,1992,2496848264610.53,997.684332572762
,1993,22299634718529.4,4658.44464781828
,1993,22299634718529.4,454.010168304887
,1993,22299634718529.4,369.154767850025
,1993,22299634718529.4,
,1993,22299634718529.4,1005.34380908893
,1993,102326411883.926,4658.44464781828
,1993,102326411883.926,454.010168304887
,1993,102326411883.926,369.154767850025
,1993,102326411883.926,
,1993,102326411883.926,1005.34380908893
,1993,748820827088.177,4658.44464781828
,1993,748820827088.177,454.010168304887
,1993,748820827088.177,369.154767850025
,1993,748820827088.177,
,1993,748820827088.177,1005.34380908893
,1993,,4658.44464781828
,1993,,454.010168304887
,1993,,369.154767850025
,1993,,
,1993,,1005.34380908893
,1993,2752581405019.5,4658.44464781828
,1993,2752581405019.5,454.010168304887
,1993,2752581405019.5,369.154767850025
,1993,2752581405019.5,
,1993,2752581405019.5,1005.34380908893
,1994,23852769860430.4,4626.12442882333
,1994,23852769860430.4,445.764344965495
,1994,23852769860430.4,371.440693373067
,1994,23852769860430.4,
,1994,23852769860430.4,1009.88534267981
,1994,97114664248.5874,4626.12442882333
,1994,97114664248.5874,445.764344965495
,1994,97114664248.5874,371.440693373067
,1994,97114664248.5874,
,1994,97114664248.5874,1009.88534267981
,1994,842207417522.629,4626.12442882333
,1994,842207417522.629,445.764344965495
,1994,842207417522.629,371.440693373067
,1994,842207417522.629,
,1994,842207417522.629,1009.88534267981
,1994,,4626.12442882333
,1994,,445.764344965495
,1994,,371.440693373067
,1994,,
,1994,,1009.88534267981
,1994,3100243695676.27,4626.12442882333
,1994,3100243695676.27,445.764344965495
,1994,3100243695676.27,371.440693373067
,1994,3100243695676.27,
,1994,3100243695676.27,1009.88534267981
,1995,26474870169753.2,4670.6591339369
,1995,26474870169753.2,444.3890629861
,1995,26474870169753.2,376.687184673584
,1995,26474870169753.2,
,1995,26474870169753.2,1043.99200810068
,1995,88805408699.6536,4670.6591339369
,1995,88805408699.6536,444.3890629861
,1995,88805408699.6536,376.687184673584
,1995,88805408699.6536,
,1995,88805408699.6536,1043.99200810068
,1995,1000044233254.52,4670.6591339369
,1995,1000044233254.52,444.3890629861
,1995,1000044233254.52,376.687184673584
,1995,1000044233254.52,
,1995,1000044233254.52,1043.99200810068
,1995,,4670.6591339369
,1995,,444.3890629861
,1995,,376.687184673584
,1995,,
,1995,,1043.99200810068
,1995,3590452706934.99,4670.6591339369
,1995,3590452706934.99,444.3890629861
,1995,3590452706934.99,376.687184673584
,1995,3590452706934.99,
,1995,3590452706934.99,1043.99200810068
,1996,26689298657110.5,4764.13698122659
,1996,26689298657110.5,431.244782871707
,1996,26689298657110.5,383.448134622036
,1996,26689298657110.5,
,1996,26689298657110.5,1049.21059341367
,1996,84839243701.4026,4764.13698122659
,1996,84839243701.4026,431.244782871707
,1996,84839243701.4026,383.448134622036
,1996,84839243701.4026,
,1996,84839243701.4026,1049.21059341367
,1996,1139140506577.02,4764.13698122659
,1996,1139140506577.02,431.244782871707
,1996,1139140506577.02,383.448134622036
,1996,1139140506577.02,
,1996,1139140506577.02,1049.21059341367
,1996,,4764.13698122659
,1996,,431.244782871707
,1996,,383.448134622036
,1996,,
,1996,,1049.21059341367
,1996,3969358593677.36,4764.13698122659
,1996,3969358593677.36,431.244782871707
,1996,3969358593677.36,383.448134622036
,1996,3969358593677.36,
,1996,3969358593677.36,1049.21059341367
,1997,26256013657064.5,4746.34194770803
,1997,26256013657064.5,432.140763907654
,1997,26256013657064.5,390.743966686027
,1997,26256013657064.5,
,1997,26256013657064.5,1056.055045094
,1997,90885588132.0197,4746.34194770803
,1997,90885588132.0197,432.140763907654
,1997,90885588132.0197,390.743966686027
,1997,90885588132.0197,
,1997,90885588132.0197,1056.055045094
,1997,1195244281130.43,4746.34194770803
,1997,1195244281130.43,432.140763907654
,1997,1195244281130.43,390.743966686027
,1997,1195244281130.43,
,1997,1195244281130.43,1056.055045094
,1997,,4746.34194770803
,1997,,432.140763907654
,1997,,390.743966686027
,1997,,
,1997,,1056.055045094
,1997,4227484958565.25,4746.34194770803
,1997,4227484958565.25,432.140763907654
,1997,4227484958565.25,390.743966686027
,1997,4227484958565.25,
,1997,4227484958565.25,1056.055045094
,1998,26213249677353.1,4730.39041813027
,1998,26213249677353.1,411.46972284074
,1998,26213249677353.1,393.897577962298
,1998,26213249677353.1,
,1998,26213249677353.1,1044.55870167675
,1998,93088605277.3687,4730.39041813027
,1998,93088605277.3687,411.46972284074
,1998,93088605277.3687,393.897577962298
,1998,93088605277.3687,
,1998,93088605277.3687,1044.55870167675
,1998,1220564670913.05,4730.39041813027
,1998,1220564670913.05,411.46972284074
,1998,1220564670913.05,393.897577962298
,1998,1220564670913.05,
,1998,1220564670913.05,1044.55870167675
,1998,,4730.39041813027
,1998,,411.46972284074
,1998,,393.897577962298
,1998,,
,1998,,1044.55870167675
,1998,4101561215023.74,4730.39041813027
,1998,4101561215023.74,411.46972284074
,1998,4101561215023.74,393.897577962298
,1998,4101561215023.74,
,1998,4101561215023.74,1044.55870167675
,1999,27456861030445.7,4793.5082456068
,1999,27456861030445.7,415.81778304147
,1999,27456861030445.7,404.425291694584
,1999,27456861030445.7,
,1999,27456861030445.7,1049.55366640892
,1999,93786312226.498,4793.5082456068
,1999,93786312226.498,415.81778304147
,1999,93786312226.498,404.425291694584
,1999,93786312226.498,
,1999,93786312226.498,1049.55366640892
,1999,1125872529409.91,4793.5082456068
,1999,1125872529409.91,415.81778304147
,1999,1125872529409.91,404.425291694584
,1999,1125872529409.91,
,1999,1125872529409.91,1049.55366640892
,1999,,4793.5082456068
,1999,,415.81778304147
,1999,,404.425291694584
,1999,,
,1999,,1049.55366640892
,1999,3994091236934.55,4793.5082456068
,1999,3994091236934.55,415.81778304147
,1999,3994091236934.55,404.425291694584
,1999,3994091236934.55,
,1999,3994091236934.55,1049.55366640892
,2000,28095358385203.3,4879.2118834127
,2000,28095358385203.3,406.005282519876
,2000,28095358385203.3,401.535641137769
,2000,28095358385203.3,
,2000,28095358385203.3,1059.83492388304
,2000,116766456835.92,4879.2118834127
,2000,116766456835.92,406.005282519876
,2000,116766456835.92,401.535641137769
,2000,116766456835.92,
,2000,116766456835.92,1059.83492388304
,2000,1188901754149.27,4879.2118834127
,2000,1188901754149.27,406.005282519876
,2000,1188901754149.27,401.535641137769
,2000,1188901754149.27,
,2000,1188901754149.27,1059.83492388304
,2000,,4879.2118834127
,2000,,406.005282519876
,2000,,401.535641137769
,2000,,
,2000,,1059.83492388304
,2000,4367611839180.12,4879.2118834127
,2000,4367611839180.12,406.005282519876
,2000,4367611839180.12,401.535641137769
,2000,4367611839180.12,
,2000,4367611839180.12,1059.83492388304
,2001,27871346372992.0,4867.15021811401
,2001,27871346372992.0,410.337659905215
,2001,27871346372992.0,403.33610854069
,2001,27871346372992.0,
,2001,27871346372992.0,1071.90032392553
,2001,109982758250.168,4867.15021811401
,2001,109982758250.168,410.337659905215
,2001,109982758250.168,403.33610854069
,2001,109982758250.168,
,2001,109982758250.168,1071.90032392553
,2001,1200797924687.21,4867.15021811401
,2001,1200797924687.21,410.337659905215
,2001,1200797924687.21,403.33610854069
,2001,1200797924687.21,
,2001,1200797924687.21,1071.90032392553
,2001,,4867.15021811401
,2001,,410.337659905215
,2001,,403.33610854069
,2001,,
,2001,,1071.90032392553
,2001,4372459590357.57,4867.15021811401
,2001,4372459590357.57,410.337659905215
,2001,4372459590357.57,403.33610854069
,2001,4372459590357.57,
,2001,4372459590357.57,1071.90032392553
,2002,29087762156088.2,4883.818609376
,2002,29087762156088.2,406.813908152561
,2002,29087762156088.2,407.088044431373
,2002,29087762156088.2,
,2002,29087762156088.2,1108.87865383994
,2002,122332129722.928,4883.818609376
,2002,122332129722.928,406.813908152561
,2002,122332129722.928,407.088044431373
,2002,122332129722.928,
,2002,122332129722.928,1108.87865383994
,2002,1268651516969.16,4883.818609376
,2002,1268651516969.16,406.813908152561
,2002,1268651516969.16,407.088044431373
,2002,1268651516969.16,
,2002,1268651516969.16,1108.87865383994
,2002,,4883.818609376
,2002,,406.813908152561
,2002,,407.088044431373
,2002,,
,2002,,1108.87865383994
,2002,4407934527692.62,4883.818609376
,2002,4407934527692.62,406.813908152561
,2002,4407934527692.62,407.088044431373
,2002,4407934527692.62,
,2002,4407934527692.62,1108.87865383994
,2003,32653648831585.9,4939.48211737985
,2003,32653648831585.9,406.738781517467
,2003,32653648831585.9,409.897653186453
,2003,32653648831585.9,
,2003,32653648831585.9,1198.2565727405
,2003,136842895163.453,4939.48211737985
,2003,136842895163.453,406.738781517467
,2003,136842895163.453,409.897653186453
,2003,136842895163.453,
,2003,136842895163.453,1198.2565727405
,2003,1440541629623.4,4939.48211737985
,2003,1440541629623.4,406.738781517467
,2003,1440541629623.4,409.897653186453
,2003,1440541629623.4,
,2003,1440541629623.4,1198.2565727405
,2003,,4939.48211737985
,2003,,406.738781517467
,2003,,409.897653186453
,2003,,
,2003,,1198.2565727405
,2003,4915357805340.9,4939.48211737985
,2003,4915357805340.9,406.738781517467
,2003,4915357805340.9,409.897653186453
,2003,4915357805340.9,
,2003,4915357805340.9,1198.2565727405
,2004,36479616795556.9,4997.65904566946
,2004,36479616795556.9,404.284785524645
,2004,36479616795556.9,422.971371563033
,2004,36479616795556.9,
,2004,36479616795556.9,1303.31606599676
,2004,159851128459.564,4997.65904566946
,2004,159851128459.564,404.284785524645
,2004,159851128459.564,422.971371563033
,2004,159851128459.564,
,2004,159851128459.564,1303.31606599676
,2004,1658632867564.48,4997.65904566946
,2004,1658632867564.48,404.284785524645
,2004,1658632867564.48,422.971371563033
,2004,1658632867564.48,
,2004,1658632867564.48,1303.31606599676
,2004,,4997.65904566946
,2004,,404.284785524645
,2004,,422.971371563033
,2004,,
,2004,,1303.31606599676
,2004,5800084346153.38,4997.65904566946
,2004,5800084346153.38,404.284785524645
,2004,5800084346153.38,422.971371563033
,2004,5800084346153.38,
,2004,5800084346153.38,1303.31606599676
,2005,38739967108318.8,4999.25602581374
,2005,38739967108318.8,417.188635026263
,2005,38739967108318.8,433.035334896467
,2005,38739967108318.8,
,2005,38739967108318.8,1378.16261831654
,2005,193441903012.909,4999.25602581374
,2005,193441903012.909,417.188635026263
,2005,193441903012.909,433.035334896467
,2005,193441903012.909,
,2005,193441903012.909,1378.16261831654
,2005,1911233818659.46,4999.25602581374
,2005,1911233818659.46,417.188635026263
,2005,1911233818659.46,433.035334896467
,2005,1911233818659.46,
,2005,1911233818659.46,1378.16261831654
,2005,,4999.25602581374
,2005,,417.188635026263
,2005,,433.035334896467
,2005,,
,2005,,1378.16261831654
,2005,6895044898247.15,4999.25602581374
,2005,6895044898247.15,417.188635026263
,2005,6895044898247.15,433.035334896467
,2005,6895044898247.15,
,2005,6895044898247.15,1378.16261831654
,2006,41125462538928.5,5006.16320656155
,2006,41125462538928.5,420.604502062241
,2006,41125462538928.5,442.902886481411
,2006,41125462538928.5,
,2006,41125462538928.5,1454.12534748308
,2006,224500542226.204,5006.16320656155
,2006,224500542226.204,420.604502062241
,2006,224500542226.204,442.902886481411
,2006,224500542226.204,
,2006,224500542226.204,1454.12534748308
,2006,2239017341158.09,5006.16320656155
,2006,2239017341158.09,420.604502062241
,2006,2239017341158.09,442.902886481411
,2006,2239017341158.09,
,2006,2239017341158.09,1454.12534748308
,2006,,5006.16320656155
,2006,,420.604502062241
,2006,,442.902886481411
,2006,,
,2006,,1454.12534748308
,2006,8134238729409.14,5006.16320656155
,2006,8134238729409.14,420.604502062241
,2006,8134238729409.14,442.902886481411
,2006,8134238729409.14,
,2006,8134238729409.14,1454.12534748308
,2007,45259229716493.0,5005.04911515932
,2007,45259229716493.0,398.540665942974
,2007,45259229716493.0,455.665098355386
,2007,45259229716493.0,
,2007,45259229716493.0,1527.04379342587
,2007,271818539738.554,5005.04911515932
,2007,271818539738.554,398.540665942974
,2007,271818539738.554,455.665098355386
,2007,271818539738.554,
,2007,271818539738.554,1527.04379342587
,2007,2739324307629.08,5005.04911515932
,2007,2739324307629.08,398.540665942974
,2007,2739324307629.08,455.665098355386
,2007,2739324307629.08,
,2007,2739324307629.08,1527.04379342587
,2007,,5005.04911515932
,2007,,398.540665942974
,2007,,455.665098355386
,2007,,
,2007,,1527.04379342587
,2007,10005758018034.1,5005.04911515932
,2007,10005758018034.1,398.540665942974
,2007,10005758018034.1,455.665098355386
,2007,10005758018034.1,
,2007,10005758018034.1,1527.04379342587
,2008,48511546178932.7,4945.87769609073
,2008,48511546178932.7,407.462124886781
,2008,48511546178932.7,468.6016130175
,2008,48511546178932.7,
,2008,48511546178932.7,1561.86732612698
,2008,324480751168.2,4945.87769609073
,2008,324480751168.2,407.462124886781
,2008,324480751168.2,468.6016130175
,2008,324480751168.2,
,2008,324480751168.2,1561.86732612698
,2008,3030654277104.28,4945.87769609073
,2008,3030654277104.28,407.462124886781
,2008,3030654277104.28,468.6016130175
,2008,3030654277104.28,
,2008,3030654277104.28,1561.86732612698
,2008,,4945.87769609073
,2008,,407.462124886781
,2008,,468.6016130175
,2008,,
,2008,,1561.86732612698
,2008,12105099178344.4,4945.87769609073
,2008,12105099178344.4,407.462124886781
,2008,12105099178344.4,468.6016130175
,2008,12105099178344.4,
,2008,12105099178344.4,1561.86732612698
,2009,45121580672151.6,4710.37107015107
,2009,45121580672151.6,403.870783853672
,2009,45121580672151.6,480.391804748187
,2009,45121580672151.6,
,2009,45121580672151.6,1591.47992860194
,2009,314283743126.396,4710.37107015107
,2009,314283743126.396,403.870783853672
,2009,314283743126.396,480.391804748187
,2009,314283743126.396,
,2009,314283743126.396,1591.47992860194
,2009,3161039130467.91,4710.37107015107
,2009,3161039130467.91,403.870783853672
,2009,3161039130467.91,480.391804748187
,2009,3161039130467.91,
,2009,3161039130467.91,1591.47992860194
,2009,,4710.37107015107
,2009,,403.870783853672
,2009,,480.391804748187
,2009,,
,2009,,1591.47992860194
,2009,12026144793149.3,4710.37107015107
,2009,12026144793149.3,403.870783853672
,2009,12026144793149.3,480.391804748187
,2009,12026144793149.3,
,2009,12026144793149.3,1591.47992860194
,2010,47537047603466.0,4876.65446772849
,2010,47537047603466.0,394.749789507572
,2010,47537047603466.0,499.320673278112
,2010,47537047603466.0,
,2010,47537047603466.0,1703.74576147204
,2010,354666141780.162,4876.65446772849
,2010,354666141780.162,394.749789507572
,2010,354666141780.162,499.320673278112
,2010,354666141780.162,
,2010,354666141780.162,1703.74576147204
,2010,3803232283642.59,4876.65446772849
,2010,3803232283642.59,394.749789507572
,2010,3803232283642.59,499.320673278112
,2010,3803232283642.59,
,2010,3803232283642.59,1703.74576147204
,2010,,4876.65446772849
,2010,,394.749789507572
,2010,,499.320673278112
,2010,,
,2010,,1703.74576147204
,2010,14696874253221.1,4876.65446772849
,2010,14696874253221.1,394.749789507572
,2010,14696874253221.1,499.320673278112
,2010,14696874253221.1,
,2010,14696874253221.1,1703.74576147204
,2011,51761995686417.4,4792.49986591441
,2011,51761995686417.4,382.546660055972
,2011,51761995686417.4,511.589800741187
,2011,51761995686417.4,
,2011,51761995686417.4,1779.13932406849
,2011,384118933677.744,4792.49986591441
,2011,384118933677.744,382.546660055972
,2011,384118933677.744,511.589800741187
,2011,384118933677.744,
,2011,384118933677.744,1779.13932406849
,2011,4244475908827.19,4792.49986591441
,2011,4244475908827.19,382.546660055972
,2011,4244475908827.19,511.589800741187
,2011,4244475908827.19,
,2011,4244475908827.19,1779.13932406849
,2011,,4792.49986591441
,2011,,382.546660055972
,2011,,511.589800741187
,2011,,
,2011,,1779.13932406849
,2011,17574300130715.1,4792.49986591441
,2011,17574300130715.1,382.546660055972
,2011,17574300130715.1,511.589800741187
,2011,17574300130715.1,
,2011,17574300130715.1,1779.13932406849
,2012,51943717152963.8,4744.16983154113
,2012,51943717152963.8,360.361296541674
,2012,51943717152963.8,523.862968675567
,2012,51943717152963.8,
,2012,51943717152963.8,1817.89399314362
,2012,351076378355.804,4744.16983154113
,2012,351076378355.804,360.361296541674
,2012,351076378355.804,523.862968675567
,2012,351076378355.804,
,2012,351076378355.804,1817.89399314362
,2012,4486071662557.55,4744.16983154113
,2012,4486071662557.55,360.361296541674
,2012,4486071662557.55,523.862968675567
,2012,4486071662557.55,
,2012,4486071662557.55,1817.89399314362
,2012,,4744.16983154113
,2012,,360.361296541674
,2012,,523.862968675567
,2012,,
,2012,,1817.89399314362
,2012,18765402050802.8,4744.16983154113
,2012,18765402050802.8,360.361296541674
,2012,18765402050802.8,523.862968675567
,2012,18765402050802.8,
,2012,18765402050802.8,1817.89399314362
,2013,52667085148263.0,4735.77352553838
,2013,52667085148263.0,355.505039319954
,2013,52667085148263.0,525.381230604011
,2013,52667085148263.0,
,2013,52667085148263.0,1855.133720234
,2013,359280509583.968,4735.77352553838
,2013,359280509583.968,355.505039319954
,2013,359280509583.968,525.381230604011
,2013,359280509583.968,
,2013,359280509583.968,1855.133720234
,2013,4743115979872.43,4735.77352553838
,2013,4743115979872.43,355.505039319954
,2013,4743115979872.43,525.381230604011
,2013,4743115979872.43,
,2013,4743115979872.43,1855.133720234
,2013,,4735.77352553838
,2013,,355.505039319954
,2013,,525.381230604011
,2013,,
,2013,,1855.133720234
,2013,19960355834404.7,4735.77352553838
,2013,19960355834404.7,355.505039319954
,2013,19960355834404.7,525.381230604011
,2013,19960355834404.7,
,2013,19960355834404.7,1855.133720234
,2014,53550117992137.3,4693.15154255404
,2014,53550117992137.3,356.743083181899
,2014,53550117992137.3,545.976312027465
,2014,53550117992137.3,
,2014,53550117992137.3,1874.50886747751
,2014,378789607464.815,4693.15154255404
,2014,378789607464.815,356.743083181899
,2014,378789607464.815,545.976312027465
,2014,378789607464.815,
,2014,378789607464.815,1874.50886747751
,2014,5122618957687.69,4693.15154255404
,2014,5122618957687.69,356.743083181899
,2014,5122618957687.69,545.976312027465
,2014,5122618957687.69,
,2014,5122618957687.69,1874.50886747751
,2014,,4693.15154255404
,2014,,356.743083181899
,2014,,545.976312027465
,2014,,
,2014,,1874.50886747751
,2014,20735117855997.0,4693.15154255404
,2014,20735117855997.0,356.743083181899
,2014,20735117855997.0,545.976312027465
,2014,20735117855997.0,
,2014,20735117855997.0,1874.50886747751
,2015,49977567874625.5,4665.77579554508
,2015,49977567874625.5,337.169142122485
,2015,49977567874625.5,550.672646580463
,2015,49977567874625.5,
,2015,49977567874625.5,1849.50761243019
,2015,361782469708.524,4665.77579554508
,2015,361782469708.524,337.169142122485
,2015,361782469708.524,550.672646580463
,2015,361782469708.524,
,2015,361782469708.524,1849.50761243019
,2015,5110516313268.72,4665.77579554508
,2015,5110516313268.72,337.169142122485
,2015,5110516313268.72,550.672646580463
,2015,5110516313268.72,
,2015,5110516313268.72,1849.50761243019
,2015,,4665.77579554508
,2015,,337.169142122485
,2015,,550.672646580463
,2015,,
,2015,,1849.50761243019
,2015,19986614322858.2,4665.77579554508
,2015,19986614322858.2,337.169142122485
,2015,19986614322858.2,550.672646580463
,2015,19986614322858.2,
,2015,19986614322858.2,1849.50761243019
,2016,50927970256186.1,4660.47277425207
,2016,50927970256186.1,333.46418508605
,2016,50927970256186.1,562.321939901303
,2016,50927970256186.1,
,2016,50927970256186.1,1845.32215779508
,2016,317624904429.654,4660.47277425207
,2016,317624904429.654,333.46418508605
,2016,317624904429.654,562.321939901303
,2016,317624904429.654,
,2016,317624904429.654,1845.32215779508
,2016,5319173245722.59,4660.47277425207
,2016,5319173245722.59,333.46418508605
,2016,5319173245722.59,562.321939901303
,2016,5319173245722.59,
,2016,5319173245722.59,1845.32215779508
,2016,,4660.47277425207
,2016,,333.46418508605
,2016,,562.321939901303
,2016,,
,2016,,1845.32215779508
,2016,20085178332818.9,4660.47277425207
,2016,20085178332818.9,333.46418508605
,2016,20085178332818.9,562.321939901303
,2016,20085178332818.9,
,2016,20085178332818.9,1845.32215779508
,2017,53524059312874.9,4676.55003134778
,2017,53524059312874.9,360.744697403942
,2017,53524059312874.9,576.717156539831
,2017,53524059312874.9,
,2017,53524059312874.9,1888.49169267171
,2017,326806567421.383,4676.55003134778
,2017,326806567421.383,360.744697403942
,2017,326806567421.383,576.717156539831
,2017,326806567421.383,
,2017,326806567421.383,1888.49169267171
,2017,5770458203695.0,4676.55003134778
,2017,5770458203695.0,360.744697403942
,2017,5770458203695.0,576.717156539831
,2017,5770458203695.0,
,2017,5770458203695.0,1888.49169267171
,2017,,4676.55003134778
,2017,,360.744697403942
,2017,,576.717156539831
,2017,,
,2017,,1888.49169267171
,2017,22024556422932.4,4676.55003134778
,2017,22024556422932.4,360.744697403942
,2017,22024556422932.4,576.717156539831
,2017,22024556422932.4,
,2017,22024556422932.4,1888.49169267171
,2018,56920619917132.1,4721.67662999205
,2018,56920619917132.1,359.694601317248
,2018,56920619917132.1,588.565898388775
,2018,56920619917132.1,
,2018,56920619917132.1,1941.34599950202
,2018,341989728902.808,4721.67662999205
,2018,341989728902.808,359.694601317248
,2018,341989728902.808,588.565898388775
,2018,341989728902.808,
,2018,341989728902.808,1941.34599950202
,2018,6022782110520.98,4721.67662999205
,2018,6022782110520.98,359.694601317248
,2018,6022782110520.98,588.565898388775
,2018,6022782110520.98,
,2018,6022782110520.98,1941.34599950202
,2018,,4721.67662999205
,2018,,359.694601317248
,2018,,588.565898388775
,2018,,
,2018,,1941.34599950202
,2018,23578896359333.1,4721.67662999205
,2018,23578896359333.1,359.694601317248
,2018,23578896359333.1,588.565898388775
,2018,23578896359333.1,
,2018,23578896359333.1,1941.34599950202
,2019,57456170925405.3,4651.51634234862
,2019,57456170925405.3,358.999565011563
,2019,57456170925405.3,592.089968732024
,2019,57456170925405.3,
,2019,57456170925405.3,1998.87372175311
,2019,352056761148.886,4651.51634234862
,2019,352056761148.886,358.999565011563
,2019,352056761148.886,592.089968732024
,2019,352056761148.886,
,2019,352056761148.886,1998.87372175311
,2019,6527442965633.65,4651.51634234862
,2019,6527442965633.65,358.999565011563
,2019,6527442965633.65,592.089968732024
,2019,6527442965633.65,
,2019,6527442965633.65,1998.87372175311
,2019,,4651.51634234862
,2019,,358.999565011563
,2019,,592.089968732024
,2019,,
,2019,,1998.87372175311
,2019,23981611801327.3,4651.51634234862
,2019,23981611801327.3,358.999565011563
,2019,23981611801327.3,592.089968732024
,2019,23981611801327.3,
,2019,23981611801327.3,1998.87372175311
,2020,55889737341875.5,4375.92757553998
,2020,55889737341875.5,361.074038295031
,2020,55889737341875.5,571.935912742889
,2020,55889737341875.5,
,2020,55889737341875.5,1996.52671715027
,2020,339434568554.002,4375.92757553998
,2020,339434568554.002,361.074038295031
,2020,339434568554.002,571.935912742889
,2020,339434568554.002,
,2020,339434568554.002,1996.52671715027
,2020,6297797215276.77,4375.92757553998
,2020,6297797215276.77,361.074038295031
,2020,6297797215276.77,571.935912742889
,2020,6297797215276.77,
,2020,6297797215276.77,1996.52671715027
,2020,,4375.92757553998
,2020,,361.074038295031
,2020,,571.935912742889
,2020,,
,2020,,1996.52671715027
,2020,23243062185366.1,4375.92757553998
,2020,23243062185366.1,361.074038295031
,2020,23243062185366.1,571.935912742889
,2020,23243062185366.1,
,2020,23243062185366.1,1996.52671715027
,2021,62745314846357.3,4618.52332484001
,2021,62745314846357.3,358.853997751799
,2021,62745314846357.3,599.632368596529
,2021,62745314846357.3,
,2021,62745314846357.3,2116.01484543351
,2021,375494019860.55,4618.52332484001
,2021,375494019860.55,358.853997751799
,2021,375494019860.55,599.632368596529
,2021,375494019860.55,
,2021,375494019860.55,2116.01484543351
,2021,7124669005626.29,4618.52332484001
,2021,7124669005626.29,358.853997751799
,2021,7124669005626.29,599.632368596529
,2021,7124669005626.29,
,2021,7124669005626.29,2116.01484543351
,2021,,4618.52332484001
,2021,,358.853997751799
,2021,,599.632368596529
,2021,,
,2021,,2116.01484543351
,2021,27732726329893.6,4618.52332484001
,2021,27732726329893.6,358.853997751799
,2021,27732726329893.6,599.632368596529
,2021,27732726329893.6,
,2021,27732726329893.6,2116.01484543351
,2022,65081334214971.6,4562.01234393487
,2022,65081334214971.6,364.549291100643
,2022,65081334214971.6,622.391522279927
,2022,65081334214971.6,
,2022,65081334214971.6,2136.83182349628
,2022,434268149844.662,4562.01234393487
,2022,434268149844.662,364.549291100643
,2022,434268149844.662,622.391522279927
,2022,434268149844.662,
,2022,434268149844.662,2136.83182349628
,2022,7588963714927.96,4562.01234393487
,2022,7588963714927.96,364.549291100643
,2022,7588963714927.96,622.391522279927
,2022,7588963714927.96,
,2022,7588963714927.96,2136.83182349628
,2022,,4562.01234393487
,2022,,364.549291100643
,2022,,622.391522279927
,2022,,
,2022,,2136.83182349628
,2022,28940725480186.1,4562.01234393487
,2022,28940725480186.1,364.549291100643
,2022,28940725480186.1,622.391522279927
,2022,28940725480186.1,
,2022,28940725480186.1,2136.83182349628
,2023,68449582732271.5,4430.09810161996
,2023,68449582732271.5,359.224154386362
,2023,68449582732271.5,639.340771863435
,2023,68449582732271.5,
,2023,68449582732271.5,2238.69857637664
,2023,434043376409.571,4430.09810161996
,2023,434043376409.571,359.224154386362
,2023,434043376409.571,639.340771863435
,2023,434043376409.571,
,2023,434043376409.571,2238.69857637664
,2023,7684634708973.7,4430.09810161996
,2023,7684634708973.7,359.224154386362
,2023,7684634708973.7,639.340771863435
,2023,7684634708973.7,
,2023,7684634708973.7,2238.69857637664
,2023,,4430.09810161996
,2023,,359.224154386362
,2023,,639.340771863435
,2023,,
,2023,,2238.69857637664
,2023,29939274216922.3,4430.09810161996
,2023,29939274216922.3,359.224154386362
,2023,29939274216922.3,639.340771863435
,2023,29939274216922.3,
,2023,29939274216922.3,2238.69857637664
,2024,71321142708251.2,4178.06780597196
,2024,71321142708251.2,
,2024,71321142708251.2,
,2024,71321142708251.2,
,2024,71321142708251.2,
,2024,469282282632.522,4178.06780597196
,2024,469282282632.522,
,2024,469282282632.522,
,2024,469282282632.522,
,2024,469282282632.522,
,2024,7941312381464.46,4178.06780597196
,2024,7941312381464.46,
,2024,7941312381464.46,
,2024,7941312381464.46,
,2024,7941312381464.46,
,2024,,4178.06780597196
,2024,,
,2024,,
,2024,,
,2024,,
,2024,30986054597959.2,4178.06780597196
,2024,30986054597959.2,
,2024,30986054597959.2,
,2024,30986054597959.2,
,2024,30986054597959.2,
,2025,,
,2025,,
,2025,,
,2025,,
,2025,,
,2025,,
,2025,,
,2025,,
,2025,,
,2025,,
,2025,,
,2025,,
,2025,,
,2025,,
,2025,,
,2025,,
,2025,,
,2025,,
,2025,,
,2025,,
,2025,,
,2025,,
,2025,,
,2025,,
,2025,,
ABW,1960,,
ABW,1961,,
ABW,1962,,
ABW,1963,,
ABW,1964,,
ABW,1965,,
ABW,1966,,
ABW,1967,,
ABW,1968,,
ABW,1969,,
ABW,1970,,
ABW,1971,,
ABW,1972,,
ABW,1973,,
ABW,1974,,
ABW,1975,,
ABW,1976,,
ABW,1977,,
ABW,1978,,
ABW,1979,,
ABW,1980,,
ABW,1981,,
ABW,1982,,
ABW,1983,,
ABW,1984,,
ABW,1985,,
ABW,1986,405586592.178771,
ABW,1987,487709497.206704,
ABW,1988,596648044.692737,
ABW,1989,695530726.256983,
ABW,1990,764804469.273743,
ABW,1991,872067039.106145,
ABW,1992,958659217.877095,
ABW,1993,1083240223.46369,
ABW,1994,1245810055.86592,
ABW,1995,1320670391.06145,
ABW,1996,1379888268.15642,
ABW,1997,1531843575.41899,
ABW,1998,1665363128.49162,
ABW,1999,1722905027.93296,
ABW,2000,1873452513.96648,
ABW,2001,1896456983.24022,
ABW,2002,1961843575.41899,
ABW,2003,2044111731.84358,
ABW,2004,2254830726.25698,
ABW,2005,2360017318.43575,
ABW,2006,2469782681.56425,
ABW,2007,2677641340.78212,
ABW,2008,2843024581.00559,
ABW,2009,2553793296.08939,
ABW,2010,2453597206.70391,
ABW,2011,2637859217.87709,
ABW,2012,2615208379.88827,
ABW,2013,2727849162.01117,
ABW,2014,2790849720.67039,
ABW,2015,2962906703.91061,
ABW,2016,2983637430.1676,
ABW,2017,3092427932.96089,
ABW,2018,3276187709.49721,
ABW,2019,3346623191.45988,
ABW,2020,2471419181.71957,
ABW,2021,2880902798.92288,
ABW,2022,3324034443.26581,
ABW,2023,3834729616.12027,
ABW,2024,4265650673.00236,
ABW,2025,,
AFE,1960,24205688712.3759,
AFE,1961,24958886027.4641,
AFE,1962,27073233856.5389,
AFE,1963,31769135008.6453,
AFE,1964,30279553206.6418,
AFE,1965,33806176716.8471,
AFE,1966,36927249593.1569,
AFE,1967,38444163573.9168,
AFE,1968,41742001495.4024,
AFE,1969,47048523178.8515,
AFE,1970,47593907819.7874,
AFE,1971,52188685166.5557,
AFE,1972,56726057494.0768,
AFE,1973,73083598128.6821,
AFE,1974,89535976340.3865,
AFE,1975,95295754526.8723,
AFE,1976,96006417139.9693,
AFE,1977,109208244154.943,
AFE,1978,124083421003.115,
AFE,1979,142099959764.832,
AFE,1980,178472295521.021,
AFE,1981,185108969364.767,
AFE,1982,178355547527.525,
AFE,1983,185755503030.119,
AFE,1984,170038515839.183,
AFE,1985,149335153752.165,
AFE,1986,160553515127.741,
AFE,1987,190175229570.901,
AFE,1988,207368870172.406,
AFE,1989,220613390803.074,
AFE,1990,256383050159.487,696.451978962078
AFE,1991,276918502950.348,694.551165103112
AFE,1992,241188307967.9,664.650649283427
AFE,1993,239981176638.05,668.735484063874
AFE,1994,243477534983.306,678.986192364062
AFE,1995,273327034187.587,693.508783681308
AFE,1996,273427612467.252,693.109238322325
AFE,1997,288270699674.414,692.201053370563
AFE,1998,268728127688.21,678.987849456914
AFE,1999,265321007618.974,669.665540536176
AFE,2000,287041984552.036,636.502935700461
AFE,2001,260849957489.123,622.485629993026
AFE,2002,269746009737.978,606.063879728683
AFE,2003,358116081062.427,629.238659403219
AFE,2004,445974808500.088,643.087418641342
AFE,2005,521561976778.096,627.31471741929
AFE,2006,587500469826.421,631.359855754061
AFE,2007,674999944547.619,641.241172037427
AFE,2008,726770401376.729,659.796063598941
AFE,2009,726921646144.603,660.517213958858
AFE,2010,863822114606.332,628.581943379459
AFE,2011,959822476083.878,636.518901561533
AFE,2012,969265729636.028,612.15693401198
AFE,2013,981308886976.783,614.28052434822
AFE,2014,998836162271.296,622.319620309101
AFE,2015,910002035578.038,610.019227944214
AFE,2016,831868076442.431,608.596688850584
AFE,2017,978076465866.452,599.372081461706
AFE,2018,1020955778298.17,585.540908067939
AFE,2019,1018714795912.35,588.962750250377
AFE,2020,938607563405.087,568.192083165737
AFE,2021,1114144799994.21,579.961578587522
AFE,2022,1228967879390.01,568.382394434424
AFE,2023,1179359054880.45,565.221624381903
AFE,2024,1242693542929.85,
AFE,2025,,
AFG,1960,,
AFG,1961,,
AFG,1962,,
AFG,1963,,
AFG,1964,,
AFG,1965,,
AFG,1966,,
AFG,1967,,
AFG,1968,,
AFG,1969,,
AFG,1970,,
AFG,1971,,
AFG,1972,,
AFG,1973,,
AFG,1974,,
AFG,1975,,
AFG,1976,,
AFG,1977,,
AFG,1978,,
AFG,1979,,
AFG,1980,,
AFG,1981,,
AFG,1982,,
AFG,1983,,
AFG,1984,,
AFG,1985,,
AFG,1986,,
AFG,1987,,
AFG,1988,,
AFG,1989,,
AFG,1990,,
AFG,1991,,
AFG,1992,,
AFG,1993,,
AFG,1994,,
AFG,1995,,
AFG,1996,,
AFG,1997,,
AFG,1998,,
AFG,1999,,
AFG,2000,3521418059.92345,
AFG,2001,2813571753.87253,
AFG,2002,3825701438.99963,
AFG,2003,4520946818.54581,
AFG,2004,5224896718.67782,
AFG,2005,6203256538.70967,
AFG,2006,6971758282.29351,
AFG,2007,9747886187.39393,
AFG,2008,10109297047.5432,
AFG,2009,12416152732.0567,
AFG,2010,15856668555.8336,
AFG,2011,17805098206.3141,
AFG,2012,19907329777.5872,
AFG,2013,20146416757.5987,
AFG,2014,20497128555.6972,
AFG,2015,19134221644.7325,
AFG,2016,18116572395.0772,
AFG,2017,18753456497.8159,
AFG,2018,18053222687.4126,
AFG,2019,18799444490.1128,
AFG,2020,19955929052.1496,
AFG,2021,14259995441.0759,
AFG,2022,14497243872.1337,
AFG,2023,17152234636.8715,
AFG,2024,,
AFG,2025,,
AFW,1960,11904805741.6831,
AFW,1961,12707719290.6273,
AFW,1962,13630588814.3032,
AFW,1963,14468913698.0467,
AFW,1964,15803564796.4118,
AFW,1965,16920876929.6607,
AFW,1966,18033947666.935,
AFW,1967,16493541543.816,
AFW,1968,17022596883.7037,
AFW,1969,19301191937.1478,
AFW,1970,26696924213.8055,
AFW,1971,24496786001.8079,
AFW,1972,29489425515.7538,
AFW,1973,36890633234.1126,
AFW,1974,49687223643.2392,
AFW,1975,57280116275.6847,
AFW,1976,68385552348.1688,
AFW,1977,71789497552.1911,
AFW,1978,78778080489.5676,
AFW,1979,96681064864.1808,
AFW,1980,121445961252.94,
AFW,1981,217606540487.256,
AFW,1982,196264853551.918,
AFW,1983,151421439334.1,
AFW,1984,131373058519.308,
AFW,1985,138005066699.39,
AFW,1986,109517776160.1,
AFW,1987,112641148828.574,
AFW,1988,111770322169.923,
AFW,1989,104577372052.932,
AFW,1990,124277825786.697,296.775874407339
AFW,1991,130794315519.503,304.427951285171
AFW,1992,125449432677.392,310.237726200519
AFW,1993,130547124413.669,307.131669709307
AFW,1994,135350756019.393,286.064633284506
AFW,1995,207843864308.605,282.983299671014
AFW,1996,263563556144.176,292.272462396708
AFW,1997,276460023661.745,299.030990047223
AFW,1998,297126502718.937,294.267060718761
AFW,1999,140119071338.285,298.153318993354
AFW,2000,142700161610.079,285.727961102961
AFW,2001,150714426912.056,289.298843787373
AFW,2002,180129182230.862,292.232246823521
AFW,2003,208646527354.851,297.034657057602
AFW,2004,257939299771.713,302.350205005538
AFW,2005,316515667947.035,312.44837525239
AFW,2006,402077365740.581,303.090831870168
AFW,2007,470947616490.719,300.481100964318
AFW,2008,574259808704.121,307.331990919556
AFW,2009,515037106035.659,295.915992412726
AFW,2010,605794323433.505,337.226124845362
AFW,2011,691133400013.31,359.081375300314
AFW,2012,748030003656.802,354.767951508859
AFW,2013,844180401591.48,356.662581712235
AFW,2014,904071921008.085,355.444802351067
AFW,2015,778022057597.448,337.509331262155
AFW,2016,700028168335.244,344.78502392167
AFW,2017,694051345937.233,335.317281503838
AFW,2018,777840323023.311,327.121986812164
AFW,2019,1026996211935.8,344.602825359715
AFW,2020,963784699293.976,342.505826072746
AFW,2021,1026651004045.79,352.333146681331
AFW,2022,1063649130876.99,352.076952767888
AFW,2023,938238370514.198,344.391920786554
AFW,2024,736384961061.523,
AFW,2025,,
AGO,1960,,
AGO,1961,,
AGO,1962,,
AGO,1963,,
AGO,1964,,
AGO,1965,,
AGO,1966,,
AGO,1967,,
AGO,1968,,
AGO,1969,,
AGO,1970,,
AGO,1971,,
AGO,1972,,
AGO,1973,,
AGO,1974,,
AGO,1975,,
AGO,1976,,
AGO,1977,,
AGO,1978,,
AGO,1979,,
AGO,1980,5930503400.96263,
AGO,1981,5550483035.96497,
AGO,1982,5550483035.96497,
AGO,1983,5784341596.36339,
AGO,1984,6131475065.17815,
AGO,1985,7554065410.121,
AGO,1986,7072536108.69711,
AGO,1987,8084412414.26566,
AGO,1988,8769836768.83482,
AGO,1989,10201780976.6696,
AGO,1990,11229515599.3048,506.098906826107
AGO,1991,10603784541.197,501.1013958861
AGO,1992,8307810973.58848,487.66526325083
AGO,1993,5768720421.61367,489.171805015051
AGO,1994,4438321017.39068,480.041934528091
AGO,1995,5538749259.94714,462.901309096839
AGO,1996,7526421519.16979,461.972430152265
AGO,1997,7648380195.59902,456.938754911713
AGO,1998,6506221615.78722,441.442113472347
AGO,1999,6152923310.44546,448.260389267497
AGO,2000,9129594970.15301,444.602070218801
AGO,2001,8936079117.73136,447.53206518973
AGO,2002,17311512432.451,451.424932148885
AGO,2003,20342128111.9753,468.046438436677
AGO,2004,26997977896.5924,455.956720265372
AGO,2005,41396636383.3725,415.699326392916
AGO,2006,58653659979.711,446.81877508588
AGO,2007,73037821926.6813,471.692391849887
AGO,2008,98790432989.4067,497.74359156548
AGO,2009,81705175408.3893,530.447850489733
AGO,2010,95546919754.7633,513.009364141594
AGO,2011,125551634704.473,511.996382247904
AGO,2012,143572907527.976,557.576958378178
AGO,2013,148845200696.792,538.494593402671
AGO,2014,153449860496.402,473.614661498509
AGO,2015,102543067840.732,543.360923983701
AGO,2016,59878249719.3279,487.948973476526
AGO,2017,84376935689.3366,481.000357792661
AGO,2018,89512794227.495,428.639910135522
AGO,2019,80734428592.5368,444.183463637853
AGO,2020,58852456453.8769,423.490503820708
AGO,2021,79559543805.2963,430.74656947008
AGO,2022,131212208930.344,437.568543756493
AGO,2023,107167747140.127,448.870903352713
AGO,2024,100998916781.079,
AGO,2025,,
ALB,1960,,
ALB,1961,,
ALB,1962,,
ALB,1963,,
ALB,1964,,
ALB,1965,,
ALB,1966,,
ALB,1967,,
ALB,1968,,
ALB,1969,,
ALB,1970,,
ALB,1971,,
ALB,1972,,
ALB,1973,,
ALB,1974,,
ALB,1975,,
ALB,1976,,
ALB,1977,,
ALB,1978,,
ALB,1979,,
ALB,1980,1578102105.26316,
ALB,1981,1808177156.17716,
ALB,1982,1861163170.16317,
ALB,1983,1881412587.41259,
ALB,1984,1857337995.338,
ALB,1985,1897050116.55012,
ALB,1986,2097326250.0,
ALB,1987,2080796250.0,
ALB,1988,2051236250.0,
ALB,1989,2253090000.0,
ALB,1990,2028553750.0,813.373801291643
ALB,1991,1099559027.77778,572.755207711702
ALB,1992,652174990.837304,418.273208912166
ALB,1993,1185315468.46295,412.351824377392
ALB,1994,1880950864.41311,441.348009597146
ALB,1995,2905092798.61916,417.034611074232
ALB,1996,3234486232.04392,447.838930515247
ALB,1997,2293666029.99318,384.584954066613
ALB,1998,2600356999.20614,426.818906731072
ALB,1999,3283941510.49964,576.974269147942
ALB,2000,3584570164.85195,581.374748988005
ALB,2001,4059064033.13379,598.228317118281
ALB,2002,4515003116.68036,661.11795163205
ALB,2003,5801712040.48463,649.35788110735
ALB,2004,7406645793.44038,716.623145884767
ALB,2005,8256658249.8128,721.077407396492
ALB,2006,9150528132.17633,707.890606549635
ALB,2007,11116937869.8568,680.948166186712
ALB,2008,13258506375.4518,712.287869024953
ALB,2009,12335540656.1006,734.057809949862
ALB,2010,12086545641.299,731.053397459356
ALB,2011,12973755874.5365,766.894617514824
ALB,2012,12246499747.9714,699.444897699178
ALB,2013,12796985886.1478,826.01838486232
ALB,2014,13296322588.1684,844.590080017958
ALB,2015,11470171826.9575,803.987448070775
ALB,2016,11988668784.6628,840.619363568519
ALB,2017,13258268435.6048,894.466399568989
ALB,2018,15379508329.7568,904.739774695665
ALB,2019,15585111614.0376,908.317252679183
ALB,2020,15241458744.5927,855.185594249541
ALB,2021,18031989573.0294,914.732925521475
ALB,2022,19017247013.8821,884.57221529163
ALB,2023,23491242727.4082,888.463855695385
ALB,2024,27046429296.6673,
ALB,2025,,
AND,1960,,
AND,1961,,
AND,1962,,
AND,1963,,
AND,1964,,
AND,1965,,
AND,1966,,
AND,1967,,
AND,1968,,
AND,1969,,
AND,1970,78617711.0965325,
AND,1971,89406608.1458151,
AND,1972,113414397.365635,
AND,1973,150841639.297444,
AND,1974,186557081.998137,
AND,1975,220112572.205331,
AND,1976,227283850.831271,
AND,1977,253997897.226968,
AND,1978,308020261.164149,
AND,1979,411548748.354729,
AND,1980,446377776.798001,
AND,1981,388983266.199886,
AND,1982,375914743.581006,
AND,1983,327850042.515872,
AND,1984,330073080.637098,
AND,1985,346742714.675152,
AND,1986,481996012.869071,
AND,1987,611299924.540506,
AND,1988,721425939.15155,
AND,1989,795489582.04491,
AND,1990,1028989692.06787,
AND,1991,1106891361.53948,
AND,1992,1209992020.29543,
AND,1993,1007090269.86956,
AND,1994,1017544068.8408,
AND,1995,1178745282.8678,
AND,1996,1224024139.21295,
AND,1997,1180645571.8643,
AND,1998,1211953994.05714,
AND,1999,1240295198.78331,
AND,2000,1432606296.26722,
AND,2001,1548265926.7572,
AND,2002,1764279817.95815,
AND,2003,2366941614.03001,
AND,2004,2900244053.52758,
AND,2005,3161084846.97686,
AND,2006,3459336818.03742,
AND,2007,3957627536.75624,
AND,2008,4102317468.30156,
AND,2009,3688974807.45037,
AND,2010,3449925693.58181,
AND,2011,3629133062.55168,
AND,2012,3188653258.61001,
AND,2013,3193513470.43941,
AND,2014,3271686452.47686,
AND,2015,2789882569.1005,
AND,2016,2896611878.6258,
AND,2017,3000160414.63795,
AND,2018,3218418631.67579,
AND,2019,3155150255.91195,
AND,2020,2891002460.29153,
AND,2021,3324648075.56293,
AND,2022,3380611694.73392,
AND,2023,3785065524.84754,
AND,2024,4039842405.48117,
AND,2025,,
ARB,1960,,
ARB,1961,19998438484.7344,
ARB,1962,20329047307.1191,
ARB,1963,22364472061.2973,
ARB,1964,24813307353.8628,
ARB,1965,26771102387.3542,
ARB,1966,28351046183.4396,
ARB,1967,30600869634.5039,
ARB,1968,34973045350.791,
ARB,1969,38563619624.2434,
ARB,1970,43094140248.5052,
ARB,1971,49930151658.848,
ARB,1972,59970718932.0004,
ARB,1973,79130725986.8478,
ARB,1974,152199035091.115,
ARB,1975,168169966031.31,
ARB,1976,210007567495.429,
ARB,1977,242286792667.265,
ARB,1978,265416211837.584,
ARB,1979,358135553984.577,
ARB,1980,486438763949.335,
ARB,1981,494934288111.785,
ARB,1982,463099887499.949,
ARB,1983,437476513138.035,
ARB,1984,440187316546.138,
ARB,1985,432863846846.03,
ARB,1986,405451959728.242,
ARB,1987,431233175938.527,
ARB,1988,429362637000.525,
ARB,1989,457356344756.136,
ARB,1990,641684045874.297,1094.41934827983
ARB,1991,467929266012.123,1108.51785100491
ARB,1992,467773383888.633,1192.65819613824
ARB,1993,478901764895.936,1235.3981809066
ARB,1994,499875724097.082,1273.88498098292
ARB,1995,528474798399.241,1271.62848128333
ARB,1996,570906157108.378,1286.57490828966
ARB,1997,614595338335.664,1306.90882086722
ARB,1998,598783412688.275,1301.93339538111
ARB,1999,665404837896.43,1283.12233182861
ARB,2000,763400003917.068,1309.46048834149
ARB,2001,744722772315.71,1385.81589863392
ARB,2002,746650656664.553,1424.19533089088
ARB,2003,830076413454.428,1410.0362744247
ARB,2004,987304981951.166,1434.80195463499
ARB,2005,1210081969427.04,1502.79059781383
ARB,2006,1439461108230.61,1543.33884249137
ARB,2007,1674641032780.09,1573.21321390609
ARB,2008,2118071078804.52,1648.77903569146
ARB,2009,1829849574764.63,1688.75984256571
ARB,2010,2161397546202.94,1749.86279596962
ARB,2011,2573067811497.98,1758.99868950217
ARB,2012,2813567531715.43,1794.70125350362
ARB,2013,2883689839002.54,1767.28320371831
ARB,2014,2937035588682.67,1825.45491669435
ARB,2015,2580328583417.41,1827.00104583912
ARB,2016,2536564595458.87,1835.66858638766
ARB,2017,2611323720520.0,1848.35458959009
ARB,2018,2920829737234.67,1824.51004716448
ARB,2019,2965285548936.01,1804.372761765
ARB,2020,2604104981819.8,1678.51011848785
ARB,2021,3085141461685.6,1733.38722241099
ARB,2022,3747416641077.45,1769.42432808562
ARB,2023,3622495663981.78,1802.87198361075
ARB,2024,3735881442514.34,
ARB,2025,,
ARE,1960,,
ARE,1961,,
ARE,1962,,
ARE,1963,,
ARE,1964,,
ARE,1965,,
ARE,1966,,
ARE,1967,,
ARE,1968,,
ARE,1969,,
ARE,1970,685986701.316701,
ARE,1971,939893599.634201,
ARE,1972,1415086929.3006,
ARE,1973,4231243615.86089,
ARE,1974,11651505689.4244,
ARE,1975,14720728248.5355,
ARE,1976,19213158778.7928,
ARE,1977,24871775164.6043,
ARE,1978,23775764224.6832,
ARE,1979,31225659620.9951,
ARE,1980,43599160050.3322,
ARE,1981,49333424135.1131,
ARE,1982,46622718605.2847,
ARE,1983,42803323345.1376,
ARE,1984,41807954235.903,
ARE,1985,40603650231.5445,
ARE,1986,33943612094.7971,
ARE,1987,36384908744.2114,
ARE,1988,36275674203.2144,
ARE,1989,41464995913.9199,
ARE,1990,50701443748.2975,10740.8429217188
ARE,1991,51552165622.4462,11690.0970198374
ARE,1992,54239171887.769,10562.8994380617
ARE,1993,55625170253.337,10572.6698308454
ARE,1994,59305093979.842,11178.3984813089
ARE,1995,65743666575.8649,11360.9014709113
ARE,1996,73571233996.1863,11250.1691193254
ARE,1997,78839008444.5655,10941.7465226956
ARE,1998,75674336283.1858,10375.285992572
ARE,1999,84445473110.9598,9839.14403490257
ARE,2000,104337372362.151,8956.94929901911
ARE,2001,103311640571.818,11703.2751045514
ARE,2002,109816201497.617,10866.2518811768
ARE,2003,124346358066.712,10102.2168560285
ARE,2004,147824370319.946,9441.12715739602
ARE,2005,180617467964.602,9535.07550578601
ARE,2006,222116541865.214,9239.04144595382
ARE,2007,257916133424.098,8929.1273242532
ARE,2008,315474615738.598,9425.05532774732
ARE,2009,253547358747.447,9445.23902000287
ARE,2010,307736419332.88,8849.86287819387
ARE,2011,368881143635.126,8498.19879197847
ARE,2012,392793464942.138,8466.34602792332
ARE,2013,409632675289.313,8654.48549263775
ARE,2014,424935874744.724,9398.40039523838
ARE,2015,381973042886.317,9973.9828745403
ARE,2016,381717086453.37,10191.6184664294
ARE,2017,403365010211.028,8378.97733971587
ARE,2018,440560108917.631,8363.00928463633
ARE,2019,433926208304.969,8736.63609388178
ARE,2020,357161878829.135,8105.43812949633
ARE,2021,422441388699.796,8500.46410586578
ARE,2022,511403403675.97,8303.27667116047
ARE,2023,522622191967.325,9139.5423044996
ARE,2024,552324846834.581,
ARE,2025,,
ARG,1960,15865474315.4056,
ARG,1961,20132220374.9093,
ARG,1962,18337691145.3688,
ARG,1963,18272123664.4715,
ARG,1964,25605249381.7597,
ARG,1965,28344705966.6389,
ARG,1966,28630474727.9023,
ARG,1967,24256667553.2569,
ARG,1968,26436857247.4982,
ARG,1969,31256284543.6155,
ARG,1970,31584210365.5447,
ARG,1971,33293199095.4881,
ARG,1972,34733000536.2862,
ARG,1973,52544000116.9037,
ARG,1974,72436777342.4554,
ARG,1975,52438647921.9226,
ARG,1976,51169499892.1722,
ARG,1977,56781000101.0848,
ARG,1978,89049453088.3282,
ARG,1979,69252328951.6441,
ARG,1980,76961923741.0701,
ARG,1981,78676842366.5529,
ARG,1982,84307486836.724,
ARG,1983,103979106777.911,
ARG,1984,116915052107.031,
ARG,1985,88150891728.1064,
ARG,1986,105872372613.857,
ARG,1987,108810885301.253,
ARG,1988,126890235049.092,
ARG,1989,76629728760.123,
ARG,1990,141352654305.163,1351.48277612519
ARG,1991,189719984268.485,1385.38307033103
ARG,1992,228778917308.17,1407.27675440761
ARG,1993,236741715015.015,1432.607502841
ARG,1994,257440000000.0,1530.52760849222
ARG,1995,258031750000.0,1507.19847475089
ARG,1996,272149750000.0,1534.09177637667
ARG,1997,292859000000.0,1567.39444751302
ARG,1998,298948250000.0,1648.11263598533
ARG,1999,283523000000.0,1666.81862190168
ARG,2000,284203750000.0,1643.32131961789
ARG,2001,268696750000.0,1518.56737304195
ARG,2002,97724004251.8602,1484.25701881625
ARG,2003,127586973492.177,1590.61721067918
ARG,2004,164657930452.787,1740.90890259945
ARG,2005,198737095012.282,1712.4320350003
ARG,2006,232557260817.308,1784.01669776279
ARG,2007,287530508430.568,1845.91422802344
ARG,2008,361558037110.419,1889.40923801554
ARG,2009,332976484577.619,1722.74402909882
ARG,2010,423627422092.49,1826.05112368849
ARG,2011,530158122010.442,1865.25736115683
ARG,2012,545982375701.128,1897.60983922809
ARG,2013,552025140252.246,1928.54922885127
ARG,2014,526319673731.638,1911.61727736839
ARG,2015,594749285413.212,1919.75859208058
ARG,2016,557532320662.955,1889.87018853289
ARG,2017,643628393281.364,1874.82963739464
ARG,2018,524819892360.176,1806.77623499039
ARG,2019,447754683615.225,1777.41507710553
ARG,2020,385740508436.965,1623.92450833523
ARG,2021,486564085480.036,1741.51377200597
ARG,2022,633993756301.08,1808.76021335553
ARG,2023,649461687959.174,1763.50879742948
ARG,2024,638365455340.04,1736.70249657787
ARG,2025,,
ARM,1960,,
ARM,1961,,
ARM,1962,,
ARM,1963,,
ARM,1964,,
ARM,1965,,
ARM,1966,,
ARM,1967,,
ARM,1968,,
ARM,1969,,
ARM,1970,,
ARM,1971,,
ARM,1972,,
ARM,1973,,
ARM,1974,,
ARM,1975,,
ARM,1976,,
ARM,1977,,
ARM,1978,,
ARM,1979,,
ARM,1980,,
ARM,1981,,
ARM,1982,,
ARM,1983,,
ARM,1984,,
ARM,1985,,
ARM,1986,,
ARM,1987,,
ARM,1988,,
ARM,1989,,
ARM,1990,2256863448.77086,2170.25904717637
ARM,1991,2069870129.87013,2248.45036449683
ARM,1992,1272835453.42634,1156.52854495764
ARM,1993,1201312829.27524,634.938401584258
ARM,1994,1315158636.67553,409.762251524819
ARM,1995,1468317435.20148,497.307222678528
ARM,1996,1596968946.23708,543.248963246472
ARM,1997,1639492444.76152,573.598498068918
ARM,1998,1893726437.26462,591.114376781768
ARM,1999,1845482173.02732,578.924652970815
ARM,2000,1911563668.85006,625.503227341883
ARM,2001,2118467913.37873,624.555471332605
ARM,2002,2376335048.39976,586.440648432386
ARM,2003,2807061008.69084,622.582881402385
ARM,2004,3576615240.41616,661.929679898088
ARM,2005,4900469511.10191,798.544180515189
ARM,2006,6384452066.5146,818.274997390362
ARM,2007,9206301269.79164,918.181612522836
ARM,2008,11662040713.8753,973.21714524559
ARM,2009,8647937081.2562,851.338387705143
ARM,2010,9260285755.62424,815.62798698571
ARM,2011,10142111824.5835,896.948023835655
ARM,2012,10619320682.9474,982.442415313472
ARM,2013,11121464437.0415,959.801682347684
ARM,2014,11609513246.7958,1045.97511363021
ARM,2015,10553337518.414,1084.52062940136
ARM,2016,10546136235.5219,1043.09797203416
ARM,2017,11527458709.0158,1105.96696981707
ARM,2018,12457940694.7395,1072.33682481147
ARM,2019,13619290539.2116,1163.09284675689
ARM,2020,12641698583.2152,1233.30455891532
ARM,2021,13878908628.9378,1271.52805556324
ARM,2022,19513506553.1251,1347.59055747413
ARM,2023,24185982215.6543,1300.30532664528
ARM,2024,25955275380.0321,
ARM,2025,,
ASM,1960,,
ASM,1961,,
ASM,1962,,
ASM,1963,,
ASM,1964,,
ASM,1965,,
ASM,1966,,
ASM,1967,,
ASM,1968,,
ASM,1969,,
ASM,1970,,
ASM,1971,,
ASM,1972,,
ASM,1973,,
ASM,1974,,
ASM,1975,,
ASM,1976,,
ASM,1977,,
ASM,1978,,
ASM,1979,,
ASM,1980,,
ASM,1981,,
ASM,1982,,
ASM,1983,,
ASM,1984,,
ASM,1985,,
ASM,1986,,
ASM,1987,,
ASM,1988,,
ASM,1989,,
ASM,1990,,
ASM,1991,,
ASM,1992,,
ASM,1993,,
ASM,1994,,
ASM,1995,,
ASM,1996,,
ASM,1997,,
ASM,1998,,
ASM,1999,,
ASM,2000,,
ASM,2001,,
ASM,2002,512000000.0,
ASM,2003,524000000.0,
ASM,2004,509000000.0,
ASM,2005,500000000.0,
ASM,2006,493000000.0,
ASM,2007,518000000.0,
ASM,2008,560000000.0,
ASM,2009,675000000.0,
ASM,2010,573000000.0,
ASM,2011,570000000.0,
ASM,2012,640000000.0,
ASM,2013,638000000.0,
ASM,2014,643000000.0,
ASM,2015,673000000.0,
ASM,2016,671000000.0,
ASM,2017,612000000.0,
ASM,2018,639000000.0,
ASM,2019,647000000.0,
ASM,2020,721000000.0,
ASM,2021,750000000.0,
ASM,2022,871000000.0,
ASM,2023,,
ASM,2024,,
ASM,2025,,
ATG,1960,,
ATG,1961,,
ATG,1962,,
ATG,1963,,
ATG,1964,,
ATG,1965,,
ATG,1966,,
ATG,1967,,
ATG,1968,,
ATG,1969,,
ATG,1970,,
ATG,1971,,
ATG,1972,,
ATG,1973,,
ATG,1974,,
ATG,1975,,
ATG,1976,,
ATG,1977,77507407.4074074,
ATG,1978,88040740.7407407,
ATG,1979,109596296.296296,
ATG,1980,132451851.851852,
ATG,1981,149388888.888889,
ATG,1982,166444444.444444,
ATG,1983,184866666.666667,
ATG,1984,212214814.814815,
ATG,1985,246370370.37037,
ATG,1986,297562962.962963,
ATG,1987,346866666.666667,
ATG,1988,411396296.296296,
ATG,1989,455174074.074074,
ATG,1990,478718518.518519,1567.0489962896
ATG,1991,504337037.037037,
ATG,1992,525133333.333333,
ATG,1993,565662962.962963,
ATG,1994,625081481.481481,
ATG,1995,616051851.851852,
ATG,1996,679140740.740741,
ATG,1997,734422222.222222,
ATG,1998,789788888.888889,
ATG,1999,835544444.444444,
ATG,2000,901003703.703704,
ATG,2001,877774074.074074,
ATG,2002,898092592.592592,
ATG,2003,948100000.0,
ATG,2004,1026329629.62963,1714.96080996964
ATG,2005,1143896296.2963,1720.86771928502
ATG,2006,1303674074.07407,1774.10550344896
ATG,2007,1487381481.48148,1786.93821599922
ATG,2008,1557640740.74074,
ATG,2009,1386518518.51852,
ATG,2010,1298348148.14815,
ATG,2011,1287359259.25926,
ATG,2012,1364729629.62963,
ATG,2013,1325496296.2963,
ATG,2014,1378707407.40741,
ATG,2015,1437485185.18519,
ATG,2016,1489603703.7037,
ATG,2017,1534855555.55556,
ATG,2018,1661529629.62963,
ATG,2019,1726448148.14815,
ATG,2020,1411637037.03704,
ATG,2021,1602125925.92593,
ATG,2022,1866566666.66667,
ATG,2023,2005785185.18518,
ATG,2024,2207622874.07407,
ATG,2025,,
AUS,1960,18635682981.7093,
AUS,1961,19713123154.0997,
AUS,1962,19953923192.6277,
AUS,1963,21573443451.751,
AUS,1964,23835843813.735,
AUS,1965,26014244162.2791,
AUS,1966,27349284375.8855,
AUS,1967,30487524878.004,
AUS,1968,32763365242.1384,
AUS,1969,36738245878.1193,
AUS,1970,41395206623.2331,
AUS,1971,45283847245.4156,
AUS,1972,52117990654.2056,
AUS,1973,63923126201.1531,
AUS,1974,89086219602.0634,
AUS,1975,97440939505.6671,
AUS,1976,105209354855.787,
AUS,1977,110504702913.512,
AUS,1978,118660813779.849,
AUS,1979,135093718050.665,
AUS,1980,150200557103.064,
AUS,1981,177151979565.773,
AUS,1982,194323071830.52,
AUS,1983,177523719680.081,
AUS,1984,193749932078.26,
AUS,1985,180861108959.102,
AUS,1986,182707050923.335,
AUS,1987,189726707252.515,
AUS,1988,236461079970.431,
AUS,1989,300264309002.14,
AUS,1990,311840666465.053,5047.63880316716
AUS,1991,326416407860.792,4925.05735551339
AUS,1992,325982966981.415,4960.57443467868
AUS,1993,312568858909.5,5171.29276055127
AUS,1994,323269456935.317,5127.43388651941
AUS,1995,368725126225.126,5138.24234027092
AUS,1996,401962517479.122,5429.944199086
AUS,1997,436321902767.408,5497.64639169812
AUS,1998,400361527504.578,5584.82787538452
AUS,1999,390347787943.351,5644.57987814369
AUS,2000,416901962163.479,5681.22885913159
AUS,2001,380360222861.197,5486.39455905443
AUS,2002,396436967262.563,5480.23464289818
AUS,2003,468517181129.878,5615.57675632995
AUS,2004,615643050220.515,5652.13037917952
AUS,2005,696811489612.816,5624.49561264785
AUS,2006,749708370332.989,5775.11675226564
AUS,2007,856603595823.192,5853.76413229662
AUS,2008,1058448244063.77,5951.19291532561
AUS,2009,931761689770.843,5843.93312947132
AUS,2010,1152566632022.13,5762.9435664152
AUS,2011,1402939868653.4,5698.65597309349
AUS,2012,1552728401401.58,5533.72233837943
AUS,2013,1583737461925.39,5533.38146350965
AUS,2014,1474677007565.64,5407.4382264583
AUS,2015,1356805839935.9,5318.66679266228
AUS,2016,1211588128417.61,5216.98867184459
AUS,2017,1330890554614.09,5162.45894302308
AUS,2018,1433144978761.67,5086.37378454852
AUS,2019,1398349602956.35,5231.57466031316
AUS,2020,1333336461648.09,5159.03638381788
AUS,2021,1560617493202.69,5006.44306522882
AUS,2022,1695627535475.8,4942.16372202842
AUS,2023,1734451264655.6,4927.64894813822
AUS,2024,1757022451652.83,4750.15843585384
AUS,2025,,
AUT,1960,6624086313.14334,
AUT,1961,7346566037.83392,
AUT,1962,7793042529.15992,
AUT,1963,8414050621.01716,
AUT,1964,9213648655.97511,
AUT,1965,10041659445.118,
AUT,1966,10939526218.6393,
AUT,1967,11634569521.9273,
AUT,1968,12499863917.1003,
AUT,1969,13647475854.0287,
AUT,1970,15312791743.8476,
AUT,1971,17788536733.1204,
AUT,1972,21973207929.0434,
AUT,1973,29399860144.7748,
AUT,1974,35051468639.576,
AUT,1975,39902300703.1682,
AUT,1976,42791707448.0325,
AUT,1977,51343861460.328,
AUT,1978,61809208755.804,
AUT,1979,73647694287.1848,
AUT,1980,81737498404.5948,
AUT,1981,70755997062.3812,
AUT,1982,70996111962.5716,
AUT,1983,71838528420.4075,
AUT,1984,67719055773.3306,
AUT,1985,69114996009.577,
AUT,1986,98648254168.5444,
AUT,1987,123682091858.946,
AUT,1988,132817124707.456,
AUT,1989,132584448257.93,
AUT,1990,165811372382.912,3240.45366951149
AUT,1991,173113449616.971,3415.50428957491
AUT,1992,194314032056.098,3245.8963821747
AUT,1993,189634029338.696,3256.11678131379
AUT,1994,202738023129.743,3234.79392759607
AUT,1995,240094169510.031,3374.07611625172
AUT,1996,235952581232.129,3580.79320121771
AUT,1997,211724812267.448,3550.91398526082
AUT,1998,217068085815.918,3607.0067907444
AUT,1999,216421809125.916,3592.17196845349
AUT,2000,196181599831.287,3570.94853169443
AUT,2001,196477206829.33,3758.79316326234
AUT,2002,212837224022.813,3771.71949185232
AUT,2003,260779834340.097,3956.93894640762
AUT,2004,299210411454.823,3974.50636807099
AUT,2005,313952317330.776,4084.35261902051
AUT,2006,333905979332.481,4105.07525027388
AUT,2007,386760177589.497,4010.09514877294
AUT,2008,429234399096.173,4027.90556617748
AUT,2009,399290118782.429,3819.49986886808
AUT,2010,389827789217.634,4065.04189639106
AUT,2011,428954737064.057,3927.58256477323
AUT,2012,406750487603.59,3899.1648418957
AUT,2013,426580502769.417,3924.82135403554
AUT,2014,438556021078.034,3750.34480080041
AUT,2015,379546097300.633,3795.51037374619
AUT,2016,393687359770.273,3797.16802222945
AUT,2017,414926138132.691,3839.94805232106
AUT,2018,452582294972.775,3717.62532112148
AUT,2019,442983642371.842,3765.98011899602
AUT,2020,434397601557.696,3546.50449865153
AUT,2021,480466363176.806,3728.13398931398
AUT,2022,473221298968.216,3486.72943293763
AUT,2023,516670509628.876,3308.71167042411
AUT,2024,534790720466.822,3242.2079854812
AUT,2025,,
AZE,1960,,
AZE,1961,,
AZE,1962,,
AZE,1963,,
AZE,1964,,
AZE,1965,,
AZE,1966,,
AZE,1967,,
AZE,1968,,
AZE,1969,,
AZE,1970,,
AZE,1971,,
AZE,1972,,
AZE,1973,,
AZE,1974,,
AZE,1975,,
AZE,1976,,
AZE,1977,,
AZE,1978,,
AZE,1979,,
AZE,1980,,
AZE,1981,,
AZE,1982,,
AZE,1983,,
AZE,1984,,
AZE,1985,,
AZE,1986,,
AZE,1987,,
AZE,1988,,
AZE,1989,,
AZE,1990,8884848484.84848,3158.92272825814
AZE,1991,5344000000.0,3088.31328029663
AZE,1992,444658671.586716,2464.93313825551
AZE,1993,1570392598.14954,2175.6175329618
AZE,1994,1193141110.35043,1948.0597753184
AZE,1995,2417331192.9526,1809.44915921154
AZE,1996,3176507376.31836,1513.85470497375
AZE,1997,3962362387.47922,1444.49013087356
AZE,1998,4446368570.6901,1485.30877090791
AZE,1999,4581248566.50158,1369.28240914717
AZE,2000,5272615722.96892,1403.59874667104
AZE,2001,5707616203.72011,1411.21434888717
AZE,2002,6236087738.28284,1414.77602454642
AZE,2003,7276413079.11451,1476.84102371293
AZE,2004,8680405740.94125,1539.50003907972
AZE,2005,13245421880.834,1600.22780340266
AZE,2006,20981929497.6188,1559.84917576741
AZE,2007,33049419431.2244,1459.38898151201
AZE,2008,48851293785.4483,1587.24837009442
AZE,2009,44292427184.9492,1391.33099195543
AZE,2010,52909294791.9262,1305.91209278641
AZE,2011,65952796427.9473,1396.04478051641
AZE,2012,69679944504.1972,1497.29486664714
AZE,2013,74160560123.6902,1497.90257470252
AZE,2014,75239785452.1022,1526.15877863995
AZE,2015,53076235354.746,1510.91856857889
AZE,2016,37866996882.9157,1480.9342834589
AZE,2017,40866627351.9817,1478.78418442924
AZE,2018,47112470051.7701,1471.37027563956
AZE,2019,48174235294.1176,1587.78477584687
AZE,2020,42693000000.0,1536.83056349558
AZE,2021,54825411764.7059,1623.82932438235
AZE,2022,78807470588.2353,1714.03725982832
AZE,2023,72428470588.2353,1732.19739502846
AZE,2024,74315882352.9412,
AZE,2025,,
BDI,1960,195999990.0,
BDI,1961,202999992.0,
BDI,1962,213500006.0,
BDI,1963,232749998.0,
BDI,1964,260750008.0,
BDI,1965,158994962.962963,
BDI,1966,165444571.428571,
BDI,1967,178297142.857143,
BDI,1968,183200000.0,
BDI,1969,190205714.285714,
BDI,1970,242732571.428571,
BDI,1971,252842285.714286,
BDI,1972,246804571.428571,
BDI,1973,304339523.902476,
BDI,1974,345263492.063492,
BDI,1975,420986666.666667,
BDI,1976,448412753.623188,
BDI,1977,547535555.555556,
BDI,1978,610225555.555556,
BDI,1979,782496666.666667,
BDI,1980,919726666.666667,
BDI,1981,969046666.666667,
BDI,1982,1013222222.22222,
BDI,1983,1082926304.46477,
BDI,1984,987143931.166987,
BDI,1985,1149979285.77347,
BDI,1986,1201725497.06578,
BDI,1987,1131466494.01101,
BDI,1988,1082403219.48787,
BDI,1989,1113924130.41149,
BDI,1990,1132101252.51817,
BDI,1991,1167398478.3459,
BDI,1992,1083037670.60484,
BDI,1993,938632612.026359,
BDI,1994,925030590.153683,
BDI,1995,1000428393.88528,
BDI,1996,869033856.317093,
BDI,1997,972896267.915425,
BDI,1998,893770740.207416,
BDI,1999,808077223.365746,
BDI,2000,870486065.883137,
BDI,2001,876794723.068586,
BDI,2002,825394519.423728,
BDI,2003,784654423.620476,
BDI,2004,915257323.3961,
BDI,2005,1117113079.73645,
BDI,2006,1273375078.44844,
BDI,2007,1356199387.42308,
BDI,2008,1611835857.04588,
BDI,2009,1775495032.424,
BDI,2010,2032135192.01248,
BDI,2011,2235812879.56709,
BDI,2012,2327402362.81574,
BDI,2013,2451624637.67157,
BDI,2014,2705826648.21019,
BDI,2015,2810532912.49975,
BDI,2016,2618093125.14687,
BDI,2017,2831362208.34039,
BDI,2018,2913411408.44783,
BDI,2019,2871555326.31029,
BDI,2020,3227847281.31544,
BDI,2021,3435598072.7935,
BDI,2022,4036192552.88879,
BDI,2023,3430949249.91221,
BDI,2024,3082433067.32634,
BDI,2025,,
BEL,1960,11810619368.3874,
BEL,1961,12561701694.3319,
BEL,1962,13436827166.5187,
BEL,1963,14445805381.3872,
BEL,1964,16168044450.2523,
BEL,1965,17597783297.4583,
BEL,1966,18894891312.2977,
BEL,1967,20252508995.4745,
BEL,1968,21654856965.4281,
BEL,1969,24019653474.9959,
BEL,1970,26706196046.7931,
BEL,1971,29821661869.912,
BEL,1972,37209418018.5134,
BEL,1973,47743801490.3747,
BEL,1974,56033077879.0389,
BEL,1975,65678189097.2908,
BEL,1976,71113882967.6071,
BEL,1977,82839905458.6382,
BEL,1978,101246526194.441,
BEL,1979,116315456796.918,
BEL,1980,126829314388.191,
BEL,1981,104730018470.23,
BEL,1982,92095926187.5331,
BEL,1983,87184239053.2544,
BEL,1984,83349530159.1734,
BEL,1985,86268264148.3796,
BEL,1986,120018787249.413,
BEL,1987,149394404105.889,
BEL,1988,162299103675.261,
BEL,1989,164221056511.057,
BEL,1990,205331747947.851,4804.34618527299
BEL,1991,210510999409.333,5002.44922314732
BEL,1992,234781652446.675,5042.29401936772
BEL,1993,224721795708.955,4897.97659266192
BEL,1994,244884129491.198,5185.9337354394
BEL,1995,288025588396.278,5261.8093544142
BEL,1996,279201433224.756,5527.62586906518
BEL,1997,252708051420.839,5533.73928264128
BEL,1998,258528339631.029,5620.64607760812
BEL,1999,258245733221.468,5610.79882111599
BEL,2000,236792460312.471,5662.98174716427
BEL,2001,236746141604.37,5606.17298271092
BEL,2002,258383599375.177,5397.64817804299
BEL,2003,318082528506.588,5609.48271408916
BEL,2004,369214712443.206,5615.40613034968
BEL,2005,385714762230.039,5549.63760862596
BEL,2006,408259840868.823,5445.56547084695
BEL,2007,470922156309.453,5302.04532963844
BEL,2008,517328087920.078,5425.00683224834
BEL,2009,485014525992.461,5161.34227289199
BEL,2010,481556503720.001,5510.36842215322
BEL,2011,527196649048.639,5063.16739563614
BEL,2012,498414364944.961,4822.68880223172
BEL,2013,524097026598.55,5000.34617077523
BEL,2014,537987419164.351,4701.25771608477
BEL,2015,461044767544.531,4661.66376202285
BEL,2016,474271566739.729,4904.15770755315
BEL,2017,500908767351.53,4863.63280171736
BEL,2018,542638913427.921,4660.20692893781
BEL,2019,536726344405.489,4775.95747475268
BEL,2020,529694473501.791,4386.43050829817
BEL,2021,598522422241.851,4823.5834216252
BEL,2022,591085783326.267,4368.44562567427
BEL,2023,651330595110.011,4051.07409072709
BEL,2024,671370081636.406,4077.82911446826
BEL,2025,,
BEN,1960,226195578.434497,
BEN,1961,235668220.508202,
BEN,1962,236434954.038578,
BEN,1963,253927697.25805,
BEN,1964,269819005.87814,
BEN,1965,289908680.426395,
BEN,1966,302925235.151997,
BEN,1967,306221953.104911,
BEN,1968,326323105.26476,
BEN,1969,330748244.539574,
BEN,1970,333627713.494438,
BEN,1971,335073027.54117,
BEN,1972,410331856.991218,
BEN,1973,504376074.185709,
BEN,1974,554654860.702577,
BEN,1975,676870140.341529,
BEN,1976,698408261.922237,
BEN,1977,750049778.84069,
BEN,1978,928843469.431727,
BEN,1979,1186231019.82044,
BEN,1980,1405251846.54048,
BEN,1981,1291120188.43104,
BEN,1982,1267778670.35902,
BEN,1983,1095348199.43911,
BEN,1984,1051134008.78979,
BEN,1985,1045712789.14884,
BEN,1986,1336102025.27763,
BEN,1987,1562412227.90058,
BEN,1988,1620246083.79478,
BEN,1989,1502294416.17129,
BEN,1990,1959965330.14765,314.609436799463
BEN,1991,1986437796.53053,309.709863805906
BEN,1992,1695315305.70308,307.698007930126
BEN,1993,2274558082.76135,301.262670850293
BEN,1994,1598075943.86774,296.5110317345
BEN,1995,2169627137.9207,296.679128573565
BEN,1996,2361116449.39308,336.540298422814
BEN,1997,2268301646.46707,339.005955567862
BEN,1998,2455092686.34712,324.253310224769
BEN,1999,3677393998.74486,327.943290924178
BEN,2000,3519991440.47913,274.581436432907
BEN,2001,3666222635.13875,283.230273372813
BEN,2002,4194342686.2178,294.724145806201
BEN,2003,5349258094.48239,301.499151686105
BEN,2004,6190270380.49856,305.279536303894
BEN,2005,6567654954.38903,296.647429948477
BEN,2006,7034111314.88812,339.270972775752
BEN,2007,8169048382.83875,358.123373575729
BEN,2008,9787734526.23965,355.191568797727
BEN,2009,9738626517.00319,361.653717680842
BEN,2010,9535345015.78355,363.74357481978
BEN,2011,10693321363.6574,352.901249030589
BEN,2012,11141358115.8991,346.220822053438
BEN,2013,12517845123.9315,366.743087755895
BEN,2014,13284527846.9081,367.294184971858
BEN,2015,11388160996.7738,379.492026672934
BEN,2016,11821065853.3838,409.038821084068
BEN,2017,12701655836.9467,412.304352119196
BEN,2018,14262408089.9261,423.283323822533
BEN,2019,14391686313.4641,414.543641080217
BEN,2020,15686741883.934,426.185478700943
BEN,2021,17687623530.3355,376.055295296953
BEN,2022,17425405090.862,375.820983649337
BEN,2023,19673291004.1444,394.574637069967
BEN,2024,21482643706.4249,
BEN,2025,,
BFA,1960,330442815.821186,
BFA,1961,350247234.260712,
BFA,1962,379567099.249422,
BFA,1963,394040667.106335,
BFA,1964,410321644.964911,
BFA,1965,422916789.7483,
BFA,1966,433889766.239436,
BFA,1967,450753923.548048,
BFA,1968,460442689.376378,
BFA,1969,478298645.39382,
BFA,1970,458404268.761971,
BFA,1971,482411179.121178,
BFA,1972,578595521.990135,
BFA,1973,674773569.877548,
BFA,1974,751133430.449301,
BFA,1975,939972703.463021,
BFA,1976,976547188.054778,
BFA,1977,1131224878.18865,
BFA,1978,1475583644.93614,
BFA,1979,1748480620.52397,
BFA,1980,1928719888.20688,
BFA,1981,1775842333.57042,
BFA,1982,1754450096.23721,
BFA,1983,1600278605.25465,
BFA,1984,1459880132.14107,
BFA,1985,1552493196.28424,
BFA,1986,2036303357.68113,
BFA,1987,2369834949.73234,
BFA,1988,2616040478.99309,
BFA,1989,2615587733.97303,
BFA,1990,3101300778.56414,172.693031083803
BFA,1991,3135045584.08387,173.933403371987
BFA,1992,3356692505.18266,174.239170181508
BFA,1993,3199536465.23328,176.296720313514
BFA,1994,1895290637.09504,173.37906285031
BFA,1995,2379517975.28056,173.276562601483
BFA,1996,2586550595.41013,162.026532515962
BFA,1997,2447669101.95178,162.131858709877
BFA,1998,2804902367.14687,160.958600981487
BFA,1999,3389566712.66037,120.294478166027
BFA,2000,2968370087.59759,122.87633161526
BFA,2001,3190371080.94768,138.808404306933
BFA,2002,3622350062.96053,140.366660183959
BFA,2003,4740768142.67494,145.412202886927
BFA,2004,5451688537.60959,149.202025520624
BFA,2005,6146353173.34929,152.454065294215
BFA,2006,6547419820.38113,160.051947053493
BFA,2007,7625722836.76847,167.380496993818
BFA,2008,9451435490.11467,168.80031087063
BFA,2009,9450696873.34326,171.44988829824
BFA,2010,10109619740.6994,227.93902505697
BFA,2011,12080295977.5632,235.67491386243
BFA,2012,12561015156.5683,249.073217705168
BFA,2013,13444300485.8412,258.239154769277
BFA,2014,13943016076.7436,264.968247644692
BFA,2015,11832159315.6298,279.23778984182
BFA,2016,12833363045.3367,271.637810972099
BFA,2017,14106955615.3442,285.3378108006
BFA,2018,15890066221.2882,300.040816859599
BFA,2019,16032813503.3707,302.824064766459
BFA,2020,17725010532.5268,314.361721282852
BFA,2021,19697516284.3787,310.286656956393
BFA,2022,18622421394.6133,312.969408025336
BFA,2023,20112614449.2039,325.943903136553
BFA,2024,23124729853.0218,
BFA,2025,,
BGD,1960,4274894083.33333,
BGD,1961,4817580375.0,
BGD,1962,5081413541.66667,
BGD,1963,5319458562.5,
BGD,1964,5386054833.33333,
BGD,1965,5906636791.66667,
BGD,1966,6439687854.16667,
BGD,1967,7253575687.5,
BGD,1968,7483685770.83333,
BGD,1969,8471006437.5,
BGD,1970,8992722166.66667,
BGD,1971,8751843187.5,
BGD,1972,6288245866.66667,
BGD,1973,8086725729.3407,
BGD,1974,12512460519.7088,
BGD,1975,19448348073.4565,
BGD,1976,10117113333.3333,
BGD,1977,9651149301.8746,
BGD,1978,13281767142.8571,
BGD,1979,15565480321.9448,
BGD,1980,18138049095.6072,
BGD,1981,20249694002.448,
BGD,1982,18525399201.5968,
BGD,1983,17609048821.5488,
BGD,1984,18920840000.0,
BGD,1985,22278423076.9231,
BGD,1986,21774033333.3333,
BGD,1987,24298032258.0645,
BGD,1988,26579005558.3652,
BGD,1989,28781715188.8919,
BGD,1990,31598340778.2164,114.331978361362
BGD,1991,30957483949.5798,110.553888291038
BGD,1992,31708874594.1645,114.428195176536
BGD,1993,33166519417.9894,117.094222071274
BGD,1994,33768660882.793,121.577169651724
BGD,1995,37939748768.6567,128.922041098335
BGD,1996,46438484107.5795,127.651205584714
BGD,1997,48244309133.4895,130.76316593387
BGD,1998,49984559471.3656,132.276086830776
BGD,1999,51270569883.5275,134.852007238559
BGD,2000,53369787318.6245,135.982829155033
BGD,2001,53991289844.3291,148.299543915937
BGD,2002,54724081490.5102,148.023137823788
BGD,2003,60158929188.2556,153.205274750611
BGD,2004,65108544250.0425,154.277994461916
BGD,2005,69476001239.419,159.86025911281
BGD,2006,71795736172.1561,168.358931806833
BGD,2007,79611644974.5571,174.04541210907
BGD,2008,91636997370.9772,180.593953454978
BGD,2009,102475158190.998,187.6926023298
BGD,2010,115275540051.262,195.623071252394
BGD,2011,128607482310.357,200.332283493272
BGD,2012,133310747603.483,208.079815841876
BGD,2013,149998957434.186,216.73767037563
BGD,2014,172886611653.786,223.001864414998
BGD,2015,195146608978.131,237.200804521803
BGD,2016,265224515675.034,256.237827701744
BGD,2017,293732446624.596,264.090549017021
BGD,2018,321362752441.78,261.271156644512
BGD,2019,351231654603.692,277.950296654643
BGD,2020,373979442362.193,278.638664578008
BGD,2021,416271647911.014,298.53034978646
BGD,2022,460131689083.083,308.276302614701
BGD,2023,437415333018.291,287.753137358845
BGD,2024,450119432068.852,
BGD,2025,,
BGR,1960,,
BGR,1961,,
BGR,1962,,
BGR,1963,,
BGR,1964,,
BGR,1965,,
BGR,1966,,
BGR,1967,,
BGR,1968,,
BGR,1969,,
BGR,1970,,
BGR,1971,,
BGR,1972,,
BGR,1973,,
BGR,1974,,
BGR,1975,,
BGR,1976,,
BGR,1977,,
BGR,1978,,
BGR,1979,,
BGR,1980,19839230769.2308,
BGR,1981,19870000000.0,
BGR,1982,19342000000.0,
BGR,1983,16563666666.6667,
BGR,1984,17594944444.4444,
BGR,1985,17155421052.6316,
BGR,1986,20249294117.6471,
BGR,1987,28101000000.0,
BGR,1988,22555941176.4706,
BGR,1989,21988444444.4444,
BGR,1990,20632090909.0909,3216.70760064006
BGR,1991,7628738475.37666,2593.62279780229
BGR,1992,8602887622.63828,2394.69457031165
BGR,1993,10832064941.654,2588.55746644791
BGR,1994,9709240033.98973,2518.11325421164
BGR,1995,18991484420.36,2745.16022347993
BGR,1996,12294964837.6235,2745.50259738071
BGR,1997,11316127378.9613,2505.6718035438
BGR,1998,15031055046.7575,2437.14753376962
BGR,1999,13637098579.109,2230.75876662596
BGR,2000,13245990274.4581,2276.85216577279
BGR,2001,14183446025.7389,2419.77111113907
BGR,2002,16403043849.8297,2410.06924541046
BGR,2003,21144957990.4681,2489.50818804189
BGR,2004,26157743368.8716,2439.63673677668
BGR,2005,29868657858.0082,2599.1917342682
BGR,2006,34380536495.6739,2696.78264240444
BGR,2007,44431257128.8618,2665.00511750437
BGR,2008,54480684188.4442,2647.46208110447
BGR,2009,52023801230.12,2337.23945196707
BGR,2010,50689051382.4361,2393.89142256038
BGR,2011,57681293006.9721,2592.51617710519
BGR,2012,54297052002.2338,2493.07808043547
BGR,2013,55819262374.9039,2353.30761322829
BGR,2014,57080897012.1077,2499.7069748767
BGR,2015,50765918159.1476,2637.50353455494
BGR,2016,53929397039.2106,2606.61053390992
BGR,2017,59167647387.606,2732.22244053467
BGR,2018,66097226262.2191,2764.27513129547
BGR,2019,68507731353.9114,2771.124202737
BGR,2020,70486877546.4901,2664.55152991688
BGR,2021,84374613233.36,2918.91641380678
BGR,2022,90506153293.6733,2968.65663426552
BGR,2023,102199231384.542,2604.19104505407
BGR,2024,113343355779.985,
BGR,2025,,
BHR,1960,,
BHR,1961,,
BHR,1962,,
BHR,1963,,
BHR,1964,,
BHR,1965,,
BHR,1966,,
BHR,1967,,
BHR,1968,,
BHR,1969,,
BHR,1970,391577364.077364,
BHR,1971,422181562.186708,
BHR,1972,534081183.680728,
BHR,1973,761132545.104221,
BHR,1974,1042176883.51827,
BHR,1975,1099107600.50569,
BHR,1976,1581709518.98261,
BHR,1977,1989060283.04271,
BHR,1978,2272042965.21126,
BHR,1979,2710160739.18742,
BHR,1980,3493834468.02865,
BHR,1981,3943109531.91489,
BHR,1982,4145421079.78723,
BHR,1983,4247030468.08511,
BHR,1984,4440874566.48936,
BHR,1985,4152376484.04255,
BHR,1986,3470746843.08511,
BHR,1987,3856922694.14894,
BHR,1988,4209834172.87234,
BHR,1989,4393093962.76596,
BHR,1990,4809511005.31915,10576.1375209895
BHR,1991,5248911170.21277,10671.794495852
BHR,1992,5402232446.80851,11504.983995158
BHR,1993,5913001063.82979,11627.9853884558
BHR,1994,6330627925.53191,12068.5698908927
BHR,1995,6651180851.06383,11537.6005741003
BHR,1996,6938166755.31915,11566.1634942483
BHR,1997,7219407712.76596,12331.2457338806
BHR,1998,7031309042.55319,12558.2438388176
BHR,1999,7528469148.93617,12575.7861396596
BHR,2000,9062898936.17021,12833.272118279
BHR,2001,8976196808.51064,12648.0885082095
BHR,2002,9593510638.29787,12214.6865774264
BHR,2003,11074813829.7872,11894.9484733033
BHR,2004,13150159574.4681,11271.2138903395
BHR,2005,15968723404.2553,11975.4282360997
BHR,2006,18504760638.2979,11582.0205666291
BHR,2007,21730000000.0,11533.9934710843
BHR,2008,25710904255.3191,11593.7971674415
BHR,2009,22938218085.1064,10432.8967547383
BHR,2010,26805984042.5532,10317.976004905
BHR,2011,29914680851.0638,10624.3872166304
BHR,2012,31963404255.3191,9996.52196196405
BHR,2013,33823324468.0851,11219.433931134
BHR,2014,34772526595.7447,10257.0253426946
BHR,2015,32523297872.3404,10405.6390717453
BHR,2016,33884680851.0638,9878.66504979139
BHR,2017,37204813829.7872,9444.4239393348
BHR,2018,39567978723.4043,9533.85538285247
BHR,2019,40446808510.6383,10388.189018559
BHR,2020,35837632978.7234,10833.6323639495
BHR,2021,40840212765.9574,10665.6287316741
BHR,2022,46458191489.3617,10178.1841297543
BHR,2023,46192260638.2979,10511.6129705274
BHR,2024,47109734308.5106,
BHR,2025,,
BHS,1960,169736027.157764,
BHS,1961,190022030.403525,
BHS,1962,212170033.947205,
BHS,1963,237650038.024006,
BHS,1964,266560042.649607,
BHS,1965,300272048.043528,
BHS,1966,346800000.0,
BHS,1967,398000000.0,
BHS,1968,453800000.0,
BHS,1969,538700000.0,
BHS,1970,539500000.0,
BHS,1971,573400000.0,
BHS,1972,590900000.0,
BHS,1973,670900000.0,
BHS,1974,632400000.0,
BHS,1975,596200000.0,
BHS,1976,642100000.0,
BHS,1977,713000000.0,
BHS,1978,832400000.0,
BHS,1979,1139800100.0,
BHS,1980,1335300000.0,
BHS,1981,1426500000.0,
BHS,1982,1578300000.0,
BHS,1983,1732800000.0,
BHS,1984,2041100000.0,
BHS,1985,2320699900.0,
BHS,1986,2472500000.0,
BHS,1987,2713999900.0,
BHS,1988,2817900000.0,
BHS,1989,3062000000.0,
BHS,1990,3166000000.0,2338.57233506677
BHS,1991,3111160000.0,
BHS,1992,3109000000.0,
BHS,1993,3092000000.0,
BHS,1994,3259000000.0,
BHS,1995,3429000000.0,
BHS,1996,3609000000.0,
BHS,1997,6332360000.0,
BHS,1998,6833220000.0,
BHS,1999,7683870000.0,
BHS,2000,8076470000.0,
BHS,2001,8317830000.0,
BHS,2002,8881160000.0,
BHS,2003,8870090000.0,
BHS,2004,9055290000.0,1954.1941597848
BHS,2005,9836200000.0,2023.87945122625
BHS,2006,10167250000.0,2026.55184786509
BHS,2007,10618340000.0,2006.59998754719
BHS,2008,10526000000.0,
BHS,2009,9981960000.0,
BHS,2010,10095760000.0,
BHS,2011,10070450000.0,
BHS,2012,10720400000.0,
BHS,2013,10475300000.0,
BHS,2014,11139100000.0,
BHS,2015,11837600000.0,
BHS,2016,11880900000.0,
BHS,2017,12446900000.0,
BHS,2018,12819200000.0,
BHS,2019,13277000000.0,
BHS,2020,10363200000.0,
BHS,2021,12037000000.0,
BHS,2022,13896800000.0,
BHS,2023,15271300000.0,
BHS,2024,15832800000.0,
BHS,2025,,
BIH,1960,,
BIH,1961,,
BIH,1962,,
BIH,1963,,
BIH,1964,,
BIH,1965,,
BIH,1966,,
BIH,1967,,
BIH,1968,,
BIH,1969,,
BIH,1970,,
BIH,1971,,
BIH,1972,,
BIH,1973,,
BIH,1974,,
BIH,1975,,
BIH,1976,,
BIH,1977,,
BIH,1978,,
BIH,1979,,
BIH,1980,,
BIH,1981,,
BIH,1982,,
BIH,1983,,
BIH,1984,,
BIH,1985,,
BIH,1986,,
BIH,1987,,
BIH,1988,,
BIH,1989,,
BIH,1990,7753478260.86957,1577.4833806624
BIH,1991,6122959183.67347,1416.82900102755
BIH,1992,4735044707.23969,1050.6167812833
BIH,1993,3630668949.83246,949.289118923978
BIH,1994,1255802469.1358,385.207810762141
BIH,1995,1866572953.73665,402.138722444913
BIH,1996,2786045321.63743,450.357723524427
BIH,1997,3671909673.04401,670.543668952792
BIH,1998,4116774300.60671,818.903187407795
BIH,1999,4686256363.04707,802.329947245603
BIH,2000,5567772768.81188,1044.83032752066
BIH,2001,5800615374.76094,1004.95066006105
BIH,2002,6728220982.88398,1052.10768786264
BIH,2003,8498894359.38629,1052.76815633322
BIH,2004,10156541220.9704,1161.36225812454
BIH,2005,11222796336.5426,1230.32229950965
BIH,2006,12864841905.9543,1304.39455421949
BIH,2007,15778734264.3787,1321.60129723785
BIH,2008,19112796623.1175,1510.20925021027
BIH,2009,17613949091.2294,1602.5317512912
BIH,2010,17176315803.7298,1700.48373318065
BIH,2011,18644233537.1093,1909.67028647304
BIH,2012,17226735995.6905,1821.21222097011
BIH,2013,18179109209.3892,1787.39246392599
BIH,2014,18558734107.1478,1682.31287779308
BIH,2015,16404348361.0926,1755.04377103361
BIH,2016,17116926553.8513,1945.25475764264
BIH,2017,18326373135.6099,1966.74296405564
BIH,2018,20484058033.1144,2205.40019359849
BIH,2019,20482608984.3316,2157.71633026544
BIH,2020,20226038369.9191,2152.73018925591
BIH,2021,23672712121.2671,2267.26088940872
BIH,2022,24534663636.1778,2270.72637629896
BIH,2023,27592361498.4057,2171.0481914264
BIH,2024,29613572022.8993,
BIH,2025,,
BLR,1960,,
BLR,1961,,
BLR,1962,,
BLR,1963,,
BLR,1964,,
BLR,1965,,
BLR,1966,,
BLR,1967,,
BLR,1968,,
BLR,1969,,
BLR,1970,,
BLR,1971,,
BLR,1972,,
BLR,1973,,
BLR,1974,,
BLR,1975,,
BLR,1976,,
BLR,1977,,
BLR,1978,,
BLR,1979,,
BLR,1980,,
BLR,1981,,
BLR,1982,,
BLR,1983,,
BLR,1984,,
BLR,1985,,
BLR,1986,,
BLR,1987,,
BLR,1988,,
BLR,1989,,
BLR,1990,17389558232.9317,4457.4379398096
BLR,1991,18404907975.4601,4341.55699714217
BLR,1992,16939790093.9054,3619.90821413806
BLR,1993,16275073526.9819,3078.21614120512
BLR,1994,14931435232.078,2618.94615391899
BLR,1995,13972683273.5692,2431.09978098082
BLR,1996,14500437519.8258,2506.79637741155
BLR,1997,14128408565.7064,2511.70284864681
BLR,1998,15222012660.4232,2472.95575538019
BLR,1999,12138486532.0203,2419.74819135878
BLR,2000,12736856827.9847,2471.64424935802
BLR,2001,12354820143.8849,2496.01811483439
BLR,2002,14594900944.7658,2560.5012580496
BLR,2003,17825444724.4878,2652.43981373496
BLR,2004,23141566292.9462,2760.11626065827
BLR,2005,30210091836.8294,2776.99847069087
BLR,2006,36961894281.3444,2974.24553406449
BLR,2007,45275711995.825,2925.85288440163
BLR,2008,60752106347.126,2939.40597422615
BLR,2009,50873167326.0414,2789.00314061154
BLR,2010,57231904542.8755,2895.6108099575
BLR,2011,61762382327.9319,3081.68018120351
BLR,2012,65685890438.8922,3219.42653369693
BLR,2013,75527558966.4473,2870.32580279278
BLR,2014,78813069120.9984,2923.57682069269
BLR,2015,56454769844.7632,2660.14026759548
BLR,2016,47723545321.259,2639.09486268036
BLR,2017,54725405751.1559,2692.58344898873
BLR,2018,60031026576.26,2849.29477344053
BLR,2019,64410170653.4569,2748.96883661007
BLR,2020,61371673344.7424,2673.86548599188
BLR,2021,69673747131.87,2929.16750076532
BLR,2022,73775179924.603,2862.48962279083
BLR,2023,72478760370.4258,2856.48127583212
BLR,2024,75961865471.9129,
BLR,2025,,
BLZ,1960,28072478.0724781,
BLZ,1961,29964999.965,
BLZ,1962,31857591.8575919,
BLZ,1963,33750113.7501138,
BLZ,1964,36194586.1945862,
BLZ,1965,40110040.1100401,
BLZ,1966,44450044.4500445,
BLZ,1967,47431255.747674,
BLZ,1968,44999910.00018,
BLZ,1969,47399905.2001896,
BLZ,1970,53339893.3202134,
BLZ,1971,59074687.1961851,
BLZ,1972,65998069.3847631,
BLZ,1973,78214767.8301496,
BLZ,1974,103160450.445869,
BLZ,1975,118194026.251574,
BLZ,1976,97094227.2292471,
BLZ,1977,117650000.0,
BLZ,1978,136300000.0,
BLZ,1979,151800000.0,
BLZ,1980,257400000.0,
BLZ,1981,260750000.0,
BLZ,1982,248550000.0,
BLZ,1983,262150000.0,
BLZ,1984,290350000.0,
BLZ,1985,287300000.0,
BLZ,1986,311500000.0,
BLZ,1987,371100000.0,
BLZ,1988,421450000.0,
BLZ,1989,491100000.0,
BLZ,1990,546750912.28848,580.1852782451
BLZ,1991,596682100.0,
BLZ,1992,695741150.0,
BLZ,1993,752255150.0,
BLZ,1994,771838000.0,
BLZ,1995,818590250.0,
BLZ,1996,850339100.0,
BLZ,1997,872916050.0,
BLZ,1998,929047000.0,
BLZ,1999,999713050.0,
BLZ,2000,1138138100.0,
BLZ,2001,1172045150.0,
BLZ,2002,1243912050.0,
BLZ,2003,1308280250.0,
BLZ,2004,1400202000.0,570.507346662348
BLZ,2005,1474298400.0,575.5529419335
BLZ,2006,1590463100.0,597.475319406137
BLZ,2007,1706190450.0,601.148260722729
BLZ,2008,1738453600.0,
BLZ,2009,1688012750.0,
BLZ,2010,1748988400.0,
BLZ,2011,1831576700.0,
BLZ,2012,1917083500.0,
BLZ,2013,2035191450.0,
BLZ,2014,2138242200.0,
BLZ,2015,2193095150.0,
BLZ,2016,2239604950.0,
BLZ,2017,2266028250.0,
BLZ,2018,2285915050.0,
BLZ,2019,2381187850.0,
BLZ,2020,2047284600.0,
BLZ,2021,2428606250.0,
BLZ,2022,2846604350.0,
BLZ,2023,3052362650.0,
BLZ,2024,3203631800.0,
BLZ,2025,,
BMU,1960,72400000.0,
BMU,1961,76500000.0,
BMU,1962,80700000.0,
BMU,1963,82600000.0,
BMU,1964,92200000.0,
BMU,1965,98000000.0,
BMU,1966,115000000.0,
BMU,1967,134800000.0,
BMU,1968,150000000.0,
BMU,1969,164900000.0,
BMU,1970,186300000.0,
BMU,1971,211100000.0,
BMU,1972,235400000.0,
BMU,1973,269500000.0,
BMU,1974,312600000.0,
BMU,1975,345000000.0,
BMU,1976,386300000.0,
BMU,1977,447000000.0,
BMU,1978,475800000.0,
BMU,1979,517200000.0,
BMU,1980,613299968.0,
BMU,1981,739100032.0,
BMU,1982,785500032.0,
BMU,1983,889400000.0,
BMU,1984,985699968.0,
BMU,1985,1039500032.0,
BMU,1986,1173500032.0,
BMU,1987,1296499968.0,
BMU,1988,1415100032.0,
BMU,1989,1501500032.0,
BMU,1990,1592400000.0,
BMU,1991,1634900000.0,
BMU,1992,1679900000.0,
BMU,1993,1820359900.0,
BMU,1994,1867160100.0,
BMU,1995,2030750000.0,
BMU,1996,2695390000.0,
BMU,1997,2932827000.0,
BMU,1998,3130748000.0,
BMU,1999,3324433000.0,
BMU,2000,3480219000.0,
BMU,2001,3680483000.0,
BMU,2002,3937228000.0,
BMU,2003,4186525000.0,
BMU,2004,4484703000.0,
BMU,2005,4868136000.0,
BMU,2006,6144000000.0,
BMU,2007,6767000000.0,
BMU,2008,6980000000.0,
BMU,2009,6656000000.0,
BMU,2010,6634526000.0,
BMU,2011,6312691000.0,
BMU,2012,6378188000.0,
BMU,2013,6465756000.0,
BMU,2014,6413988000.0,
BMU,2015,6654541000.0,
BMU,2016,6899911000.0,
BMU,2017,7142316000.0,
BMU,2018,7225977000.0,
BMU,2019,7423465000.0,
BMU,2020,6887364000.0,
BMU,2021,7290037000.0,
BMU,2022,7874381000.0,
BMU,2023,8579242000.0,
BMU,2024,9233600000.0,
BMU,2025,,
BOL,1960,377020202.020202,
BOL,1961,410101010.10101,
BOL,1962,448400673.400673,
BOL,1963,482828282.828283,
BOL,1964,544023569.023569,
BOL,1965,604377104.377104,
BOL,1966,669191919.191919,
BOL,1967,755808080.808081,
BOL,1968,857912457.912458,
BOL,1969,929629629.62963,
BOL,1970,1017003367.00337,
BOL,1971,1095622895.6229,
BOL,1972,1257615644.97932,
BOL,1973,1262968515.74213,
BOL,1974,2100249875.06247,
BOL,1975,2404697651.17441,
BOL,1976,2731984007.996,
BOL,1977,3227436281.85907,
BOL,1978,3758220889.55522,
BOL,1979,4421336382.94397,
BOL,1980,4537479608.48287,
BOL,1981,5891598694.9429,
BOL,1982,5594126368.90981,
BOL,1983,5422656823.38212,
BOL,1984,6169483225.35915,
BOL,1985,5377276554.93016,
BOL,1986,3959382833.13461,
BOL,1987,4347956337.93221,
BOL,1988,4597612362.2748,
BOL,1989,4715973437.43673,
BOL,1990,4867582597.51312,360.663520476773
BOL,1991,5343262457.10226,363.520178605686
BOL,1992,5643868748.68126,377.234087378018
BOL,1993,5734699488.84934,396.453818977116
BOL,1994,5981222858.82727,430.219973488726
BOL,1995,6715161732.22658,474.617697341087
BOL,1996,7396949126.35685,520.943557851368
BOL,1997,7925736821.45034,560.060715697775
BOL,1998,8497494652.12546,557.889760775457
BOL,1999,8285064434.56826,536.548837322983
BOL,2000,8397855484.76908,424.500168226749
BOL,2001,8141516928.39489,444.570211427174
BOL,2002,7905485146.44351,520.02460059481
BOL,2003,8082399639.54305,524.195846978688
BOL,2004,8773451751.5121,523.194773521656
BOL,2005,9549122905.32852,567.499087794803
BOL,2006,11451844902.2214,568.374975147183
BOL,2007,13120108008.3477,570.342486679355
BOL,2008,16674276285.8956,572.268566916802
BOL,2009,17339992193.7322,586.29382437989
BOL,2010,19649723722.1034,625.50781114153
BOL,2011,23963164696.592,660.409165317164
BOL,2012,27084497481.9103,703.774758318729
BOL,2013,30659338885.6729,699.381562017113
BOL,2014,32996188017.3661,757.580156073069
BOL,2015,33000198248.9146,748.898977219603
BOL,2016,33941126193.9219,779.010093756017
BOL,2017,45927439594.7902,800.932396505253
BOL,2018,48414038842.2576,803.167323356965
BOL,2019,49056643589.0014,795.587766798846
BOL,2020,42313784081.042,657.789938372448
BOL,2021,47877892402.3155,757.897180576978
BOL,2022,50959081953.6903,799.661765658889
BOL,2023,52340206946.4544,847.306714580511
BOL,2024,54881327452.9667,
BOL,2025,,
BRA,1960,17030465539.3906,
BRA,1961,17275940449.3837,
BRA,1962,19231747851.5332,
BRA,1963,23287712878.2002,
BRA,1964,20963733694.9749,
BRA,1965,22465522884.0988,
BRA,1966,28283323733.1114,
BRA,1967,31086389194.961,
BRA,1968,33930457425.2613,
BRA,1969,37171640818.5863,
BRA,1970,42327664793.6934,
BRA,1971,48869830901.7878,
BRA,1972,58434858374.8696,
BRA,1973,83592275862.9982,
BRA,1974,109794519727.538,
BRA,1975,129203555238.827,
BRA,1976,153168949208.207,
BRA,1977,176344101401.941,
BRA,1978,200278646123.581,
BRA,1979,221338204480.222,
BRA,1980,237393489892.637,
BRA,1981,258015174748.648,
BRA,1982,271314113768.417,
BRA,1983,189656506321.431,
BRA,1984,188339974086.58,
BRA,1985,210879844638.877,
BRA,1986,256480852471.129,
BRA,1987,283056836893.838,
BRA,1988,307881930752.268,
BRA,1989,412990820287.42,
BRA,1990,390725626002.866,942.317182249676
BRA,1991,342609231342.783,943.263545697103
BRA,1992,328187960871.951,937.431462820155
BRA,1993,368295778245.09,945.489101780969
BRA,1994,525369851353.742,980.074664998028
BRA,1995,769333330411.575,998.777374735819
BRA,1996,850426433004.077,1035.82555427523
BRA,1997,883206452795.124,1072.29461426603
BRA,1998,863711007325.493,1082.21810429873
BRA,1999,599642075004.471,1091.29495874763
BRA,2000,655448188259.351,1081.36193393467
BRA,2001,559983704094.17,1086.99299318566
BRA,2002,509795270685.19,1103.40127916211
BRA,2003,558233724164.711,1107.9739157885
BRA,2004,669289321944.512,1157.16905577095
BRA,2005,891633826625.407,1173.71585743449
BRA,2006,1107626711163.23,1202.05933940304
BRA,2007,1397114247188.89,1259.91135986965
BRA,2008,1695855391757.96,1317.23578420454
BRA,2009,1666996294252.12,1262.10043812649
BRA,2010,2208838108484.35,1384.36896688389
BRA,2011,2616156606579.21,1390.00783643031
BRA,2012,2465228293706.86,1433.15306444735
BRA,2013,2472819362043.74,1487.45745839708
BRA,2014,2456043766032.38,1522.42189026812
BRA,2015,1802211999456.42,1482.02057858653
BRA,2016,1795693265999.04,1414.8979311951
BRA,2017,2063514688805.78,1431.95949698072
BRA,2018,1916933708352.71,1403.40232453429
BRA,2019,1873288158838.63,1415.83477031974
BRA,2020,1476107292151.95,1379.24649914162
BRA,2021,1670647464062.96,1430.3934661032
BRA,2022,1951923832083.87,1432.72741132919
BRA,2023,2191131869706.02,1481.22439922518
BRA,2024,2185821648943.86,1511.62383133688
BRA,2025,,
BRB,1960,80021846.9453826,
BRB,1961,85363759.3406016,
BRB,1962,88782583.460208,
BRB,1963,99893761.2655968,
BRB,1964,99252731.4515047,
BRB,1965,105021996.861675,
BRB,1966,113195122.762193,
BRB,1967,125554008.718721,
BRB,1968,125733668.5,
BRB,1969,141393142.0,
BRB,1970,166210203.0,
BRB,1971,186826503.031076,
BRB,1972,213725216.665339,
BRB,1973,260767827.621284,
BRB,1974,311804629.873599,
BRB,1975,402178605.019554,
BRB,1976,435911268.58968,
BRB,1977,495097667.929041,
BRB,1978,552883707.055138,
BRB,1979,670362452.145379,
BRB,1980,1012280614.52792,
BRB,1981,1114204743.20091,
BRB,1982,1163923830.35847,
BRB,1983,1236016506.73694,
BRB,1984,1346890071.09829,
BRB,1985,1409536120.91682,
BRB,1986,1547755183.21484,
BRB,1987,1704370307.76115,
BRB,1988,1812757917.76463,
BRB,1989,2006165166.80754,
BRB,1990,2012131457.26644,1245.20778708495
BRB,1991,2020583702.08323,
BRB,1992,1957000000.0,
BRB,1993,2063342117.03873,
BRB,1994,2151344901.30761,
BRB,1995,2216974096.35559,
BRB,1996,2363645403.47039,
BRB,1997,2498384129.66738,
BRB,1998,2817083478.34734,
BRB,1999,2951822204.54432,
BRB,2000,3059500000.0,
BRB,2001,3054500000.0,
BRB,2002,3106500000.0,
BRB,2003,3209500000.0,
BRB,2004,3444500000.0,1402.92856661853
BRB,2005,3819500000.0,1451.40041532381
BRB,2006,4217323400.0,1474.06315508774
BRB,2007,4675767950.0,1478.1339388399
BRB,2008,4790410400.0,
BRB,2009,4466809600.0,
BRB,2010,5672900000.0,
BRB,2011,5663100000.0,
BRB,2012,5761450000.0,
BRB,2013,5667200000.0,
BRB,2014,5620600000.0,
BRB,2015,5698150000.0,
BRB,2016,5674600000.0,
BRB,2017,5683150000.0,
BRB,2018,6001950000.0,
BRB,2019,6161850000.0,
BRB,2020,5407050000.0,
BRB,2021,5947550000.0,
BRB,2022,6884900000.0,
BRB,2023,7223250000.0,
BRB,2024,7498050000.0,
BRB,2025,,
BRN,1960,,
BRN,1961,,
BRN,1962,,
BRN,1963,,
BRN,1964,,
BRN,1965,114039500.591268,
BRN,1966,132757528.044374,
BRN,1967,139029537.243321,
BRN,1968,160818235.866746,
BRN,1969,161210236.44168,
BRN,1970,179078929.315763,
BRN,1971,197525767.791735,
BRN,1972,270822782.026674,
BRN,1973,433095526.686136,
BRN,1974,2319576214.21329,
BRN,1975,2496420257.54042,
BRN,1976,3054765590.29214,
BRN,1977,3681242528.32494,
BRN,1978,4100423673.58759,
BRN,1979,6044367628.28515,
BRN,1980,10795432293.6119,
BRN,1981,9367218664.31094,
BRN,1982,8932198185.72876,
BRN,1983,7927590750.39502,
BRN,1984,7632788075.1621,
BRN,1985,6967623884.42343,
BRN,1986,4190280002.67381,
BRN,1987,4918010080.03047,
BRN,1988,4535130304.71096,
BRN,1989,4983622880.99938,
BRN,1990,6039881086.68157,6766.20265813163
BRN,1991,6284497293.85546,7438.26203761683
BRN,1992,6327966435.17026,7783.23273590893
BRN,1993,6203339912.15448,7299.53266292428
BRN,1994,6467782517.72242,6603.06657909867
BRN,1995,7700144069.1419,7718.4147112912
BRN,1996,7663377306.04996,7585.30865702678
BRN,1997,7793034376.20807,7652.68069432589
BRN,1998,5550846019.54348,7448.31277617827
BRN,1999,6309070377.5966,7427.44777738284
BRN,2000,6570999087.56742,7306.50805505588
BRN,2001,6096155767.38145,6624.44570244008
BRN,2002,6333082875.56937,6344.70953602184
BRN,2003,7167725261.92713,7227.93461469148
BRN,2004,8619178773.51458,6509.41375687627
BRN,2005,10547202620.5286,6180.90186134327
BRN,2006,12644616418.691,8644.25613377398
BRN,2007,13432029484.4012,8703.6654696927
BRN,2008,15926456515.0049,9379.39547102847
BRN,2009,11912904509.8582,7906.16450304433
BRN,2010,13707121038.4383,8261.092768512
BRN,2011,18524791062.657,9699.3002516897
BRN,2012,19048443340.7732,9446.07290658886
BRN,2013,18094148098.6536,7399.88850699904
BRN,2014,17097797386.0336,8529.79303823974
BRN,2015,12930296870.1247,6437.00247398227
BRN,2016,11400266044.6651,7008.28171997556
BRN,2017,12128168045.1245,8385.25858976533
BRN,2018,13566908391.0895,8304.04242825767
BRN,2019,13469235364.7032,9219.80339333238
BRN,2020,12005799653.9835,9175.89257228992
BRN,2021,14006496617.4458,8962.62325631033
BRN,2022,16681536466.7183,9894.81949906257
BRN,2023,15095084656.1634,8658.00697644634
BRN,2024,15340808592.48,
BRN,2025,,
BTN,1960,,
BTN,1961,,
BTN,1962,,
BTN,1963,,
BTN,1964,,
BTN,1965,,
BTN,1966,,
BTN,1967,,
BTN,1968,,
BTN,1969,,
BTN,1970,61812113.0666667,
BTN,1971,66289450.3252986,
BTN,1972,70139866.8083136,
BTN,1973,78900289.3165483,
BTN,1974,92901784.4986973,
BTN,1975,86820762.4931172,
BTN,1976,88461262.7788474,
BTN,1977,97884433.8024868,
BTN,1978,94086227.6084972,
BTN,1979,105377995.200713,
BTN,1980,128669200.916451,
BTN,1981,139174178.090189,
BTN,1982,141439317.399271,
BTN,1983,156704289.913612,
BTN,1984,160423493.936194,
BTN,1985,163288815.361294,
BTN,1986,191218115.488485,
BTN,1987,242742766.346488,
BTN,1988,272298066.556045,
BTN,1989,264798626.174848,
BTN,1990,287765007.112863,94.9875832998183
BTN,1991,240294286.015925,
BTN,1992,240233531.160464,
BTN,1993,225973692.8371,
BTN,1994,258954708.048533,
BTN,1995,290490983.815778,
BTN,1996,303408345.620078,
BTN,1997,352229076.707627,
BTN,1998,363458380.903342,
BTN,1999,399311199.50776,
BTN,2000,460733418.399276,
BTN,2001,496110225.710307,
BTN,2002,559345263.708309,
BTN,2003,651935430.314445,
BTN,2004,735348490.428435,276.691507415332
BTN,2005,860391000.221655,308.219954220272
BTN,2006,942879878.538879,314.550260212075
BTN,2007,1255767964.00491,359.542084843091
BTN,2008,1317517834.59916,
BTN,2009,1331343797.77308,
BTN,2010,1708880730.20989,
BTN,2011,1977728658.68259,
BTN,2012,1973387227.96519,
BTN,2013,1943696951.65411,
BTN,2014,2089079570.58285,
BTN,2015,2187815803.36833,
BTN,2016,2357504760.78592,
BTN,2017,2591358009.20276,
BTN,2018,2583335721.85904,
BTN,2019,2735683570.46155,
BTN,2020,2457604333.90927,
BTN,2021,2768802960.11204,
BTN,2022,2898227743.75576,
BTN,2023,3012896789.24928,
BTN,2024,,
BTN,2025,,
BWA,1960,30411413.6552828,
BWA,1961,32902612.8664855,
BWA,1962,35644956.6430429,
BWA,1963,38091842.8546863,
BWA,1964,41616347.7906865,
BWA,1965,45788696.3343915,
BWA,1966,51465655.3921083,
BWA,1967,58642354.089673,
BWA,1968,66248441.4182466,
BWA,1969,77361546.5067537,
BWA,1970,96243233.6609837,
BWA,1971,127448613.505061,
BWA,1972,164460914.977201,
BWA,1973,244124164.042218,
BWA,1974,306044207.530203,
BWA,1975,355168571.536751,
BWA,1976,372025093.006273,
BWA,1977,451624780.274597,
BWA,1978,590407374.447116,
BWA,1979,819870258.783053,
BWA,1980,1060889703.75374,
BWA,1981,1073812830.30052,
BWA,1982,1014945695.71927,
BWA,1983,1172230396.58099,
BWA,1984,1240822167.43571,
BWA,1985,1114783342.71539,
BWA,1986,1392602163.53829,
BWA,1987,1965226890.04557,
BWA,1988,2644554158.72794,
BWA,1989,3083822112.02023,
BWA,1990,3790636324.44775,933.106112523037
BWA,1991,3942876703.45184,924.832809645353
BWA,1992,4146464586.61674,1036.20295145007
BWA,1993,4160129174.70569,1009.96722747675
BWA,1994,4259259604.15623,967.997722997679
BWA,1995,4730599121.92704,965.686795328275
BWA,1996,4847757217.75815,919.406030956662
BWA,1997,5020265626.66489,942.69977403279
BWA,1998,4790481509.17679,1040.82117578293
BWA,1999,5484263346.88105,1060.65518051418
BWA,2000,5788329609.15755,1076.29894611858
BWA,2001,5489608299.66445,1065.31507424359
BWA,2002,5438863982.88692,1070.98263332341
BWA,2003,7511582173.37724,1046.96232444977
BWA,2004,8957467706.5354,1075.84312421235
BWA,2005,9918907108.09702,1096.31104775422
BWA,2006,9919158482.41085,1108.59481786635
BWA,2007,10567270655.5027,1124.09478175505
BWA,2008,10730829116.4105,1163.78534932685
BWA,2009,10118459242.3183,1061.94099275505
BWA,2010,12637273429.1339,1140.27710559605
BWA,2011,15110643612.1729,1086.79671897531
BWA,2012,13907464500.1489,1189.34918697362
BWA,2013,14271738933.2042,1200.29802966499
BWA,2014,15470088500.7414,1330.94509587787
BWA,2015,13530748844.505,1285.41275605001
BWA,2016,15082637184.0496,1245.84246824176
BWA,2017,16105155856.7708,1315.80107269841
BWA,2018,17031943186.1353,1305.3130239183
BWA,2019,16725908148.5481,1202.88221787146
BWA,2020,14960251607.8135,1120.17283292873
BWA,2021,18750182236.2211,1149.11419904777
BWA,2022,20321150599.1523,1286.46723695541
BWA,2023,19411266967.1044,1249.83080453765
BWA,2024,19402063512.9066,
BWA,2025,,
CAF,1960,112155598.492157,
CAF,1961,123134583.463559,
CAF,1962,124482773.83306,
CAF,1963,129379123.76305,
CAF,1964,142025078.735754,
CAF,1965,150574795.409863,
CAF,1966,157930018.091087,
CAF,1967,163820513.562432,
CAF,1968,191767441.604577,
CAF,1969,188039210.130379,
CAF,1970,189106529.207011,
CAF,1971,201450799.82635,
CAF,1972,230317883.36443,
CAF,1973,271183082.043062,
CAF,1974,281398705.570596,
CAF,1975,378660016.265936,
CAF,1976,451152461.31276,
CAF,1977,507298147.526539,
CAF,1978,610578631.992983,
CAF,1979,700764747.756462,
CAF,1980,797048198.534875,
CAF,1981,694803622.898966,
CAF,1982,748312390.756606,
CAF,1983,658679332.681331,
CAF,1984,637820670.299604,
CAF,1985,864849836.286193,
CAF,1986,1122265013.42004,
CAF,1987,1200991977.80801,
CAF,1988,1264899287.51261,
CAF,1989,1233930280.91724,
CAF,1990,1440711459.16967,
CAF,1991,1377374986.58709,
CAF,1992,1411917553.12436,
CAF,1993,1278781261.55928,
CAF,1994,851174356.781737,
CAF,1995,1115389673.69197,
CAF,1996,1007791127.09913,
CAF,1997,937741513.015352,
CAF,1998,967338389.650578,
CAF,1999,999477510.686632,
CAF,2000,916777282.691659,
CAF,2001,932648604.751954,
CAF,2002,996068144.884889,
CAF,2003,1142315522.53864,
CAF,2004,1272360517.32373,
CAF,2005,1337894378.73743,
CAF,2006,1461859762.33459,
CAF,2007,1699811294.94935,
CAF,2008,1993407888.49838,
CAF,2009,2067381665.25454,
CAF,2010,2142591540.40068,
CAF,2011,2437982705.12093,
CAF,2012,2510126512.22831,
CAF,2013,1691544110.18543,
CAF,2014,1894813389.40325,
CAF,2015,1695825714.19282,
CAF,2016,1825018144.65595,
CAF,2017,2072349972.6818,
CAF,2018,2220979146.11241,
CAF,2019,2221301351.43918,
CAF,2020,2326720900.38047,
CAF,2021,2516498412.46384,
CAF,2022,2382618615.01694,
CAF,2023,2555492085.94725,
CAF,2024,2751494281.06887,
CAF,2025,,
CAN,1960,40563768946.9503,
CAN,1961,41038192837.9035,
CAN,1962,42336211555.8268,
CAN,1963,45140337826.9869,
CAN,1964,49503663836.3665,
CAN,1965,54649410478.5226,
CAN,1966,61252415404.686,
CAN,1967,65856924423.9721,
CAN,1968,72048833006.1602,
CAN,1969,79405011124.8208,
CAN,1970,88192257632.3093,
CAN,1971,99606454743.5136,
CAN,1972,113463848873.624,
CAN,1973,131764343565.643,
CAN,1974,160949188139.059,
CAN,1975,174419757176.563,
CAN,1976,207271612576.065,
CAN,1977,212325176304.654,
CAN,1978,219369542386.254,
CAN,1979,243891124295.715,
CAN,1980,274776566028.053,
CAN,1981,307246642755.859,
CAN,1982,314647807408.608,
CAN,1983,341866277182.733,
CAN,1984,356718400123.543,
CAN,1985,366186012449.652,
CAN,1986,379006836991.724,
CAN,1987,433134238310.709,
CAN,1988,509380027626.554,
CAN,1989,567211993243.243,
CAN,1990,596075591360.987,7641.54876651682
CAN,1991,612527712315.615,7529.00297774185
CAN,1992,594387358318.855,7616.97320016327
CAN,1993,579053561739.4,7782.92897388185
CAN,1994,579944346807.264,7971.05824834315
CAN,1995,605961090061.207,7995.23710734235
CAN,1996,630607994132.747,8070.95400503596
CAN,1997,654986999855.554,8069.49923971315
CAN,1998,634000000000.0,7963.20719845056
CAN,1999,678412196271.118,8117.62871957032
CAN,2000,744773415931.587,8224.74786425172
CAN,2001,738981792355.372,8017.16666642228
CAN,2002,760649334098.005,7943.44588697183
CAN,2003,895540646634.787,8303.4318789013
CAN,2004,1026690238278.25,8371.02231862308
CAN,2005,1173108598778.68,8369.95929648006
CAN,2006,1319264809590.97,8427.44174185883
CAN,2007,1468820407783.26,8356.30636250042
CAN,2008,1552989690721.65,8098.35289361915
CAN,2009,1374625142157.29,7696.33407281264
CAN,2010,1617343367486.26,7660.75452103288
CAN,2011,1793326630174.52,7716.24822782698
CAN,2012,1828366481521.6,7637.78487245197
CAN,2013,1846597421834.98,7668.79466344868
CAN,2014,1805749878439.94,7780.1475931021
CAN,2015,1556508816217.14,7690.40816617685
CAN,2016,1527994741907.43,7944.50789345873
CAN,2017,1649265644244.09,8175.19037647623
CAN,2018,1725329192783.02,8161.77967501099
CAN,2019,1743725183672.52,8125.58121311618
CAN,2020,1655684730000.19,7495.07932297849
CAN,2021,2022378748423.23,7524.86361233157
CAN,2022,2190411080134.32,7578.02093601237
CAN,2023,2173339670064.33,7336.06703531427
CAN,2024,2243636826633.76,7156.1150442459
CAN,2025,,
CEB,1960,,
CEB,1961,,
CEB,1962,,
CEB,1963,,
CEB,1964,,
CEB,1965,,
CEB,1966,,
CEB,1967,,
CEB,1968,,
CEB,1969,,
CEB,1970,,
CEB,1971,,
CEB,1972,,
CEB,1973,,
CEB,1974,,
CEB,1975,,
CEB,1976,,
CEB,1977,,
CEB,1978,,
CEB,1979,,
CEB,1980,,
CEB,1981,,
CEB,1982,,
CEB,1983,,
CEB,1984,,
CEB,1985,,
CEB,1986,,
CEB,1987,,
CEB,1988,,
CEB,1989,,
CEB,1990,272115195628.928,3096.32937879539
CEB,1991,246710634295.862,2844.62251740774
CEB,1992,255096853829.453,2619.82875751712
CEB,1993,270374645291.362,2612.60198016026
CEB,1994,308675977161.455,2507.84753404283
CEB,1995,394762398480.378,2613.5509797867
CEB,1996,417518097817.205,2702.89757516476
CEB,1997,411143082438.382,2643.57991186793
CEB,1998,449843473353.657,2521.97659479724
CEB,1999,436027644107.052,2398.70518193016
CEB,2000,429412709571.523,2381.7789875388
CEB,2001,469501416107.35,2463.92432408414
CEB,2002,528524764911.334,2488.20279463695
CEB,2003,634291134326.277,2575.75689670154
CEB,2004,763490469817.591,2585.0570772537
CEB,2005,885715817927.209,2629.49750034566
CEB,2006,1001314786967.89,2703.24241265251
CEB,2007,1264257753875.72,2711.3043952263
CEB,2008,1530264815688.71,2714.57232709977
CEB,2009,1289259547165.21,2531.74340604357
CEB,2010,1319443729249.66,2657.48197415251
CEB,2011,1458155270134.3,2658.75435879536
CEB,2012,1361899009858.4,2585.09598428927
CEB,2013,1420222538112.93,2544.19963483215
CEB,2014,1467451281263.28,2486.69110195474
CEB,2015,1297141271990.05,2528.22006328076
CEB,2016,1321561415743.83,2589.29903149768
CEB,2017,1467501784248.85,2707.96339038787
CEB,2018,1656383422202.66,2762.10272447413
CEB,2019,1684318282245.77,2699.50660805025
CEB,2020,1678294256145.3,2621.63600452965
CEB,2021,1926347717339.0,2806.97546373865
CEB,2022,1954419184114.96,2683.1570949953
CEB,2023,2273205742208.3,2527.170728517
CEB,2024,2462005273603.48,2776.30686099912
CEB,2025,,
CHE,1960,10412232620.5258,
CHE,1961,11713348834.3069,
CHE,1962,12989649694.2812,
CHE,1963,14283872299.0456,
CHE,1964,15833133857.6281,
CHE,1965,16780226225.085,
CHE,1966,18019402373.5388,
CHE,1967,19397044714.0963,
CHE,1968,20712102793.8026,
CHE,1969,22442043274.074,
CHE,1970,24998066773.3821,
CHE,1971,30040171750.6471,
CHE,1972,36844318854.2403,
CHE,1973,49550006319.5147,
CHE,1974,57103011445.6416,
CHE,1975,65466081819.2384,
CHE,1976,68476524643.943,
CHE,1977,73135771167.048,
CHE,1978,102280472035.794,
CHE,1979,114970094424.731,
CHE,1980,122557843886.137,
CHE,1981,112244805518.786,
CHE,1982,115043365512.486,
CHE,1983,114634358534.61,
CHE,1984,109455312167.511,
CHE,1985,110980314191.527,
CHE,1986,159089921062.872,
CHE,1987,199236370037.554,
CHE,1988,215540625298.982,
CHE,1989,208105846934.409,
CHE,1990,265763573999.424,3617.21670838019
CHE,1991,268901693863.319,3623.74654312174
CHE,1992,279921425828.474,3606.20840062565
CHE,1993,272237527070.926,3479.20943929761
CHE,1994,301375055202.164,3482.93560412511
CHE,1995,352835806342.495,3405.68478072749
CHE,1996,340103959546.926,3459.89061670209
CHE,1997,294788198856.198,3513.12639714122
CHE,1998,303459014346.806,3544.34495422887
CHE,1999,297873643323.126,3533.47941266544
CHE,2000,279216033870.204,3466.50613217002
CHE,2001,286582672434.226,3658.06649907658
CHE,2002,309301422430.386,3537.53750331779
CHE,2003,362075086507.76,3524.60535957512
CHE,2004,403912891033.374,3513.04226751483
CHE,2005,418284865884.998,3469.41664326823
CHE,2006,441634672196.523,3600.20599088199
CHE,2007,490740715594.802,3391.3409304186
CHE,2008,567267767519.158,3480.20255913467
CHE,2009,554212916092.271,3460.61144395548
CHE,2010,598851028906.58,3323.41218501892
CHE,2011,715888126682.396,3181.06687778874
CHE,2012,686420221557.99,3175.97090168674
CHE,2013,706234937370.968,3274.49948136129
CHE,2014,726537808338.0,3031.17447656808
CHE,2015,694118186379.628,2927.96015319396
CHE,2016,687895460902.713,2819.83095943189
CHE,2017,695200833086.499,2809.47945669194
CHE,2018,725568717468.001,2806.4991558403
CHE,2019,721369112726.724,2857.15819180217
CHE,2020,741999406005.627,2690.39023280182
CHE,2021,815309330986.719,2619.80556120156
CHE,2022,828508926958.393,2591.92141040481
CHE,2023,894424821645.205,2511.37154209497
CHE,2024,936564198048.516,2491.51225467078
CHE,2025,,
CHI,1960,,
CHI,1961,,
CHI,1962,,
CHI,1963,,
CHI,1964,,
CHI,1965,,
CHI,1966,,
CHI,1967,,
CHI,1968,,
CHI,1969,,
CHI,1970,,
CHI,1971,,
CHI,1972,,
CHI,1973,,
CHI,1974,,
CHI,1975,,
CHI,1976,,
CHI,1977,,
CHI,1978,,
CHI,1979,,
CHI,1980,,
CHI,1981,,
CHI,1982,,
CHI,1983,,
CHI,1984,,
CHI,1985,,
CHI,1986,,
CHI,1987,,
CHI,1988,,
CHI,1989,,
CHI,1990,,
CHI,1991,,
CHI,1992,,
CHI,1993,,
CHI,1994,,
CHI,1995,,
CHI,1996,,
CHI,1997,,
CHI,1998,5945677376.61477,
CHI,1999,6262740656.85164,
CHI,2000,6439703434.71024,
CHI,2001,6232906290.4851,
CHI,2002,6663669064.7482,
CHI,2003,7332244897.95918,
CHI,2004,8553643354.08275,
CHI,2005,8827272727.27273,
CHI,2006,9676172953.08188,
CHI,2007,11514605842.3369,
CHI,2008,,
CHI,2009,9100755725.19084,
CHI,2010,8902359316.35606,
CHI,2011,9648680025.8275,
CHI,2012,9454638123.23572,
CHI,2013,9594745810.67159,
CHI,2014,10527973277.6068,
CHI,2015,10109273770.329,
CHI,2016,9168857222.32574,
CHI,2017,9170044517.20264,
CHI,2018,10026394043.6136,
CHI,2019,10031864649.0819,
CHI,2020,9439810769.23077,
CHI,2021,11157540109.8939,
CHI,2022,11308272505.183,
CHI,2023,12507320838.3932,
CHI,2024,,
CHI,2025,,
CHL,1960,4211103676.74027,
CHL,1961,4948564550.91046,
CHL,1962,5765971144.47142,
CHL,1963,5702520146.03167,
CHL,1964,6065708668.32735,
CHL,1965,6183988944.34606,
CHL,1966,7256882086.19585,
CHL,1967,7145068067.64138,
CHL,1968,7286820526.02462,
CHL,1969,8456519044.38223,
CHL,1970,9261006540.15907,
CHL,1971,10999807567.1235,
CHL,1972,12057501634.979,
CHL,1973,17237336172.7878,
CHL,1974,16584311220.1384,
CHL,1975,7812161793.11971,
CHL,1976,10523479088.8075,
CHL,1977,14272711436.7475,
CHL,1978,16373093553.7155,
CHL,1979,22249574627.6911,
CHL,1980,29586676576.0951,
CHL,1981,35180322211.2903,
CHL,1982,19710229067.2864,
CHL,1983,20629678694.0684,
CHL,1984,19974595028.1582,
CHL,1985,17933557359.8036,
CHL,1986,19197818084.6757,
CHL,1987,22605488850.8981,
CHL,1988,26174858613.8456,
CHL,1989,30101767991.1135,
CHL,1990,33428580448.2715,1042.63924696805
CHL,1991,38232330917.2011,1048.54685125944
CHL,1992,46538895685.8088,1115.74449791436
CHL,1993,49934943320.8828,1125.82760632048
CHL,1994,57438273591.0521,1192.35792309529
CHL,1995,73820425701.6603,1262.61937956632
CHL,1996,78584098983.6374,1378.90684276783
CHL,1997,85741415285.165,1523.53564987188
CHL,1998,81990010704.0602,1557.21131062443
CHL,1999,75578685735.5219,1633.86338932833
CHL,2000,78339750721.364,1623.48012689232
CHL,2001,71574739561.4329,1574.84475911504
CHL,2002,70264045939.2773,1612.43130205148
CHL,2003,76492579644.0605,1612.22953620512
CHL,2004,99075985773.6682,1699.73240740445
CHL,2005,122294145163.192,1735.08874376693
CHL,2006,153843518170.864,1788.47442583539
CHL,2007,172491076033.863,1836.95620548021
CHL,2008,179894594475.405,1801.2828820239
CHL,2009,171777900623.892,1735.83895157902
CHL,2010,217051209238.534,1795.6817303266
CHL,2011,251382573893.87,1937.32339633854
CHL,2012,267024782486.855,2123.49178972428
CHL,2013,277395018842.417,2177.50491871487
CHL,2014,259560978224.359,1946.21181666587
CHL,2015,242450355830.884,1968.30286182049
CHL,2016,249344863928.438,2070.46958170364
CHL,2017,276154259981.097,2065.97571745805
CHL,2018,295857562991.709,2067.9764736837
CHL,2019,278285058719.466,2154.35451877758
CHL,2020,254042159309.311,1946.16760616995
CHL,2021,315325547162.072,2032.98120427379
CHL,2022,301226575540.242,2081.99751245711
CHL,2023,335518054097.637,2059.27616196845
CHL,2024,330267137371.592,2029.03299532593
CHL,2025,,
CHN,1960,59846235024.7318,
CHN,1961,50162299349.7871,
CHN,1962,47310737754.2287,
CHN,1963,50812227918.5753,
CHN,1964,59821862703.4023,
CHN,1965,70565994356.1828,
CHN,1966,76854053259.209,
CHN,1967,73011350596.2485,
CHN,1968,70980323818.7853,
CHN,1969,79847786729.1898,
CHN,1970,92752930873.1912,
CHN,1971,99959013879.6308,
CHN,1972,113871930713.841,
CHN,1973,138764340892.0,
CHN,1974,144418433058.472,
CHN,1975,163687619735.857,
CHN,1976,154196810058.643,
CHN,1977,175226595859.778,
CHN,1978,149788617886.179,
CHN,1979,178573913043.478,
CHN,1980,191487500000.0,
CHN,1981,196218253968.254,
CHN,1982,205480916030.534,
CHN,1983,231130268199.234,
CHN,1984,260442857142.857,
CHN,1985,310064625850.34,
CHN,1986,301310144927.536,
CHN,1987,273455156950.673,
CHN,1988,312888888888.889,
CHN,1989,348380566801.619,
CHN,1990,361560229445.507,773.250116673841
CHN,1991,384510452961.672,740.586120549437
CHN,1992,428502354788.069,756.63514647117
CHN,1993,446557291212.148,792.633509359554
CHN,1994,566929539493.172,821.273750333988
CHN,1995,738190896227.55,872.82633002387
CHN,1996,868523936530.083,884.894160616361
CHN,1997,967753570434.667,876.489344673065
CHN,1998,1037134141760.35,872.405987083978
CHN,1999,1103843203575.64,880.738578841902
CHN,2000,1223754919971.05,898.07500446721
CHN,2001,1355036590251.52,921.506436459842
CHN,2002,1489821682050.54,976.159336791292
CHN,2003,1683903309843.85,1105.13742396493
CHN,2004,1984196551300.44,1249.04415339994
CHN,2005,2317551298052.05,1369.79197119649
CHN,2006,2791498472804.33,1490.18647938836
CHN,2007,3604055822571.63,1595.46606847798
CHN,2008,4667346414521.95,1629.97754209383
CHN,2009,5189577094997.58,1728.61645229501
CHN,2010,6192564874453.29,1899.79996108685
CHN,2011,7671757207851.29,2027.46525356855
CHN,2012,8673664713189.24,2085.21872095825
CHN,2013,9743124247267.24,2137.32572690907
CHN,2014,10674533168257.4,2177.55011435267
CHN,2015,11280814787468.9,2175.1544486832
CHN,2016,11456024084962.0,2149.2047500244
CHN,2017,12537559062282.9,2215.91139022057
CHN,2018,14147765772963.8,2310.87757050979
CHN,2019,14560167101283.4,2397.96868908473
CHN,2020,14996414166715.1,2465.96954605987
CHN,2021,18201698719564.0,2623.79959356116
CHN,2022,18316765021690.2,2676.48200976111
CHN,2023,18270356654533.2,2850.94152906511
CHN,2024,18743803170827.2,
CHN,2025,,
CIV,1960,546203559.344361,
CIV,1961,618245634.179831,
CIV,1962,645284473.733691,
CIV,1963,761047198.029653,
CIV,1964,921063326.589918,
CIV,1965,919771228.816095,
CIV,1966,1024102880.05862,
CIV,1967,1082922724.87189,
CIV,1968,1281281276.72357,
CIV,1969,1361360293.42665,
CIV,1970,1455482795.40691,
CIV,1971,1584128509.46873,
CIV,1972,1849400401.64724,
CIV,1973,2508421426.17572,
CIV,1974,3070152309.21903,
CIV,1975,3893839190.26806,
CIV,1976,4662053824.83955,
CIV,1977,6265068189.37782,
CIV,1978,7900526298.31993,
CIV,1979,9142933966.79465,
CIV,1980,10175617609.0962,
CIV,1981,8432589942.39434,
CIV,1982,7567110848.92228,
CIV,1983,6838184772.52063,
CIV,1984,6841639246.8996,
CIV,1985,6977650643.99488,
CIV,1986,9158302099.57957,
CIV,1987,10087654464.8168,
CIV,1988,10255169805.7996,
CIV,1989,9757410644.6679,
CIV,1990,10795850582.779,356.502117281303
CIV,1991,10492628580.7484,352.461369088107
CIV,1992,11152971273.9383,369.364695221915
CIV,1993,11045760288.1206,367.602465008283
CIV,1994,8313557510.14757,362.145601848293
CIV,1995,11000146266.5135,346.984629535557
CIV,1996,18071152830.6101,374.944288632764
CIV,1997,18047558037.7036,368.164390395265
CIV,1998,19619654755.679,353.64180757645
CIV,1999,18870992455.568,408.120587715421
CIV,2000,16577533891.8785,383.698511747895
CIV,2001,16810537043.8407,359.274350379988
CIV,2002,18054383320.8474,374.217410519231
CIV,2003,21251754340.4305,345.063532585105
CIV,2004,23510575681.3686,474.644512103845
CIV,2005,24036918703.1747,479.367342054554
CIV,2006,25281413263.3712,460.427068503443
CIV,2007,28760090953.3081,484.162880249649
CIV,2008,34078240293.2559,475.685968287363
CIV,2009,33886813250.2036,426.33967683994
CIV,2010,34936307980.063,369.59298919728
CIV,2011,36693710801.3976,412.202996239574
CIV,2012,36302302877.2977,442.184553267778
CIV,2013,42760235484.6093,446.309801337907
CIV,2014,48843005613.7091,438.71877312695
CIV,2015,45815005169.2651,383.889010732408
CIV,2016,48407761036.8238,391.655583364613
CIV,2017,52512343996.69,392.588824263082
CIV,2018,58522477786.6889,358.54922881191
CIV,2019,60382894697.3557,376.743212908005
CIV,2020,63027852805.4204,385.900911896689
CIV,2021,72794636653.7793,475.7701142407
CIV,2022,70922824813.9102,483.894918210023
CIV,2023,80780312569.1646,483.503922762538
CIV,2024,87113179149.284,
CIV,2025,,
CMR,1960,614206068.497266,
CMR,1961,652777608.320492,
CMR,1962,694247864.3789,
CMR,1963,718320845.044338,
CMR,1964,776650176.904453,
CMR,1965,814083265.511426,
CMR,1966,851112534.552636,
CMR,1967,936175260.030919,
CMR,1968,1046191217.79942,
CMR,1969,1100551488.62689,
CMR,1970,1151216992.88095,
CMR,1971,1236941394.11447,
CMR,1972,1498251889.66287,
CMR,1973,1901393361.02282,
CMR,1974,2157415532.54796,
CMR,1975,2857037371.05886,
CMR,1976,2898090001.8562,
CMR,1977,3394664024.05503,
CMR,1978,4662852583.13256,
CMR,1979,5919002982.602,
CMR,1980,6674569046.6832,
CMR,1981,6610938616.6643,
CMR,1982,6611255963.83584,
CMR,1983,6870200009.90065,
CMR,1984,7311938026.36713,
CMR,1985,8544810497.9889,
CMR,1986,11857056199.0765,
CMR,1987,13049659981.1373,
CMR,1988,12236057362.4917,
CMR,1989,11012566195.0255,
CMR,1990,12314482627.8454,439.606062625838
CMR,1991,11840192296.3893,431.11357000305
CMR,1992,12071775335.0433,423.490408119425
CMR,1993,16181814712.5295,425.855803438794
CMR,1994,8902446252.18372,428.433215568987
CMR,1995,10864772470.9043,424.113046017593
CMR,1996,11093538846.4483,423.04888018603
CMR,1997,10789458432.6416,426.60075345789
CMR,1998,11298144990.4104,427.346733797867
CMR,1999,11565826464.8921,419.366598563602
CMR,2000,10566579294.9831,425.839473286279
CMR,2001,10953485349.1135,419.668248263033
CMR,2002,12417251350.4882,429.502648089236
CMR,2003,15970315034.9903,435.147080636702
CMR,2004,18826214135.6419,437.082365532497
CMR,2005,19509852206.9341,428.539594062507
CMR,2006,20910512974.933,385.035153073309
CMR,2007,23928250433.0378,352.800578879997
CMR,2008,27715142032.913,345.872865150161
CMR,2009,27932970317.129,363.545092180369
CMR,2010,27507501821.0296,356.137612718812
CMR,2011,30630910495.217,363.156706967406
CMR,2012,30155062329.2821,368.67461829541
CMR,2013,33728621180.3231,375.371615915553
CMR,2014,36386544706.0806,395.064505975311
CMR,2015,32210233020.4569,402.819924200123
CMR,2016,33814337044.3765,399.88337314644
CMR,2017,36098547033.1655,392.866372374935
CMR,2018,39955552189.795,392.351717702361
CMR,2019,39667757527.6578,387.38570034475
CMR,2020,40773241177.0505,386.861060816622
CMR,2021,45011937346.8384,378.003030105632
CMR,2022,44347206072.5513,374.114620505852
CMR,2023,48814501547.4313,370.718209068186
CMR,2024,53296694320.2057,
CMR,2025,,
COD,1960,3359404117.64706,
COD,1961,3086746857.14286,
COD,1962,3779841428.57143,
COD,1963,6213185742.57426,
COD,1964,2881545272.72727,
COD,1965,4043901818.18182,
COD,1966,4532660181.81818,
COD,1967,3384063371.75792,
COD,1968,3909780538.92216,
COD,1969,5032434970.05988,
COD,1970,4877684910.17964,
COD,1971,5594770359.28144,
COD,1972,6173712814.37126,
COD,1973,7870239461.07784,
COD,1974,9596960179.64072,
COD,1975,10237343173.6527,
COD,1976,9648583224.99212,
COD,1977,12344424763.5727,
COD,1978,15372608002.3923,
COD,1979,15068422236.3663,
COD,1980,14394927494.8647,
COD,1981,12537821038.2202,
COD,1982,13651667371.1676,
COD,1983,11006712650.4481,
COD,1984,7857729193.20343,
COD,1985,7195042616.0071,
COD,1986,8095367168.21769,
COD,1987,7661625472.57705,
COD,1988,8861299976.74158,
COD,1989,9021862775.18112,
COD,1990,9349764580.41173,321.669866238426
COD,1991,9625436872.51075,311.51635511713
COD,1992,8227343907.26679,306.67618026523
COD,1993,10706259936.7425,301.831840128151
COD,1994,5820382248.28202,288.919935754659
COD,1995,5643439376.10491,288.923002560147
COD,1996,5771456952.1908,293.054190992552
COD,1997,6090838693.27145,293.452619115135
COD,1998,6217805820.77104,292.579860554724
COD,1999,4711259427.27273,283.698094549272
COD,2000,19088046305.7971,275.387991752247
COD,2001,7438189100.33333,275.762066091527
COD,2002,8728038525.14034,276.777259129011
COD,2003,8937567059.87754,278.852304991619
COD,2004,10297483481.223,281.570244519871
COD,2005,12609728573.1032,283.637336009607
COD,2006,15484044534.5783,285.454693557021
COD,2007,18374807772.5429,287.041319589996
COD,2008,22723488723.3641,288.80618607177
COD,2009,18607259480.5447,288.416335052288
COD,2010,24161641931.0331,289.77384157959
COD,2011,26392379641.765,297.445424445388
COD,2012,30029369928.7318,355.439956409565
COD,2013,34891189160.3002,357.441615003334
COD,2014,38352980552.8665,359.368090770924
COD,2015,40179574490.3032,358.543260233681
COD,2016,38600224214.4728,355.067722347843
COD,2017,37537521565.5308,344.271076945444
COD,2018,46659954092.4862,336.643068217732
COD,2019,46845900350.0332,330.73190986829
COD,2020,46691989748.9186,370.503266549066
COD,2021,59067289573.5102,393.949173556287
COD,2022,70422346142.2023,417.968903605646
COD,2023,69843655425.2929,409.433571513278
COD,2024,70962185790.7094,
COD,2025,,
COG,1960,131731862.783017,
COG,1961,151675738.926342,
COG,1962,166521239.650243,
COG,1963,172233430.657858,
COG,1964,185693724.905233,
COG,1965,198318064.028924,
COG,1966,220613581.972601,
COG,1967,237397428.13501,
COG,1968,251247457.765525,
COG,1969,265040036.417215,
COG,1970,274960699.885255,
COG,1971,322128018.955444,
COG,1972,410669263.651798,
COG,1973,541973362.610423,
COG,1974,585364634.473977,
COG,1975,767102680.239967,
COG,1976,754549601.391492,
COG,1977,765224029.286556,
COG,1978,878771772.202149,
COG,1979,1198749667.42923,
COG,1980,1705796852.89473,
COG,1981,1993512322.62391,
COG,1982,2160640564.56041,
COG,1983,2097274289.75066,
COG,1984,2193581365.34299,
COG,1985,2160872540.03175,
COG,1986,1849268212.30284,
COG,1987,2297753652.34929,
COG,1988,2212536311.99319,
COG,1989,2389593025.60339,
COG,1990,2798746050.11354,330.743815838523
COG,1991,2724853505.80336,335.659742797368
COG,1992,2933222703.0334,322.349269508601
COG,1993,2684323623.14372,314.902577029456
COG,1994,1769365437.78801,263.663445126073
COG,1995,2116003867.75536,292.673986038613
COG,1996,2540697539.05773,268.251017538648
COG,1997,2322719102.6909,251.271604579446
COG,1998,1949481379.21951,246.025608029408
COG,1999,2354772960.28296,235.74510235322
COG,2000,3227927697.57921,225.662303752435
COG,2001,2796704604.03812,243.309874139573
COG,2002,3034250923.97726,239.240008598283
COG,2003,3503723087.74483,274.55383829075
COG,2004,4656974940.12721,283.381960024439
COG,2005,6650001680.48544,293.789280034956
COG,2006,8072305029.06514,369.707983010852
COG,2007,8782703436.70188,316.058593347043
COG,2008,11649857673.4436,327.786840368286
COG,2009,9723299915.25312,359.405355169563
COG,2010,13148396211.5955,402.966040477004
COG,2011,15655383576.6515,456.09862417856
COG,2012,17692911296.3044,602.51471603764
COG,2013,17958720699.0868,493.826077603594
COG,2014,17919321078.0284,543.843526009452
COG,2015,12434793867.3568,572.255835438478
COG,2016,10931328150.8478,583.845565741622
COG,2017,11834473039.3645,552.518028240617
COG,2018,14773900288.5135,486.781245674934
COG,2019,13976637779.9763,553.078353158029
COG,2020,11468687464.0046,565.387418227773
COG,2021,14825690210.9157,581.818154474185
COG,2022,15817030154.6941,592.046625837502
COG,2023,15321055822.5167,576.049227168162
COG,2024,15719986076.6464,
COG,2025,,
COL,1960,4031152976.63904,
COL,1961,4540447761.19403,
COL,1962,4955543963.36869,
COL,1963,4836166666.66667,
COL,1964,5973366666.66667,
COL,1965,5760761904.7619,
COL,1966,5428518518.51852,
COL,1967,5825170438.48704,
COL,1968,5960212869.12968,
COL,1969,6450175213.74923,
COL,1970,7198360460.19887,
COL,1971,7820380970.53674,
COL,1972,8671358732.68486,
COL,1973,10315760000.3394,
COL,1974,12370029583.6419,
COL,1975,13098633901.8673,
COL,1976,15341403660.4698,
COL,1977,19470960619.1297,
COL,1978,23263511958.0509,
COL,1979,27940411250.2732,
COL,1980,33400735644.0481,
COL,1981,36388366869.0309,
COL,1982,38968039721.748,
COL,1983,38729822781.5997,
COL,1984,38253120737.9671,
COL,1985,34894411351.983,
COL,1986,34942489683.9712,
COL,1987,36373307085.0887,
COL,1988,39212550050.4223,
COL,1989,39540080200.3938,
COL,1990,47844090709.9908,758.594011470617
COL,1991,49175565911.0655,751.902938320027
COL,1992,58418985443.3172,764.278377977952
COL,1993,66446804802.5747,780.625826171299
COL,1994,81703500846.0364,798.193720343948
COL,1995,92507279383.0387,794.967097625038
COL,1996,97160109277.8087,797.74746750655
COL,1997,106659508271.255,762.008712622099
COL,1998,98443739941.1664,773.108534647068
COL,1999,86186158684.7685,684.04515970986
COL,2000,99875074951.0278,674.789373014303
COL,2001,98200641203.3892,663.457783116269
COL,2002,97945812802.8882,640.534397467261
COL,2003,94644969157.0987,644.213790055096
COL,2004,117092416666.245,638.256874604387
COL,2005,145600529605.803,659.017512793074
COL,2006,161792958904.864,685.39143164947
COL,2007,206229540926.312,671.974010763536
COL,2008,242504150472.931,698.498635069449
COL,2009,232468663109.595,721.723799554454
COL,2010,286498534094.963,708.462118919431
COL,2011,334966134804.887,718.539125799809
COL,2012,370691143018.039,690.223937074854
COL,2013,382093697077.685,890.995033650514
COL,2014,381240864422.407,896.819737976178
COL,2015,293492370193.166,899.746405476032
COL,2016,282720100286.228,923.380646133256
COL,2017,311866875156.879,870.764598847956
COL,2018,334198218098.276,829.434495650998
COL,2019,323031701192.84,899.552647463233
COL,2020,270348342541.465,814.027717297433
COL,2021,318524633225.395,880.466204307389
COL,2022,345632492851.448,863.76322070814
COL,2023,366291836137.916,872.633394703758
COL,2024,418818154879.271,840.642725844963
COL,2025,,
COM,1960,,
COM,1961,,
COM,1962,,
COM,1963,,
COM,1964,,
COM,1965,,
COM,1966,,
COM,1967,,
COM,1968,,
COM,1969,,
COM,1970,,
COM,1971,,
COM,1972,,
COM,1973,,
COM,1974,,
COM,1975,,
COM,1976,,
COM,1977,,
COM,1978,,
COM,1979,,
COM,1980,243390495.918962,
COM,1981,212958381.535437,
COM,1982,202152461.76282,
COM,1983,196193379.743828,
COM,1984,189102734.154019,
COM,1985,191944891.602832,
COM,1986,258143902.889842,
COM,1987,313292322.956214,
COM,1988,336422522.407114,
COM,1989,328665080.847046,
COM,1990,401561021.549642,40.1415663905282
COM,1991,400592662.610246,
COM,1992,436552922.121696,
COM,1993,427750822.87347,
COM,1994,314789556.044396,
COM,1995,392774713.634182,
COM,1996,392488148.725187,
COM,1997,362816806.134452,
COM,1998,363932160.233771,
COM,1999,371921712.454518,
COM,2000,339504306.290689,
COM,2001,372746486.166796,
COM,2002,427360070.324544,
COM,2003,546830040.540273,
COM,2004,622679660.37137,58.5496225271395
COM,2005,655375095.906176,62.4286078251729
COM,2006,688498641.512529,69.4498415055403
COM,2007,795673152.867077,66.4584302518775
COM,2008,915659107.965823,
COM,2009,905341172.70583,
COM,2010,907978730.887844,
COM,2011,1023086273.53336,
COM,2012,1015843490.82374,
COM,2013,1116224106.83728,
COM,2014,1149587661.00693,
COM,2015,966029600.862227,
COM,2016,1012835493.19325,
COM,2017,1077439756.59451,
COM,2018,1178530633.24599,
COM,2019,1187915408.87243,
COM,2020,1218763671.26563,
COM,2021,1272238390.85864,
COM,2022,1222485532.31976,
COM,2023,1326836543.00797,
COM,2024,1440991455.45188,
COM,2025,,
CPV,1960,,
CPV,1961,,
CPV,1962,,
CPV,1963,,
CPV,1964,,
CPV,1965,,
CPV,1966,,
CPV,1967,,
CPV,1968,,
CPV,1969,,
CPV,1970,,
CPV,1971,,
CPV,1972,,
CPV,1973,,
CPV,1974,,
CPV,1975,,
CPV,1976,,
CPV,1977,,
CPV,1978,,
CPV,1979,,
CPV,1980,142246815.345007,
CPV,1981,139468209.116206,
CPV,1982,140630678.983478,
CPV,1983,138476175.620363,
CPV,1984,132019038.591628,
CPV,1985,137728204.813735,
CPV,1986,190651167.559385,
CPV,1987,235253064.70982,
CPV,1988,264308140.285149,
CPV,1989,267448571.414611,
CPV,1990,306890962.649533,77.3680226301714
CPV,1991,319827058.592875,
CPV,1992,357160985.327413,
CPV,1993,490417389.682569,
CPV,1994,406580652.330537,
CPV,1995,487148993.533109,
CPV,1996,501979269.843942,
CPV,1997,490608657.924976,
CPV,1998,521910560.524868,
CPV,1999,592416703.058878,
CPV,2000,539227277.626411,
CPV,2001,563090490.377368,
CPV,2002,620507387.466174,
CPV,2003,813260468.873834,
CPV,2004,924940011.836897,185.660345870622
CPV,2005,972241676.907662,204.075322346248
CPV,2006,1107571457.90614,207.854452975987
CPV,2007,1649621738.63689,207.581773111107
CPV,2008,1959620648.31578,
CPV,2009,1852334575.17521,
CPV,2010,1824751467.92957,
CPV,2011,2046817987.20109,
CPV,2012,1913081210.41411,
CPV,2013,2028910915.16446,
CPV,2014,2041930125.42979,
CPV,2015,1749857620.35329,
CPV,2016,1849789985.99572,
CPV,2017,1996741539.95088,
CPV,2018,2205099506.99994,
CPV,2019,2252177124.32402,
CPV,2020,1821565613.68613,
CPV,2021,2051842618.70539,
CPV,2022,2247003344.34242,
CPV,2023,2504525548.71164,
CPV,2024,2725414150.72735,
CPV,2025,,
CRI,1960,507513829.994855,
CRI,1961,490325181.614275,
CRI,1962,479180824.348506,
CRI,1963,511902136.809973,
CRI,1964,542578367.242598,
CRI,1965,592981162.264151,
CRI,1966,647305630.188679,
CRI,1967,699456618.867925,
CRI,1968,773841494.339623,
CRI,1969,853630203.773585,
CRI,1970,984830158.490566,
CRI,1971,1077147537.52472,
CRI,1972,1238251695.55388,
CRI,1973,1528925846.25467,
CRI,1974,1666544754.09836,
CRI,1975,1960863465.5776,
CRI,1976,2412555425.90432,
CRI,1977,3072427012.83547,
CRI,1978,3523208809.80163,
CRI,1979,4035519323.22054,
CRI,1980,4831447001.16686,
CRI,1981,2623803095.78501,
CRI,1982,2606623554.56582,
CRI,1983,3146772630.77263,
CRI,1984,3660477856.22977,
CRI,1985,3919203960.39604,
CRI,1986,4418983870.96774,
CRI,1987,4532952047.15628,
CRI,1988,4614629898.40348,
CRI,1989,5251025767.47627,
CRI,1990,5711687786.75989,537.209043385466
CRI,1991,7215725487.30549,555.759825747086
CRI,1992,8579754757.93237,699.747502406979
CRI,1993,9564815975.14743,696.372672215343
CRI,1994,10489903725.0032,669.457713366108
CRI,1995,11578594259.8675,666.897511306574
CRI,1996,11678424507.2457,654.286251523747
CRI,1997,12614602382.2012,647.721666517138
CRI,1998,13684255946.5765,630.181129897646
CRI,1999,14254866284.6542,680.662081976
CRI,2000,15013629661.8969,729.765643709357
CRI,2001,15976174336.9721,721.224052506606
CRI,2002,16578820687.2881,749.371708338678
CRI,2003,17271760506.9483,788.059466397896
CRI,2004,18610594846.2083,921.916666058511
CRI,2005,20040642476.9817,908.919718136397
CRI,2006,22715540324.3032,974.343838741737
CRI,2007,26884700709.3146,1014.83038205
CRI,2008,30801745700.4514,1006.22785721082
CRI,2009,30745714312.6417,1002.15369604859
CRI,2010,37658616951.8038,998.694530541271
CRI,2011,42762613698.9636,992.84219730848
CRI,2012,47231655431.7355,1017.65462461791
CRI,2013,50949668841.6696,1060.1064484558
CRI,2014,52016408854.2658,1064.11783400047
CRI,2015,56441920820.5194,1024.45144520777
CRI,2016,58847019609.6549,1001.15093508133
CRI,2017,60516044656.5206,972.752740541664
CRI,2018,62420164991.5374,950.307226341185
CRI,2019,64417670521.3545,996.673606298647
CRI,2020,62395610760.0492,948.979659241415
CRI,2021,64960725734.1965,996.593947554107
CRI,2022,69243626028.5936,1009.21522950084
CRI,2023,86497941439.0174,1025.14935705085
CRI,2024,95350423176.5962,1024.2571497977
CRI,2025,,
CSS,1960,1165303060.28689,
CSS,1961,1272022469.10602,
CSS,1962,1356047349.50434,
CSS,1963,1447988752.00055,
CSS,1964,1546223257.5277,
CSS,1965,1658476310.98942,
CSS,1966,1763304085.16679,
CSS,1967,1929997389.27725,
CSS,1968,1980508885.71067,
CSS,1969,2152507805.36929,
CSS,1970,2268330542.34162,
CSS,1971,2457968135.09375,
CSS,1972,2734457344.6905,
CSS,1973,3173389131.65134,
CSS,1974,4201310614.82803,
CSS,1975,4819825581.33935,
CSS,1976,4937767512.99323,
CSS,1977,5937525886.22228,
CSS,1978,6776416498.50876,
CSS,1979,8405785521.3914,
CSS,1980,10876340879.3427,
CSS,1981,11977463255.1586,
CSS,1982,13292712867.0251,
CSS,1983,13189051711.1814,
CSS,1984,13689070378.954,
CSS,1985,13794627075.9123,
CSS,1986,11773697053.1201,
CSS,1987,12334469174.3296,
CSS,1988,12745727415.7592,
CSS,1989,12606272526.7095,
CSS,1990,13573367099.5127,2378.96591901642
CSS,1991,13946896742.2113,
CSS,1992,14242986936.367,
CSS,1993,13815833341.5092,
CSS,1994,14788599388.7446,
CSS,1995,15732201525.3694,
CSS,1996,16941993239.8086,
CSS,1997,20074931520.308,
CSS,1998,21643804665.0628,
CSS,1999,23393912390.0523,
CSS,2000,25625542926.4456,
CSS,2001,26504661126.1591,
CSS,2002,27742046925.4435,
CSS,2003,30589389405.8968,
CSS,2004,33597817092.3498,4055.21834361878
CSS,2005,38224293958.7281,4689.43000938639
CSS,2006,44325879983.2222,5122.88564753561
CSS,2007,49739222993.1148,5373.67067488637
CSS,2008,57296315261.9305,
CSS,2009,47913515379.1154,
CSS,2010,53047626322.0273,
CSS,2011,56828150706.0989,
CSS,2012,60427163825.0841,
CSS,2013,62064949752.4886,
CSS,2014,64075043973.1037,
CSS,2015,62545153672.0285,
CSS,2016,58073168349.5106,
CSS,2017,59690101434.3488,
CSS,2018,61252081219.8672,
CSS,2019,62185458482.7062,
CSS,2020,53320869430.7059,
CSS,2021,62687149265.4471,
CSS,2022,78506430710.7309,
CSS,2023,79534673452.944,
CSS,2024,90344593407.0488,
CSS,2025,,
CUB,1960,,
CUB,1961,,
CUB,1962,,
CUB,1963,,
CUB,1964,,
CUB,1965,,
CUB,1966,,
CUB,1967,,
CUB,1968,,
CUB,1969,,
CUB,1970,5693005200.0,
CUB,1971,6914658400.0,
CUB,1972,8135150891.92025,
CUB,1973,9987709650.18094,
CUB,1974,11405957317.0732,
CUB,1975,13027415243.9024,
CUB,1976,13789579902.5579,
CUB,1977,14206158674.6988,
CUB,1978,17844705324.6753,
CUB,1979,19584443287.6712,
CUB,1980,19912889861.1111,
CUB,1981,20150254096.3855,
CUB,1982,20953510235.2941,
CUB,1983,22204940512.2235,
CUB,1984,24039383608.4235,
CUB,1985,22920490774.102,
CUB,1986,24226574634.0293,
CUB,1987,25213935012.0819,
CUB,1988,27458999472.2955,
CUB,1989,27023468665.8977,
CUB,1990,28645436569.1489,1518.54002009683
CUB,1991,24316556025.6585,1232.77637847981
CUB,1992,22085858243.2432,1070.77392634317
CUB,1993,22367254864.8649,899.497551898824
CUB,1994,28448326756.7568,923.076395365533
CUB,1995,30429803651.2192,924.546750000952
CUB,1996,25017368700.0,1009.02603380397
CUB,1997,25365908100.0,1033.33720466157
CUB,1998,25736331200.0,973.421456972443
CUB,1999,28364615200.0,1013.3115733641
CUB,2000,30565400000.0,1076.5353394583
CUB,2001,31682400000.0,1048.45762651591
CUB,2002,33590500000.0,970.846511711936
CUB,2003,35901200000.0,963.215606214526
CUB,2004,38203000000.0,936.649449904607
CUB,2005,42643836100.0,897.369156004402
CUB,2006,48835925925.9259,910.00338498737
CUB,2007,54262870370.3704,871.117940798683
CUB,2008,56302129629.6296,928.466364196819
CUB,2009,57481481481.4815,900.455572436481
CUB,2010,59562962962.963,977.391285791928
CUB,2011,68990000000.0,948.027225603918
CUB,2012,73141000000.0,968.146630660253
CUB,2013,77148000000.0,919.534653808596
CUB,2014,80656100000.0,938.112097734289
CUB,2015,87132800000.0,958.502652326421
CUB,2016,91370407900.0,941.599587735624
CUB,2017,96850649700.0,904.82520614924
CUB,2018,100050036100.0,858.793763834873
CUB,2019,103427600000.0,854.4694562102
CUB,2020,107352000000.0,805.861387957743
CUB,2021,,791.974143484846
CUB,2022,,775.769412868598
CUB,2023,,775.831381587569
CUB,2024,,
CUB,2025,,
CUW,1960,,
CUW,1961,,
CUW,1962,,
CUW,1963,,
CUW,1964,,
CUW,1965,,
CUW,1966,,
CUW,1967,,
CUW,1968,,
CUW,1969,,
CUW,1970,,
CUW,1971,,
CUW,1972,,
CUW,1973,,
CUW,1974,,
CUW,1975,,
CUW,1976,,
CUW,1977,,
CUW,1978,,
CUW,1979,,
CUW,1980,,
CUW,1981,,
CUW,1982,,
CUW,1983,,
CUW,1984,,
CUW,1985,,
CUW,1986,,
CUW,1987,,
CUW,1988,,
CUW,1989,,
CUW,1990,,8608.30836785935
CUW,1991,,8445.11110572973
CUW,1992,,8742.12627088561
CUW,1993,,7308.60266917117
CUW,1994,,6924.92911794303
CUW,1995,,7004.15398497971
CUW,1996,,7201.16150132982
CUW,1997,,13869.7244620846
CUW,1998,,16413.463829029
CUW,1999,,12084.9911562815
CUW,2000,2120511229.05028,12904.030512551
CUW,2001,2143450726.25698,13895.0280466907
CUW,2002,2160784692.73743,13575.0539211644
CUW,2003,2202117374.30168,12520.047041956
CUW,2004,2237160502.7933,13073.9436709166
CUW,2005,2344637262.56983,12034.9474260655
CUW,2006,2457581731.84358,11384.1551661133
CUW,2007,2593831508.37989,12940.0836120605
CUW,2008,2833476145.2514,12036.4382304433
CUW,2009,2869153184.35754,12565.8711015061
CUW,2010,2951342793.29609,10596.7056374805
CUW,2011,2930092237.27161,11603.9729624325
CUW,2012,3012836256.55523,12146.766819572
CUW,2013,3033568606.16651,11489.0494098777
CUW,2014,3059406995.39666,12914.7045888894
CUW,2015,3058779211.89831,13195.6385983341
CUW,2016,3024690188.01683,10944.5106530346
CUW,2017,3033433248.15988,8702.83319174078
CUW,2018,3046364819.53197,7630.09927714791
CUW,2019,3026124115.73275,3776.99982109798
CUW,2020,2534327592.49914,3167.10992318672
CUW,2021,2739594359.5908,3492.20664587289
CUW,2022,3075180834.72417,3675.19934857976
CUW,2023,3281419347.37053,3589.15943824479
CUW,2024,3561178196.20713,
CUW,2025,,
CYM,1960,,
CYM,1961,,
CYM,1962,,
CYM,1963,,
CYM,1964,,
CYM,1965,,
CYM,1966,,
CYM,1967,,
CYM,1968,,
CYM,1969,,
CYM,1970,,
CYM,1971,,
CYM,1972,,
CYM,1973,,
CYM,1974,,
CYM,1975,,
CYM,1976,,
CYM,1977,,
CYM,1978,,
CYM,1979,,
CYM,1980,,
CYM,1981,,
CYM,1982,,
CYM,1983,,
CYM,1984,,
CYM,1985,,
CYM,1986,,
CYM,1987,,
CYM,1988,,
CYM,1989,,
CYM,1990,,
CYM,1991,,
CYM,1992,,
CYM,1993,,
CYM,1994,,
CYM,1995,,
CYM,1996,,
CYM,1997,,
CYM,1998,,
CYM,1999,,
CYM,2000,,
CYM,2001,,
CYM,2002,,
CYM,2003,,
CYM,2004,,
CYM,2005,,
CYM,2006,4200288282.10157,
CYM,2007,4466278030.59167,
CYM,2008,4585948969.33223,
CYM,2009,4281714618.03238,
CYM,2010,4156841163.77763,
CYM,2011,4186073160.18254,
CYM,2012,4291004485.56803,
CYM,2013,4405796081.15984,
CYM,2014,4562853582.32463,
CYM,2015,4708167255.28727,
CYM,2016,4909322200.00212,
CYM,2017,5166281293.18715,
CYM,2018,5530178498.90783,
CYM,2019,5941896599.57333,
CYM,2020,5655357984.24218,
CYM,2021,6060813808.15072,
CYM,2022,6660161212.01997,
CYM,2023,7241244269.45972,
CYM,2024,,
CYM,2025,,
CYP,1960,,
CYP,1961,,
CYP,1962,,
CYP,1963,,
CYP,1964,,
CYP,1965,,
CYP,1966,,
CYP,1967,,
CYP,1968,,
CYP,1969,,
CYP,1970,,
CYP,1971,,
CYP,1972,,
CYP,1973,,
CYP,1974,,
CYP,1975,489912574.305146,
CYP,1976,576090073.715036,
CYP,1977,734876021.128049,
CYP,1978,964024364.43274,
CYP,1979,1288699776.05059,
CYP,1980,2154311276.94859,
CYP,1981,2087496373.77964,
CYP,1982,2159242416.76942,
CYP,1983,2160364071.19021,
CYP,1984,2278248953.14058,
CYP,1985,2430411900.19194,
CYP,1986,3090734463.27684,
CYP,1987,3704813885.50548,
CYP,1988,4278792597.23965,
CYP,1989,4563482603.5503,
CYP,1990,5591130217.66965,1740.28410545305
CYP,1991,5770197348.48485,1749.13818312402
CYP,1992,6912150456.32334,1945.45068816727
CYP,1993,6590291048.29211,2049.36379971898
CYP,1994,7425703928.57143,2292.58037960181
CYP,1995,9933137128.07244,1974.09617155896
CYP,1996,10011914680.0502,2153.27326247657
CYP,1997,9547816419.61231,2065.65425367285
CYP,1998,10248618778.2805,2170.96782770879
CYP,1999,10497907227.616,2142.09657234761
CYP,2000,9985847313.85485,2264.91863707719
CYP,2001,10397898907.1038,2202.31996036706
CYP,2002,11420228846.1538,2193.91481710233
CYP,2003,14547329558.3239,2345.28181012039
CYP,2004,17320551250.0,2162.85328059404
CYP,2005,18433412510.8817,2161.54002386306
CYP,2006,20072754986.8272,2209.33213219678
CYP,2007,23968727073.6381,2293.75458684904
CYP,2008,27844646257.507,2399.21662682596
CYP,2009,26048179949.1741,2311.55219411824
CYP,2010,25799940077.6075,2192.46748939146
CYP,2011,27641549301.6561,2093.44029665285
CYP,2012,25047436974.6819,1936.16516091053
CYP,2013,23959712860.8331,1646.32678982431
CYP,2014,23225918259.9824,1659.57813297538
CYP,2015,19909278416.8575,1677.40248205105
CYP,2016,21046462280.5979,1761.87442919766
CYP,2017,22946570628.7576,1794.01732213218
CYP,2018,25754001367.5448,1773.61456364017
CYP,2019,26196667099.5303,1758.05457120745
CYP,2020,25555093854.2968,1638.57191138119
CYP,2021,30372642502.4897,1666.21660995085
CYP,2022,31218038929.0919,1682.70492545045
CYP,2023,35075423857.0996,1672.78575414138
CYP,2024,37634533331.8902,
CYP,2025,,
CZE,1960,,
CZE,1961,,
CZE,1962,,
CZE,1963,,
CZE,1964,,
CZE,1965,,
CZE,1966,,
CZE,1967,,
CZE,1968,,
CZE,1969,,
CZE,1970,,
CZE,1971,,
CZE,1972,,
CZE,1973,,
CZE,1974,,
CZE,1975,,
CZE,1976,,
CZE,1977,,
CZE,1978,,
CZE,1979,,
CZE,1980,,
CZE,1981,,
CZE,1982,,
CZE,1983,,
CZE,1984,,
CZE,1985,,
CZE,1986,,
CZE,1987,,
CZE,1988,,
CZE,1989,,
CZE,1990,41016881802.4843,4819.65584902188
CZE,1991,30071014282.3218,4387.26367444601
CZE,1992,35051065440.3962,4268.64538718391
CZE,1993,41155654032.1751,4130.59833806784
CZE,1994,48188478339.4129,3986.81722728547
CZE,1995,60572381311.2283,4042.6111862471
CZE,1996,67804105329.8557,4173.39126046219
CZE,1997,62539765163.1302,4210.18489983704
CZE,1998,67187217327.7326,4077.81993207968
CZE,1999,65586562604.8621,3809.01218474787
CZE,2000,62175642238.0847,4021.61848184496
CZE,2001,68135304463.9641,4141.00267465915
CZE,2002,82607869609.574,4201.38475973945
CZE,2003,100435924704.881,4387.20916861071
CZE,2004,120147899983.657,4486.66998957412
CZE,2005,137264185596.1,4431.36895897075
CZE,2006,156236258386.589,4519.45697588637
CZE,2007,190040702286.917,4485.47979116894
CZE,2008,236506264753.95,4360.02770432797
CZE,2009,206971882704.716,4077.69663054804
CZE,2010,211168667286.27,4308.57118358445
CZE,2011,231429378717.312,4144.39895277279
CZE,2012,210363223087.728,4109.54462324211
CZE,2013,213024360541.119,4110.99172821634
CZE,2014,210911285077.683,3984.15406100189
CZE,2015,189107698561.919,3982.18836315647
CZE,2016,198160659303.939,3927.72515918366
CZE,2017,221563575696.217,4089.51341285553
CZE,2018,251992360762.236,4081.41868670154
CZE,2019,256794209028.77,4002.2461173426
CZE,2020,251109660602.536,3764.47161158552
CZE,2021,290972714482.313,4056.31700066788
CZE,2022,301831228325.556,3895.62928915395
CZE,2023,345059295659.911,3509.34804885656
CZE,2024,347034062928.479,3416.31765167586
CZE,2025,,
DEU,1960,84619845881.2608,
DEU,1961,96558204043.1028,
DEU,1962,105895435234.343,
DEU,1963,112232503744.1,
DEU,1964,123330404665.086,
DEU,1965,134774688191.161,
DEU,1966,143304275683.979,
DEU,1967,145100667772.69,
DEU,1968,156527292653.157,
DEU,1969,177733486326.06,
DEU,1970,216629229947.096,
DEU,1971,250900942396.699,
DEU,1972,300899944795.436,
DEU,1973,399833571167.215,
DEU,1974,446934971657.471,
DEU,1975,492434094920.105,
DEU,1976,521658712132.981,
DEU,1977,602698323085.993,
DEU,1978,743182891918.208,
DEU,1979,884574218333.155,
DEU,1980,953772499462.019,
DEU,1981,803404797057.551,
DEU,1982,779421633755.138,
DEU,1983,773507930294.906,
DEU,1984,727767760978.627,
DEU,1985,735218723093.277,
DEU,1986,1050092624515.9,
DEU,1987,1302932318824.81,
DEU,1988,1406367016371.53,
DEU,1989,1404092925205.45,
DEU,1990,1778162195860.07,4421.75298411525
DEU,1991,1875792575132.59,4303.21110441046
DEU,1992,2141377582968.07,4191.07717344268
DEU,1993,2078954217437.6,4123.06429325007
DEU,1994,2215282632276.73,4089.20711052609
DEU,1995,2593053091306.13,4119.89234314538
DEU,1996,2506576553158.31,4247.28041587343
DEU,1997,2218790886532.82,4203.57228180046
DEU,1998,2247760364565.97,4177.53862595182
DEU,1999,2213873468586.88,4080.1161545149
DEU,2000,1966980701145.1,4094.27901518469
DEU,2001,1966381496641.73,4210.00080103251
DEU,2002,2102350798305.89,4108.61729515583
DEU,2003,2534715518349.01,4096.47794323132
DEU,2004,2852317768061.78,4131.61083697
DEU,2005,2893393187361.87,4109.8805864045
DEU,2006,3046308753670.58,4235.93876578004
DEU,2007,3484056680854.91,4023.73935857078
DEU,2008,3808197720125.0,4081.87998694017
DEU,2009,3478545516683.59,3821.62500577239
DEU,2010,3467093769666.67,4029.83085754355
DEU,2011,3823575803793.78,3891.87175356307
DEU,2012,3596483233406.25,3913.43920397127
DEU,2013,3807023797050.99,3986.18505186393
DEU,2014,3964870735760.77,3794.44720253102
DEU,2015,3425099578746.09,3780.85027551891
DEU,2016,3536787895179.0,3765.21799936242
DEU,2017,3765351626105.89,3763.19404182465
DEU,2018,4055433215301.96,3659.22924485198
DEU,2019,3959894794039.21,3570.88159282488
DEU,2020,3941398957073.94,3349.19931383762
DEU,2021,4355251953410.78,3467.03057027911
DEU,2022,4201021706478.62,3261.8564081995
DEU,2023,4562207532490.28,2928.19658713867
DEU,2024,4685592577804.69,2824.59006117053
DEU,2025,,
DJI,1960,,
DJI,1961,,
DJI,1962,,
DJI,1963,,
DJI,1964,,
DJI,1965,,
DJI,1966,,
DJI,1967,,
DJI,1968,,
DJI,1969,,
DJI,1970,,
DJI,1971,,
DJI,1972,,
DJI,1973,,
DJI,1974,,
DJI,1975,,
DJI,1976,,
DJI,1977,,
DJI,1978,,
DJI,1979,,
DJI,1980,,
DJI,1981,,
DJI,1982,,
DJI,1983,,
DJI,1984,,
DJI,1985,340989527.967995,
DJI,1986,,
DJI,1987,373371738.286415,
DJI,1988,395794538.630775,
DJI,1989,409220087.102818,
DJI,1990,452328087.282876,224.414357643502
DJI,1991,462421998.525779,
DJI,1992,478058304.871118,
DJI,1993,466048469.22986,
DJI,1994,491689220.744875,
DJI,1995,497723960.589913,
DJI,1996,494004647.73437,
DJI,1997,502675542.001227,
DJI,1998,514267869.300758,
DJI,1999,536080148.097299,
DJI,2000,551230861.856505,
DJI,2001,572417440.820162,
DJI,2002,591122039.601398,
DJI,2003,622044665.515049,
DJI,2004,666072101.777505,160.992780744779
DJI,2005,708633194.726566,165.640450589692
DJI,2006,768873684.032838,167.102144983897
DJI,2007,847918929.107984,163.51677705002
DJI,2008,999105339.267729,
DJI,2009,1049110684.72493,
DJI,2010,1128611700.3618,
DJI,2011,1239144501.77525,
DJI,2012,1353632941.5207,
DJI,2013,2044440443.16654,
DJI,2014,2220637966.25047,
DJI,2015,2424391785.43897,
DJI,2016,2604955228.70117,
DJI,2017,2762581334.22612,
DJI,2018,2913464658.08768,
DJI,2019,3088851450.30694,
DJI,2020,3144136196.6228,
DJI,2021,3392796953.08939,
DJI,2022,3562814908.76149,
DJI,2023,3898447007.38798,
DJI,2024,4152145939.98458,
DJI,2025,,
DMA,1960,,
DMA,1961,,
DMA,1962,,
DMA,1963,,
DMA,1964,,
DMA,1965,,
DMA,1966,,
DMA,1967,,
DMA,1968,,
DMA,1969,,
DMA,1970,,
DMA,1971,,
DMA,1972,,
DMA,1973,,
DMA,1974,,
DMA,1975,,
DMA,1976,,
DMA,1977,45872947.4074074,
DMA,1978,57130215.5555556,
DMA,1979,55017758.8888889,
DMA,1980,72804653.3333333,
DMA,1981,82107391.1111111,
DMA,1982,89527576.6666667,
DMA,1983,98665191.4814815,
DMA,1984,109157070.740741,
DMA,1985,119491932.962963,
DMA,1986,135161958.518519,
DMA,1987,151868754.444444,
DMA,1988,171106184.074074,
DMA,1989,185137242.962963,
DMA,1990,201429629.62963,304.071610151234
DMA,1991,219762962.962963,
DMA,1992,234059259.259259,
DMA,1993,245525925.925926,
DMA,1994,264374074.074074,
DMA,1995,274522222.222222,
DMA,1996,292285185.185185,
DMA,1997,302988888.888889,
DMA,1998,322411111.111111,
DMA,1999,331759259.259259,
DMA,2000,333470370.37037,
DMA,2001,377462962.962963,
DMA,2002,375200000.0,
DMA,2003,373318518.518519,
DMA,2004,396711111.111111,568.107328584539
DMA,2005,391455555.555556,596.502458754037
DMA,2006,416674074.074074,610.41188268465
DMA,2007,444685185.185185,624.573329266344
DMA,2008,480003703.703704,
DMA,2009,515618518.518519,
DMA,2010,519859259.259259,
DMA,2011,532081481.481481,
DMA,2012,520355555.555556,
DMA,2013,545325925.925926,
DMA,2014,572255555.555555,
DMA,2015,583177777.777778,
DMA,2016,612711111.111111,
DMA,2017,563355555.555555,
DMA,2018,628244444.444444,
DMA,2019,644259259.259259,
DMA,2020,528944444.444444,
DMA,2021,562911111.111111,
DMA,2022,623062962.962963,
DMA,2023,659311111.111111,
DMA,2024,688881481.481481,
DMA,2025,,
DNK,1960,6361166544.50349,
DNK,1961,7058361229.35415,
DNK,1962,7953274741.29303,
DNK,1963,8466044979.87996,
DNK,1964,9677401337.17309,
DNK,1965,10870670865.3211,
DNK,1966,11931740293.0378,
DNK,1967,13059064805.8774,
DNK,1968,13505574133.3333,
DNK,1969,15414902666.6667,
DNK,1970,17075457733.3333,
DNK,1971,19086192720.4664,
DNK,1972,23230667549.2496,
DNK,1973,30718181337.3006,
DNK,1974,34125712480.9267,
DNK,1975,40418967665.5877,
DNK,1976,44503607444.1687,
DNK,1977,49711709588.2196,
DNK,1978,60320089217.713,
DNK,1979,70393030602.547,
DNK,1980,70811287815.6106,
DNK,1981,61459941460.5385,
DNK,1982,60084214872.0657,
DNK,1983,60331158447.2389,
DNK,1984,58868891334.9941,
DNK,1985,62452421010.9094,
DNK,1986,87748695216.9077,
DNK,1987,109183446340.073,
DNK,1988,115540189705.118,
DNK,1989,112312200760.581,
DNK,1990,138217740684.484,3375.49333145812
DNK,1991,139180507777.691,3735.64154144855
DNK,1992,152966494259.538,3562.82145818303
DNK,1993,143111306004.102,3646.52089759252
DNK,1994,156017919221.457,3761.11016678955
DNK,1995,184848481008.139,3707.41092964335
DNK,1996,187481157845.724,4172.12941575212
DNK,1997,173241365735.483,3849.84990295516
DNK,1998,176877077513.133,3773.46075884024
DNK,1999,177887720535.535,3604.16901055628
DNK,2000,164043817223.59,3491.17168608231
DNK,2001,164881594415.341,3586.44822949877
DNK,2002,178788209558.311,3536.23974586372
DNK,2003,218421193436.252,3729.38314390985
DNK,2004,251986155630.852,3598.35312921664
DNK,2005,265150087711.985,3484.59359006274
DNK,2006,283386151543.687,3729.69717999863
DNK,2007,320213157595.018,3626.53224599977
DNK,2008,354979471960.142,3502.69455323849
DNK,2009,322619152194.594,3359.26672454922
DNK,2010,322345594075.47,3498.02225565498
DNK,2011,344315595263.175,3218.55317400981
DNK,2012,326792574244.963,3072.08722081193
DNK,2013,344631016965.12,3075.55142847176
DNK,2014,352832602064.452,2881.05250715935
DNK,2015,301758922337.637,2847.9879109495
DNK,2016,312181849372.233,2891.02688317679
DNK,2017,331610593961.988,2896.57067618882
DNK,2018,355293374912.393,2870.41628591658
DNK,2019,345401473012.615,2757.24986480703
DNK,2020,355631021931.621,2637.04300572344
DNK,2021,406110162088.054,2756.12264765988
DNK,2022,400114306337.077,2580.54319180783
DNK,2023,404651706117.557,2482.85667093368
DNK,2024,424524722037.047,2502.21881765196
DNK,2025,,
DOM,1960,672399700.0,
DOM,1961,654100200.0,
DOM,1962,824100000.0,
DOM,1963,940799900.0,
DOM,1964,1025599900.0,
DOM,1965,888100000.0,
DOM,1966,983900000.0,
DOM,1967,1034800000.0,
DOM,1968,1079100000.0,
DOM,1969,1230500000.0,
DOM,1970,1485500000.0,
DOM,1971,1666500000.0,
DOM,1972,1987400000.0,
DOM,1973,2344800000.0,
DOM,1974,2925700000.0,
DOM,1975,3599200000.0,
DOM,1976,3951500000.0,
DOM,1977,4587100000.0,
DOM,1978,4734400000.0,
DOM,1979,5498800000.0,
DOM,1980,6761300000.0,
DOM,1981,7561300000.0,
DOM,1982,8267400000.0,
DOM,1983,9220600000.0,
DOM,1984,11594000000.0,
DOM,1985,5044579979.23285,
DOM,1986,6122128557.57243,
DOM,1987,5827050753.25937,
DOM,1988,5374299981.49698,
DOM,1989,6686593059.93691,
DOM,1990,7073675544.79021,561.152919456484
DOM,1991,9824483339.94518,554.104191409934
DOM,1992,11605382504.0,602.320301428522
DOM,1993,13081042400.0,572.287520735944
DOM,1994,14644734599.4778,644.909410726293
DOM,1995,16637370839.1608,664.774016514394
DOM,1996,18241622547.5908,681.360544376303
DOM,1997,20017450041.3075,747.226377275424
DOM,1998,21672215546.7642,780.871349337232
DOM,1999,22136579396.9218,797.563330655881
DOM,2000,24305780628.6677,856.256386147598
DOM,2001,25601823687.5742,819.653073657806
DOM,2002,27137440786.2562,882.200793773631
DOM,2003,21403167848.1444,783.89236996528
DOM,2004,22322387382.494,749.386905892802
DOM,2005,35777560683.9366,772.037711488806
DOM,2006,37879830084.2627,792.6097043369
DOM,2007,43965458508.5056,812.279711429867
DOM,2008,48091433554.186,772.574772036856
DOM,2009,48223781476.8909,743.587387722268
DOM,2010,53801053352.5005,773.404254862996
DOM,2011,57948261615.957,780.082749539865
DOM,2012,60561635555.6383,791.42994660033
DOM,2013,62555417414.582,762.355920346053
DOM,2014,67014329099.5549,745.786212900828
DOM,2015,70966782572.4386,797.923170664734
DOM,2016,75552902635.7075,842.638249219176
DOM,2017,79070274743.1658,824.396571608205
DOM,2018,84994732049.3461,860.8644315883
DOM,2019,89146130744.723,927.882170823972
DOM,2020,78546672406.8291,862.922281087901
DOM,2021,94850719516.7127,954.921847557077
DOM,2022,113478087134.8,960.933551504942
DOM,2023,120456239153.739,1011.62393484072
DOM,2024,124282245638.568,
DOM,2025,,
DZA,1960,2723615451.30098,
DZA,1961,2434747055.94018,
DZA,1962,2001444543.91885,
DZA,1963,2702982017.63803,
DZA,1964,2909316435.2874,
DZA,1965,3136284306.85469,
DZA,1966,3039859187.45164,
DZA,1967,3370870376.29682,
DZA,1968,3852147026.77302,
DZA,1969,4257253264.08834,
DZA,1970,4863526896.57407,
DZA,1971,5077183093.88968,
DZA,1972,6766743956.88889,
DZA,1973,8707858912.12481,
DZA,1974,13209871625.9044,
DZA,1975,15557902754.033,
DZA,1976,17728240932.3158,
DZA,1977,20972113684.9558,
DZA,1978,26364491313.4471,
DZA,1979,33243706859.6596,
DZA,1980,42345829079.2062,
DZA,1981,44348590460.9288,
DZA,1982,45207167470.3497,
DZA,1983,48801369800.3675,
DZA,1984,53698548293.0745,
DZA,1985,57937868670.1937,
DZA,1986,63692007897.3834,
DZA,1987,66745818375.493,
DZA,1988,59089396860.4342,
DZA,1989,55634721572.7343,
DZA,1990,62048507531.3357,874.398446212665
DZA,1991,45715676428.2766,903.129128362507
DZA,1992,48003133346.9957,902.220501427253
DZA,1993,49945584452.6506,883.920900907848
DZA,1994,42543176828.9237,833.35888667661
DZA,1995,41764291671.7711,851.702645830746
DZA,1996,46941554225.3581,808.685420917717
DZA,1997,48177612042.1507,813.381549041801
DZA,1998,48187781984.4881,828.485785729723
DZA,1999,48640671734.9711,872.199058779228
DZA,2000,54790398570.3282,873.657787057718
DZA,2001,59413400923.6364,863.498325342364
DZA,2002,61516103406.1688,911.440557642084
DZA,2003,73482264190.9245,955.848483496115
DZA,2004,91913680985.1708,954.298409338891
DZA,2005,107046618669.707,979.326457769033
DZA,2006,123084258693.01,1032.63866815022
DZA,2007,142482739809.849,1077.66189233078
DZA,2008,180383848331.135,1070.72807038599
DZA,2009,150317292079.359,1147.30600554253
DZA,2010,177785053939.531,1151.13889665565
DZA,2011,218331946925.304,1174.26806450034
DZA,2012,227143746075.934,1258.83718458975
DZA,2013,229701430292.157,1273.72242693806
DZA,2014,238942664192.59,1358.04787814425
DZA,2015,187493855609.345,1414.49702064392
DZA,2016,180763839522.151,1371.20207705232
DZA,2017,189880896903.073,1380.3468180174
DZA,2018,194554483655.528,1442.30211193457
DZA,2019,193459662090.677,1463.50985736009
DZA,2020,164873415325.201,1373.67832094406
DZA,2021,186231205262.082,1451.44517709293
DZA,2022,225581644702.568,1499.50999958517
DZA,2023,247923887214.655,1503.41406578063
DZA,2024,269322281664.773,
DZA,2025,,
EAP,1960,80886065110.4852,
EAP,1961,71247395333.073,
EAP,1962,64989160572.5448,
EAP,1963,70288432260.5342,
EAP,1964,81184317665.9229,
EAP,1965,94594887799.9548,
EAP,1966,103483052014.092,
EAP,1967,100474855679.916,
EAP,1968,101580829248.914,
EAP,1969,114217981695.758,
EAP,1970,127182556289.611,
EAP,1971,136580265754.987,
EAP,1972,155518448869.276,
EAP,1973,195616567916.784,
EAP,1974,221665588687.632,
EAP,1975,248772601176.036,
EAP,1976,252942981187.157,
EAP,1977,291532735013.151,
EAP,1978,282919061354.682,
EAP,1979,327589016955.703,
EAP,1980,377947161288.534,
EAP,1981,403551450432.948,
EAP,1982,423850572150.819,
EAP,1983,443839881509.845,
EAP,1984,480915094642.189,
EAP,1985,526600751089.372,
EAP,1986,525182739596.105,
EAP,1987,519033465046.499,
EAP,1988,576126858481.928,
EAP,1989,622836056673.595,
EAP,1990,667410241508.278,706.131742431728
EAP,1991,724654932688.966,688.093184964452
EAP,1992,812994672964.462,701.325096463481
EAP,1993,892446273872.149,731.807539485248
EAP,1994,1074481772219.03,752.640490508787
EAP,1995,1325739943462.75,795.949757180214
EAP,1996,1523108085146.29,809.43433346241
EAP,1997,1576765689230.4,808.157516737374
EAP,1998,1441284604894.45,797.014191137143
EAP,1999,1587766769203.35,807.69453953982
EAP,2000,1748618348986.43,822.765271422
EAP,2001,1862932027297.4,840.182721718281
EAP,2002,2063860728539.44,884.522369773311
EAP,2003,2337899791147.23,978.029688903909
EAP,2004,2712364424518.89,1087.31774136647
EAP,2005,3140094784139.39,1175.19031939503
EAP,2006,3783276519033.74,1257.91689575169
EAP,2007,4787054921838.08,1330.14619725907
EAP,2008,6062017772754.35,1359.23128009376
EAP,2009,6581352893096.84,1427.30970563691
EAP,2010,8008611577123.89,1550.29882898295
EAP,2011,9774259220654.2,1632.54771196013
EAP,2012,10905337947546.2,1676.90763687779
EAP,2013,12047512338954.1,1721.14156332657
EAP,2014,13004689014662.5,1753.08449625937
EAP,2015,13548904084321.4,1744.61159587763
EAP,2016,13844122751569.4,1736.64348544991
EAP,2017,15115625540264.8,1791.00217684184
EAP,2018,16902110052652.3,1870.61099890604
EAP,2019,17503274977303.3,1937.10810351152
EAP,2020,17805166443182.2,1972.74327928041
EAP,2021,21231425978691.4,2079.09178730252
EAP,2022,21563881384135.8,2128.39580071466
EAP,2023,21644412635340.6,2246.31817940879
EAP,2024,22260810771875.1,
EAP,2025,,
EAR,1960,144721677770.045,
EAR,1961,157593209302.864,
EAR,1962,159435896119.118,
EAR,1963,175994009911.133,
EAR,1964,201822394409.762,
EAR,1965,218951522604.693,
EAR,1966,216877873081.118,
EAR,1967,228982484399.536,
EAR,1968,249635352315.78,
EAR,1969,278946058537.51,
EAR,1970,296902005244.168,
EAR,1971,319666547823.284,
EAR,1972,352709582632.978,
EAR,1973,451330007897.131,
EAR,1974,632677956824.657,
EAR,1975,677326175290.985,
EAR,1976,739999717047.563,
EAR,1977,827431694414.616,
EAR,1978,944725702178.608,
EAR,1979,1111836214805.12,
EAR,1980,1382501835902.97,
EAR,1981,1531909890330.96,
EAR,1982,1460539930822.8,
EAR,1983,1474006434239.97,
EAR,1984,1494712751952.32,
EAR,1985,1490483608577.59,
EAR,1986,1498034888889.96,
EAR,1987,1521911883272.76,
EAR,1988,1606574808086.1,
EAR,1989,1634255193569.59,
EAR,1990,1915433566099.57,590.850705940113
EAR,1991,2032104613561.74,602.779277772613
EAR,1992,2207967005422.93,606.824506676262
EAR,1993,2381953146975.35,614.581443102505
EAR,1994,2502107597947.33,629.452755421024
EAR,1995,2616825349456.6,637.999019060013
EAR,1996,2836341459574.38,644.927579370612
EAR,1997,3029966854142.86,656.366563992522
EAR,1998,2921281348182.23,660.683639353964
EAR,1999,3090855529444.24,675.934750148513
EAR,2000,3378295866754.26,672.948595598009
EAR,2001,3351822804548.09,668.568570549069
EAR,2002,3255787156323.37,679.700018103877
EAR,2003,3622513779274.76,691.037953465144
EAR,2004,4209733389066.63,711.374658585432
EAR,2005,4897834756101.33,728.724809042489
EAR,2006,5600388912441.22,747.23539923469
EAR,2007,6631053551528.64,766.499737570447
EAR,2008,7461798613306.43,787.011942116006
EAR,2009,7179119134034.64,794.168169805903
EAR,2010,8719722451021.04,813.376549706283
EAR,2011,9832704039068.24,823.518377642629
EAR,2012,10275142735646.4,837.516201950441
EAR,2013,10330333855700.2,837.011069300641
EAR,2014,10533364326771.5,861.888058740599
EAR,2015,10127250782286.2,860.79548113171
EAR,2016,10423237803666.1,873.605922249648
EAR,2017,11320553240043.8,895.059398209353
EAR,2018,11478917653356.5,896.283480365817
EAR,2019,11686574879191.1,901.377199586837
EAR,2020,10823343545638.3,864.133213028563
EAR,2021,12695008338487.8,912.754623482764
EAR,2022,14034689936337.3,933.184042426178
EAR,2023,14933453330998.3,954.95062377514
EAR,2024,15808304487948.1,
EAR,2025,,
EAS,1960,157319051227.593,
EAS,1961,158550649387.071,
EAS,1962,162276885099.764,
EAS,1963,181110123774.702,
EAS,1964,207928170527.111,
EAS,1965,231441256707.029,
EAS,1966,258961623498.601,
EAS,1967,281428064740.649,
EAS,1968,310918325049.37,
EAS,1969,358520931889.826,
EAS,1970,412911499094.696,
EAS,1971,458861299357.063,
EAS,1972,570488659290.281,
EAS,1973,751994474883.851,
EAS,1974,867697064525.542,
EAS,1975,949601251437.203,
EAS,1976,1044586002622.97,
EAS,1977,1244835424362.48,
EAS,1978,1572466264984.33,
EAS,1979,1707937978688.0,
EAS,1980,1847683906919.31,
EAS,1981,2035238690119.8,
EAS,1982,1993801305392.76,
EAS,1983,2122245718331.56,
EAS,1984,2270398820971.54,
EAS,1985,2394790644030.34,
EAS,1986,3129485037094.75,
EAS,1987,3674655679101.68,
EAS,1988,4417683853665.45,
EAS,1989,4601033436533.33,
EAS,1990,4803290180331.84,1009.55325227475
EAS,1991,5427202639061.34,999.118014051373
EAS,1992,5932829360031.94,1023.05807895728
EAS,1993,6636847751412.68,1060.39303576598
EAS,1994,7425405636883.66,1095.48603813812
EAS,1995,8434543754117.74,1141.74758801923
EAS,1996,8130483838052.5,1165.98470995211
EAS,1997,7772693781558.03,1172.96257564741
EAS,1998,6955954583769.84,1151.58346213356
EAS,1999,7773840546154.07,1171.56467140967
EAS,2000,8412453304524.13,1196.49276808486
EAS,2001,7826463883839.79,1206.00464338584
EAS,2002,7956172633989.7,1249.39086259535
EAS,2003,8753448863353.34,1335.31445229886
EAS,2004,9819681145695.01,1445.11514316108
EAS,2005,10482706260278.9,1517.23093556571
EAS,2006,11119747675836.3,1593.4956978621
EAS,2007,12437519828885.7,1660.42354960652
EAS,2008,14343483215174.2,1677.50088460962
EAS,2009,14764315682393.8,1727.68212838192
EAS,2010,17239317220822.1,1857.13577664061
EAS,2011,19978722203920.9,1915.46474085199
EAS,2012,21382308600766.1,1948.80215021393
EAS,2013,21659293723344.2,1990.22103962021
EAS,2014,22372206647098.1,2011.2789241599
EAS,2015,22299105656919.6,2001.74575879334
EAS,2016,23089672188769.4,1995.29563548998
EAS,2017,24656162308335.2,2045.51931784722
EAS,2018,26853593303707.3,2114.20952872501
EAS,2019,27427259967363.2,2165.00705696613
EAS,2020,27578839610232.4,2178.56835402956
EAS,2021,31675719814404.9,2289.53492224628
EAS,2022,31266291368260.6,2324.73240211175
EAS,2023,31417826880875.0,2419.76967105104
EAS,2024,32017179839273.0,
EAS,2025,,
ECA,1960,,
ECA,1961,,
ECA,1962,,
ECA,1963,,
ECA,1964,,
ECA,1965,,
ECA,1966,,
ECA,1967,,
ECA,1968,,
ECA,1969,,
ECA,1970,,
ECA,1971,,
ECA,1972,,
ECA,1973,,
ECA,1974,,
ECA,1975,,
ECA,1976,,
ECA,1977,,
ECA,1978,,
ECA,1979,,
ECA,1980,,
ECA,1981,,
ECA,1982,,
ECA,1983,,
ECA,1984,,
ECA,1985,,
ECA,1986,,
ECA,1987,235133242045.119,
ECA,1988,260714658021.753,
ECA,1989,296012494754.96,
ECA,1990,354156720158.529,2841.89032896015
ECA,1991,341086296065.275,2761.94758953314
ECA,1992,328451120556.593,2456.90036275721
ECA,1993,339235852060.503,2209.35483493613
ECA,1994,265716719680.272,1958.92778315467
ECA,1995,373845229870.828,1893.57356283658
ECA,1996,395413043255.679,1822.90063856319
ECA,1997,420614588838.233,1779.60982350102
ECA,1998,421386465145.892,1756.10546234323
ECA,1999,384488217104.006,1713.54507410206
ECA,2000,391259402609.02,1740.08243555044
ECA,2001,335649212545.439,1699.03500030369
ECA,2002,390532064568.536,1748.01693648395
ECA,2003,498092410579.851,1824.53249658096
ECA,2004,641341376416.645,1897.49869858732
ECA,2005,798897294908.649,1884.80513608356
ECA,2006,929637643372.55,1957.9511563026
ECA,2007,1171542215920.56,2018.86178832477
ECA,2008,1402429749896.0,2028.50198402681
ECA,2009,1169814065612.09,1841.56697957756
ECA,2010,1385078523367.67,1996.9316000467
ECA,2011,1574244960285.95,2056.75583409276
ECA,2012,1658983451713.25,2011.70051311674
ECA,2013,1808692800315.95,1967.78081248428
ECA,2014,1735229369225.69,1842.73580697993
ECA,2015,1510474002479.16,1765.81376257207
ECA,2016,1450171284448.8,1818.37108881178
ECA,2017,1499595960769.3,1856.49770738227
ECA,2018,1477488205993.51,1898.14807868366
ECA,2019,1508679974755.36,1882.90407173794
ECA,2020,1446077189727.52,1840.24076277517
ECA,2021,1680958734568.53,2010.43054045206
ECA,2022,1820242864725.09,1871.98540065301
ECA,2023,2143244215113.25,1884.58058163065
ECA,2024,2451180144505.47,
ECA,2025,,
ECS,1960,426666341076.386,
ECS,1961,469524853748.684,
ECS,1962,513405546288.519,
ECS,1963,561372802906.338,
ECS,1964,620449239016.733,
ECS,1965,676603823141.806,
ECS,1966,731699507285.095,
ECS,1967,777321336439.052,
ECS,1968,818734190049.157,
ECS,1969,907972467404.46,
ECS,1970,1020812176391.15,
ECS,1971,1152050722008.06,
ECS,1972,1381315333741.31,
ECS,1973,1757146541396.18,
ECS,1974,1985792691039.95,
ECS,1975,2319533111918.75,
ECS,1976,2411368600960.78,
ECS,1977,2728001349943.93,
ECS,1978,3344297397044.39,
ECS,1979,4077590131182.29,
ECS,1980,4609261411538.91,
ECS,1981,4105756738593.04,
ECS,1982,3957248458690.98,
ECS,1983,3837932762271.18,
ECS,1984,3689517973067.83,
ECS,1985,3817565719211.52,
ECS,1986,5207541274400.02,
ECS,1987,6431748582275.97,
ECS,1988,7161818798652.39,
ECS,1989,7257702652999.89,
ECS,1990,8870877140631.39,3749.00508477146
ECS,1991,9137253599154.57,3712.71596920715
ECS,1992,9787841972924.51,3492.64515276345
ECS,1993,8995004729126.83,3371.55959775843
ECS,1994,9408650267542.72,3185.37220676216
ECS,1995,10942224071349.1,3194.91314874859
ECS,1996,11170753659602.9,3232.81543434457
ECS,1997,10606870959652.7,3168.12019872189
ECS,1998,10802596787884.9,3156.38696488912
ECS,1999,10693108477805.9,3152.53847633518
ECS,2000,10084357140368.8,3177.72491572227
ECS,2001,10189029938417.1,3220.81881420459
ECS,2002,11156577456679.8,3222.0530374815
ECS,2003,13567083586398.5,3308.82102220686
ECS,2004,15814841560656.9,3342.9081505652
ECS,2005,16835012218380.2,3344.43063306595
ECS,2006,18236819891061.4,3389.0227988068
ECS,2007,21308302318715.6,3360.66296270107
ECS,2008,23453627549028.2,3368.40311465491
ECS,2009,20648444471712.4,3147.62764026104
ECS,2010,21118677014368.3,3308.26057052866
ECS,2011,23432000301407.5,3270.12731674531
ECS,2012,22560574822089.8,3246.96594523681
ECS,2013,23574066317473.4,3190.95902871572
ECS,2014,23920533649825.0,3075.64022387689
ECS,2015,20603435735279.6,3049.90864327333
ECS,2016,20528432079127.4,3086.76934847038
ECS,2017,21791487069281.7,3131.60898355082
ECS,2018,23342642668393.2,3162.44928755462
ECS,2019,23067540030248.6,3085.27201930775
ECS,2020,22322527185686.7,2947.49556985676
ECS,2021,25572901699926.6,3181.04988560189
ECS,2022,25798700454390.6,3039.13683506331
ECS,2023,27732942821913.5,2931.9220991476
ECS,2024,29291828957768.8,
ECS,2025,,
ECU,1960,2069464937.19791,
ECU,1961,1753850955.05808,
ECU,1962,1518207703.48997,
ECU,1963,1824343870.71407,
ECU,1964,2244146102.98333,
ECU,1965,2387047395.70254,
ECU,1966,2429308638.838,
ECU,1967,2553595172.08743,
ECU,1968,2582179864.15493,
ECU,1969,3112165727.38342,
ECU,1970,2862503139.00358,
ECU,1971,2754219271.03082,
ECU,1972,3185986087.33583,
ECU,1973,3891754150.23796,
ECU,1974,6599257044.12414,
ECU,1975,7731674472.07212,
ECU,1976,9091921030.17345,
ECU,1977,11026342618.1141,
ECU,1978,11922497876.4828,
ECU,1979,14175160902.0721,
ECU,1980,17881508242.4481,
ECU,1981,21810759353.7304,
ECU,1982,19929846396.4239,
ECU,1983,17152477036.5005,
ECU,1984,16912509091.855,
ECU,1985,17149088413.35,
ECU,1986,15314138472.3282,
ECU,1987,13945426859.4657,
ECU,1988,13051881851.4068,
ECU,1989,13890823704.5545,
ECU,1990,15239272611.5809,604.385185437681
ECU,1991,16988535267.6338,621.669111509305
ECU,1992,18094238119.0595,616.129973808237
ECU,1993,18938717358.6793,562.965692222008
ECU,1994,22708673336.6683,591.015739147634
ECU,1995,24432884442.2211,679.11036362393
ECU,1996,25226393196.5983,701.923963874189
ECU,1997,28162053026.5133,715.356853475628
ECU,1998,27981896948.4742,721.83171905857
ECU,1999,19645272636.3182,640.345822140702
ECU,2000,17539454727.3637,638.756054226183
ECU,2001,23127055000.0,668.563680952542
ECU,2002,27054197000.0,709.305743944436
ECU,2003,30965208000.0,770.215737177298
ECU,2004,35194947000.0,785.591926855098
ECU,2005,40278849000.0,837.891418715488
ECU,2006,45690762000.0,811.02739152362
ECU,2007,49848725000.0,875.476008346416
ECU,2008,61139438000.0,762.824711258849
ECU,2009,60094978000.0,830.344069134027
ECU,2010,68151329000.0,867.465226710609
ECU,2011,78986648000.0,891.346717905666
ECU,2012,87735048000.0,872.14170563726
ECU,2013,96570334000.0,911.670139950059
ECU,2014,102717794000.0,983.169096054705
ECU,2015,97209558000.0,937.035024847677
ECU,2016,97671433000.0,885.908943461603
ECU,2017,104467486000.0,900.097212296325
ECU,2018,107478961000.0,859.0065244756
ECU,2019,107595830000.0,904.417680495404
ECU,2020,95865473000.0,785.501430511736
ECU,2021,107179074000.0,886.251942198984
ECU,2022,116133121000.0,907.425347450976
ECU,2023,121147057000.0,949.273888855786
ECU,2024,124676074700.0,
ECU,2025,,
EGY,1960,4206270352.22633,
EGY,1961,4494575611.21289,
EGY,1962,4035462027.39753,
EGY,1963,4187146231.56839,
EGY,1964,4709245761.67881,
EGY,1965,4948667540.41066,
EGY,1966,5278005611.91453,
EGY,1967,5605484298.98275,
EGY,1968,5932242990.65421,
EGY,1969,6524455205.81114,
EGY,1970,8042200452.1477,
EGY,1971,8609283346.08518,
EGY,1972,9299638055.84281,
EGY,1973,10098534613.4411,
EGY,1974,9228963224.60004,
EGY,1975,11632178868.9171,
EGY,1976,13315988083.4161,
EGY,1977,14400806875.9867,
EGY,1978,14811704063.0685,
EGY,1979,18020571428.5714,
EGY,1980,21669908176.3889,
EGY,1981,22136081081.0811,
EGY,1982,27655172413.7931,
EGY,1983,30966239813.7369,
EGY,1984,33971188991.6147,
EGY,1985,39053502251.0732,
EGY,1986,41253507951.3564,
EGY,1987,40455616653.5742,
EGY,1988,34980124929.0176,
EGY,1989,39756299049.9793,
EGY,1990,42978914311.3504,575.627816051793
EGY,1991,37387836490.5284,560.09244203582
EGY,1992,41855986519.4235,560.197168973292
EGY,1993,46578631452.581,567.643027729985
EGY,1994,51897983392.6453,535.527088500906
EGY,1995,60159245060.4541,557.752927274638
EGY,1996,67629716981.1321,578.994921620111
EGY,1997,78436578171.0914,589.73786141318
EGY,1998,84828807556.0803,615.903471310701
EGY,1999,90710704806.8416,615.24506398418
EGY,2000,99838543960.0763,569.881356092312
EGY,2001,96684636118.5984,634.095104088458
EGY,2002,85146067415.7303,636.526193894253
EGY,2003,80288461538.4615,647.53985335306
EGY,2004,78782467532.4675,692.141360028845
EGY,2005,89660339660.3397,778.769640304157
EGY,2006,107426086956.522,806.402489163819
EGY,2007,130437828371.278,844.384421346476
EGY,2008,162818181818.182,859.150259001023
EGY,2009,189147005444.646,862.435116243687
EGY,2010,218983666061.706,838.166707475228
EGY,2011,235989672977.625,860.053119855617
EGY,2012,279116666666.667,866.240866672303
EGY,2013,288434108527.132,825.189960336054
EGY,2014,305595408895.265,832.772090858109
EGY,2015,329366576819.407,810.817127279737
EGY,2016,332441717791.411,872.581407763809
EGY,2017,248362771739.13,897.218073562482
EGY,2018,262588632526.73,870.813573488394
EGY,2019,318678815489.749,844.783013447093
EGY,2020,383817841547.099,805.259456646637
EGY,2021,424671765455.704,857.821938469275
EGY,2022,476747720364.742,902.48842991302
EGY,2023,395926075163.006,928.39494742708
EGY,2024,389059911003.566,
EGY,2025,,
EMU,1960,251618036413.213,
EMU,1961,280078203910.322,
EMU,1962,309694923223.855,
EMU,1963,340786490149.599,
EMU,1964,377598986539.21,
EMU,1965,412774576471.606,
EMU,1966,446517615235.836,
EMU,1967,474428505593.993,
EMU,1968,509988879945.715,
EMU,1969,569734708021.535,
EMU,1970,645500835842.668,
EMU,1971,731657047532.379,
EMU,1972,883626753918.737,
EMU,1973,1146929346320.65,
EMU,1974,1300640475270.6,
EMU,1975,1507769269988.61,
EMU,1976,1573201555133.45,
EMU,1977,1790121849729.2,
EMU,1978,2191877722237.84,
EMU,1979,2655412251166.7,
EMU,1980,2973694924193.75,
EMU,1981,2583763815177.7,
EMU,1982,2500976094855.11,
EMU,1983,2440096224414.65,
EMU,1984,2341108054746.11,
EMU,1985,2404986753295.59,
EMU,1986,3377295853623.19,
EMU,1987,4177529771751.75,
EMU,1988,4594903614804.26,
EMU,1989,4693107413339.75,
EMU,1990,5905615266811.65,3494.76052634961
EMU,1991,6127707302712.63,3531.01523178558
EMU,1992,6750506224912.11,3442.26892269615
EMU,1993,6180487033219.2,3409.68122869536
EMU,1994,6531158637825.7,3393.75111018761
EMU,1995,7540043718350.13,3495.31027741497
EMU,1996,7629501026055.96,3602.21668540406
EMU,1997,6977670410602.33,3591.0911664389
EMU,1998,7174357611624.96,3646.01416197898
EMU,1999,7148860255013.26,3634.37324593404
EMU,2000,6528628817962.73,3668.05008203938
EMU,2001,6631899417554.06,3753.11801261208
EMU,2002,7241862819845.99,3737.27049855719
EMU,2003,8921228124667.76,3805.45107234976
EMU,2004,10231007049211.6,3838.51072744992
EMU,2005,10611825457675.7,3830.76203447148
EMU,2006,11288300255552.1,3825.96668055615
EMU,2007,13000311540976.4,3744.72423061683
EMU,2008,14295718485782.5,3718.26498485013
EMU,2009,13083077526585.9,3497.60303299689
EMU,2010,12784744616370.5,3614.34111200805
EMU,2011,13808563263632.6,3487.54301856319
EMU,2012,12784947379630.9,3445.54958698502
EMU,2013,13357283141903.1,3410.91663276807
EMU,2014,13682058707498.0,3269.30548506514
EMU,2015,11829834353286.1,3311.38867059749
EMU,2016,12123283574466.5,3311.4342649246
EMU,2017,12841960349280.8,3343.85875752965
EMU,2018,13871778197583.7,3280.87151560212
EMU,2019,13589774677631.3,3223.6339809124
EMU,2020,13267554461613.6,2978.61449640542
EMU,2021,14924551716260.4,3147.59414387948
EMU,2022,14488160081806.7,2945.12300052697
EMU,2023,15854782417877.0,2806.74106122297
EMU,2024,16485444160371.0,2789.62558383149
EMU,2025,,
ERI,1960,,
ERI,1961,,
ERI,1962,,
ERI,1963,,
ERI,1964,,
ERI,1965,,
ERI,1966,,
ERI,1967,,
ERI,1968,,
ERI,1969,,
ERI,1970,,
ERI,1971,,
ERI,1972,,
ERI,1973,,
ERI,1974,,
ERI,1975,,
ERI,1976,,
ERI,1977,,
ERI,1978,,
ERI,1979,,
ERI,1980,,
ERI,1981,,
ERI,1982,,
ERI,1983,,
ERI,1984,,
ERI,1985,,
ERI,1986,,
ERI,1987,,
ERI,1988,,
ERI,1989,,
ERI,1990,,
ERI,1991,,
ERI,1992,477101651.648376,487.810505107134
ERI,1993,467872714.755603,496.324286728029
ERI,1994,531688311.688312,496.469608395975
ERI,1995,578015625.0,492.68886637698
ERI,1996,693535954.190067,492.09707586343
ERI,1997,686490090.140141,483.954445898394
ERI,1998,745523116.900052,310.659081046161
ERI,1999,688918537.115555,317.384681009183
ERI,2000,706370815.584416,315.395535029609
ERI,2001,752371688.743186,322.668541220259
ERI,2002,729321680.154324,299.832707809687
ERI,2003,870248267.550163,330.949471726041
ERI,2004,1109054005.43971,268.667667611852
ERI,2005,1098424685.66169,264.190146723474
ERI,2006,1211161879.6748,245.383387133755
ERI,2007,1317974491.05691,244.433724354807
ERI,2008,1380188800.0,239.25916399818
ERI,2009,1856695551.21951,244.677921933455
ERI,2010,1589515447.15447,248.894956494924
ERI,2011,2065001626.01626,258.760972689353
ERI,2012,,262.063036384126
ERI,2013,,260.936166552643
ERI,2014,,266.358094164411
ERI,2015,,272.036486003147
ERI,2016,,277.730097694676
ERI,2017,,279.100492502831
ERI,2018,,284.048243367687
ERI,2019,,286.133520690109
ERI,2020,,285.996406436595
ERI,2021,,288.025287685807
ERI,2022,,290.500531064104
ERI,2023,,292.343429731134
ERI,2024,,
ERI,2025,,
ESP,1960,12424514013.7604,
ESP,1961,14238126759.7335,
ESP,1962,16609632790.5843,
ESP,1963,19631714759.6491,
ESP,1964,21966876027.2517,
ESP,1965,25479619606.5284,
ESP,1966,29559436182.9186,
ESP,1967,32570905397.2885,
ESP,1968,32394326463.759,
ESP,1969,37090689287.8552,
ESP,1970,40963715236.5106,
ESP,1971,46586119760.479,
ESP,1972,59090176028.993,
ESP,1973,78583355225.5854,
ESP,1974,97204522642.0536,
ESP,1975,114695060869.565,
ESP,1976,118422534195.474,
ESP,1977,132354665936.473,
ESP,1978,160484969618.056,
ESP,1979,214448666336.143,
ESP,1980,232600556973.776,
ESP,1981,202663023968.283,
ESP,1982,195856752991.065,
ESP,1983,170829074245.94,
ESP,1984,171979977230.387,
ESP,1985,180664322896.282,
ESP,1986,251141555185.933,
ESP,1987,318520253335.13,
ESP,1988,375891716897.586,
ESP,1989,414460794096.978,
ESP,1990,536175326477.31,2317.97017574877
ESP,1991,576753902321.857,2398.21804948706
ESP,1992,630465353486.104,2430.88437246788
ESP,1993,524700572623.872,2319.50158512719
ESP,1994,530183651720.283,2435.94127282847
ESP,1995,614170002668.802,2537.01654979213
ESP,1996,642251412058.321,2489.29122824676
ESP,1997,589739772727.273,2634.70993203434
ESP,1998,618731484575.12,2756.25615027943
ESP,1999,634394904386.874,2878.01236592727
ESP,2000,598102854756.08,2991.49306471374
ESP,2001,627798682378.741,3048.84384472463
ESP,2002,708938227243.923,3095.99686843763
ESP,2003,907963217057.645,3145.4023925367
ESP,2004,1069829382514.67,3226.28942874321
ESP,2005,1154667551775.88,3239.54436471806
ESP,2006,1261846683275.29,3190.72627710892
ESP,2007,1476746276854.51,3168.95970956596
ESP,2008,1636115447612.5,3015.00798974738
ESP,2009,1496587590847.66,2749.85548907362
ESP,2010,1427989078916.67,2735.18257337486
ESP,2011,1487568659241.25,2684.34318918947
ESP,2012,1330994811670.31,2677.18038552382
ESP,2013,1362186923157.65,2506.25540520067
ESP,2014,1380244561361.96,2458.57177736167
ESP,2015,1206164777553.12,2552.40125248088
ESP,2016,1243015667917.12,2563.00704379932
ESP,2017,1321754088818.83,2690.49733287835
ESP,2018,1431642809327.06,2666.26079715432
ESP,2019,1403496387686.27,2573.90442450746
ESP,2020,1289783836971.21,2303.51311623486
ESP,2021,1461244901852.69,2422.46704705393
ESP,2022,1448850658406.62,2408.92811488939
ESP,2023,1619481980719.64,2293.70814634203
ESP,2024,1725671652742.19,2303.6111637731
ESP,2025,,
EST,1960,,
EST,1961,,
EST,1962,,
EST,1963,,
EST,1964,,
EST,1965,,
EST,1966,,
EST,1967,,
EST,1968,,
EST,1969,,
EST,1970,,
EST,1971,,
EST,1972,,
EST,1973,,
EST,1974,,
EST,1975,,
EST,1976,,
EST,1977,,
EST,1978,,
EST,1979,,
EST,1980,,
EST,1981,,
EST,1982,,
EST,1983,,
EST,1984,,
EST,1985,,
EST,1986,,
EST,1987,,
EST,1988,,
EST,1989,,
EST,1990,,6818.48447304429
EST,1991,,6339.72373091907
EST,1992,,4195.77321216626
EST,1993,4013091682.2914,3639.5461674343
EST,1994,4123011419.74174,4108.50204498328
EST,1995,4502970889.06373,3917.02322755288
EST,1996,4786018988.16491,4153.07801709925
EST,1997,5154420649.23354,4070.39889054806
EST,1998,5674080542.88575,3790.51957857562
EST,1999,5756912265.75809,3543.4730567446
EST,2000,5686579747.53524,3377.645508595
EST,2001,6250218422.70164,3589.37747318315
EST,2002,7370119619.4782,3375.56515275032
EST,2003,9876595528.45528,3680.05850823958
EST,2004,12148595031.0559,3952.3382123667
EST,2005,14109491356.7964,4015.42832630309
EST,2006,17025671810.3124,4006.73962643142
EST,2007,22450264166.4385,4690.13970340714
EST,2008,24342935403.5447,4142.50947696917
EST,2009,19633984440.1223,3360.6644887123
EST,2010,19524355419.038,4419.42268300424
EST,2011,23303915794.7569,4311.6949178562
EST,2012,23237406116.3988,3984.06344804238
EST,2013,25451032780.7573,4435.56686367547
EST,2014,27055689003.0038,4226.20121103955
EST,2015,23311847750.9394,3695.11919135189
EST,2016,24561027787.7896,4579.42111654538
EST,2017,27469461919.1189,4444.84667060588
EST,2018,31222632740.7247,4282.71513259126
EST,2019,31873748770.0313,3661.49925395092
EST,2020,31820771493.8974,3368.23730668515
EST,2021,37201101170.5847,3427.29968051085
EST,2022,38226641740.29,3559.04893160478
EST,2023,41470344395.1086,3089.39333905852
EST,2024,43130419829.35,2708.7827664704
EST,2025,,
ETH,1960,1610511693.84215,
ETH,1961,1680859514.1016,
ETH,1962,1747566307.0997,
ETH,1963,1825058827.83853,
ETH,1964,1984129185.6,
ETH,1965,2159998591.2,
ETH,1966,2324466416.0,
ETH,1967,2461762002.8,
ETH,1968,2619948864.8,
ETH,1969,2768987372.0,
ETH,1970,3045354454.8,
ETH,1971,3224280834.97092,
ETH,1972,3520252938.26087,
ETH,1973,4070570549.8642,
ETH,1974,4577209966.18358,
ETH,1975,4577047854.10628,
ETH,1976,4943806093.23672,
ETH,1977,5651840584.54106,
ETH,1978,6014961434.78261,
ETH,1979,6586048398.06763,
ETH,1980,7012585454.10628,
ETH,1981,7507663566.66667,
ETH,1982,7899988840.57971,
ETH,1983,8781664427.05314,
ETH,1984,8298309580.67633,
ETH,1985,9717392686.95652,
ETH,1986,10094328898.0676,
ETH,1987,10790001557.971,
ETH,1988,11181119717.8744,
ETH,1989,11762932007.2464,
ETH,1990,12478943895.1691,368.247986717548
ETH,1991,13799799323.6715,366.903730823917
ETH,1992,10754799036.5745,360.759293316477
ETH,1993,9051043870.12197,362.729069533154
ETH,1994,7100806753.92942,363.832192837619
ETH,1995,7855205206.93405,364.887007146337
ETH,1996,8761215548.48614,365.417427056509
ETH,1997,8803539988.33248,364.138774400544
ETH,1998,8013274131.69715,364.193348754706
ETH,1999,7892973531.80045,363.234894582195
ETH,2000,8242349617.8638,363.603550531224
ETH,2001,8231326016.47494,366.971780860921
ETH,2002,7850809498.16803,366.758089028477
ETH,2003,8623691300.04079,367.63116772625
ETH,2004,10131187261.4421,367.777166433932
ETH,2005,12401139453.9738,365.389330954915
ETH,2006,15280861834.6024,366.046138985671
ETH,2007,19707616772.7996,367.675946638422
ETH,2008,27066912635.2228,368.652913303335
ETH,2009,32437389116.038,368.44943557023
ETH,2010,29933790334.3418,368.268746003103
ETH,2011,31952763089.33,371.320232525157
ETH,2012,43310721414.0829,371.675426449938
ETH,2013,47648276605.0123,375.85804849591
ETH,2014,55612228233.5179,379.902875684312
ETH,2015,62103418181.8182,379.764413056995
ETH,2016,68475871209.607,383.271232956714
ETH,2017,76366081766.6667,381.746445734134
ETH,2018,83337901071.9697,384.353883621329
ETH,2019,91834517112.628,385.847616822769
ETH,2020,98676811061.4035,379.568149086532
ETH,2021,109070960371.859,372.343233834902
ETH,2022,123140304666.0,378.635522850201
ETH,2023,135874093202.492,382.175692692495
ETH,2024,149740297952.986,
ETH,2025,,
EUU,1960,285151593517.865,
EUU,1961,316957315284.249,
EUU,1962,350242479710.816,
EUU,1963,384746828593.342,
EUU,1964,426774574129.451,
EUU,1965,467012617276.635,
EUU,1966,505529224628.472,
EUU,1967,538186984638.651,
EUU,1968,577537349543.932,
EUU,1969,644490038737.548,
EUU,1970,728936354558.504,
EUU,1971,823997564740.857,
EUU,1972,993807576357.324,
EUU,1973,1285760453749.93,
EUU,1974,1455564730991.19,
EUU,1975,1694691860215.15,
EUU,1976,1775046705220.48,
EUU,1977,2011021369358.25,
EUU,1978,2449229543717.81,
EUU,1979,2960086312677.68,
EUU,1980,3311398072837.09,
EUU,1981,2890050505826.48,
EUU,1982,2787868117631.33,
EUU,1983,2710862889681.46,
EUU,1984,2612656839102.0,
EUU,1985,2686730457063.81,
EUU,1986,3753266239108.06,
EUU,1987,4639614022608.17,
EUU,1988,5094084472960.0,
EUU,1989,5202884439938.86,
EUU,1990,6505695339260.16,3426.49409240211
EUU,1991,6727631751634.05,3404.54064485331
EUU,1992,7389295673878.14,3301.4790566914
EUU,1993,6750807644414.01,3284.30909377452
EUU,1994,7157908667157.89,3256.61116988443
EUU,1995,8298352822403.7,3358.30331649555
EUU,1996,8433614719069.7,3465.23602990044
EUU,1997,7735885029565.07,3435.4220004299
EUU,1998,7970103042535.26,3448.71169200036
EUU,1999,7936107808460.76,3408.71030576992
EUU,2000,7288481048952.25,3426.83308666771
EUU,2001,7407615944962.45,3513.05434688124
EUU,2002,8100430284893.67,3509.85008081957
EUU,2003,9956860723577.65,3580.34477017976
EUU,2004,11449101966447.2,3610.4237630397
EUU,2005,11954349375612.0,3610.55848940846
EUU,2006,12768357074578.4,3625.76732649016
EUU,2007,14789471689508.0,3560.87699096301
EUU,2008,16364455236166.7,3539.98406145018
EUU,2009,14844813523140.0,3325.85401389365
EUU,2010,14641773544950.6,3455.72012945554
EUU,2011,15874713437636.1,3352.9544484885
EUU,2012,14731876146120.7,3305.80724919781
EUU,2013,15398507628838.6,3267.65397107209
EUU,2014,15763596442222.6,3143.88823335219
EUU,2015,13656252620703.3,3176.28838380569
EUU,2016,13988147697216.6,3193.84744220649
EUU,2017,14871313684625.8,3244.3990547838
EUU,2018,16092403309151.5,3209.90930196045
EUU,2019,15809073096211.4,3149.89746458067
EUU,2020,15504055464107.4,2933.9871843456
EUU,2021,17495226733585.2,3109.89331024934
EUU,2022,17023612496380.4,2922.75771263618
EUU,2023,18659133072074.8,2780.2009151871
EUU,2024,19497115588443.6,2821.39665655907
EUU,2025,,
FCS,1960,34029503593.0124,
FCS,1961,35534363196.6949,
FCS,1962,39268957404.893,
FCS,1963,44880094682.0907,
FCS,1964,40614223625.4864,
FCS,1965,44620716060.0225,
FCS,1966,47607568997.4705,
FCS,1967,46953517458.6862,
FCS,1968,51877513129.7901,
FCS,1969,58222824529.0649,
FCS,1970,69337148733.7804,
FCS,1971,71407461835.1812,
FCS,1972,82669328910.7713,
FCS,1973,102251839628.799,
FCS,1974,153919142856.207,
FCS,1975,168821163378.995,
FCS,1976,200509609303.93,
FCS,1977,221370987598.479,
FCS,1978,242767598948.43,
FCS,1979,305997104049.973,
FCS,1980,388229877017.349,
FCS,1981,510372306576.133,
FCS,1982,486768808046.112,
FCS,1983,420187399132.026,
FCS,1984,378000797274.671,
FCS,1985,384377742170.645,
FCS,1986,354355843392.201,
FCS,1987,356312604369.475,
FCS,1988,387019746762.657,
FCS,1989,383035643113.567,
FCS,1990,546007306640.06,1018.8969167008
FCS,1991,386413970742.199,1005.69963119073
FCS,1992,344196008915.929,941.569480771154
FCS,1993,350711816129.835,875.654424626581
FCS,1994,352567008669.321,821.443853809384
FCS,1995,430901808099.076,798.91227473382
FCS,1996,465760648426.237,769.231125290735
FCS,1997,521200354329.853,765.730999317683
FCS,1998,535179642435.45,728.606469660604
FCS,1999,399400020821.852,717.484969974747
FCS,2000,466929248691.912,705.552992168096
FCS,2001,457048079382.208,700.859164781001
FCS,2002,446089285308.4,715.720844441507
FCS,2003,469847559925.415,706.200021706993
FCS,2004,595876444368.305,694.45104123289
FCS,2005,756354101430.868,700.263331793077
FCS,2006,947253259627.876,678.37800297516
FCS,2007,1160668758510.72,667.4860583333
FCS,2008,1484312853576.3,661.761218400328
FCS,2009,1342615105225.82,619.89692485501
FCS,2010,1596645964256.64,677.600853433828
FCS,2011,1665506572724.03,661.852460357653
FCS,2012,1855874824709.61,643.768827202295
FCS,2013,1825595058878.46,637.330700982447
FCS,2014,1787605499773.02,610.646887972685
FCS,2015,1481660318787.67,567.35359334227
FCS,2016,1358130757341.27,567.127914537896
FCS,2017,1443031828638.41,567.059931116398
FCS,2018,1556210403398.5,549.744869753115
FCS,2019,1811454247630.6,547.202048949896
FCS,2020,1610227321244.27,501.44855929481
FCS,2021,1740335947472.93,527.599918474605
FCS,2022,1918272363969.18,493.617617206041
FCS,2023,1778723185468.2,496.139400419746
FCS,2024,1652895518697.74,
FCS,2025,,
FIN,1960,5279481824.12983,
FIN,1961,5984433774.41601,
FIN,1962,6407796042.70357,
FIN,1963,6958916548.12933,
FIN,1964,7848987792.54261,
FIN,1965,8680393838.88018,
FIN,1966,9306142171.60056,
FIN,1967,9468272357.09549,
FIN,1968,8916565040.54632,
FIN,1969,10177524838.9004,
FIN,1970,11358529161.9479,
FIN,1971,12528522307.4737,
FIN,1972,14744499569.8308,
FIN,1973,19474098335.1486,
FIN,1974,24851036710.2568,
FIN,1975,29475251333.4411,
FIN,1976,31852352669.6415,
FIN,1977,33502784417.884,
FIN,1978,36259392057.7617,
FIN,1979,44469218439.9328,
FIN,1980,53649984061.205,
FIN,1981,52440066133.9212,
FIN,1982,52784013815.2214,
FIN,1983,50956447480.7857,
FIN,1984,52870993272.6553,
FIN,1985,55856676899.4628,
FIN,1986,73511611541.1682,
FIN,1987,91564993913.1611,
FIN,1988,109039090262.971,
FIN,1989,118991270611.057,
FIN,1990,141446120354.533,5691.62343795639
FIN,1991,127794441993.824,5742.82671829269
FIN,1992,112537828510.751,5381.02847300418
FIN,1993,89112105756.2194,5617.27677077652
FIN,1994,103182697780.307,5972.65301332318
FIN,1995,134060457516.34,5662.00742267697
FIN,1996,131991975148.848,6070.34663389252
FIN,1997,126862902302.142,6277.08095861145
FIN,1998,133990876724.522,6319.46583521513
FIN,1999,135234241918.147,6284.09468261203
FIN,2000,125967821110.589,6257.21912070832
FIN,2001,129519672868.898,6405.85272256556
FIN,2002,140360963811.765,6722.82613567459
FIN,2003,171612867735.686,7072.1791412038
FIN,2004,197458297639.769,7128.99567069435
FIN,2005,204859368790.661,6555.77647291287
FIN,2006,217044068234.117,7106.70978937984
FIN,2007,256360251537.648,6968.91134494832
FIN,2008,285698662071.094,6654.45363101075
FIN,2009,253480783439.453,6255.05051638905
FIN,2010,249429613683.334,6812.6019950935
FIN,2011,275126915515.565,6522.93869318769
FIN,2012,257443384492.969,6265.77228948066
FIN,2013,270268036626.275,6138.31405576065
FIN,2014,273478528954.901,6246.04153603753
FIN,2015,233210733506.25,5921.59681653244
FIN,2016,238777818792.608,6120.63301519281
FIN,2017,253846138440.0,6070.15750826277
FIN,2018,273869255596.078,6165.44402350648
FIN,2019,267014821129.411,6024.65366583164
FIN,2020,270000311606.226,5739.2544528356
FIN,2021,294223210496.119,5996.8929932427
FIN,2022,280253099309.34,5683.95102157914
FIN,2023,295021982462.75,5866.65173975112
FIN,2024,298696961297.656,5613.99170800082
FIN,2025,,
FJI,1960,112328422.113084,
FJI,1961,116987784.913739,
FJI,1962,122906434.957814,
FJI,1963,129454728.623599,
FJI,1964,140032741.468329,
FJI,1965,147084750.031482,
FJI,1966,150603925.515853,
FJI,1967,162625885.863484,
FJI,1968,166952937.135005,
FJI,1969,182182067.703568,
FJI,1970,219878482.173564,
FJI,1971,247749327.721267,
FJI,1972,316656648.698957,
FJI,1973,425950487.519894,
FJI,1974,558587097.382833,
FJI,1975,684282434.361095,
FJI,1976,694540806.380644,
FJI,1977,719501765.783049,
FJI,1978,829267889.429373,
FJI,1979,1019691460.17376,
FJI,1980,1202618816.20852,
FJI,1981,1235626770.50924,
FJI,1982,1194059943.22478,
FJI,1983,1123085190.06509,
FJI,1984,1178000677.99929,
FJI,1985,1141168943.97661,
FJI,1986,1290267339.65006,
FJI,1987,1177947965.12142,
FJI,1988,1110009522.75743,
FJI,1989,1182660265.76635,
FJI,1990,1337017559.49728,369.58526656632
FJI,1991,1383883249.591,
FJI,1992,1532411039.05479,
FJI,1993,1636101246.9394,
FJI,1994,1825732092.54674,
FJI,1995,1970301486.20561,
FJI,1996,2128696643.62574,
FJI,1997,2090221137.02876,
FJI,1998,1653146716.58235,
FJI,1999,1936459986.03795,
FJI,2000,1678219507.89829,
FJI,2001,1652462023.46215,
FJI,2002,1833279985.36741,
FJI,2003,2300492465.32276,
FJI,2004,2708078476.63012,761.694759402813
FJI,2005,2980403844.72096,655.047320935788
FJI,2006,3076305452.86506,627.8324058111
FJI,2007,3378314599.76402,583.628117509735
FJI,2008,3523185919.55826,
FJI,2009,2870624635.68032,
FJI,2010,3140166712.79624,
FJI,2011,3779411899.37483,
FJI,2012,3972028104.47328,
FJI,2013,4189967998.51424,
FJI,2014,4857104768.86844,
FJI,2015,4682479893.97558,
FJI,2016,4930213644.36653,
FJI,2017,5353469174.47838,
FJI,2018,5581425327.44397,
FJI,2019,5344907153.46698,
FJI,2020,4227719873.3865,
FJI,2021,4158873156.17978,
FJI,2022,4977861885.60316,
FJI,2023,5476673518.13788,
FJI,2024,5968125909.27126,
FJI,2025,,
FRA,1960,61959085885.3427,
FRA,1961,67158050215.0488,
FRA,1962,75196980365.0325,
FRA,1963,84227606649.8725,
FRA,1964,93424179943.3453,
FRA,1965,100927668584.29,
FRA,1966,109306730313.216,
FRA,1967,118088635380.954,
FRA,1968,128710572572.436,
FRA,1969,140660914840.59,
FRA,1970,147312861698.358,
FRA,1971,164694210962.472,
FRA,1972,201738881664.499,
FRA,1973,261970536240.424,
FRA,1974,282739225313.693,
FRA,1975,357324307786.446,
FRA,1976,368363152144.223,
FRA,1977,406401711687.617,
FRA,1978,501724418604.651,
FRA,1979,608218624730.188,
FRA,1980,694529183483.39,
FRA,1981,609184791792.396,
FRA,1982,578152310609.841,
FRA,1983,553356312935.709,
FRA,1984,525033325827.516,
FRA,1985,547220981165.134,
FRA,1986,764946585850.933,
FRA,1987,926320855614.973,
FRA,1988,1010827662151.75,
FRA,1989,1016742237302.08,
FRA,1990,1257649439826.53,3840.29284408953
FRA,1991,1258961748633.88,4038.65106657847
FRA,1992,1389663073110.28,3949.27198438536
FRA,1993,1314383368079.69,3997.18558148783
FRA,1994,1385822778827.98,3831.06683360221
FRA,1995,1595219345511.89,3975.88904728611
FRA,1996,1598889216566.23,4186.80246709718
FRA,1997,1449392222971.45,4043.67394488538
FRA,1998,1496906382032.47,4146.55454542881
FRA,1999,1486915879701.93,4117.93049493822
FRA,2000,1360959069477.49,4130.17270058081
FRA,2001,1370376677298.86,4240.43326978854
FRA,2002,1492427756382.43,4220.32024855816
FRA,2003,1835095983049.09,4296.5464931216
FRA,2004,2109792297237.03,4327.20397302417
FRA,2005,2192146403028.17,4313.6963002429
FRA,2006,2317861544690.82,4214.29234630039
FRA,2007,2655816911866.56,4142.17819118209
FRA,2008,2926802941585.86,4137.71989985562
FRA,2009,2700075882518.98,3938.38637955439
FRA,2010,2646230027988.34,4040.43918739374
FRA,2011,2870408553990.28,3951.00450412595
FRA,2012,2683007095787.23,3929.20601557226
FRA,2013,2816077607875.26,3925.86545930191
FRA,2014,2861236112552.42,3755.83244171123
FRA,2015,2442483452642.5,3799.19260526718
FRA,2016,2470407619777.13,3718.17053401513
FRA,2017,2588868323334.71,3705.41111644137
FRA,2018,2781576320884.39,3669.37065950443
FRA,2019,2722793515171.76,3605.53190025511
FRA,2020,2647926055110.05,3228.48915727036
FRA,2021,2966433692008.09,3469.83398574773
FRA,2022,2794788137066.94,3100.1897815932
FRA,2023,3056250648138.29,3136.12237461475
FRA,2024,3160442622465.08,3184.7895085475
FRA,2025,,
FRO,1960,,
FRO,1961,,
FRO,1962,,
FRO,1963,,
FRO,1964,,
FRO,1965,57954522.4217259,
FRO,1966,64397131.0846457,
FRO,1967,66225403.5588069,
FRO,1968,65186666.6666667,
FRO,1969,70106666.6666667,
FRO,1970,84933333.3333333,
FRO,1971,99219082.8537991,
FRO,1972,119335897.815202,
FRO,1973,161236465.823622,
FRO,1974,196771070.895339,
FRO,1975,227404436.013679,
FRO,1976,270470345.449357,
FRO,1977,347798304.635267,
FRO,1978,397833034.884512,
FRO,1979,448568492.658561,
FRO,1980,493014300.005217,
FRO,1981,456244919.010912,
FRO,1982,444047495.320099,
FRO,1983,486605127.702681,
FRO,1984,426008864.692169,
FRO,1985,459307281.195335,
FRO,1986,688914288.878298,
FRO,1987,886508622.334316,
FRO,1988,968576956.930265,
FRO,1989,871935350.384909,
FRO,1990,960805408.949872,
FRO,1991,909253214.82608,
FRO,1992,912670413.325883,
FRO,1993,760957189.757646,
FRO,1994,758739178.612171,
FRO,1995,901404709.830684,
FRO,1996,989536914.659081,
FRO,1997,933763083.395627,
FRO,1998,1104744235.30111,
FRO,1999,1127684827.35686,
FRO,2000,1067109530.64798,
FRO,2001,1160268212.07291,
FRO,2002,1275093689.27107,
FRO,2003,1501941580.88903,
FRO,2004,1724770770.83393,
FRO,2005,1759739599.22694,
FRO,2006,2017680834.89917,
FRO,2007,2339015313.29513,
FRO,2008,2489873249.62815,
FRO,2009,2296065170.05552,
FRO,2010,2331796784.36009,
FRO,2011,2505740669.27039,
FRO,2012,2427200388.91831,
FRO,2013,2690110520.92548,
FRO,2014,2914012679.27277,
FRO,2015,2573905971.05459,
FRO,2016,2813278868.78208,
FRO,2017,2980057377.87967,
FRO,2018,3188600927.46688,
FRO,2019,3266432734.22819,
FRO,2020,3271813311.5831,
FRO,2021,3699551717.10561,
FRO,2022,3615241800.50058,
FRO,2023,3943131022.2291,
FRO,2024,4052937169.76536,
FRO,2025,,
FSM,1960,,
FSM,1961,,
FSM,1962,,
FSM,1963,,
FSM,1964,,
FSM,1965,,
FSM,1966,,
FSM,1967,,
FSM,1968,,
FSM,1969,,
FSM,1970,19885926.0,
FSM,1971,21783158.0,
FSM,1972,25100928.0,
FSM,1973,34821467.0,
FSM,1974,46095175.0,
FSM,1975,46119184.0,
FSM,1976,46813193.0,
FSM,1977,47305560.0,
FSM,1978,53656834.0,
FSM,1979,60270778.0,
FSM,1980,64186644.0,
FSM,1981,76472529.0,
FSM,1982,80055706.0,
FSM,1983,84110353.0,
FSM,1984,84676118.0,
FSM,1985,101931941.0,
FSM,1986,112210000.0,
FSM,1987,116700000.0,
FSM,1988,124700000.0,
FSM,1989,135200000.0,
FSM,1990,147200000.0,
FSM,1991,166200000.0,
FSM,1992,178100000.0,
FSM,1993,198400000.0,
FSM,1994,202500000.0,
FSM,1995,219930003.350969,
FSM,1996,216545996.897124,
FSM,1997,204397167.480929,
FSM,1998,216520601.071838,
FSM,1999,217198869.130571,
FSM,2000,229616847.556821,
FSM,2001,236387710.833256,
FSM,2002,237654335.835633,
FSM,2003,240949861.080731,
FSM,2004,235538109.216531,
FSM,2005,245905050.832081,
FSM,2006,248583534.788766,
FSM,2007,252011254.242462,
FSM,2008,258124736.278522,
FSM,2009,274654606.935781,
FSM,2010,290638857.061212,
FSM,2011,306799375.530804,
FSM,2012,322838077.579294,
FSM,2013,312808581.662958,
FSM,2014,313994033.967662,
FSM,2015,310175057.802073,
FSM,2016,325000000.0,
FSM,2017,359000000.0,
FSM,2018,392000000.0,
FSM,2019,394000000.0,
FSM,2020,372902700.0,
FSM,2021,391601900.0,
FSM,2022,415956900.0,
FSM,2023,441469400.0,
FSM,2024,471425099.488675,
FSM,2025,,
GAB,1960,141468977.799846,
GAB,1961,167637907.122782,
GAB,1962,182796536.266025,
GAB,1963,154480244.055222,
GAB,1964,215679855.342091,
GAB,1965,226474285.779063,
GAB,1966,245849781.273234,
GAB,1967,271543680.048895,
GAB,1968,294468564.245272,
GAB,1969,318124701.478771,
GAB,1970,323802475.512425,
GAB,1971,381687072.622379,
GAB,1972,430508358.514204,
GAB,1973,722780701.295854,
GAB,1974,1544216001.66059,
GAB,1975,2157592940.04234,
GAB,1976,3009409974.26856,
GAB,1977,2809349069.22118,
GAB,1978,2389479271.66616,
GAB,1979,3030251120.09759,
GAB,1980,4279637942.25144,
GAB,1981,3862269120.53497,
GAB,1982,3618007841.13503,
GAB,1983,3391275731.53751,
GAB,1984,3561451560.50783,
GAB,1985,3339914757.22872,
GAB,1986,3403638189.20049,
GAB,1987,3281797043.04996,
GAB,1988,3834503376.02992,
GAB,1989,4186411463.85975,
GAB,1990,5952293764.84777,1201.08359172965
GAB,1991,5402919784.57004,1207.03874856033
GAB,1992,5592390827.39854,1256.01226770013
GAB,1993,4378645081.01769,1294.00384259768
GAB,1994,4190819344.22255,1117.36470549403
GAB,1995,4958845648.04778,1194.21566119698
GAB,1996,5694040002.89863,1212.43813569091
GAB,1997,5326817114.53586,1196.8182090102
GAB,1998,4483417309.83011,1241.26399218341
GAB,1999,4662992036.2073,1177.82369057002
GAB,2000,5080483628.53013,1153.06155311667
GAB,2001,5023265413.2623,1205.62017172291
GAB,2002,5335451099.88223,1417.03968600606
GAB,2003,6511903365.47554,1621.16641537009
GAB,2004,7770219008.21293,1829.65618455084
GAB,2005,9582783990.85345,2074.20458463989
GAB,2006,10327598306.4575,2263.43017323991
GAB,2007,12455409587.3371,2419.6346592973
GAB,2008,15571348344.3379,2578.18479820338
GAB,2009,12113699068.2517,2728.50138573496
GAB,2010,14372593020.2885,2957.4674143756
GAB,2011,18210307743.5816,2295.78142116486
GAB,2012,17170464016.0593,1955.40804605842
GAB,2013,17595744798.3398,2771.53824040148
GAB,2014,18203966895.8433,2602.65376634085
GAB,2015,14383107762.6952,2550.96047927478
GAB,2016,14023890265.3665,2489.24179859903
GAB,2017,14929487485.1623,2263.59335681829
GAB,2018,16867326401.9626,2294.91220106774
GAB,2019,16874405465.391,2211.81226516481
GAB,2020,15342236163.9864,2143.31412266993
GAB,2021,19444935097.2395,2106.98378794876
GAB,2022,20440655695.1804,2092.38401880367
GAB,2023,19388372070.9778,2041.86846663466
GAB,2024,20895684425.6752,
GAB,2025,,
GBR,1960,73233967692.1028,
GBR,1961,77741965703.3544,
GBR,1962,81247564156.8246,
GBR,1963,86561961812.3249,
GBR,1964,94407558351.1616,
GBR,1965,101824755078.991,
GBR,1966,108572752102.045,
GBR,1967,113116888210.787,
GBR,1968,107759910067.889,
GBR,1969,116464702803.218,
GBR,1970,130671946244.3,
GBR,1971,148113896325.14,
GBR,1972,169965034965.035,
GBR,1973,192537971582.558,
GBR,1974,206131369798.971,
GBR,1975,241756637168.142,
GBR,1976,232614555256.065,
GBR,1977,263066457352.172,
GBR,1978,335883029721.956,
GBR,1979,438994070309.191,
GBR,1980,564947710899.373,
GBR,1981,540765675241.158,
GBR,1982,515048916841.37,
GBR,1983,489618008185.539,
GBR,1984,461487097632.349,
GBR,1985,489285164271.047,
GBR,1986,601452653180.885,
GBR,1987,745162608269.325,
GBR,1988,910122732123.799,
GBR,1989,926884816753.927,
GBR,1990,1093169389204.55,3597.3010525851
GBR,1991,1142797178130.51,3707.89443811568
GBR,1992,1179659529659.53,3684.81144729003
GBR,1993,1061388722255.55,3713.443124142
GBR,1994,1140489745944.29,3733.80487842151
GBR,1995,1349094208616.06,3729.55293237334
GBR,1996,1425287051482.06,3880.31355582242
GBR,1997,1569317288801.57,3760.81073205794
GBR,1998,1660821464060.95,3787.50885825831
GBR,1999,1693458987218.9,3784.31837908023
GBR,2000,1671597821152.97,3786.40281086309
GBR,2001,1656171009068.66,3785.6601241847
GBR,2002,1790536570743.41,3716.62337347063
GBR,2003,2061227755102.04,3764.06191688174
GBR,2004,2429774807762.72,3697.50381825103
GBR,2005,2551361818181.82,3689.55051742336
GBR,2006,2719558417663.29,3601.05090812166
GBR,2007,3104699879951.98,3443.58715993443
GBR,2008,2945251838235.29,3370.1581117517
GBR,2009,2429358155475.93,3144.00201324492
GBR,2010,2496740681057.14,3235.05383786127
GBR,2011,2675590034128.66,2973.83120573757
GBR,2012,2719715961539.83,3028.77223348044
GBR,2013,2796908333283.39,2962.29760006424
GBR,2014,3085362169410.29,2767.96188412765
GBR,2015,2945579890258.46,2774.79682774608
GBR,2016,2706807606538.73,2696.97999020896
GBR,2017,2699118387873.1,2658.99577329303
GBR,2018,2897028009916.05,2632.15067210726
GBR,2019,2875710080015.3,2515.97344619501
GBR,2020,2724001478304.59,2317.4085386833
GBR,2021,3194559188925.93,2377.26368887082
GBR,2022,3181244350465.41,2254.36941582721
GBR,2023,3420796653789.08,2127.6084341819
GBR,2024,3686033044482.13,2071.02329531458
GBR,2025,,
GEO,1960,,
GEO,1961,,
GEO,1962,,
GEO,1963,,
GEO,1964,,
GEO,1965,,
GEO,1966,,
GEO,1967,,
GEO,1968,,
GEO,1969,,
GEO,1970,,
GEO,1971,,
GEO,1972,,
GEO,1973,,
GEO,1974,,
GEO,1975,,
GEO,1976,,
GEO,1977,,
GEO,1978,,
GEO,1979,,
GEO,1980,,
GEO,1981,,
GEO,1982,,
GEO,1983,,
GEO,1984,,
GEO,1985,,
GEO,1986,,
GEO,1987,7321981333.6772,
GEO,1988,8833588173.40023,
GEO,1989,8902632715.25406,
GEO,1990,7735927263.59261,2585.81272484196
GEO,1991,6324503311.25828,2079.27159733069
GEO,1992,3690328963.64086,1776.99680781127
GEO,1993,2701181331.30816,1548.52250758043
GEO,1994,2513867645.13316,968.80714712397
GEO,1995,2693732611.81599,799.90460076894
GEO,1996,3094936177.1918,834.097042101285
GEO,1997,3510520231.21387,755.882765182464
GEO,1998,3613497316.55319,716.288859651759
GEO,1999,2800025882.71672,669.381104463705
GEO,2000,3057475335.18846,703.790688330461
GEO,2001,3219462262.0075,640.36762423724
GEO,2002,3395766677.67315,639.469430603328
GEO,2003,3991377904.13162,684.636577306364
GEO,2004,5125365191.98664,708.052613597414
GEO,2005,6410912049.87105,727.945648077707
GEO,2006,7745250733.95067,781.34402083108
GEO,2007,10172931088.5655,865.688124609239
GEO,2008,12795145130.9103,780.788490925027
GEO,2009,10766920065.8251,811.604883767971
GEO,2010,12426907967.1578,824.605083052625
GEO,2011,15475290469.2869,943.642090063012
GEO,2012,16894392033.2256,993.847722414941
GEO,2013,17517660143.6859,1118.86616651538
GEO,2014,17966015109.3043,1193.781897604
GEO,2015,15223796148.8396,1259.15997860484
GEO,2016,15444548901.9637,1300.49894445527
GEO,2017,16473125375.0684,1312.78610346067
GEO,2018,17902544880.6471,1301.87728809329
GEO,2019,17638337116.9126,1371.17934672286
GEO,2020,16010869215.68,1327.38644455455
GEO,2021,18853115588.8106,1425.96785615054
GEO,2022,24984568959.605,1543.58379982411
GEO,2023,30777833600.6515,1530.06712122186
GEO,2024,34189423544.9955,
GEO,2025,,
GHA,1960,1217230094.97205,
GHA,1961,1302674324.88378,
GHA,1962,1382515654.47343,
GHA,1963,1540797588.57221,
GHA,1964,1731296199.52296,
GHA,1965,2053462968.0426,
GHA,1966,2126300672.22965,
GHA,1967,1747187644.9031,
GHA,1968,1666909517.65205,
GHA,1969,1962050555.7775,
GHA,1970,2215028588.45646,
GHA,1971,2417108577.52739,
GHA,1972,2112293279.98507,
GHA,1973,3006766758.43977,
GHA,1974,2894409937.8882,
GHA,1975,2810106382.97872,
GHA,1976,2765254237.28814,
GHA,1977,3189428571.42857,
GHA,1978,3662478184.99127,
GHA,1979,4020227920.22792,
GHA,1980,4445228215.76763,
GHA,1981,4222441860.46512,
GHA,1982,4035994397.7591,
GHA,1983,4057275132.27513,
GHA,1984,4412279843.44423,
GHA,1985,4504306722.68908,
GHA,1986,5735677433.82683,
GHA,1987,5074829931.97279,
GHA,1988,5197765031.64557,
GHA,1989,5251858439.874,
GHA,1990,5889106573.46088,343.736504631431
GHA,1991,6603185267.79643,346.842908215595
GHA,1992,6416103925.83267,350.413755045689
GHA,1993,5968922939.37198,358.208685416489
GHA,1994,5446383726.77047,363.878561541399
GHA,1995,6464382807.67884,371.979573023255
GHA,1996,6932991739.37767,375.516649147209
GHA,1997,6891443192.24985,383.784688131443
GHA,1998,7482069162.42008,395.747512800287
GHA,1999,7718109982.26093,401.340038042534
GHA,2000,4982850662.20851,322.127334642966
GHA,2001,5314872854.4405,313.165728366048
GHA,2002,6166197847.85031,303.797214535662
GHA,2003,7632723555.66221,281.217826361178
GHA,2004,8881417906.71432,270.192103863779
GHA,2005,10744568381.4456,261.893368449293
GHA,2006,20885037596.6963,274.133659952501
GHA,2007,24827339138.4906,263.025409302741
GHA,2008,28679383241.0729,276.023736903457
GHA,2009,26048720005.5233,274.268692555035
GHA,2010,32197655566.5347,296.099589771501
GHA,2011,39336668080.559,302.776311436787
GHA,2012,41271701060.954,328.520151456093
GHA,2013,62845721959.827,323.671149524462
GHA,2014,54678533805.9064,321.354700935333
GHA,2015,49436806230.4839,325.604049227551
GHA,2016,56144179397.8516,327.930479432879
GHA,2017,60385409434.8567,351.113971311685
GHA,2018,67259353965.6087,378.657496575592
GHA,2019,68352629246.1555,380.421155062376
GHA,2020,70008243859.8666,392.373098140481
GHA,2021,79514204730.3979,382.191892428598
GHA,2022,73919003209.9866,361.562855486466
GHA,2023,80547146878.3843,369.331287865765
GHA,2024,82308110386.4641,
GHA,2025,,
GIB,1960,,
GIB,1961,,
GIB,1962,,
GIB,1963,,
GIB,1964,,
GIB,1965,,
GIB,1966,,
GIB,1967,,
GIB,1968,,
GIB,1969,,
GIB,1970,,
GIB,1971,,
GIB,1972,,
GIB,1973,,
GIB,1974,,
GIB,1975,,
GIB,1976,,
GIB,1977,,
GIB,1978,,
GIB,1979,,
GIB,1980,,
GIB,1981,,
GIB,1982,,
GIB,1983,,
GIB,1984,,
GIB,1985,,
GIB,1986,,
GIB,1987,,
GIB,1988,,
GIB,1989,,
GIB,1990,,2923.22790394466
GIB,1991,,3665.53595538077
GIB,1992,,4267.19992412107
GIB,1993,,4272.22693561271
GIB,1994,,4801.64517762102
GIB,1995,,4702.41218110907
GIB,1996,,4755.71576469717
GIB,1997,,4920.31899295722
GIB,1998,,5160.45347722492
GIB,1999,,5332.89101129507
GIB,2000,,5544.25207372363
GIB,2001,,4439.76842955483
GIB,2002,,4176.86385284769
GIB,2003,,4108.88604794567
GIB,2004,,4010.0159068124
GIB,2005,,3946.77631192923
GIB,2006,,3951.44120392052
GIB,2007,,4086.63211786173
GIB,2008,,4157.59766134873
GIB,2009,,4168.16039308088
GIB,2010,,4325.48940416993
GIB,2011,,4327.29015494422
GIB,2012,,4245.37041275207
GIB,2013,,4046.97385867745
GIB,2014,,3820.02031359863
GIB,2015,,3746.06615202835
GIB,2016,,3662.37944172123
GIB,2017,,3649.1217145717
GIB,2018,,3729.26886281879
GIB,2019,,4273.70904795529
GIB,2020,,3331.81210953576
GIB,2021,,3239.43414520829
GIB,2022,,3156.32988443902
GIB,2023,,3213.50201695807
GIB,2024,,
GIB,2025,,
GIN,1960,,
GIN,1961,,
GIN,1962,,
GIN,1963,,
GIN,1964,,
GIN,1965,,
GIN,1966,,
GIN,1967,,
GIN,1968,,
GIN,1969,,
GIN,1970,3220224607.81851,
GIN,1971,3594302908.06164,
GIN,1972,4203069035.01427,
GIN,1973,5152080387.55572,
GIN,1974,5691417541.33871,
GIN,1975,6102769605.43001,
GIN,1976,6762781870.6211,
GIN,1977,6914381290.57116,
GIN,1978,8087305999.0597,
GIN,1979,8877094497.44971,
GIN,1980,9746524915.08071,
GIN,1981,9646440666.52864,
GIN,1982,11926032493.4301,
GIN,1983,15129893722.3449,
GIN,1984,18421497251.1767,
GIN,1985,22787644565.9059,
GIN,1986,2909130355.238,
GIN,1987,2976714019.06852,
GIN,1988,3476480303.12273,
GIN,1989,3546079262.94987,
GIN,1990,3888320665.52218,
GIN,1991,4396178694.1535,
GIN,1992,4789220416.70641,
GIN,1993,4781166116.51789,
GIN,1994,4932800406.92974,
GIN,1995,5385704166.43341,
GIN,1996,5641243099.76661,
GIN,1997,5516916163.0949,
GIN,1998,5232118046.3713,
GIN,1999,5046806782.54761,
GIN,2000,4367458866.71537,
GIN,2001,4125527603.22908,
GIN,2002,4301608752.51396,
GIN,2003,5025167975.26363,
GIN,2004,5300767960.51572,
GIN,2005,4282468636.90501,
GIN,2006,4220019845.26341,
GIN,2007,6281918226.34408,
GIN,2008,6964179983.17212,
GIN,2009,6716905339.73136,
GIN,2010,6853467145.53089,
GIN,2011,6785137203.33153,
GIN,2012,7638044556.84656,
GIN,2013,8376613539.28278,
GIN,2014,8778473372.82124,
GIN,2015,8794201742.84609,
GIN,2016,8595955222.49719,
GIN,2017,10324668271.1362,
GIN,2018,11857030366.7891,
GIN,2019,13442861496.4454,
GIN,2020,14088693742.9464,
GIN,2021,17069115737.8259,
GIN,2022,19910452541.9219,
GIN,2023,22407615556.0571,
GIN,2024,25008678293.4084,
GIN,2025,,
GMB,1960,,
GMB,1961,,
GMB,1962,,
GMB,1963,,
GMB,1964,,
GMB,1965,,
GMB,1966,44212081.3502297,
GMB,1967,46695006.9579374,
GMB,1968,41160065.8561054,
GMB,1969,45168072.2689156,
GMB,1970,52296083.6737339,
GMB,1971,55728663.222684,
GMB,1972,59160569.4804413,
GMB,1973,75187749.0961317,
GMB,1974,95796021.6888272,
GMB,1975,115179719.077633,
GMB,1976,112190829.470457,
GMB,1977,138093099.09774,
GMB,1978,171833086.019624,
GMB,1979,207112627.726094,
GMB,1980,241083090.303623,
GMB,1981,218767743.459101,
GMB,1982,216050552.301584,
GMB,1983,213448584.936945,
GMB,1984,177340880.086204,
GMB,1985,225726358.890914,
GMB,1986,185646986.824927,
GMB,1987,220626484.224811,
GMB,1988,266672211.934161,
GMB,1989,284120329.401023,
GMB,1990,317083695.477797,58.5870250764201
GMB,1991,690311080.515018,
GMB,1992,714254256.122189,
GMB,1993,755040974.087322,
GMB,1994,746493951.900959,
GMB,1995,785999864.840299,
GMB,1996,848239446.21576,
GMB,1997,803633342.473706,
GMB,1998,840285264.631545,
GMB,1999,814724032.065735,
GMB,2000,782913871.80966,
GMB,2001,687410645.063943,
GMB,2002,578235309.327198,
GMB,2003,487038685.045496,
GMB,2004,961900651.423441,66.6127185884025
GMB,2005,1027701067.55688,64.7856046386493
GMB,2006,1054112487.74083,66.4616460917346
GMB,2007,1279703047.0221,75.3210773292618
GMB,2008,1561766955.73024,
GMB,2009,1450142508.57808,
GMB,2010,1543294926.87301,
GMB,2011,1409693596.93594,
GMB,2012,1415004738.26621,
GMB,2013,1375609453.43746,
GMB,2014,1229461721.40861,
GMB,2015,1378176608.93204,
GMB,2016,1484578885.97132,
GMB,2017,1504909462.69521,
GMB,2018,1670671327.81651,
GMB,2019,1813609692.49994,
GMB,2020,1812170891.19069,
GMB,2021,2014158842.14596,
GMB,2022,2204734527.88096,
GMB,2023,2382262184.68273,
GMB,2024,2404888749.21907,
GMB,2025,,
GNB,1960,,
GNB,1961,,
GNB,1962,,
GNB,1963,,
GNB,1964,,
GNB,1965,,
GNB,1966,,
GNB,1967,,
GNB,1968,,
GNB,1969,,
GNB,1970,204670550.76064,
GNB,1971,204167296.856603,
GNB,1972,227986203.29754,
GNB,1973,232331281.355932,
GNB,1974,256769730.263158,
GNB,1975,283311996.82299,
GNB,1976,292152321.493146,
GNB,1977,298871674.860041,
GNB,1978,318876550.432277,
GNB,1979,308143183.311819,
GNB,1980,287648258.258297,
GNB,1981,402230865.151515,
GNB,1982,430284021.883771,
GNB,1983,425225176.812165,
GNB,1984,359980490.728569,
GNB,1985,373959151.148591,
GNB,1986,338524232.567315,
GNB,1987,451893374.95907,
GNB,1988,427514321.528126,
GNB,1989,554072302.828333,
GNB,1990,634187269.235013,76.6529652274027
GNB,1991,668470890.785147,
GNB,1992,588309271.28603,
GNB,1993,615779518.807114,
GNB,1994,612502084.797565,
GNB,1995,660195402.013602,
GNB,1996,702965147.568054,
GNB,1997,698107222.422492,
GNB,1998,591034143.426384,
GNB,1999,579365780.135134,
GNB,2000,391345597.488269,
GNB,2001,412610871.509121,
GNB,2002,466773711.235579,
GNB,2003,553614800.145707,
GNB,2004,582169841.298304,63.7243315058282
GNB,2005,639776040.688424,62.9711526978072
GNB,2006,634781901.251494,63.5906233506182
GNB,2007,753162998.015113,65.4727199297581
GNB,2008,952667544.037289,
GNB,2009,890167833.369849,
GNB,2010,940112538.936436,
GNB,2011,1157074319.19388,
GNB,2012,1049412177.11413,
GNB,2013,1109682824.13594,
GNB,2014,1135250721.0374,
GNB,2015,1152384166.79638,
GNB,2016,1245074264.10396,
GNB,2017,1469978606.12143,
GNB,2018,1554133593.91699,
GNB,2019,1596227316.34846,
GNB,2020,1705057581.09946,
GNB,2021,1908094558.33981,
GNB,2022,1859601384.05928,
GNB,2023,2127688181.12014,
GNB,2024,2218393804.54798,
GNB,2025,,
GNQ,1960,,
GNQ,1961,,
GNQ,1962,37253333.3333333,
GNQ,1963,44266666.6666667,
GNQ,1964,51915000.0,
GNQ,1965,64748333.3333333,
GNQ,1966,69110000.0,
GNQ,1967,72317446.9327193,
GNQ,1968,67514285.7142857,
GNQ,1969,67225714.2857143,
GNQ,1970,66331428.5714286,
GNQ,1971,64946954.756798,
GNQ,1972,65429198.238708,
GNQ,1973,81203226.9138345,
GNQ,1974,94159862.7073691,
GNQ,1975,104295643.388437,
GNQ,1976,103653049.93797,
GNQ,1977,103987520.075827,
GNQ,1978,,
GNQ,1979,,
GNQ,1980,50642880.7737503,
GNQ,1981,36731422.8456914,
GNQ,1982,44294647.733479,
GNQ,1983,44442456.94764,
GNQ,1984,50320914.4065688,
GNQ,1985,62118569.9654481,
GNQ,1986,76407395.8727542,
GNQ,1987,93345859.52973,
GNQ,1988,100534656.881732,
GNQ,1989,88265974.861049,
GNQ,1990,112119411.489965,280.053730785481
GNQ,1991,110906028.536862,271.834315537101
GNQ,1992,134707183.84662,261.679745781367
GNQ,1993,136047906.245408,258.032501247882
GNQ,1994,100807002.540195,252.114582471287
GNQ,1995,141853360.867855,246.344951358607
GNQ,1996,232463022.802961,255.349223595514
GNQ,1997,442337870.69437,277.798468827221
GNQ,1998,370687634.425712,288.860727954079
GNQ,1999,621117885.668503,297.691966348771
GNQ,2000,1045998496.43872,342.94581014711
GNQ,2001,1461139022.02954,346.083765897848
GNQ,2002,1806742742.27311,450.928237072084
GNQ,2003,2484745935.09329,453.514851450604
GNQ,2004,4410764338.66733,1539.1056670147
GNQ,2005,8217369092.65224,1487.70830249441
GNQ,2006,10086528698.8604,1434.67726360262
GNQ,2007,13071718758.7373,1526.68147418091
GNQ,2008,19749893536.3204,1468.22847098395
GNQ,2009,15027795173.2187,1443.33062367003
GNQ,2010,16314443436.2903,1408.82893129251
GNQ,2011,21357343668.9447,1508.54494003481
GNQ,2012,22388344143.9131,1488.71178654086
GNQ,2013,21948834283.7856,1727.48458399233
GNQ,2014,21765453081.9826,1526.63462289312
GNQ,2015,13185496881.0174,1370.90677563127
GNQ,2016,11240808847.8878,1554.8565612454
GNQ,2017,12200913878.9827,1338.09995530593
GNQ,2018,13097012133.6159,1413.00455925482
GNQ,2019,11364133549.7478,1275.65943710534
GNQ,2020,9893816007.7398,1116.56450555349
GNQ,2021,12215878032.7166,1295.32967648807
GNQ,2022,13687643435.6249,1278.54521201331
GNQ,2023,12337550583.754,1271.35042221008
GNQ,2024,12765777677.0622,
GNQ,2025,,
GRC,1960,4274890306.82895,
GRC,1961,4892397431.33292,
GRC,1962,5140542929.42067,
GRC,1963,5813285626.64404,
GRC,1964,6576906345.11518,
GRC,1965,7582209670.27425,
GRC,1966,8472021466.86847,
GRC,1967,9146592855.683,
GRC,1968,9950331205.83108,
GRC,1969,11454106327.0756,
GRC,1970,12957113636.3636,
GRC,1971,14388806818.1818,
GRC,1972,16650659090.9091,
GRC,1973,22037019562.7158,
GRC,1974,24998715909.0909,
GRC,1975,28129128586.61,
GRC,1976,30719552238.806,
GRC,1977,35673080481.0361,
GRC,1978,43654480519.4805,
GRC,1979,53724121435.1426,
GRC,1980,56039256594.7242,
GRC,1981,51618456334.5633,
GRC,1982,53858346938.7755,
GRC,1983,48741397058.8235,
GRC,1984,47352146311.971,
GRC,1985,47155741426.1041,
GRC,1986,55595445472.2493,
GRC,1987,64739630095.6215,
GRC,1988,75200610136.9205,
GRC,1989,78067933277.3815,
GRC,1990,96529587274.2906,2102.69488021793
GRC,1991,103680863712.844,2094.63547017199
GRC,1992,114608178405.434,2129.91226887459
GRC,1993,107295704518.43,2090.7776810471
GRC,1994,114980063202.247,2138.26711244512
GRC,1995,134974613913.811,2147.14873218934
GRC,1996,142502984144.96,2206.11405582656
GRC,1997,138766067640.085,2284.8871389477
GRC,1998,139612812175.718,2392.93510906742
GRC,1999,137131371955.307,2393.20228327082
GRC,2000,125760166224.805,2512.02003858494
GRC,2001,132050474720.03,2583.56128087388
GRC,2002,150253800085.865,2603.6056227148
GRC,2003,196930509813.384,2672.75982215817
GRC,2004,234979615898.225,2717.47100440097
GRC,2005,242315668619.405,2758.67496021751
GRC,2006,269073415333.676,2748.70086926019
GRC,2007,314226996944.108,2737.50471822283
GRC,2008,351121399546.485,2749.77926334315
GRC,2009,326829054686.306,2654.84323438585
GRC,2010,296417644404.034,2487.52918925294
GRC,2011,283228079776.041,2413.16129816794
GRC,2012,238841140018.233,2408.75576544664
GRC,2013,236556279640.705,2133.12835852595
GRC,2014,233911581521.062,2128.79231677777
GRC,2015,194567373678.099,2148.04707916151
GRC,2016,193097239005.87,2109.41656684289
GRC,2017,200381103984.298,2148.0515638287
GRC,2018,213298873494.394,2089.36044213673
GRC,2019,207305649887.019,2058.5433840771
GRC,2020,191362985554.861,1839.48818892263
GRC,2021,218303801895.326,1924.00171997177
GRC,2022,217990189600.69,1957.79872050503
GRC,2023,242946187738.269,1874.9562305559
GRC,2024,256238371778.118,1921.30169085009
GRC,2025,,
GRD,1960,,
GRD,1961,,
GRD,1962,,
GRD,1963,,
GRD,1964,,
GRD,1965,,
GRD,1966,,
GRD,1967,,
GRD,1968,,
GRD,1969,,
GRD,1970,,
GRD,1971,,
GRD,1972,,
GRD,1973,,
GRD,1974,,
GRD,1975,,
GRD,1976,,
GRD,1977,71494495.1851852,
GRD,1978,88322386.2962963,
GRD,1979,102244362.222222,
GRD,1980,110900457.037037,
GRD,1981,115651918.888889,
GRD,1982,125435590.0,
GRD,1983,131803552.222222,
GRD,1984,145533310.740741,
GRD,1985,167728455.185185,
GRD,1986,187589522.592593,
GRD,1987,215009569.62963,
GRD,1988,236357523.703704,
GRD,1989,267327642.222222,
GRD,1990,278098762.962963,424.926688476045
GRD,1991,300757888.888889,
GRD,1992,310160444.444444,
GRD,1993,309812185.185185,
GRD,1994,325111814.814815,
GRD,1995,342172518.518519,
GRD,1996,366911444.444444,
GRD,1997,392190592.592593,
GRD,1998,445903592.592593,
GRD,1999,482009370.37037,
GRD,2000,520044370.37037,
GRD,2001,520444185.185185,
GRD,2002,540336925.925926,
GRD,2003,591018407.407407,
GRD,2004,599118592.592593,676.893242958938
GRD,2005,695555555.555555,719.922722219184
GRD,2006,698700666.666667,735.461025105552
GRD,2007,758683592.592593,732.885760301117
GRD,2008,825976037.037037,
GRD,2009,771275555.555555,
GRD,2010,771014814.814815,
GRD,2011,778655555.555555,
GRD,2012,799881481.481481,
GRD,2013,842618518.518518,
GRD,2014,911496296.296296,
GRD,2015,997007407.407407,
GRD,2016,1061640740.74074,
GRD,2017,1125685185.18519,
GRD,2018,1166514814.81481,
GRD,2019,1213485185.18519,
GRD,2020,1043411111.11111,
GRD,2021,1122222222.22222,
GRD,2022,1224007407.40741,
GRD,2023,1336418518.51852,
GRD,2024,1371918518.51852,
GRD,2025,,
GRL,1960,,
GRL,1961,,
GRL,1962,,
GRL,1963,,
GRL,1964,,
GRL,1965,,
GRL,1966,,
GRL,1967,,
GRL,1968,,
GRL,1969,,
GRL,1970,69520026.6666667,
GRL,1971,88466738.2497268,
GRL,1972,106101297.801272,
GRL,1973,140153748.243656,
GRL,1974,169918948.629182,
GRL,1975,211190630.329609,
GRL,1976,240779417.7857,
GRL,1977,282269749.160113,
GRL,1978,355987433.41569,
GRL,1979,420645821.540488,
GRL,1980,476051740.773769,
GRL,1981,435748993.418421,
GRL,1982,402403041.029269,
GRL,1983,416184071.019417,
GRL,1984,379371901.490374,
GRL,1985,412876382.829174,
GRL,1986,603016292.686978,
GRL,1987,787390408.953269,
GRL,1988,898607670.624413,
GRL,1989,929799902.191124,
GRL,1990,1018977280.32928,
GRL,1991,1016500069.25708,
GRL,1992,1037916162.54976,
GRL,1993,927214151.76793,
GRL,1994,1005887539.32049,
GRL,1995,1208953287.06598,
GRL,1996,1197515569.08202,
GRL,1997,1072154433.84538,
GRL,1998,1149858069.75766,
GRL,1999,1131555107.04907,
GRL,2000,1068025016.00862,
GRL,2001,1086170703.9816,
GRL,2002,1169136716.03557,
GRL,2003,1558759823.08169,
GRL,2004,1822499769.23938,
GRL,2005,1849802648.36391,
GRL,2006,2013106929.50031,
GRL,2007,2249811295.6608,
GRL,2008,2499092314.41875,
GRL,2009,2529963903.22685,
GRL,2010,2503167187.49305,
GRL,2011,2684461375.46585,
GRL,2012,2609678486.36749,
GRL,2013,2684946990.12448,
GRL,2014,2842065708.35962,
GRL,2015,2499113022.81675,
GRL,2016,2707139544.46695,
GRL,2017,2851613679.03433,
GRL,2018,3055782146.15957,
GRL,2019,2997309971.87623,
GRL,2020,3089625554.40473,
GRL,2021,3293578467.57327,
GRL,2022,3152334771.77992,
GRL,2023,3326543974.39193,
GRL,2024,,
GRL,2025,,
GTM,1960,1043599900.0,
GTM,1961,1076699900.0,
GTM,1962,1143600000.0,
GTM,1963,1262800000.0,
GTM,1964,1299099900.0,
GTM,1965,1331399900.0,
GTM,1966,1390700000.0,
GTM,1967,1453500000.0,
GTM,1968,1610500000.0,
GTM,1969,1715399900.0,
GTM,1970,1904000000.0,
GTM,1971,1984800000.0,
GTM,1972,2101300000.0,
GTM,1973,2569200100.0,
GTM,1974,3161499900.0,
GTM,1975,3645900000.0,
GTM,1976,4365300200.0,
GTM,1977,5480500200.0,
GTM,1978,6070600200.0,
GTM,1979,6902600200.0,
GTM,1980,7878700000.0,
GTM,1981,8607500300.0,
GTM,1982,8716999700.0,
GTM,1983,9050000400.0,
GTM,1984,9470000100.0,
GTM,1985,9721652086.95652,
GTM,1986,7231963515.98174,
GTM,1987,7084399840.0,
GTM,1988,7841602824.42748,
GTM,1989,8410724360.79545,
GTM,1990,7650196845.21546,488.840526784134
GTM,1991,9406135143.41165,489.32506074394
GTM,1992,10440781587.5435,502.681068259635
GTM,1993,11400017301.4587,487.931596645511
GTM,1994,12983233310.7467,500.751009723185
GTM,1995,14655404433.2771,516.44742102637
GTM,1996,15674835615.3139,517.245036950191
GTM,1997,17790026221.6139,527.538464213906
GTM,1998,19395491992.9939,559.049507337427
GTM,1999,18318412251.3642,600.767330241403
GTM,2000,19288929030.0508,615.959274265347
GTM,2001,18405220247.4412,617.599110901996
GTM,2002,20444205991.025,691.772492475402
GTM,2003,21576351798.9145,690.152455488135
GTM,2004,23577298094.6571,695.807292588302
GTM,2005,26783389293.922,696.532556264608
GTM,2006,29744246827.1839,686.766920471117
GTM,2007,33567850824.1039,720.416037614003
GTM,2008,38503720224.3166,686.741509274567
GTM,2009,37126148264.6383,721.330649706263
GTM,2010,40676578423.4871,714.079473957746
GTM,2011,46876006272.2387,714.309783013341
GTM,2012,49593929487.1263,734.097136106577
GTM,2013,52996420177.4409,739.005957657715
GTM,2014,57852159007.6243,756.3332181076
GTM,2015,62186066547.6566,787.333802572449
GTM,2016,66053408205.8838,833.619564464987
GTM,2017,71653780740.4226,817.743037292834
GTM,2018,73328356007.6152,833.896289644428
GTM,2019,77172331693.4093,851.641218090737
GTM,2020,77719468248.3666,823.816459269202
GTM,2021,86455522272.7383,924.272879220565
GTM,2022,95641446500.6523,887.900483971214
GTM,2023,104368755054.601,934.930920861207
GTM,2024,113199581158.203,
GTM,2025,,
GUM,1960,,
GUM,1961,,
GUM,1962,,
GUM,1963,,
GUM,1964,,
GUM,1965,,
GUM,1966,,
GUM,1967,,
GUM,1968,,
GUM,1969,,
GUM,1970,,
GUM,1971,,
GUM,1972,,
GUM,1973,,
GUM,1974,,
GUM,1975,,
GUM,1976,,
GUM,1977,,
GUM,1978,,
GUM,1979,,
GUM,1980,,
GUM,1981,,
GUM,1982,,
GUM,1983,,
GUM,1984,,
GUM,1985,,
GUM,1986,,
GUM,1987,,
GUM,1988,,
GUM,1989,,
GUM,1990,,
GUM,1991,,
GUM,1992,,
GUM,1993,,
GUM,1994,,
GUM,1995,,
GUM,1996,,
GUM,1997,,
GUM,1998,,
GUM,1999,,
GUM,2000,,
GUM,2001,,
GUM,2002,3394000000.0,
GUM,2003,3569000000.0,
GUM,2004,3869000000.0,
GUM,2005,4213000000.0,
GUM,2006,4238000000.0,
GUM,2007,4397000000.0,
GUM,2008,4658000000.0,
GUM,2009,4828000000.0,
GUM,2010,4949000000.0,
GUM,2011,4984000000.0,
GUM,2012,5265000000.0,
GUM,2013,5399000000.0,
GUM,2014,5610000000.0,
GUM,2015,5799000000.0,
GUM,2016,5901000000.0,
GUM,2017,6013000000.0,
GUM,2018,6051000000.0,
GUM,2019,6355000000.0,
GUM,2020,5916000000.0,
GUM,2021,6234000000.0,
GUM,2022,6910000000.0,
GUM,2023,,
GUM,2024,,
GUM,2025,,
GUY,1960,170216241.126064,
GUY,1961,185849535.376162,
GUY,1962,194949512.626218,
GUY,1963,175757893.938598,
GUY,1964,194774513.063717,
GUY,1965,213235294.117647,
GUY,1966,228705882.352941,
GUY,1967,250176470.588235,
GUY,1968,229750000.0,
GUY,1969,249300000.0,
GUY,1970,267800000.0,
GUY,1971,282050000.0,
GUY,1972,285380952.380952,
GUY,1973,307047619.047619,
GUY,1974,433954545.454545,
GUY,1975,494791666.666667,
GUY,1976,454440000.0,
GUY,1977,449880000.0,
GUY,1978,507080000.0,
GUY,1979,530440000.0,
GUY,1980,603200000.0,
GUY,1981,570357107.142857,
GUY,1982,482000000.0,
GUY,1983,489333333.333333,
GUY,1984,437631605.263158,
GUY,1985,453488372.093023,
GUY,1986,504651139.534884,
GUY,1987,354591846.938775,
GUY,1988,413799990.0,
GUY,1989,379779389.705882,
GUY,1990,396582263.291139,509.519852139102
GUY,1991,348533094.812165,
GUY,1992,373573141.486811,
GUY,1993,454101382.488479,
GUY,1994,540874934.201012,
GUY,1995,621626785.915493,
GUY,1996,705406001.424501,
GUY,1997,749138009.56454,
GUY,1998,717530683.169567,
GUY,1999,694754988.258295,
GUY,2000,712667896.727512,
GUY,2001,712167450.162898,
GUY,2002,726131434.715338,
GUY,2003,743063950.317749,
GUY,2004,787814379.183843,628.2642854707
GUY,2005,824880550.343965,650.533437418683
GUY,2006,2379817990.6918,658.791039387799
GUY,2007,2730971595.39574,660.623284856797
GUY,2008,3025187433.33637,
GUY,2009,3165663152.73351,
GUY,2010,3432912516.92427,
GUY,2011,3691384317.52178,
GUY,2012,4063088535.76331,
GUY,2013,4167800928.83553,
GUY,2014,4127660151.8087,
GUY,2015,4279840193.7046,
GUY,2016,4482697336.56174,
GUY,2017,4748174334.14044,
GUY,2018,4787636997.85343,
GUY,2019,5173760191.84652,
GUY,2020,5471256594.72422,
GUY,2021,8041362110.31175,
GUY,2022,14718388489.2086,
GUY,2023,16918503597.1223,
GUY,2024,24662709832.1343,
GUY,2025,,
HKG,1960,1320796651.69457,
HKG,1961,1383681651.13776,
HKG,1962,1612346412.26475,
HKG,1963,1935298266.45384,
HKG,1964,2206466461.26434,
HKG,1965,2435078534.03141,
HKG,1966,2489845016.64894,
HKG,1967,2692474989.12571,
HKG,1968,2716964388.42418,
HKG,1969,3189740055.13982,
HKG,1970,3800766535.62088,
HKG,1971,4476001946.01486,
HKG,1972,5710090213.15035,
HKG,1973,8030117555.62033,
HKG,1974,9388695366.84578,
HKG,1975,10048089558.0636,
HKG,1976,12876366008.8077,
HKG,1977,15719433719.4337,
HKG,1978,18315136409.1427,
HKG,1979,22526184533.17,
HKG,1980,28861857810.6515,
HKG,1981,31055226088.6943,
HKG,1982,32291215843.6433,
HKG,1983,29907227184.179,
HKG,1984,33511383985.6741,
HKG,1985,35699772165.7093,
HKG,1986,41075396884.8952,
HKG,1987,50622896162.6006,
HKG,1988,59707404560.5944,
HKG,1989,68790219177.9733,
HKG,1990,76928784620.8158,1643.83924591339
HKG,1991,88959997899.9293,1703.23035254986
HKG,1992,104272507639.282,1994.28603038223
HKG,1993,120354212475.0,1817.02187880225
HKG,1994,135811771026.33,1856.80780329279
HKG,1995,144652295363.667,1781.19266302718
HKG,1996,159718183550.734,1697.25887154868
HKG,1997,177353174849.714,1588.71002046421
HKG,1998,168885443660.072,2006.21136133719
HKG,1999,165768095391.557,2391.77782698951
HKG,2000,171668891194.349,2121.26333389026
HKG,2001,169404327616.605,2078.72020108504
HKG,2002,166348866131.028,1934.25829611026
HKG,2003,161385558801.811,2027.39386284231
HKG,2004,169099768875.193,1823.00666629868
HKG,2005,181569311742.213,1864.70663999897
HKG,2006,193535442896.365,1899.44680195877
HKG,2007,211596944503.8,2045.97032642374
HKG,2008,219278749139.734,1985.30653602798
HKG,2009,214047795659.045,2043.27170232303
HKG,2010,228638668727.291,1922.62411959812
HKG,2011,248513617677.287,2037.95845611292
HKG,2012,262628865879.697,1944.99681879757
HKG,2013,275696879834.966,1907.46340816256
HKG,2014,291459995978.893,1904.11999210825
HKG,2015,309385622601.348,2030.16882885741
HKG,2016,320860317562.562,2081.70251975178
HKG,2017,341273289534.466,1868.11658156736
HKG,2018,361731070995.726,1896.46705774813
HKG,2019,363074545072.389,1866.71307032154
HKG,2020,344943149590.058,1647.66314081469
HKG,2021,368954169748.818,1669.7851278249
HKG,2022,358679533984.718,1565.08910052522
HKG,2023,381043026173.935,1517.85567374711
HKG,2024,406863396487.342,
HKG,2025,,
HND,1960,475650000.0,
HND,1961,503300000.0,
HND,1962,532450000.0,
HND,1963,553500000.0,
HND,1964,591100000.0,
HND,1965,651050000.0,
HND,1966,692150000.0,
HND,1967,750950000.0,
HND,1968,815450000.0,
HND,1969,844400000.0,
HND,1970,904400000.0,
HND,1971,958450000.0,
HND,1972,1030645362.09587,
HND,1973,1128299435.85028,
HND,1974,1243000000.0,
HND,1975,1330050000.0,
HND,1976,1589300000.0,
HND,1977,1900700000.0,
HND,1978,2393650000.0,
HND,1979,2778900000.0,
HND,1980,3184400000.0,
HND,1981,3501800000.0,
HND,1982,3619500000.0,
HND,1983,3840550000.0,
HND,1984,4029900000.0,
HND,1985,4328300000.0,
HND,1986,4706100000.0,
HND,1987,5024800000.0,
HND,1988,4892660944.20601,
HND,1989,4375896551.72414,
HND,1990,3734460116.73152,477.827221914214
HND,1991,3699381195.10223,468.532678842673
HND,1992,4122846905.18198,474.956821287762
HND,1993,4190773622.25871,471.843222153003
HND,1994,4105686899.43868,476.121360771182
HND,1995,4672346193.95203,492.057826073647
HND,1996,4798834459.45946,480.292741769501
HND,1997,5569178707.22433,510.173822449021
HND,1998,6163707533.23486,533.431598723603
HND,1999,6394090592.33449,470.24981885708
HND,2000,7186638029.05875,456.244812117242
HND,2001,7651162302.3456,478.946954835196
HND,2002,7858255412.86038,488.702609745866
HND,2003,8230391346.67228,517.349761686349
HND,2004,8869299234.3377,546.865600910087
HND,2005,9757012696.56212,529.297368453255
HND,2006,10917477066.1429,563.815954585841
HND,2007,12361257680.5627,589.594179013274
HND,2008,13881731875.7466,585.573728824361
HND,2009,14587496229.1811,565.847197127184
HND,2010,15839344591.9842,561.818507536758
HND,2011,17710275685.4074,607.415805872968
HND,2012,18528554397.5695,611.212692944522
HND,2013,18499729214.904,613.620494738777
HND,2014,19756533971.8698,604.093043217727
HND,2015,20979791685.416,659.394073401803
HND,2016,21717604952.1835,616.39140542774
HND,2017,23136247990.5977,537.592382183152
HND,2018,24067750760.499,565.077916293092
HND,2019,24882225741.8119,583.591911432311
HND,2020,23352232483.755,544.573855679284
HND,2021,28144331506.6149,569.966470568883
HND,2022,31426041806.7985,573.344445082903
HND,2023,34355805527.9795,593.629550840537
HND,2024,37093565854.0437,
HND,2025,,
HPC,1960,21923722127.742,
HPC,1961,22627709232.3966,
HPC,1962,24599541748.7032,
HPC,1963,28893534515.8878,
HPC,1964,26878565172.4836,
HPC,1965,30407034659.8231,
HPC,1966,32971073893.3353,
HPC,1967,32488675063.8719,
HPC,1968,34994461970.3175,
HPC,1969,38503260469.205,
HPC,1970,37181536760.1301,
HPC,1971,40099504488.5172,
HPC,1972,44564788726.1754,
HPC,1973,54553562932.0588,
HPC,1974,64257354956.9311,
HPC,1975,72350863415.605,
HPC,1976,77585497906.31,
HPC,1977,89885368488.9937,
HPC,1978,104622112017.926,
HPC,1979,114929806433.132,
HPC,1980,127259629229.981,
HPC,1981,127910339912.96,
HPC,1982,129278372851.55,
HPC,1983,128221978068.544,
HPC,1984,130635964994.735,
HPC,1985,137196640367.637,
HPC,1986,126219299823.029,
HPC,1987,134509036368.907,
HPC,1988,141558264239.368,
HPC,1989,144132297739.583,
HPC,1990,165447183504.805,369.1183986493
HPC,1991,180013449210.469,365.933164947776
HPC,1992,136844691209.855,362.566300773499
HPC,1993,142051421908.725,359.501097862021
HPC,1994,121514084285.896,365.66335353984
HPC,1995,141395905527.677,371.463063109472
HPC,1996,154688747451.045,373.60587891674
HPC,1997,161933433655.464,377.377903572369
HPC,1998,167620980707.499,366.081970627372
HPC,1999,168431404824.197,368.320703459252
HPC,2000,181929508086.709,352.527616803806
HPC,2001,175879852361.523,353.83510407826
HPC,2002,190891346466.4,358.127517944648
HPC,2003,216610034974.425,356.881319283478
HPC,2004,249571115303.197,360.723150422046
HPC,2005,288591119560.47,361.19562976523
HPC,2006,338993250532.89,363.353455301493
HPC,2007,404372280163.214,357.040279253334
HPC,2008,481623936903.302,359.69982065494
HPC,2009,475213799056.474,362.804816610084
HPC,2010,518754130151.745,361.18575874982
HPC,2011,573517854715.366,372.150943978844
HPC,2012,595155344078.424,380.832649515903
HPC,2013,667314194885.704,389.517209139035
HPC,2014,705465847008.08,391.661835339693
HPC,2015,674606540074.897,392.083468461892
HPC,2016,677200621773.188,392.227266987842
HPC,2017,735068264238.844,388.778476633276
HPC,2018,790373898773.38,387.771693792043
HPC,2019,811372254522.342,389.780531459876
HPC,2020,816029422839.446,390.632529107739
HPC,2021,924417463438.7,399.145769953305
HPC,2022,1002501492801.3,404.610114582835
HPC,2023,1060316071770.29,402.299367646262
HPC,2024,1145111349262.57,
HPC,2025,,
HRV,1960,,
HRV,1961,,
HRV,1962,,
HRV,1963,,
HRV,1964,,
HRV,1965,,
HRV,1966,,
HRV,1967,,
HRV,1968,,
HRV,1969,,
HRV,1970,,
HRV,1971,,
HRV,1972,,
HRV,1973,,
HRV,1974,,
HRV,1975,,
HRV,1976,,
HRV,1977,,
HRV,1978,,
HRV,1979,,
HRV,1980,,
HRV,1981,,
HRV,1982,,
HRV,1983,,
HRV,1984,,
HRV,1985,,
HRV,1986,,
HRV,1987,,
HRV,1988,,
HRV,1989,,
HRV,1990,25650213279.6781,1983.33813559291
HRV,1991,18760386774.7973,1722.21906242149
HRV,1992,10621169290.9986,1613.31787517833
HRV,1993,11259647874.4986,1637.31593715078
HRV,1994,15062911616.8222,1576.32857698638
HRV,1995,22772394546.6058,1636.96263245329
HRV,1996,24150978346.5253,1798.12487711752
HRV,1997,24175764812.1218,1849.47934080476
HRV,1998,25890228429.7214,1878.16241183669
HRV,1999,23777026779.3004,1934.78219488023
HRV,2000,22134411297.473,1882.60707106679
HRV,2001,23066883849.6467,2033.21443990495
HRV,2002,26757722428.6781,2081.90027621886
HRV,2003,35245317001.8224,2229.34173996566
HRV,2004,41836292157.3335,2228.32579300293
HRV,2005,45013119281.806,2260.50892445087
HRV,2006,49583544860.0759,2247.14619166641
HRV,2007,59290621398.1561,2335.40182770311
HRV,2008,68472854617.2831,2276.1355193129
HRV,2009,62315996674.7984,2199.79195573117
HRV,2010,58975205417.3439,2181.04401120231
HRV,2011,62889007657.3899,2137.20950653716
HRV,2012,57548115904.416,2020.48417283556
HRV,2013,59846265181.8502,1990.54136695236
HRV,2014,59606934500.9957,1909.83580091578
HRV,2015,50998893384.8289,2018.54259233172
HRV,2016,52650714171.8617,2057.18869470229
HRV,2017,56182782585.9052,2159.96952184034
HRV,2018,61667925219.0755,2127.63878608554
HRV,2019,61466721186.3116,2173.19836034448
HRV,2020,57959843541.3699,2104.84530641676
HRV,2021,69002365163.3368,2212.49721053261
HRV,2022,71196498671.1145,2154.95483266747
HRV,2023,85624153964.0987,2237.23369863861
HRV,2024,92983810328.9088,
HRV,2025,,
HTI,1960,273187200.0,
HTI,1961,271066000.0,
HTI,1962,281896800.0,
HTI,1963,294883400.0,
HTI,1964,325281200.0,
HTI,1965,353251800.0,
HTI,1966,368948600.0,
HTI,1967,369124200.0,
HTI,1968,367968800.0,
HTI,1969,391820400.0,
HTI,1970,331200000.0,
HTI,1971,362800000.0,
HTI,1972,371998958.402916,
HTI,1973,466798973.042259,
HTI,1974,565399321.520814,
HTI,1975,681400000.0,
HTI,1976,879000000.0,
HTI,1977,947000000.0,
HTI,1978,974200000.0,
HTI,1979,1080600000.0,
HTI,1980,1383800000.0,
HTI,1981,1479400000.0,
HTI,1982,1474200000.0,
HTI,1983,1623600000.0,
HTI,1984,1816200000.0,
HTI,1985,2009400000.0,
HTI,1986,2318000000.0,
HTI,1987,2047200000.0,
HTI,1988,2613926800.0,
HTI,1989,2736243800.0,
HTI,1990,3096289800.0,344.596842473127
HTI,1991,3473562627.79423,338.207250946452
HTI,1992,2257129791.61575,331.358779073248
HTI,1993,1878253767.31305,323.582526254313
HTI,1994,2167569046.11837,300.176108676594
HTI,1995,2813313278.81082,332.319868665114
HTI,1996,2907517603.76719,338.044627180884
HTI,1997,3338949151.59927,352.738954203208
HTI,1998,3723903723.63772,348.126149548337
HTI,1999,4153725883.84082,350.048460940539
HTI,2000,6813566098.8675,362.508145870094
HTI,2001,6331970324.31022,349.871957505523
HTI,2002,6205847213.6351,357.41527100048
HTI,2003,5071947798.27263,352.783841058475
HTI,2004,6087360684.2969,352.982907010741
HTI,2005,7030149730.33692,358.405661217114
HTI,2006,7638739122.67242,362.87280089111
HTI,2007,9228637767.69009,365.124802713523
HTI,2008,10432962634.8748,368.507033755957
HTI,2009,11597002834.7786,377.427344980307
HTI,2010,11859312725.1448,388.995522336097
HTI,2011,13008746038.8867,402.483924370114
HTI,2012,13708925477.1304,408.929128657088
HTI,2013,14902488604.2421,415.238817181841
HTI,2014,15146883497.6331,400.500473183027
HTI,2015,14849629308.6025,400.147897154017
HTI,2016,14069277526.2278,408.57215553284
HTI,2017,15093357161.1498,408.776230199065
HTI,2018,16403864617.8458,418.129925118177
HTI,2019,15016090929.5125,406.870862629457
HTI,2020,14508222518.3018,391.184480630154
HTI,2021,20944387975.7051,397.561128417168
HTI,2022,20253551920.5516,370.317251693
HTI,2023,19850585722.3241,323.971258718237
HTI,2024,25224154990.7946,
HTI,2025,,
HUN,1960,,
HUN,1961,,
HUN,1962,,
HUN,1963,,
HUN,1964,,
HUN,1965,,
HUN,1966,,
HUN,1967,,
HUN,1968,4886222554.66355,
HUN,1969,5429812386.53195,
HUN,1970,5780929202.60333,
HUN,1971,6291568220.79393,
HUN,1972,7379313742.13684,
HUN,1973,9138292402.1882,
HUN,1974,10016338178.9993,
HUN,1975,11420392514.6172,
HUN,1976,13235612078.8396,
HUN,1977,14783674054.829,
HUN,1978,17286744153.707,
HUN,1979,19959731324.801,
HUN,1980,23116977148.0216,
HUN,1981,23705883891.9445,
HUN,1982,24141667188.0517,
HUN,1983,21910365258.2514,
HUN,1984,21242726264.4854,
HUN,1985,21510643750.177,
HUN,1986,24778163812.0131,
HUN,1987,27232016527.4237,
HUN,1988,29799838597.4079,
HUN,1989,30422508937.567,
HUN,1990,34478360678.756,2774.66774826857
HUN,1991,34867307352.646,2643.10681200843
HUN,1992,38857339124.9084,2423.38957698369
HUN,1993,40256233360.3817,2481.57741262502
HUN,1994,43307949890.4603,2405.83433383392
HUN,1995,46577614588.9926,2503.25869655795
HUN,1996,46833767123.6915,2573.19416215561
HUN,1997,47398564799.2496,2527.50156325078
HUN,1998,48784412623.5939,2502.42675477679
HUN,1999,49160204397.4635,2490.94017859145
HUN,2000,47275954428.9586,2448.35399628198
HUN,2001,53800068065.7969,2512.91908128888
HUN,2002,67636468625.0428,2520.39755573852
HUN,2003,85190469121.074,2580.49625909654
HUN,2004,104015363080.271,2579.6047628527
HUN,2005,113098237570.929,2781.00595449852
HUN,2006,115604111412.139,2760.46242793694
HUN,2007,140123326896.329,2709.84388699596
HUN,2008,158228265915.534,2676.90840527171
HUN,2009,130807441076.16,2548.81278026798
HUN,2010,131898737241.166,2651.34338122621
HUN,2011,141712804953.868,2600.71787062735
HUN,2012,128470269689.958,2490.18578889625
HUN,2013,135646053778.582,2420.16949827793
HUN,2014,141128696412.321,2423.51498608604
HUN,2015,125244126623.289,2571.15090547951
HUN,2016,128983560865.293,2613.09354239281
HUN,2017,143335098991.862,2737.45332524366
HUN,2018,161184691013.835,2738.8272901507
HUN,2019,164936682033.992,2749.24131881139
HUN,2020,158468487754.196,2713.17923384455
HUN,2021,183282685440.486,2850.7057950255
HUN,2022,177002580544.155,2672.86765529203
HUN,2023,213240316634.648,2515.37052947518
HUN,2024,222722738925.641,2514.14445788748
HUN,2025,,
IBD,1960,306260916224.712,
IBD,1961,310008507775.548,
IBD,1962,313911312589.732,
IBD,1963,346365706999.345,
IBD,1964,392563890164.367,
IBD,1965,430308877039.07,
IBD,1966,444621188183.63,
IBD,1967,457223530082.169,
IBD,1968,484483207487.719,
IBD,1969,540875486626.98,
IBD,1970,588894280439.547,
IBD,1971,641994176451.047,
IBD,1972,723737238264.992,
IBD,1973,938397748328.34,
IBD,1974,1187466392277.16,
IBD,1975,1282306066097.57,
IBD,1976,1391936145591.35,
IBD,1977,1577372875197.41,
IBD,1978,1743913597446.91,
IBD,1979,2037399467560.41,
IBD,1980,2418911812099.9,
IBD,1981,2598578073247.16,
IBD,1982,2560513941781.91,
IBD,1983,2529265948626.5,
IBD,1984,2619007608002.49,
IBD,1985,2719865250358.76,
IBD,1986,2823853100366.43,
IBD,1987,2909861543470.51,
IBD,1988,3110722136868.06,
IBD,1989,3241152169495.25,
IBD,1990,3645927216629.92,1062.08523770962
IBD,1991,3533597986123.43,1040.65629425944
IBD,1992,3691700835593.46,1006.777050695
IBD,1993,3930672941449.47,995.847491063106
IBD,1994,4336867904120.83,970.978417201334
IBD,1995,4987838644607.98,988.612092840435
IBD,1996,5443873901964.14,991.950985335684
IBD,1997,5775060777836.65,987.304069738567
IBD,1998,5550058275544.08,973.256439807699
IBD,1999,5408483629656.0,982.211322322462
IBD,2000,5886134597366.63,986.797421181498
IBD,2001,5971610298683.89,993.056549364934
IBD,2002,6065783594228.73,1016.8092671348
IBD,2003,6814152968102.6,1073.43765214238
IBD,2004,8117388576252.83,1139.41508866017
IBD,2005,9694745482584.88,1188.32624290112
IBD,2006,11501210367684.3,1241.75972572479
IBD,2007,14287515549914.4,1289.02997701982
IBD,2008,17144385222961.7,1316.10956226669
IBD,2009,16643733351017.5,1326.03565411386
IBD,2010,20236974559592.9,1410.26602234823
IBD,2011,23952863037040.9,1459.43541432078
IBD,2012,25459767024749.6,1488.51287686793
IBD,2013,26784320183315.7,1504.34288860737
IBD,2014,27548963986382.7,1520.09337950184
IBD,2015,25937609442668.8,1502.70086361976
IBD,2016,26133021093477.3,1506.52618277613
IBD,2017,28848700119389.0,1540.32727394823
IBD,2018,30736778363828.6,1581.83487684334
IBD,2019,31377057597389.8,1606.90300675344
IBD,2020,30204027280204.5,1585.63716320488
IBD,2021,35879316080995.1,1688.96951899966
IBD,2022,37943329554311.5,1713.17307933281
IBD,2023,39248258733753.5,1770.86293955814
IBD,2024,40930410371533.4,
IBD,2025,,
IBT,1960,351708158290.607,
IBT,1961,358253053925.797,
IBT,1962,366133037974.697,
IBT,1963,404104501315.208,
IBT,1964,448836478412.075,
IBT,1965,493478093673.738,
IBT,1966,513160475036.631,
IBT,1967,526613635749.555,
IBT,1968,558019700222.486,
IBT,1969,623469617380.313,
IBT,1970,680890196523.979,
IBT,1971,734108845764.422,
IBT,1972,821457008938.04,
IBT,1973,1049797281267.43,
IBT,1974,1334586899751.04,
IBT,1975,1457921892242.5,
IBT,1976,1574304877596.89,
IBT,1977,1774626528580.61,
IBT,1978,1967805991725.01,
IBT,1979,2293033708911.62,
IBT,1980,2724029176548.07,
IBT,1981,3048463181129.29,
IBT,1982,2987463443946.0,
IBT,1983,2891343906447.49,
IBT,1984,2954421504962.87,
IBT,1985,3065625561562.28,
IBT,1986,3129827307260.4,
IBT,1987,3226370262089.06,
IBT,1988,3443662446583.46,
IBT,1989,3575944874123.27,
IBT,1990,4023618951995.47,937.902752563515
IBT,1991,3940581945912.38,920.129660155275
IBT,1992,4055225988619.01,889.989873771188
IBT,1993,4312830690301.87,879.228657069061
IBT,1994,4732703784532.02,857.126987927093
IBT,1995,5468651089214.27,867.968552219455
IBT,1996,5998025558914.09,870.234689420309
IBT,1997,6355345864750.12,865.964489954234
IBT,1998,6153791476491.9,853.04144043604
IBT,1999,5860973878548.43,860.131162140516
IBT,2000,6405155340977.75,860.491970950509
IBT,2001,6484814497363.36,864.574946850272
IBT,2002,6618829141640.94,882.266208460232
IBT,2003,7438042806499.1,926.022603593077
IBT,2004,8846940320931.57,975.706655893945
IBT,2005,10543932972658.9,1013.44528900313
IBT,2006,12515819352845.9,1053.98913013224
IBT,2007,15478384977817.9,1088.51151240228
IBT,2008,18563872439706.4,1109.17943033303
IBT,2009,18027421083675.2,1113.28520056075
IBT,2010,21835069166669.5,1178.79207597135
IBT,2011,25757259583860.6,1216.76830297829
IBT,2012,27363548308329.9,1233.3866693445
IBT,2013,28855638007106.6,1244.24717726835
IBT,2014,29778753140210.5,1255.0117557768
IBT,2015,28103757036548.0,1238.67125528731
IBT,2016,28286257999424.7,1241.09947444929
IBT,2017,31117686702333.8,1265.23451036174
IBT,2018,33147599934551.5,1294.01993025973
IBT,2019,34078219798939.1,1310.53118408126
IBT,2020,32822847991827.3,1292.24751967318
IBT,2021,38741335342414.8,1368.33052957388
IBT,2022,41018485584725.7,1380.56887293711
IBT,2023,42176516066439.0,1418.30518440031
IBT,2024,43823204664493.9,
IBT,2025,,
IDA,1960,43419063136.1966,
IDA,1961,45877820663.8057,
IDA,1962,49352987755.1789,
IDA,1963,54556943164.6908,
IDA,1964,53949854635.3435,
IDA,1965,60415096598.9344,
IDA,1966,65247708355.2412,
IDA,1967,66154805083.0784,
IDA,1968,70107106201.2938,
IDA,1969,78701759386.486,
IDA,1970,87493635541.9477,
IDA,1971,88539617604.3463,
IDA,1972,94690827263.5569,
IDA,1973,109974660345.756,
IDA,1974,144311257153.774,
IDA,1975,169844078911.041,
IDA,1976,177485554718.228,
IDA,1977,193294226206.532,
IDA,1978,218539555256.636,
IDA,1979,250376887783.225,
IDA,1980,298604001457.119,
IDA,1981,423178214761.939,
IDA,1982,403272271570.135,
IDA,1983,348319967701.646,
IDA,1984,327545489759.251,
IDA,1985,338015025891.064,
IDA,1986,306447561121.803,
IDA,1987,316801281131.625,
IDA,1988,334041718237.196,
IDA,1989,335572228828.562,
IDA,1990,378601687959.444,392.44750246765
IDA,1991,408935889526.722,391.473413230843
IDA,1992,364500462510.175,384.41850624983
IDA,1993,383117739730.7,380.011758120827
IDA,1994,396481708931.757,375.209881243355
IDA,1995,481964529219.024,368.697290071483
IDA,1996,555977844458.205,372.738012862742
IDA,1997,582075639918.491,375.894266746321
IDA,1998,606351843937.964,373.150356350748
IDA,1999,452393909716.814,378.524015819747
IDA,2000,519433841269.805,371.98362853321
IDA,2001,513449125832.416,373.728665397779
IDA,2002,553708425098.702,374.413279126976
IDA,2003,624668567081.956,376.211562182863
IDA,2004,730301246172.363,378.928320709407
IDA,2005,849793999607.051,383.491867225763
IDA,2006,1015422269205.85,386.012274252971
IDA,2007,1190972724268.38,384.834844121468
IDA,2008,1419487216744.69,384.934451305858
IDA,2009,1383687732657.72,377.910184243086
IDA,2010,1598094607076.63,388.649314495282
IDA,2011,1804396546819.71,398.265962476458
IDA,2012,1903781283580.33,388.734716319779
IDA,2013,2071317823790.95,390.934758435444
IDA,2014,2229789153827.81,393.609259900081
IDA,2015,2166147593879.17,388.517410948658
IDA,2016,2153236905947.39,396.001201155894
IDA,2017,2268986582944.81,399.524047367124
IDA,2018,2410821570722.89,399.627076432905
IDA,2019,2701162201549.27,401.978654205565
IDA,2020,2618820711622.81,405.959435024109
IDA,2021,2862019261419.67,414.973474843785
IDA,2022,3075156030414.19,407.783224769716
IDA,2023,2928257332685.53,403.546759781392
IDA,2024,2892794292960.5,
IDA,2025,,
IDB,1960,12401501561.7854,
IDB,1961,13314688264.5775,
IDB,1962,14222416055.5102,
IDB,1963,15145197244.7816,
IDB,1964,16626632979.2211,
IDB,1965,17977186457.6129,
IDB,1966,19605545864.4967,
IDB,1967,19795254777.9829,
IDB,1968,21047483665.4866,
IDB,1969,23960732153.6781,
IDB,1970,32356563895.3398,
IDB,1971,30392833455.942,
IDB,1972,34167082608.5479,
IDB,1973,37107988872.5557,
IDB,1974,52754115653.5642,
IDB,1975,61046682874.9974,
IDB,1976,73441255542.52,
IDB,1977,79020486261.1326,
IDB,1978,87129172584.7326,
IDB,1979,106209035625.903,
IDB,1980,134446628565.262,
IDB,1981,245479636362.868,
IDB,1982,224352153458.531,
IDB,1983,171851407628.724,
IDB,1984,148714761041.179,
IDB,1985,149360272178.405,
IDB,1986,138015634707.148,
IDB,1987,142226241236.742,
IDB,1988,148184197593.881,
IDB,1989,143853282362.366,
IDB,1990,159019516930.143,508.645229157531
IDB,1991,170036291239.493,509.286734810907
IDB,1992,165355540081.895,503.328686411171
IDB,1993,175244559141.651,502.878089156468
IDB,1994,190983317299.202,485.850998616195
IDB,1995,267309715975.135,461.415118991821
IDB,1996,328495025650.406,469.213168971666
IDB,1997,344040187982.76,469.821651568647
IDB,1998,360890034244.656,466.984709394911
IDB,1999,203538006166.57,477.93393842893
IDB,2000,244290144682.412,468.783483639236
IDB,2001,243968067343.097,466.362077897975
IDB,2002,267621509349.006,465.941334331076
IDB,2003,302939673645.116,464.226420287646
IDB,2004,365116376580.756,470.582725422905
IDB,2005,428328538081.228,471.467338902834
IDB,2006,526645636948.488,468.756592314319
IDB,2007,609839841078.279,465.744714143996
IDB,2008,714771797908.919,458.817483963154
IDB,2009,669157586112.912,437.725583394373
IDB,2010,780580681565.074,463.592278010465
IDB,2011,888614216908.754,479.104182477306
IDB,2012,982900021354.995,460.610956979868
IDB,2013,1071507625598.43,457.732706882814
IDB,2014,1164584937017.84,458.071652222935
IDB,2015,1104888256132.44,445.685868481386
IDB,2016,1035761112332.6,455.391651083292
IDB,2017,1064701742324.65,455.373172321882
IDB,2018,1125278097800.27,448.593940658436
IDB,2019,1354444605559.25,452.518255952367
IDB,2020,1258453633593.24,460.710804259249
IDB,2021,1369357769886.58,479.096313567851
IDB,2022,1456880573683.68,457.896942536769
IDB,2023,1272526278004.68,453.070993927603
IDB,2024,1117411942661.72,
IDB,2025,,
IDN,1960,,
IDN,1961,,
IDN,1962,,
IDN,1963,,
IDN,1964,,
IDN,1965,,
IDN,1966,,
IDN,1967,5667756627.92093,
IDN,1968,7076465299.81141,
IDN,1969,8337423312.88344,
IDN,1970,9150684931.50685,
IDN,1971,9333536369.94567,
IDN,1972,10997590361.4458,
IDN,1973,16273253012.0482,
IDN,1974,25802409638.5542,
IDN,1975,30463855421.6867,
IDN,1976,37269156626.506,
IDN,1977,45808915662.6506,
IDN,1978,51455719075.8254,
IDN,1979,51400186342.8889,
IDN,1980,72482337397.4439,
IDN,1981,85518233419.0479,
IDN,1982,90158449294.9921,
IDN,1983,81052283383.7155,
IDN,1984,84853700027.651,
IDN,1985,85289488375.4435,
IDN,1986,79954072544.5279,
IDN,1987,75929617557.7521,
IDN,1988,84300174485.7973,
IDN,1989,94451427876.6628,
IDN,1990,106140727333.636,461.47874965682
IDN,1991,116621996217.133,477.034665447769
IDN,1992,128026966579.964,489.759547327284
IDN,1993,158006700301.533,534.334769070592
IDN,1994,176892143931.505,524.021858215958
IDN,1995,202132028723.115,574.757187942779
IDN,1996,227369679374.973,587.218752078902
IDN,1997,215748998609.635,595.387791448216
IDN,1998,95445547872.715,567.577817932084
IDN,1999,140001351215.462,587.052743287001
IDN,2000,165021012077.81,585.786495774263
IDN,2001,160446947784.909,591.12494475388
IDN,2002,195660611165.183,606.322305750967
IDN,2003,234772463823.808,597.275615070065
IDN,2004,256836875295.452,634.752388297531
IDN,2005,285868619196.085,637.329758271386
IDN,2006,364570515618.357,643.624656628862
IDN,2007,432216737774.861,628.600516176574
IDN,2008,510228634992.258,632.507070175417
IDN,2009,539580085612.401,674.894542379565
IDN,2010,755094157621.936,674.428442918075
IDN,2011,892969104563.171,670.381187274325
IDN,2012,917869913332.649,685.571308766816
IDN,2013,912524136718.018,701.22584018312
IDN,2014,890814755533.537,710.040590892745
IDN,2015,860854232686.214,704.248178401597
IDN,2016,931877364037.698,724.416482652765
IDN,2017,1015618744159.73,761.410391560642
IDN,2018,1042271532988.63,832.361861659109
IDN,2019,1119099871350.2,850.737725717128
IDN,2020,1059054842698.48,856.09619536168
IDN,2021,1186509691086.73,902.233603991512
IDN,2022,1319101183380.15,958.649355730549
IDN,2023,1371169301563.62,982.414925134717
IDN,2024,1396300098190.97,
IDN,2025,,
IDX,1960,32210089126.0693,
IDX,1961,33770973573.5427,
IDX,1962,36454084443.5145,
IDX,1963,41013144249.1447,
IDX,1964,38511156900.687,
IDX,1965,43922137299.2666,
IDX,1966,47199466537.8103,
IDX,1967,47958244720.3198,
IDX,1968,50737955947.6912,
IDX,1969,56549175848.4408,
IDX,1970,55838238708.5842,
IDX,1971,59166992867.469,
IDX,1972,61397002690.6439,
IDX,1973,74218080663.5455,
IDX,1974,92798583948.9447,
IDX,1975,110394883561.534,
IDX,1976,104542327193.176,
IDX,1977,114932944280.877,
IDX,1978,132428153010.604,
IDX,1979,144547135821.029,
IDX,1980,163659974895.723,
IDX,1981,171044356297.87,
IDX,1982,173616270817.376,
IDX,1983,174261955496.062,
IDX,1984,178151155469.172,
IDX,1985,188345895349.366,
IDX,1986,167903128340.333,
IDX,1987,174071596503.779,
IDX,1988,185616296523.494,
IDX,1989,192290816880.604,
IDX,1990,220760378325.594,322.603137345686
IDX,1991,240280810057.856,319.946709460067
IDX,1992,199752948696.265,312.294861093284
IDX,1993,208450829814.749,305.363966723464
IDX,1994,205686474260.333,307.8559672395
IDX,1995,213387328223.742,313.121890086335
IDX,1996,225163634247.486,314.826966294895
IDX,1997,235602062646.08,319.410184508667
IDX,1998,242820470787.968,316.601984565795
IDX,1999,249682494926.962,318.491395980575
IDX,2000,275642026139.656,313.962042774416
IDX,2001,269901710172.598,318.027596554882
IDX,2002,286409984261.394,319.246703105581
IDX,2003,322063889070.297,323.034314247681
IDX,2004,365260518035.36,323.719212565643
IDX,2005,421453301119.757,330.33995902649
IDX,2006,488333978645.602,335.884301023822
IDX,2007,580840387765.958,335.643633968427
IDX,2008,704715418835.766,339.532862479062
IDX,2009,714530146544.811,340.974148772262
IDX,2010,817513925511.557,342.165257467577
IDX,2011,915782329910.959,347.958781789785
IDX,2012,920881262225.337,344.488346480296
IDX,2013,999810198192.524,349.732793371565
IDX,2014,1065204216809.97,353.806771820156
IDX,2015,1061259337746.72,353.153573880273
IDX,2016,1117475793614.79,359.333342732028
IDX,2017,1204284840620.16,365.109594871914
IDX,2018,1285543472922.63,369.511562893136
IDX,2019,1346717595990.02,370.976600055699
IDX,2020,1360367078029.56,372.452394936357
IDX,2021,1492661491533.09,375.803273837898
IDX,2022,1618275456730.5,377.238768353288
IDX,2023,1655731054680.85,373.449439698555
IDX,2024,1775382350298.79,
IDX,2025,,
IMN,1960,,
IMN,1961,,
IMN,1962,,
IMN,1963,,
IMN,1964,,
IMN,1965,,
IMN,1966,,
IMN,1967,,
IMN,1968,,
IMN,1969,,
IMN,1970,,
IMN,1971,,
IMN,1972,,
IMN,1973,,
IMN,1974,,
IMN,1975,,
IMN,1976,,
IMN,1977,,
IMN,1978,,
IMN,1979,,
IMN,1980,,
IMN,1981,,
IMN,1982,,
IMN,1983,,
IMN,1984,251195796.754456,
IMN,1985,256330852.156058,
IMN,1986,356287012.606274,
IMN,1987,459975486.190554,
IMN,1988,584702952.685877,
IMN,1989,617619437.172775,
IMN,1990,761514559.659091,
IMN,1991,821507936.507937,
IMN,1992,854849069.84907,
IMN,1993,765647870.425915,
IMN,1994,833255280.073462,
IMN,1995,922269212.561149,
IMN,1996,1007205928.23713,
IMN,1997,1178261296.66012,
IMN,1998,1385124213.31567,
IMN,1999,1573742112.92671,
IMN,2000,1601050083.21985,
IMN,2001,1668684324.16871,
IMN,2002,1891002697.84173,
IMN,2003,2252620408.16327,
IMN,2004,2802206151.59282,
IMN,2005,3032411026.94919,
IMN,2006,3422733202.4501,
IMN,2007,4466350655.89909,
IMN,2008,5928791505.35144,
IMN,2009,5486921247.07323,
IMN,2010,5920369789.50182,
IMN,2011,6565667052.79737,
IMN,2012,6690228371.66909,
IMN,2013,7001175622.71266,
IMN,2014,7708454412.32126,
IMN,2015,7084800892.22284,
IMN,2016,6846377563.00683,
IMN,2017,6979788333.50279,
IMN,2018,7491649455.92717,
IMN,2019,7314967866.28289,
IMN,2020,6684225641.02564,
IMN,2021,7931193222.06405,
IMN,2022,7431257410.92713,
IMN,2023,,
IMN,2024,,
IMN,2025,,
IND,1960,37029883876.1839,
IND,1961,39232435784.0358,
IND,1962,42161481858.0819,
IND,1963,48421923459.1235,
IND,1964,56480289940.9899,
IND,1965,59556105229.0052,
IND,1966,45581230504.071,
IND,1967,50134942204.0,
IND,1968,53085455870.6667,
IND,1969,58447995017.3333,
IND,1970,62422483054.6667,
IND,1971,67351404351.833,
IND,1972,71464700666.9869,
IND,1973,85517673172.5513,
IND,1974,99526597933.6331,
IND,1975,98473832017.3242,
IND,1976,102716451979.68,
IND,1977,121486641441.309,
IND,1978,137302319828.995,
IND,1979,152995442497.709,
IND,1980,186328579302.068,
IND,1981,193491368445.573,
IND,1982,200715624830.902,
IND,1983,218262146413.158,
IND,1984,212157645177.652,
IND,1985,232511554840.372,
IND,1986,248985994040.59,
IND,1987,279033584092.223,
IND,1988,296589670895.932,
IND,1989,296042052944.66,
IND,1990,320979026420.035,323.595830731166
IND,1991,270105341879.226,331.222087309417
IND,1992,288208070278.013,336.206818642044
IND,1993,279295648982.529,339.038033254784
IND,1994,327274843459.429,347.806182247067
IND,1995,360281909643.489,361.640673294246
IND,1996,392896866204.516,367.704650910734
IND,1997,415867563592.829,376.185592059812
IND,1998,421351317224.941,378.300390670302
IND,1999,458821052615.79,392.976731815711
IND,2000,468395521654.458,394.916803104241
IND,2001,485440139204.171,393.38088619861
IND,2002,514939140318.756,397.344252941148
IND,2003,607700687237.318,399.699897139001
IND,2004,709152728830.775,415.47995649887
IND,2005,820383763511.445,425.369642526643
IND,2006,940259888787.721,441.785886693878
IND,2007,1216736438834.96,461.201738250187
IND,2008,1198895139005.92,481.553027437162
IND,2009,1341888016994.9,509.446000134302
IND,2010,1675615519484.96,531.86706609011
IND,2011,1823051829894.55,546.675890208969
IND,2012,1827637590410.41,572.133085479526
IND,2013,1856721507621.58,577.254621645988
IND,2014,2039126479154.52,610.165371779455
IND,2015,2103588360044.94,622.339883988149
IND,2016,2294796885663.16,627.273531026365
IND,2017,2651474262755.45,648.014718317903
IND,2018,2702929641648.74,668.303370218852
IND,2019,2835606256558.19,666.977347524506
IND,2020,2674851578587.27,632.239828540427
IND,2021,3167270623260.47,676.814293488143
IND,2022,3346107287730.93,727.902200094024
IND,2023,3638489096033.86,763.197899394641
IND,2024,3909891533858.08,
IND,2025,,
IRL,1960,1998550221.80554,
IRL,1961,2151772979.96956,
IRL,1962,2329372971.89171,
IRL,1963,2505073357.88508,
IRL,1964,2851091646.43165,
IRL,1965,3035655793.5247,
IRL,1966,3198820903.82796,
IRL,1967,3445739914.73101,
IRL,1968,3378701146.84197,
IRL,1969,3902721631.54663,
IRL,1970,4395995085.99509,
IRL,1971,5098250287.46646,
IRL,1972,6318060582.21873,
IRL,1973,7481173065.79201,
IRL,1974,7896860614.98803,
IRL,1975,9483808362.36934,
IRL,1976,9453756014.71837,
IRL,1977,11248340431.3779,
IRL,1978,14647996073.6937,
IRL,1979,18319334300.4513,
IRL,1980,21747855640.0712,
IRL,1981,20670190138.1671,
IRL,1982,21474752962.2178,
IRL,1983,20766047763.5314,
IRL,1984,20106648454.8404,
IRL,1985,21270013325.5601,
IRL,1986,28714571852.4799,
IRL,1987,33920518492.5094,
IRL,1988,37772896220.7559,
IRL,1989,39238392677.7542,
IRL,1990,49305632408.4929,2820.54349821097
IRL,1991,49787501584.4847,2828.00013129952
IRL,1992,55918538121.3989,2775.3720955257
IRL,1993,52417477613.676,2813.89487759353
IRL,1994,57097656065.96,2941.7994253214
IRL,1995,69139823232.3232,2952.15018949796
IRL,1996,75790786290.3226,3122.61177987901
IRL,1997,82856648758.3572,3256.00582922267
IRL,1998,90199410115.5097,3417.93754858216
IRL,1999,98893958262.6438,3544.84050813586
IRL,2000,100207610429.909,3627.38542635217
IRL,2001,109346669229.695,3714.01794514649
IRL,2002,128596035288.401,3663.16912074715
IRL,2003,164670771259.602,3515.79431954715
IRL,2004,194372115041.065,3558.69801147061
IRL,2005,211876989655.907,3513.15701936975
IRL,2006,232180617162.279,3433.690849782
IRL,2007,270079279419.5,3407.88558886571
IRL,2008,275447471451.063,3311.73521178354
IRL,2009,236443115853.695,3173.7335600355
IRL,2010,221732824603.484,3149.89842034979
IRL,2011,240975871046.644,2875.40675480961
IRL,2012,226921827888.137,2858.91735604826
IRL,2013,242924245718.756,2802.60964399377
IRL,2014,266490442124.309,2726.60528005402
IRL,2015,302101388556.271,2825.9812059763
IRL,2016,305431252708.748,2932.30415263032
IRL,2017,348355212568.515,2854.85820468032
IRL,2018,395780319816.603,2820.44138030583
IRL,2019,407211793800.713,2747.90158131447
IRL,2020,436009027818.948,2633.97691248454
IRL,2021,530394123829.763,2689.36333693732
IRL,2022,548341794599.09,2600.15740643769
IRL,2023,567372737459.116,2467.73733963357
IRL,2024,609157459747.205,2467.50339120772
IRL,2025,,
IRN,1960,4199134389.9037,
IRN,1961,4426949094.8403,
IRN,1962,4693566416.48346,
IRN,1963,4928628018.38759,
IRN,1964,5379845647.70139,
IRN,1965,6197319929.04038,
IRN,1966,6789938671.75094,
IRN,1967,7555383690.16,
IRN,1968,8623172959.89803,
IRN,1969,9743089607.49587,
IRN,1970,10976245153.5894,
IRN,1971,13731802833.0363,
IRN,1972,17153463263.1086,
IRN,1973,27081698249.5083,
IRN,1974,46209092072.1383,
IRN,1975,51776222349.8869,
IRN,1976,68055295080.7538,
IRN,1977,80600122701.9632,
IRN,1978,77994316621.4814,
IRN,1979,90391877325.9285,
IRN,1980,94362275580.0229,
IRN,1981,100499312749.923,
IRN,1982,125948756439.485,
IRN,1983,156365156618.241,
IRN,1984,162276728619.519,
IRN,1985,180183629599.684,
IRN,1986,209094561833.48,
IRN,1987,134009995923.169,
IRN,1988,123057861333.908,
IRN,1989,120496362916.271,
IRN,1990,124813263926.225,1187.74506046275
IRN,1991,131637664958.014,1281.45328831159
IRN,1992,119768691216.667,1322.50943975278
IRN,1993,63743623232.012,1418.82846840925
IRN,1994,71841461172.5964,1572.39282151467
IRN,1995,96419225743.6737,1627.53420707184
IRN,1996,120403931885.441,1553.03446677673
IRN,1997,113919163421.155,1716.87603038661
IRN,1998,110276913362.508,1724.62254985873
IRN,1999,113848450088.351,1928.76954619246
IRN,2000,109591707802.216,1852.32868023683
IRN,2001,126878750295.944,1978.89752444269
IRN,2002,128626917503.72,2030.52201096447
IRN,2003,151911222119.488,2075.2052424627
IRN,2004,187754571247.666,2215.26566937508
IRN,2005,224970371324.67,2404.72248381983
IRN,2006,265602187403.643,2459.98518383154
IRN,2007,349736591832.418,2560.85802626139
IRN,2008,406070949553.875,2711.04099566854
IRN,2009,414059094949.063,2672.02281312134
IRN,2010,487069570463.768,2639.53621273079
IRN,2011,629082257472.368,2658.74959959687
IRN,2012,644019315003.54,2740.80449432044
IRN,2013,500399839839.877,2758.63469172941
IRN,2014,462284793280.825,2883.56133864636
IRN,2015,409191686496.677,2737.21795051014
IRN,2016,478618064870.999,2861.01308462065
IRN,2017,510239893417.645,3026.76271438293
IRN,2018,411903303606.044,2921.43583957478
IRN,2019,347988400957.999,3177.85679111808
IRN,2020,280934329279.723,3256.87632117151
IRN,2021,407350685583.335,3356.96967009824
IRN,2022,422662261525.665,3288.17306422824
IRN,2023,457510482317.483,3399.10476404644
IRN,2024,475252089215.416,
IRN,2025,,
IRQ,1960,1537252193.09912,
IRQ,1961,1671960965.21561,
IRQ,1962,1784174540.73018,
IRQ,1963,1805901510.0394,
IRQ,1964,2136408197.83672,
IRQ,1965,2335785506.0858,
IRQ,1966,2530306095.87756,
IRQ,1967,2551522656.19094,
IRQ,1968,2896598841.36046,
IRQ,1969,3007758796.89648,
IRQ,1970,3281318687.47253,
IRQ,1971,3865346534.65347,
IRQ,1972,4113848002.40312,
IRQ,1973,5134367778.1446,
IRQ,1974,11516762614.2906,
IRQ,1975,13458516762.6143,
IRQ,1976,17754825601.0836,
IRQ,1977,19838130714.5276,
IRQ,1978,23762275651.8794,
IRQ,1979,37816457839.4853,
IRQ,1980,52569000000.0,
IRQ,1981,37823000000.0,
IRQ,1982,42382333333.3333,
IRQ,1983,40712903225.8064,
IRQ,1984,46938387096.7742,
IRQ,1985,48425161290.3226,
IRQ,1986,47264516129.0323,
IRQ,1987,56774193548.3871,
IRQ,1988,62684516129.0323,
IRQ,1989,65831935483.871,
IRQ,1990,180408064516.129,1140.06857395631
IRQ,1991,407796349.663785,898.069023227648
IRQ,1992,553671957.671958,1295.43119076746
IRQ,1993,1031944881.13189,1556.86859388652
IRQ,1994,3991349282.75729,1688.17518004057
IRQ,1995,12894029888.1122,1580.67937441499
IRQ,1996,10433698621.3427,1476.75565525716
IRQ,1997,20764857056.3795,1731.61875739311
IRQ,1998,20617405044.2425,1273.20991639156
IRQ,1999,36881601583.8194,959.845851088191
IRQ,2000,48364250943.9051,1089.27326383404
IRQ,2001,36176430128.8057,1181.99516468889
IRQ,2002,32928454672.4246,1091.28719492902
IRQ,2003,21921569478.8163,939.517629598492
IRQ,2004,36633669269.3981,980.249444124443
IRQ,2005,50065104667.8159,949.253481740859
IRQ,2006,65147051918.0219,916.179043545813
IRQ,2007,88837057319.5179,909.133658720632
IRQ,2008,131614434153.505,962.301839872785
IRQ,2009,111657580326.315,995.7798442565
IRQ,2010,138516722649.573,1064.17152061051
IRQ,2011,185749664444.444,1125.37331940921
IRQ,2012,218002476129.472,1190.03229059907
IRQ,2013,234637675128.645,1175.83271780348
IRQ,2014,228415656174.957,1082.71904877674
IRQ,2015,166774104959.102,998.349545341439
IRQ,2016,166743557747.671,1076.45729137323
IRQ,2017,187217660050.676,1185.88106304283
IRQ,2018,227367469034.031,1287.11356086079
IRQ,2019,233636097800.338,1319.49517610224
IRQ,2020,180898797516.874,1142.9073605104
IRQ,2021,209691945713.103,1275.91306536574
IRQ,2022,287372232137.931,1415.17378116176
IRQ,2023,268881051643.549,1506.04801552981
IRQ,2024,279641257615.385,
IRQ,2025,,
ISL,1960,260984498.826389,
ISL,1961,266711460.241466,
ISL,1962,299309938.066264,
ISL,1963,357240895.712432,
ISL,1964,456206298.792753,
ISL,1965,550150987.996732,
ISL,1966,660663763.278256,
ISL,1967,652609075.682946,
ISL,1968,498365199.686946,
ISL,1969,435659609.943615,
ISL,1970,545115909.090909,
ISL,1971,693679545.454545,
ISL,1972,869002945.841831,
ISL,1973,1194794186.17552,
ISL,1974,1568154077.03852,
ISL,1975,1456052700.06506,
ISL,1976,1727845419.11401,
ISL,1977,2285707748.78061,
ISL,1978,2599627088.63561,
ISL,1979,2953176971.07204,
ISL,1980,3499616683.34167,
ISL,1981,3615094820.1877,
ISL,1982,3318714326.1952,
ISL,1983,2862634163.62085,
ISL,1984,2964568005.62888,
ISL,1985,3088359966.94589,
ISL,1986,4129080094.00499,
ISL,1987,5713281235.45655,
ISL,1988,6320093411.44744,
ISL,1989,5870854233.21143,
ISL,1990,6694851159.32729,9058.44053572426
ISL,1991,7151260062.07169,8191.26809568401
ISL,1992,7328497599.30768,7916.88186146098
ISL,1993,6435952173.86159,8380.54983199382
ISL,1994,6612804055.79289,8446.30688308021
ISL,1995,7372640168.67697,8405.2559633539
ISL,1996,7686566105.26316,8991.3157466613
ISL,1997,7716781803.07823,8777.09866357746
ISL,1998,8637732541.50677,9291.86510968838
ISL,1999,9107644690.76647,10353.9985939822
ISL,2000,9140168922.35677,11404.9435876155
ISL,2001,8323401820.48477,10925.4513900466
ISL,2002,9416199699.54736,11168.371424924
ISL,2003,11564687741.9859,11092.6178434139
ISL,2004,13963943244.0018,10892.7840096937
ISL,2005,17146410560.5279,10877.230192953
ISL,2006,17671649843.2602,13184.4771597611
ISL,2007,21960110030.4426,15188.3777309195
ISL,2008,18247921360.2599,17341.072624835
ISL,2009,13212543837.5133,17936.5957485126
ISL,2010,13922711576.5124,17024.5130942471
ISL,2011,15394005872.149,18161.5241113303
ISL,2012,14943757823.3226,17633.6482755645
ISL,2013,16244319958.6808,18212.7336453087
ISL,2014,18052183514.8695,17947.0382271585
ISL,2015,17700486957.1907,16910.7212326475
ISL,2016,21083713310.457,15701.4730096728
ISL,2017,25060086487.8901,16234.9829641811
ISL,2018,26677652544.3499,17346.7502731224
ISL,2019,24985687022.0452,16700.5920009676
ISL,2020,22034665040.7901,16083.6099695089
ISL,2021,26234872402.457,15779.653070706
ISL,2022,29166102877.2755,15806.7848368996
ISL,2023,31677891896.7861,15685.697957602
ISL,2024,33255181468.9382,15996.6796098347
ISL,2025,,
ISR,1960,3070585807.33625,
ISR,1961,3708586471.46387,
ISR,1962,2966154031.33123,
ISR,1963,3535949088.90947,
ISR,1964,4024344852.54797,
ISR,1965,4329084428.62583,
ISR,1966,4703300098.0703,
ISR,1967,4762386782.7194,
ISR,1968,5458427927.8861,
ISR,1969,6297852761.13463,
ISR,1970,7406712876.3832,
ISR,1971,7052544000.09352,
ISR,1972,9222557538.58382,
ISR,1973,11902574258.9313,
ISR,1974,17172607138.122,
ISR,1975,16141767373.4859,
ISR,1976,15956349550.0166,
ISR,1977,18257113904.2478,
ISR,1978,17701286907.0888,
ISR,1979,22609741059.839,
ISR,1980,25395256477.5976,
ISR,1981,26882009819.3456,
ISR,1982,29255285401.3621,
ISR,1983,32675755462.0865,
ISR,1984,30645607293.0048,
ISR,1985,28905736366.7079,
ISR,1986,35834154873.5622,
ISR,1987,43049543634.9607,
ISR,1988,52650948910.3748,
ISR,1989,52443479454.114,
ISR,1990,62016729540.7093,2460.48176754989
ISR,1991,70998755006.9019,2324.55598552647
ISR,1992,79457685757.166,2580.92968949329
ISR,1993,79855877174.4429,2634.64593522424
ISR,1994,90740103828.6058,2738.44186262608
ISR,1995,105497418058.646,2796.31041024382
ISR,1996,115116595544.694,2801.22764441017
ISR,1997,119459826346.611,2881.17071224801
ISR,1998,120547409278.703,2885.62324026661
ISR,1999,121417185061.719,2737.58342545966
ISR,2000,136512300542.025,2899.21092060716
ISR,2001,135002039612.906,2973.01751340231
ISR,2002,125332331883.997,2862.54444096904
ISR,2003,131408914824.005,2949.36140375621
ISR,2004,140047984605.087,2822.35591418715
ISR,2005,147519922009.047,2661.980099421
ISR,2006,158900547825.306,2883.01357713219
ISR,2007,184681214673.45,2899.35253797653
ISR,2008,221231658862.876,3130.72173959461
ISR,2009,213403181852.86,2874.86147474045
ISR,2010,239679036634.372,3043.56517574048
ISR,2011,268094998225.028,2981.37242150116
ISR,2012,263589172712.391,2968.58833913788
ISR,2013,298478070673.058,2662.60942480489
ISR,2014,315017088116.716,2528.01855666417
ISR,2015,303469434072.296,2607.84399987972
ISR,2016,321940971558.016,2569.21718310487
ISR,2017,358451839052.991,2481.51602271413
ISR,2018,376299083108.497,2490.06554012289
ISR,2019,400645216358.857,2407.97500275888
ISR,2020,410768352657.612,2453.62703150387
ISR,2021,489851549972.347,2432.5509270456
ISR,2022,525181008025.57,2501.42064264807
ISR,2023,512184638998.974,2459.62529465788
ISR,2024,540379921261.681,2483.55288918637
ISR,2025,,
ITA,1960,42012422612.3955,
ITA,1961,46649487320.4225,
ITA,1962,52413872628.0045,
ITA,1963,60035924617.9277,
ITA,1964,65720771779.4768,
ITA,1965,70717012186.1774,
ITA,1966,76622444787.3696,
ITA,1967,84401995573.2456,
ITA,1968,91485448147.84,
ITA,1969,100996667239.335,
ITA,1970,113656669764.56,
ITA,1971,124959712858.926,
ITA,1972,145594833997.344,
ITA,1973,175896529392.229,
ITA,1974,200024444775.231,
ITA,1975,228220643534.994,
ITA,1976,225235205861.828,
ITA,1977,258190019749.835,
ITA,1978,315784469541.41,
ITA,1979,394584507107.9,
ITA,1980,478356755595.749,
ITA,1981,431695533980.583,
ITA,1982,428257421617.752,
ITA,1983,444063496940.337,
ITA,1984,438896930791.272,
ITA,1985,453259761687.456,
ITA,1986,641862313287.44,
ITA,1987,807570134448.76,
ITA,1988,893663934840.821,
ITA,1989,930801709003.669,
ITA,1990,1183945130898.51,2584.07898755354
ITA,1991,1249092439519.28,2645.87384365211
ITA,1992,1323204350353.5,2627.54011715057
ITA,1993,1067412587670.73,2612.19400052933
ITA,1994,1101750159702.21,2578.66204057136
ITA,1995,1177369428265.78,2799.59479171327
ITA,1996,1314776508972.27,2796.38058021046
ITA,1997,1244988176443.84,2834.63680923621
ITA,1998,1272729786996.77,2913.20022573948
ITA,1999,1255004736463.98,2957.58654940452
ITA,2000,1149661363439.38,3012.48356350836
ITA,2001,1172041488805.87,3020.75373063924
ITA,2002,1281746271196.04,3035.91851152815
ITA,2003,1582930016538.82,3164.10814422149
ITA,2004,1812808753294.75,3162.43494730256
ITA,2005,1864982261286.85,3204.1351997897
ITA,2006,1958563654385.64,3162.24131154867
ITA,2007,2222524108127.65,3132.89653716264
ITA,2008,2417508414187.19,3067.89962633863
ITA,2009,2209484319012.65,2848.10100531328
ITA,2010,2144936254535.0,2904.35856014464
ITA,2011,2306974020278.21,2798.23628262725
ITA,2012,2097929495121.68,2680.46208450702
ITA,2013,2153225581941.46,2576.45615324387
ITA,2014,2173255507985.84,2433.16257781775
ITA,2015,1845428048839.1,2533.02354460955
ITA,2016,1887111188176.93,2511.46353090755
ITA,2017,1970720904584.71,2557.32535513975
ITA,2018,2099435266458.67,2503.3498604998
ITA,2019,2019606796583.53,2494.02659804115
ITA,2020,1907481094079.23,2313.10006204514
ITA,2021,2179207773596.09,2531.08698798735
ITA,2022,2104067630319.46,2411.65172417311
ITA,2023,2316727999333.18,2298.39093933589
ITA,2024,2380825077243.59,2231.202099939
ITA,2025,,
JAM,1960,699064380.374248,
JAM,1961,748043500.7826,
JAM,1962,777727688.908924,
JAM,1963,826706669.317332,
JAM,1964,897949000.8204,
JAM,1965,972159611.136156,
JAM,1966,1096759561.29618,
JAM,1967,1148014310.8255,
JAM,1968,1083839132.92869,
JAM,1969,1191239047.00876,
JAM,1970,1404720441.88818,
JAM,1971,1539861815.89381,
JAM,1972,1875146587.4443,
JAM,1973,1905917553.19149,
JAM,1974,2375122375.12238,
JAM,1975,2860442750.44275,
JAM,1976,2966042856.04286,
JAM,1977,3249733139.73314,
JAM,1978,2644527821.53011,
JAM,1979,2425064229.04184,
JAM,1980,2679379371.51261,
JAM,1981,2979027966.45373,
JAM,1982,3293496311.93093,
JAM,1983,3619262277.47712,
JAM,1984,2373564549.4932,
JAM,1985,2100239018.82467,
JAM,1986,2754549581.92409,
JAM,1987,3287007321.56699,
JAM,1988,3828342820.3494,
JAM,1989,4404937853.39452,
JAM,1990,4592208086.69235,1098.84826912252
JAM,1991,4106207649.05547,1091.70766935258
JAM,1992,3535460089.80719,1139.85406564567
JAM,1993,5440075675.74067,1130.54025977278
JAM,1994,5452558947.03045,1140.90644822491
JAM,1995,6577520642.82297,1203.56731599874
JAM,1996,7393891920.80358,1257.38194499192
JAM,1997,8400041723.54861,1243.88202034055
JAM,1998,8787195622.43502,1286.68442414829
JAM,1999,8887057997.36228,1308.89611676077
JAM,2000,9005064474.93003,1339.1099922275
JAM,2001,9194727831.07318,1357.36284604569
JAM,2002,9719009494.84779,1290.94473517758
JAM,2003,9430234810.78586,1339.31816349938
JAM,2004,10174664853.9476,1338.63104342676
JAM,2005,11243865777.7131,1303.21146887141
JAM,2006,11930179089.8855,1470.67499756086
JAM,2007,12799600047.1845,1479.15825671767
JAM,2008,13709401520.0326,1177.37176764598
JAM,2009,12120458114.8318,943.351386149021
JAM,2010,13220549908.2494,875.100676933436
JAM,2011,14444661522.1463,923.899986298869
JAM,2012,14807086555.5283,888.692854734165
JAM,2013,14264205152.6126,930.085040039502
JAM,2014,13899217679.9219,900.326456451242
JAM,2015,14963589915.5912,900.563812989648
JAM,2016,14898999754.1229,995.575511803592
JAM,2017,15783583236.675,917.139932009877
JAM,2018,16855447986.2221,1029.18714024307
JAM,2019,17026269262.5307,1072.41919341023
JAM,2020,15000214216.2439,792.693861792288
JAM,2021,15963885376.3537,877.903327788015
JAM,2022,18813516805.214,962.771870452418
JAM,2023,21418804319.6395,934.891419269966
JAM,2024,22014397089.7689,
JAM,2025,,
JOR,1960,,
JOR,1961,,
JOR,1962,,
JOR,1963,,
JOR,1964,,
JOR,1965,599759760.096096,
JOR,1966,657999736.800105,
JOR,1967,631679747.328101,
JOR,1968,561119775.55209,
JOR,1969,698879720.448112,
JOR,1970,639519744.192102,
JOR,1971,678159728.736109,
JOR,1972,788479684.608126,
JOR,1973,943783839.718052,
JOR,1974,1197483948.68547,
JOR,1975,1363073497.77355,
JOR,1976,1708521219.46003,
JOR,1977,2096778602.16785,
JOR,1978,2602208588.95706,
JOR,1979,3271368780.65347,
JOR,1980,3910044474.28044,
JOR,1981,4383944702.85958,
JOR,1982,4681240992.70338,
JOR,1983,4920692190.95569,
JOR,1984,4967162160.40472,
JOR,1985,4993601520.43079,
JOR,1986,6402050484.90425,
JOR,1987,6756209762.48231,
JOR,1988,6277451829.05325,
JOR,1989,4221373673.80468,
JOR,1990,4160087507.83472,903.937959777405
JOR,1991,4344467193.25095,864.339117769909
JOR,1992,5310833193.59005,921.019623317495
JOR,1993,5606400221.69269,866.114519281372
JOR,1994,6236295978.24531,885.138249298773
JOR,1995,6727597031.96347,905.193588067655
JOR,1996,6927503526.09309,898.412571409829
JOR,1997,7245839210.15515,893.491630691812
JOR,1998,7912270803.94922,902.814664165857
JOR,1999,8149929478.13822,880.871567025474
JOR,2000,8460789844.8519,903.243088042685
JOR,2001,8975814652.8196,876.037093986667
JOR,2002,9582510578.27927,900.964957727455
JOR,2003,10195627644.5698,900.985989582586
JOR,2004,11411706629.055,1057.17652422962
JOR,2005,12588998589.5628,1107.30679497061
JOR,2006,15056981664.3159,1066.3573147471
JOR,2007,17110437235.543,1055.84777945071
JOR,2008,22658715989.3302,1011.34553533121
JOR,2009,24537876056.338,1044.29967184826
JOR,2010,27133804225.3521,973.413219547318
JOR,2011,29524149154.9296,944.486189633114
JOR,2012,31634561690.1408,1034.50305837685
JOR,2013,34454440140.8451,966.849898090231
JOR,2014,36847643521.1268,930.16049745624
JOR,2015,38587017887.3239,903.433667037898
JOR,2016,39892551126.7606,887.616759444148
JOR,2017,41608435915.493,917.041568368822
JOR,2018,43370860704.2254,869.212005052558
JOR,2019,44503006338.0282,811.583012032737
JOR,2020,43700383098.5916,754.943831707803
JOR,2021,46296100140.8451,741.997765695214
JOR,2022,48764963380.2817,757.518049657458
JOR,2023,51088476338.0282,767.635457519706
JOR,2024,53352289577.4648,
JOR,2025,,
JPN,1960,47419238274.4619,
JPN,1961,57266758179.5883,
JPN,1962,64987857541.6256,
JPN,1963,74379284603.3875,
JPN,1964,87490590817.9803,
JPN,1965,97338107605.8236,
JPN,1966,113046784179.289,
JPN,1967,132475614226.519,
JPN,1968,156897496759.128,
JPN,1969,184298841304.667,
JPN,1970,217223652719.444,
JPN,1971,245364056622.363,
JPN,1972,324933841268.585,
JPN,1973,441460582535.921,
JPN,1974,490035789970.299,
JPN,1975,532861438884.724,
JPN,1976,598883902155.605,
JPN,1977,737069290927.712,
JPN,1978,1035611588216.59,
JPN,1979,1077910077676.37,
JPN,1980,1129377244854.04,
JPN,1981,1245221410764.15,
JPN,1982,1158731426905.85,
JPN,1983,1270859919742.9,
JPN,1984,1345824500836.76,
JPN,1985,1427019759717.41,
JPN,1986,2120083812109.91,
JPN,1987,2580748422781.09,
JPN,1988,3125724434400.79,
JPN,1989,3109455047823.93,
JPN,1990,3185904656663.85,3538.39176035754
JPN,1991,3648065760648.88,3560.89610232943
JPN,1992,3980702922117.66,3626.46889746532
JPN,1993,4536940479038.25,3636.46948341282
JPN,1994,4998797547740.97,3823.87113500931
JPN,1995,5545563663889.7,3915.67795216885
JPN,1996,4923391533851.63,3990.47398761077
JPN,1997,4492448605638.94,4022.0891472937
JPN,1998,4098362709531.24,3938.28293836089
JPN,1999,4635982224063.88,3994.22367709485
JPN,2000,4968359075956.59,4067.03534426909
JPN,2001,4374711694090.87,3990.10602386433
JPN,2002,4182846045873.61,3992.91998129661
JPN,2003,4519561645253.53,3956.90048891144
JPN,2004,4893116005656.56,4085.4919552124
JPN,2005,4831467035389.8,4066.44200433533
JPN,2006,4601663122649.92,4064.36044717698
JPN,2007,4579750920354.81,4020.80546615948
JPN,2008,5106679115127.3,3867.13557310575
JPN,2009,5289493117993.89,3709.02326188514
JPN,2010,5759071769013.11,3900.21212768124
JPN,2011,6233147172341.35,3620.18019068219
JPN,2012,6272362996105.03,3536.70253450885
JPN,2013,5212328181166.18,3567.33780517627
JPN,2014,4896994405353.29,3445.81632921551
JPN,2015,4444930651964.18,3400.59271053608
JPN,2016,5003677627544.24,3370.8877963853
JPN,2017,4930837369151.42,3391.05041453219
JPN,2018,5040880939324.86,3343.05412833973
JPN,2019,5117993853016.51,3261.62024942915
JPN,2020,5054068005376.28,3046.85480668859
JPN,2021,5039148168861.22,3196.03970960845
JPN,2022,4262463317796.53,3129.65861717499
JPN,2023,4213167237905.83,3039.14126131753
JPN,2024,4027597523550.58,3005.89902824379
JPN,2025,,
KAZ,1960,,
KAZ,1961,,
KAZ,1962,,
KAZ,1963,,
KAZ,1964,,
KAZ,1965,,
KAZ,1966,,
KAZ,1967,,
KAZ,1968,,
KAZ,1969,,
KAZ,1970,,
KAZ,1971,,
KAZ,1972,,
KAZ,1973,,
KAZ,1974,,
KAZ,1975,,
KAZ,1976,,
KAZ,1977,,
KAZ,1978,,
KAZ,1979,,
KAZ,1980,,
KAZ,1981,,
KAZ,1982,,
KAZ,1983,,
KAZ,1984,,
KAZ,1985,,
KAZ,1986,,
KAZ,1987,,
KAZ,1988,,
KAZ,1989,,
KAZ,1990,26932016269.6107,4281.89445289382
KAZ,1991,24923076923.0769,4337.69754409076
KAZ,1992,24917355371.9008,4549.12129193902
KAZ,1993,23409260879.9427,3799.01798234766
KAZ,1994,21250792886.1054,3411.22039446455
KAZ,1995,20374302652.3819,3122.78221073192
KAZ,1996,21035357936.8796,2762.82237678729
KAZ,1997,22165932062.966,2461.86076122748
KAZ,1998,22135245507.3656,2514.04329382024
KAZ,1999,16870817181.7799,2324.27262615097
KAZ,2000,18291990662.0356,2301.832950293
KAZ,2001,22152689179.8815,2217.57862083109
KAZ,2002,24636598527.4437,2538.1420196136
KAZ,2003,30833692900.1091,2737.29872977182
KAZ,2004,43151647002.6096,3204.58811216281
KAZ,2005,57123671733.8952,3186.46182049893
KAZ,2006,81003864630.018,3763.63490829315
KAZ,2007,104849915058.376,4065.37338873297
KAZ,2008,133441648851.982,4253.35380920843
KAZ,2009,115308686941.38,3819.51468551316
KAZ,2010,148047348240.643,4105.7018942109
KAZ,2011,192626464617.071,4532.00308919896
KAZ,2012,207998568865.789,4270.24340373999
KAZ,2013,236634603409.089,4645.78037421422
KAZ,2014,221415613595.469,3698.18319229425
KAZ,2015,184388404706.042,3050.9438545054
KAZ,2016,137278320084.171,3389.09731833891
KAZ,2017,166805788827.233,3404.26707460291
KAZ,2018,179339977690.485,3814.13873379292
KAZ,2019,181667184854.501,3753.15793323889
KAZ,2020,171082365861.423,3388.38789091494
KAZ,2021,197112255360.612,3540.40029844449
KAZ,2022,225496328925.494,3506.54555005386
KAZ,2023,261840101059.923,3650.54759330848
KAZ,2024,291480274648.826,
KAZ,2025,,
KEN,1960,791265459.493816,
KEN,1961,792959472.816211,
KEN,1962,868111400.75544,
KEN,1963,926589349.36426,
KEN,1964,998759334.496266,
KEN,1965,997919320.832272,
KEN,1966,1164519674.19213,
KEN,1967,1232559506.9762,
KEN,1968,1353295458.68182,
KEN,1969,1458379416.64823,
KEN,1970,1603447358.62106,
KEN,1971,1778391288.64348,
KEN,1972,2107279157.08834,
KEN,1973,2509001324.34591,
KEN,1974,2969958812.01648,
KEN,1975,3259345083.26283,
KEN,1976,3474542391.69992,
KEN,1977,4494378764.32011,
KEN,1978,5303735110.55151,
KEN,1979,6234391113.46434,
KEN,1980,7265315820.20777,
KEN,1981,6854491705.88377,
KEN,1982,6431579356.95926,
KEN,1983,5979198313.76093,
KEN,1984,6191437070.18411,
KEN,1985,6135034213.78998,
KEN,1986,7239126568.14092,
KEN,1987,7970820369.2949,
KEN,1988,8355380879.12955,
KEN,1989,8283114514.17081,
KEN,1990,8572359038.16958,472.558588767998
KEN,1991,8151488783.19064,465.13535378224
KEN,1992,8209120763.04955,461.514800014424
KEN,1993,5751786642.55871,457.162477874331
KEN,1994,7148148564.04239,448.817790825803
KEN,1995,9046320255.40507,457.701869210403
KEN,1996,12045865396.1323,461.288541982308
KEN,1997,13115764358.2846,453.644363435621
KEN,1998,14093998843.7334,459.342548020959
KEN,1999,12896010459.3711,456.367492363499
KEN,2000,12705350097.8044,460.259557885245
KEN,2001,12986007425.8781,452.428455522956
KEN,2002,13147736898.5176,445.351766080328
KEN,2003,14904517649.8476,435.103052843273
KEN,2004,16095337093.8366,449.67502007767
KEN,2005,18737895512.7378,453.624918249435
KEN,2006,25825512284.2891,459.858505198544
KEN,2007,31958195182.2406,456.223752941816
KEN,2008,35895153327.8497,456.15344235827
KEN,2009,42347217912.9176,470.588388726011
KEN,2010,45405615063.7551,469.595821222952
KEN,2011,46869473150.61,472.715162690229
KEN,2012,56396704671.5777,462.749845582612
KEN,2013,61671440407.8387,471.435474475568
KEN,2014,68285796514.2896,497.485664126512
KEN,2015,70120446896.8359,530.458901047223
KEN,2016,74815144163.8931,533.407778503543
KEN,2017,82036510877.2599,538.606903918261
KEN,2018,92202979985.2863,546.495296692888
KEN,2019,100378436207.371,543.883187157453
KEN,2020,100657505750.545,534.753957479746
KEN,2021,109703658904.994,539.778643234306
KEN,2022,114448978152.637,541.12804988998
KEN,2023,107500884685.013,544.940571966597
KEN,2024,120339557905.932,539.298427448329
KEN,2025,,
KGZ,1960,,
KGZ,1961,,
KGZ,1962,,
KGZ,1963,,
KGZ,1964,,
KGZ,1965,,
KGZ,1966,,
KGZ,1967,,
KGZ,1968,,
KGZ,1969,,
KGZ,1970,,
KGZ,1971,,
KGZ,1972,,
KGZ,1973,,
KGZ,1974,,
KGZ,1975,,
KGZ,1976,,
KGZ,1977,,
KGZ,1978,,
KGZ,1979,,
KGZ,1980,,
KGZ,1981,,
KGZ,1982,,
KGZ,1983,,
KGZ,1984,,
KGZ,1985,,
KGZ,1986,,
KGZ,1987,,
KGZ,1988,,
KGZ,1989,,
KGZ,1990,2660202622.91006,1704.87425564025
KGZ,1991,2542256424.35069,1520.68057915522
KGZ,1992,2315346942.855,1102.81488453015
KGZ,1993,2026019252.61241,856.921127484997
KGZ,1994,1681780847.41091,618.884432070573
KGZ,1995,1661147035.24388,522.800473223725
KGZ,1996,1827570586.16784,595.726852092905
KGZ,1997,1767864035.71943,552.190080874864
KGZ,1998,1645963749.83146,578.932786343845
KGZ,1999,1249061487.01457,498.399308755737
KGZ,2000,1369688498.06778,473.380207144503
KGZ,2001,1525116370.27939,435.881289136656
KGZ,2002,1605643104.73021,485.300857386353
KGZ,2003,1919008090.49641,511.249605075318
KGZ,2004,2211534585.0034,497.875476414423
KGZ,2005,2460246766.41401,498.539409578874
KGZ,2006,2834168889.42019,485.424849059713
KGZ,2007,3802570552.56105,560.621207010433
KGZ,2008,5139958909.17936,593.947817714401
KGZ,2009,4690061380.60253,535.174330847579
KGZ,2010,4794361863.01353,503.615577108919
KGZ,2011,6197765984.28468,596.801790099001
KGZ,2012,6605142884.36215,731.356416357898
KGZ,2013,7335033800.59056,674.45237437711
KGZ,2014,7468102412.68237,691.53854362528
KGZ,2015,6678177511.66313,659.12770366868
KGZ,2016,6813095379.1187,624.353480068472
KGZ,2017,7702938379.42036,609.705598460026
KGZ,2018,8271106235.41552,707.081191051891
KGZ,2019,9371275264.36735,609.881986975567
KGZ,2020,8270468614.24051,562.289152674562
KGZ,2021,9249133946.26531,595.833222359916
KGZ,2022,12134931017.9465,643.202841236686
KGZ,2023,15180842369.4894,591.211507833659
KGZ,2024,17478259659.2625,
KGZ,2025,,
KHM,1960,,
KHM,1961,,
KHM,1962,,
KHM,1963,,
KHM,1964,,
KHM,1965,,
KHM,1966,,
KHM,1967,,
KHM,1968,,
KHM,1969,,
KHM,1970,,
KHM,1971,,
KHM,1972,,
KHM,1973,,
KHM,1974,,
KHM,1975,749129748.150633,
KHM,1976,790357254.540309,
KHM,1977,716261764.498093,
KHM,1978,766642356.138135,
KHM,1979,723738502.67823,
KHM,1980,744384129.707563,
KHM,1981,815153652.415596,
KHM,1982,865516039.800558,
KHM,1983,939291262.100055,
KHM,1984,1021176058.63327,
KHM,1985,1102669184.43812,
KHM,1986,1167630317.8411,
KHM,1987,1036974910.45,
KHM,1988,1662877859.22297,
KHM,1989,1353137647.68304,
KHM,1990,1402541176.5121,
KHM,1991,2054974089.3643,
KHM,1992,2491486594.18917,
KHM,1993,2533727592.04165,
KHM,1994,2791435272.26653,
KHM,1995,3441205692.9166,282.350097776989
KHM,1996,3506695719.57259,269.715973671116
KHM,1997,3443413388.65696,258.947253051872
KHM,1998,3120425502.66241,268.346190136852
KHM,1999,3517242477.2548,271.448297617757
KHM,2000,3694168979.32019,273.111060087066
KHM,2001,4145665969.92864,276.164207089023
KHM,2002,4501227626.62752,272.095279032918
KHM,2003,5046693484.31767,275.5985706572
KHM,2004,5883297159.87352,279.272336910563
KHM,2005,7066296463.3598,286.390391082312
KHM,2006,8350531016.65753,289.726360027538
KHM,2007,10127916459.8983,298.213771742013
KHM,2008,12174303999.0812,296.389616055637
KHM,2009,12502901169.7377,311.4624062289
KHM,2010,13808673288.0696,323.255970747488
KHM,2011,16032622023.8265,325.063800981871
KHM,2012,17826536699.8016,334.025964498856
KHM,2013,19807135252.8649,337.782036398977
KHM,2014,22041463967.9009,359.954178458003
KHM,2015,24174170369.0738,379.754746691075
KHM,2016,26556545153.3573,412.761212260506
KHM,2017,29355665909.7905,418.968475987658
KHM,2018,33145892168.8958,440.512279217912
KHM,2019,36685356407.7206,487.938920711549
KHM,2020,34818073901.4851,513.179246292562
KHM,2021,36790163687.4421,497.04212828098
KHM,2022,39994532959.6074,498.311736725693
KHM,2023,42335646895.7984,554.905182911585
KHM,2024,46352647037.2406,
KHM,2025,,
KIR,1960,,
KIR,1961,,
KIR,1962,,
KIR,1963,,
KIR,1964,,
KIR,1965,,
KIR,1966,,
KIR,1967,,
KIR,1968,,
KIR,1969,,
KIR,1970,11560877.2811451,
KIR,1971,12356134.3838676,
KIR,1972,15314346.4925323,
KIR,1973,25645040.4712955,
KIR,1974,69256488.5160763,
KIR,1975,44547453.6024265,
KIR,1976,33246816.5018414,
KIR,1977,31335458.7039851,
KIR,1978,36563964.5510014,
KIR,1979,34466197.0333233,
KIR,1980,33157723.1094117,
KIR,1981,35267489.2425442,
KIR,1982,32742712.6527597,
KIR,1983,31000545.7710517,
KIR,1984,34394167.0416706,
KIR,1985,26126615.2284866,
KIR,1986,25993008.7943576,
KIR,1987,29554412.5328693,
KIR,1988,38278810.3176488,
KIR,1989,37645319.1994276,
KIR,1990,36534294.7991591,95.0191036002939
KIR,1991,41247791.6364169,
KIR,1992,61491369.281929,
KIR,1993,58953595.9090414,
KIR,1994,67055333.9021503,
KIR,1995,68596394.6026524,
KIR,1996,81456854.1385109,
KIR,1997,80205806.8250976,
KIR,1998,74905705.8928477,
KIR,1999,77323978.1928449,
KIR,2000,74910527.2586758,
KIR,2001,64935850.1573877,
KIR,2002,74743869.1313473,
KIR,2003,96105619.3795504,
KIR,2004,104085892.133271,83.2596138835406
KIR,2005,113895437.324786,81.6035089508849
KIR,2006,112338353.264712,99.9830028895088
KIR,2007,138054945.643442,107.771289728416
KIR,2008,147017894.97877,
KIR,2009,140177384.145395,
KIR,2010,165458433.127645,
KIR,2011,195970140.170383,
KIR,2012,207001545.867109,
KIR,2013,201730860.757856,
KIR,2014,200287281.98074,
KIR,2015,191559398.688293,
KIR,2016,206467818.503227,
KIR,2017,222875736.343445,
KIR,2018,233514717.441266,
KIR,2019,216985388.322754,
KIR,2020,220898020.418627,
KIR,2021,285259881.131951,
KIR,2022,270040453.254018,
KIR,2023,288610747.738991,
KIR,2024,307862564.489711,
KIR,2025,,
KNA,1960,12366635.7500773,
KNA,1961,12483302.125078,
KNA,1962,12541635.3125784,
KNA,1963,12833301.2500802,
KNA,1964,13416633.1250839,
KNA,1965,13593932.3220537,
KNA,1966,14469078.1796966,
KNA,1967,16742338.2519864,
KNA,1968,14600000.0,
KNA,1969,15850000.0,
KNA,1970,16300000.0,
KNA,1971,19624746.4503043,
KNA,1972,22944849.1155047,
KNA,1973,24196018.3767228,
KNA,1974,31514856.3078422,
KNA,1975,33364055.2995392,
KNA,1976,30095602.2944551,
KNA,1977,44496296.2962963,
KNA,1978,49433333.3333333,
KNA,1979,58840740.7407407,
KNA,1980,68459259.2592593,
KNA,1981,80888888.8888889,
KNA,1982,86022222.2222222,
KNA,1983,86874074.0740741,
KNA,1984,98603703.7037037,
KNA,1985,111007407.407407,
KNA,1986,130685185.185185,
KNA,1987,147748148.148148,
KNA,1988,172692592.592593,
KNA,1989,192518518.518518,
KNA,1990,217259259.259259,534.251335575782
KNA,1991,220540740.740741,
KNA,1992,242137037.037037,
KNA,1993,263755555.555556,
KNA,1994,295159259.259259,
KNA,1995,313485185.185185,
KNA,1996,333944444.444444,
KNA,1997,374641307.974641,
KNA,1998,383257331.40548,
KNA,1999,406595484.373262,
KNA,2000,421695769.843918,
KNA,2001,458643829.014199,
KNA,2002,481077373.669966,
KNA,2003,469869869.86987,
KNA,2004,506900000.0,1640.93706142718
KNA,2005,547203703.703704,1701.22962292999
KNA,2006,644414814.814815,1696.40748137173
KNA,2007,689285185.185185,1777.07360938637
KNA,2008,777692592.592593,
KNA,2009,774274074.074074,
KNA,2010,778718518.518518,
KNA,2011,836092592.592593,
KNA,2012,824585185.185185,
KNA,2013,874548148.148148,
KNA,2014,952111111.111111,
KNA,2015,957222222.222222,
KNA,2016,1006818518.51852,
KNA,2017,1056977777.77778,
KNA,2018,1076548148.14815,
KNA,2019,1107855555.55556,
KNA,2020,883922222.222222,
KNA,2021,858622222.222222,
KNA,2022,981429629.62963,
KNA,2023,1055651851.85185,
KNA,2024,1122388888.88889,
KNA,2025,,
KOR,1960,3973069306.93069,
KOR,1961,2427244760.66918,
KOR,1962,2826923076.92308,
KOR,1963,4007692307.69231,
KOR,1964,3476789681.58031,
KOR,1965,3141131708.31319,
KOR,1966,3957064541.39218,
KOR,1967,4895076717.9993,
KOR,1968,6167109472.42856,
KOR,1969,7743940188.95006,
KOR,1970,9085001793.55852,
KOR,1971,10005257131.3347,
KOR,1972,10990490569.7259,
KOR,1973,14067523813.0386,
KOR,1974,19860929976.698,
KOR,1975,22126033057.8512,
KOR,1976,30371074380.1653,
KOR,1977,39064462809.9174,
KOR,1978,52824793388.4297,
KOR,1979,68083884297.5207,
KOR,1980,66547970350.6151,
KOR,1981,74287368087.3467,
KOR,1982,79921300446.6517,
KOR,1983,89621208322.3386,
KOR,1984,99749645088.5994,
KOR,1985,103764281280.89,
KOR,1986,119965960795.24,
KOR,1987,152240393645.506,
KOR,1988,205477530605.222,
KOR,1989,254236243100.439,
KOR,1990,292064221388.988,2088.02162760717
KOR,1991,340851946803.812,2259.93752469834
KOR,1992,366921291824.719,2545.85498921945
KOR,1993,405705302846.447,2824.86789707394
KOR,1994,479181794216.859,2968.99819252669
KOR,1995,586286469400.665,3234.29761074072
KOR,1996,631196863758.281,3460.92201688076
KOR,1997,589202526424.141,3675.46830349413
KOR,1998,397297216492.19,3374.34870324412
KOR,1999,515697079289.011,3665.80037287776
KOR,2000,597487173479.109,3952.36285253717
KOR,2001,567564806235.441,3923.08094343002
KOR,2002,650014391470.21,4093.47640135718
KOR,2003,728516494684.269,4137.64649746404
KOR,2004,823251107638.814,4255.20021526328
KOR,2005,971740329983.878,4324.50929706891
KOR,2006,1095175538508.19,4337.55103463972
KOR,2007,1220911904593.06,4487.98132629667
KOR,2008,1091580692542.34,4512.96932152779
KOR,2009,983065242417.36,4557.69756825002
KOR,2010,1192830015737.68,4920.34159542887
KOR,2011,1307103477219.1,5114.96282558864
KOR,2012,1335343586437.67,5122.94213308196
KOR,2013,1434669686501.84,5108.23633855207
KOR,2014,1556252422020.44,5136.98533019492
KOR,2015,1539212301135.55,5239.00345362778
KOR,2016,1579150518945.44,5390.84042635905
KOR,2017,1710196756713.17,5467.82224967457
KOR,2018,1824251454306.83,5531.77957372505
KOR,2019,1751045752054.63,5334.67385872126
KOR,2020,1744070276373.34,5195.91011087811
KOR,2021,1942313560965.9,5513.62830573477
KOR,2022,1799363116866.52,5411.97477731382
KOR,2023,1844800934391.54,5336.92485966157
KOR,2024,1875388209406.8,5438.79036783753
KOR,2025,,
KWT,1960,,
KWT,1961,,
KWT,1962,1828107502.79955,
KWT,1963,1900895856.66293,
KWT,1964,2071668533.03471,
KWT,1965,2097199161.12034,
KWT,1966,2391199043.52038,
KWT,1967,2441599023.36039,
KWT,1968,2662798934.88043,
KWT,1969,2769198892.32044,
KWT,1970,2873638850.54446,
KWT,1971,3880392195.40688,
KWT,1972,4450537925.33189,
KWT,1973,5408804607.3129,
KWT,1974,13006948296.2705,
KWT,1975,12022811620.7867,
KWT,1976,13132252801.9372,
KWT,1977,14137406740.5065,
KWT,1978,15503557496.1916,
KWT,1979,24749063922.4796,
KWT,1980,28638868355.9196,
KWT,1981,25058020338.2535,
KWT,1982,21577153356.4192,
KWT,1983,20871081080.1538,
KWT,1984,21700082752.9369,
KWT,1985,21445970613.7595,
KWT,1986,17903989745.178,
KWT,1987,22368704133.6668,
KWT,1988,20690322152.8945,
KWT,1989,24313855653.3993,
KWT,1990,18427777777.7778,5367.18159689961
KWT,1991,11009993703.1474,1851.8612343751
KWT,1992,19858555214.7239,5354.04474003878
KWT,1993,23941391390.7285,7325.82199636988
KWT,1994,24848483838.3838,8627.95769942729
KWT,1995,27186980646.5448,8751.97609205067
KWT,1996,31492373308.7516,8370.10996600455
KWT,1997,30350190704.4361,8179.90510092248
KWT,1998,25943705784.2996,9038.31883817753
KWT,1999,30122365849.2518,9405.01207967701
KWT,2000,37718743480.0751,9498.0243597846
KWT,2001,34889559869.8326,9864.90676381762
KWT,2002,38135788413.8276,9714.88959890999
KWT,2003,47874582231.588,10164.1792837198
KWT,2004,59439090600.6108,10971.4644036465
KWT,2005,80798630136.9863,12019.6254493583
KWT,2006,101557330723.423,10452.8038422143
KWT,2007,114634043361.692,9524.11402060719
KWT,2008,147379737229.753,10651.1238148385
KWT,2009,105968691905.415,10531.9040890245
KWT,2010,115416245241.742,11313.7461647106
KWT,2011,154039231245.856,10506.465965957
KWT,2012,174047662680.041,10426.982707218
KWT,2013,174168116534.844,9778.60747500995
KWT,2014,162650450684.725,8692.30403888948
KWT,2015,114585555688.511,9738.48954876555
KWT,2016,109406674124.652,9693.77926411987
KWT,2017,120687539805.505,9535.25160630279
KWT,2018,138646316350.727,9781.8532163362
KWT,2019,140856394860.529,8355.80189447324
KWT,2020,111045470605.715,8874.99125301981
KWT,2021,148350671489.144,8573.69391090114
KWT,2022,183502046693.878,9132.60590930826
KWT,2023,165384407116.233,8952.27483065729
KWT,2024,160227273053.334,
KWT,2025,,
LAC,1960,61872048053.7582,
LAC,1961,68537433096.0179,
LAC,1962,70838147779.8747,
LAC,1963,77852261014.3715,
LAC,1964,89267114389.9873,
LAC,1965,96773648114.8792,
LAC,1966,106986475925.36,
LAC,1967,108802555632.323,
LAC,1968,117081886865.706,
LAC,1969,131183741662.451,
LAC,1970,142596746423.907,
LAC,1971,157896952881.112,
LAC,1972,179590440279.63,
LAC,1973,240395906942.871,
LAC,1974,316078118355.068,
LAC,1975,340736015746.356,
LAC,1976,370757722087.931,
LAC,1977,401970427033.127,
LAC,1978,487096670577.821,
LAC,1979,535635409511.146,
LAC,1980,647344663393.165,
LAC,1981,743688523742.887,
LAC,1982,685784573010.258,
LAC,1983,591639891642.324,
LAC,1984,634821634926.578,
LAC,1985,624540105212.73,
LAC,1986,632751590897.888,
LAC,1987,693500475374.671,
LAC,1988,754391335526.162,
LAC,1989,857638656284.421,
LAC,1990,956359343657.392,1000.62664587404
LAC,1991,1022303377943.78,1005.22581719559
LAC,1992,1109655778653.96,998.218472462739
LAC,1993,1337901710683.13,998.293264824903
LAC,1994,1581889193913.28,1026.42177161305
LAC,1995,1685606822996.41,1022.35359735151
LAC,1996,1840978422403.43,1043.78392437842
LAC,1997,2009116477242.1,1071.61026595451
LAC,1998,2024915541481.96,1090.0964925946
LAC,1999,1795962372594.49,1090.83607416458
LAC,2000,1986485863896.03,1079.7575541915
LAC,2001,1935500709591.52,1074.36998692322
LAC,2002,1740548664257.26,1077.06066631147
LAC,2003,1776708359686.86,1106.38896287865
LAC,2004,2025108884606.03,1139.08837272429
LAC,2005,2450494745878.24,1161.9863096128
LAC,2006,2858411217887.58,1182.19555424753
LAC,2007,3374742715849.93,1205.55639602144
LAC,2008,3900603654602.57,1228.36343914709
LAC,2009,3612494780540.35,1183.89529123345
LAC,2010,4518755264794.34,1234.34416262148
LAC,2011,5277645172887.88,1258.51542350022
LAC,2012,5250558584752.47,1282.73822875493
LAC,2013,5385615104389.87,1315.96949591581
LAC,2014,5405172001075.22,1321.8828372247
LAC,2015,4578739613722.79,1301.53006741166
LAC,2016,4438833899168.87,1277.17207305376
LAC,2017,4960873741744.95,1264.36581370173
LAC,2018,4816735877469.79,1248.90722788543
LAC,2019,4748616176252.64,1255.42159397081
LAC,2020,3991303751042.44,1178.85720804788
LAC,2021,4637976019252.06,1240.17681250258
LAC,2022,5336050967302.51,1252.33167987162
LAC,2023,6014673692976.05,1276.03389190978
LAC,2024,6168787362595.33,1468.50944118978
LAC,2025,,
LAO,1960,,
LAO,1961,,
LAO,1962,,
LAO,1963,,
LAO,1964,,
LAO,1965,,
LAO,1966,,
LAO,1967,,
LAO,1968,,
LAO,1969,,
LAO,1970,,
LAO,1971,,
LAO,1972,,
LAO,1973,,
LAO,1974,,
LAO,1975,,
LAO,1976,,
LAO,1977,,
LAO,1978,,
LAO,1979,,
LAO,1980,,
LAO,1981,,
LAO,1982,,
LAO,1983,,
LAO,1984,1757142855.91837,
LAO,1985,2366666615.55556,
LAO,1986,1776842097.16343,
LAO,1987,1087273103.69639,
LAO,1988,598961269.297879,
LAO,1989,714046821.093797,
LAO,1990,865559879.400406,
LAO,1991,1028087972.31085,
LAO,1992,1127806944.61513,
LAO,1993,1327748689.88094,
LAO,1994,1543606345.11684,
LAO,1995,1763536304.53964,
LAO,1996,1873671550.34636,
LAO,1997,1747011857.33107,
LAO,1998,1280177838.71905,
LAO,1999,1454430642.44959,
LAO,2000,1731198022.46763,296.828433223862
LAO,2001,1768619058.34647,305.203788340763
LAO,2002,1758176653.07746,308.964836465676
LAO,2003,2023324407.28414,314.0195746722
LAO,2004,2366398119.86321,319.062906873054
LAO,2005,2735558734.7379,324.856817488689
LAO,2006,3455030060.9785,349.385020841441
LAO,2007,4223152739.04052,377.461194811728
LAO,2008,5446433157.40114,406.727596705488
LAO,2009,5836137329.63305,420.273497499618
LAO,2010,7131771014.70456,425.369477265063
LAO,2011,8750104617.17303,424.226591651912
LAO,2012,10192846339.4029,430.532264733894
LAO,2013,11983252626.5452,446.111130889269
LAO,2014,13279245886.3854,458.217462038915
LAO,2015,14426380125.6488,602.367641501306
LAO,2016,15912501722.6143,754.157912843683
LAO,2017,17071155481.4994,811.939924879019
LAO,2018,18141641089.7963,820.796381816976
LAO,2019,18740561512.5555,809.255743180214
LAO,2020,18981805250.2424,727.903699441957
LAO,2021,18827148530.9347,753.830328331407
LAO,2022,15468785203.7532,847.107470128767
LAO,2023,15843155731.2552,880.598982763996
LAO,2024,16502933121.3379,
LAO,2025,,
LBN,1960,,
LBN,1961,,
LBN,1962,,
LBN,1963,,
LBN,1964,,
LBN,1965,,
LBN,1966,,
LBN,1967,,
LBN,1968,,
LBN,1969,,
LBN,1970,,
LBN,1971,,
LBN,1972,,
LBN,1973,,
LBN,1974,,
LBN,1975,,
LBN,1976,,
LBN,1977,,
LBN,1978,,
LBN,1979,,
LBN,1980,,
LBN,1981,,
LBN,1982,,
LBN,1983,,
LBN,1984,,
LBN,1985,,
LBN,1986,,
LBN,1987,,
LBN,1988,3313540067.93246,
LBN,1989,2717998687.71002,
LBN,1990,2838485353.96187,543.47917471359
LBN,1991,4690415092.53663,659.143252262006
LBN,1992,5843579160.90122,653.94720298252
LBN,1993,7941744492.23595,921.551480821083
LBN,1994,9599127050.17558,991.740634978759
LBN,1995,11718795528.5556,1115.10083292304
LBN,1996,13690217333.5879,1155.74538409296
LBN,1997,15751867489.4446,1277.85654793545
LBN,1998,17247179005.5219,1237.77380191676
LBN,1999,17391056369.2265,1272.57004724448
LBN,2000,17260364842.4544,1136.87014459546
LBN,2001,17649751243.7811,1199.71023584992
LBN,2002,19152238805.9701,1175.25346522376
LBN,2003,20082918739.6352,1157.2988164132
LBN,2004,21159827992.0398,1149.06001925911
LBN,2005,21497336498.8391,1079.47193036728
LBN,2006,22022709851.4096,985.785471251008
LBN,2007,24827355014.9254,823.875004803328
LBN,2008,29118916105.4726,1061.37912293521
LBN,2009,35399582928.6899,1336.59416990092
LBN,2010,38443907042.1227,1272.70442631431
LBN,2011,39927125961.5257,1257.01533623898
LBN,2012,44016799515.7546,1383.47674048903
LBN,2013,46880103080.597,1238.32383382097
LBN,2014,48095213746.6003,1192.55300583176
LBN,2015,49929337836.8159,1284.15018153506
LBN,2016,51147308774.1294,1356.17702319106
LBN,2017,53027680685.9038,1475.80821027467
LBN,2018,54901519155.5556,1431.82553489945
LBN,2019,51605959131.2741,1489.87217336526
LBN,2020,31712128253.7961,1251.18116453599
LBN,2021,23131941556.7843,987.597103750431
LBN,2022,20992421948.8081,652.741369292341
LBN,2023,20078620356.9931,780.330161504694
LBN,2024,,
LBN,2025,,
LBR,1960,190495600.0,
LBR,1961,183920900.0,
LBR,1962,191861800.0,
LBR,1963,200229600.0,
LBR,1964,218929100.0,
LBR,1965,229260800.0,
LBR,1966,244459500.0,
LBR,1967,261024300.0,
LBR,1968,276820700.0,
LBR,1969,306961800.0,
LBR,1970,323099700.0,
LBR,1971,341543100.0,
LBR,1972,368098000.0,
LBR,1973,386968300.0,
LBR,1974,486955000.0,
LBR,1975,577549300.0,
LBR,1976,596675700.0,
LBR,1977,673010600.0,
LBR,1978,717240400.0,
LBR,1979,814067900.0,
LBR,1980,854711500.0,
LBR,1981,846514500.0,
LBR,1982,863933200.0,
LBR,1983,823374900.0,
LBR,1984,848478300.0,
LBR,1985,851296100.0,
LBR,1986,840964400.0,
LBR,1987,972800000.0,
LBR,1988,1038300000.0,
LBR,1989,786300000.0,
LBR,1990,384400000.0,
LBR,1991,348000000.0,
LBR,1992,223500000.0,
LBR,1993,160400000.0,
LBR,1994,132200000.0,
LBR,1995,134800000.0,
LBR,1996,159400000.0,
LBR,1997,295900000.0,
LBR,1998,359600000.0,
LBR,1999,441800000.0,
LBR,2000,874000000.0,
LBR,2001,906000000.0,
LBR,2002,927000000.0,
LBR,2003,748000000.0,
LBR,2004,897000000.0,
LBR,2005,949000000.0,
LBR,2006,1119000000.0,
LBR,2007,1373000000.0,
LBR,2008,1726000000.0,
LBR,2009,1768000000.0,
LBR,2010,1998000000.0,
LBR,2011,2398000000.0,
LBR,2012,2791614000.0,
LBR,2013,3177198100.0,
LBR,2014,3225652000.0,
LBR,2015,3227075700.0,
LBR,2016,3398419600.0,
LBR,2017,3390703400.0,
LBR,2018,3422754800.0,
LBR,2019,3319596500.0,
LBR,2020,3176126300.0,
LBR,2021,3513049500.0,
LBR,2022,4001047000.0,
LBR,2023,4390000000.0,
LBR,2024,4779300900.0,
LBR,2025,,
LBY,1960,401644248.9423,
LBY,1961,443905612.037755,
LBY,1962,619725784.909686,
LBY,1963,892327910.668836,
LBY,1964,1341395421.44183,
LBY,1965,1804979680.40813,
LBY,1966,2312438535.82459,
LBY,1967,2726986912.80523,
LBY,1968,3850623094.95076,
LBY,1969,4380987481.20501,
LBY,1970,4601649451.34022,
LBY,1971,5260185125.41886,
LBY,1972,6299395543.96301,
LBY,1973,8625889429.58277,
LBY,1974,15112543717.1298,
LBY,1975,14710912457.6509,
LBY,1976,19096943016.5748,
LBY,1977,22428297107.5929,
LBY,1978,22136422643.3959,
LBY,1979,30536429496.9448,
LBY,1980,40953924948.7419,
LBY,1981,36374353880.3994,
LBY,1982,33760146990.5726,
LBY,1983,33200520139.9749,
LBY,1984,29476109152.7531,
LBY,1985,31530566324.273,
LBY,1986,24180400959.4288,
LBY,1987,26697659334.6911,
LBY,1988,24308959591.195,
LBY,1989,25156707899.1462,
LBY,1990,28904183602.4818,2512.50761922772
LBY,1991,31991821264.7118,2493.27596558056
LBY,1992,33887047909.2746,2429.43954834655
LBY,1993,30660051910.5037,2472.15011589683
LBY,1994,28610549763.4685,2739.83662502434
LBY,1995,25541379186.6458,2850.593104619
LBY,1996,27884615384.6154,2937.61134533368
LBY,1997,30700897874.8704,2932.65189453748
LBY,1998,27251301398.2813,2967.3421329784
LBY,1999,35975860857.1164,2854.88343059713
LBY,2000,38270954138.1128,2976.83650740397
LBY,2001,34112093927.254,3074.78058753118
LBY,2002,20481889763.7795,3089.63282765671
LBY,2003,26265625000.0,3033.31081378459
LBY,2004,33122307692.3077,3051.03345536709
LBY,2005,47334691241.4924,3114.98564274947
LBY,2006,60094231606.642,2733.38300724871
LBY,2007,68032978390.6007,2363.56247489929
LBY,2008,86710767415.1371,2578.95942858435
LBY,2009,60808562033.4191,2784.55454632999
LBY,2010,75380825062.4216,3131.50608317262
LBY,2011,48169263294.1007,2631.72794552167
LBY,2012,92540938129.1315,3101.47681342856
LBY,2013,75351107029.0605,2747.59073791604
LBY,2014,57372355592.022,3550.5742819662
LBY,2015,48717501321.3052,2942.78950702997
LBY,2016,49912073701.298,3350.14260585583
LBY,2017,67157452181.7738,3698.16883501654
LBY,2018,76686029772.1483,3345.56282924367
LBY,2019,69254496471.6938,3691.94352087401
LBY,2020,46854285440.642,1411.0433394018
LBY,2021,35217995647.2862,2102.63589527131
LBY,2022,43246297921.8499,1543.81471951705
LBY,2023,44027664915.187,2662.16736616396
LBY,2024,48487151215.345,
LBY,2025,,
LCA,1960,,
LCA,1961,,
LCA,1962,,
LCA,1963,,
LCA,1964,,
LCA,1965,,
LCA,1966,,
LCA,1967,,
LCA,1968,,
LCA,1969,,
LCA,1970,,
LCA,1971,,
LCA,1972,,
LCA,1973,,
LCA,1974,,
LCA,1975,,
LCA,1976,,
LCA,1977,,
LCA,1978,,
LCA,1979,,
LCA,1980,170370370.37037,
LCA,1981,194444444.444444,
LCA,1982,183333333.333333,
LCA,1983,197037037.037037,
LCA,1984,251481481.481481,
LCA,1985,284444444.444444,
LCA,1986,340000000.0,
LCA,1987,375555555.555556,
LCA,1988,429629629.62963,
LCA,1989,486666666.666667,
LCA,1990,579629629.62963,405.635549881399
LCA,1991,613703703.703704,
LCA,1992,674074074.074074,
LCA,1993,684814814.814815,
LCA,1994,713703703.703704,
LCA,1995,762962962.962963,
LCA,1996,788888888.888889,
LCA,1997,805925925.925926,
LCA,1998,877407407.407407,
LCA,1999,921851851.851852,
LCA,2000,932592592.592592,
LCA,2001,892592592.592592,
LCA,2002,900000000.0,
LCA,2003,987407407.407407,
LCA,2004,1066666666.66667,730.642539226371
LCA,2005,1135555555.55556,743.427017225748
LCA,2006,1268319185.18519,714.118543678251
LCA,2007,1336088814.81481,763.003850785059
LCA,2008,1437731111.11111,
LCA,2009,1401507888.88889,
LCA,2010,1482385185.18519,
LCA,2011,1568370370.37037,
LCA,2012,1598207407.40741,
LCA,2013,1660392592.59259,
LCA,2014,1749185185.18518,
LCA,2015,1807640740.74074,
LCA,2016,1868544444.44444,
LCA,2017,1998503703.7037,
LCA,2018,2060955555.55556,
LCA,2019,2095344444.44444,
LCA,2020,1499274074.07407,
LCA,2021,1867185185.18518,
LCA,2022,2342714814.81481,
LCA,2023,2430166666.66667,
LCA,2024,2549062962.96296,
LCA,2025,,
LCN,1960,79218932628.4884,
LCN,1961,87692579907.1773,
LCN,1962,92148671651.0748,
LCN,1963,100158104358.281,
LCN,1964,111297635699.786,
LCN,1965,119597691837.21,
LCN,1966,131678790598.877,
LCN,1967,134312213003.602,
LCN,1968,144144177278.735,
LCN,1969,160995419131.459,
LCN,1970,175637927080.04,
LCN,1971,195901356042.972,
LCN,1972,220380603348.14,
LCN,1973,293150378387.262,
LCN,1974,379786194845.66,
LCN,1975,398144710055.559,
LCN,1976,436627884665.323,
LCN,1977,479581065121.979,
LCN,1978,574059347260.853,
LCN,1979,644166219532.576,
LCN,1980,783357461518.48,
LCN,1981,894809026625.003,
LCN,1982,823242879546.784,
LCN,1983,726364223327.025,
LCN,1984,764196791084.118,
LCN,1985,755578018483.551,
LCN,1986,765106455717.53,
LCN,1987,821070824144.007,
LCN,1988,900611858814.776,
LCN,1989,994556604300.389,
LCN,1990,1107441262339.26,1053.22521173545
LCN,1991,1189414692505.63,1059.98421230366
LCN,1992,1299088443758.27,1067.85409046703
LCN,1993,1537131292681.77,1057.10978372833
LCN,1994,1795767672640.37,1096.80825751521
LCN,1995,1942345662514.93,1086.45642589693
LCN,1996,2100954040906.87,1117.15797803837
LCN,1997,2303665775071.88,1146.61168846076
LCN,1998,2331974870872.78,1169.91230738681
LCN,1999,2107674084250.93,1182.93820054024
LCN,2000,2326960774300.02,1173.302994439
LCN,2001,2282616677666.16,1159.11996941229
LCN,2002,2052785902058.93,1185.69506254308
LCN,2003,2091901136740.59,1204.4436457167
LCN,2004,2405470231955.35,1232.2358820466
LCN,2005,2903225603459.67,1261.71402577284
LCN,2006,3397326808458.12,1286.00237091256
LCN,2007,3998763004207.04,1311.53320117293
LCN,2008,4644093134666.99,1328.97938845481
LCN,2009,4357538584711.36,1281.65060137082
LCN,2010,5397900660485.76,1349.63979436017
LCN,2011,6139415369063.72,1361.0357323875
LCN,2012,6202552292365.06,1388.28863630784
LCN,2013,6252550709058.29,1429.8227512821
LCN,2014,6217846355596.35,1411.77100715066
LCN,2015,5289615626446.62,1389.17438424302
LCN,2016,5148746106826.83,1361.35144976447
LCN,2017,5715057427671.22,1344.4694712992
LCN,2018,5581100995040.84,1306.61219354065
LCN,2019,5473432644126.84,1311.92164362326
LCN,2020,4627348896643.87,1217.58009757001
LCN,2021,5382862734265.64,1292.17550441525
LCN,2022,6144995160894.64,1302.20665203935
LCN,2023,6910660006084.82,1321.0279060947
LCN,2024,7110323254687.35,1487.37916310806
LCN,2025,,
LDC,1960,28083812111.3864,
LDC,1961,29364630537.1701,
LDC,1962,31794976804.8325,
LDC,1963,36519313157.8956,
LDC,1964,33150184766.7468,
LDC,1965,37295152841.752,
LDC,1966,40642209234.3734,
LDC,1967,41311581927.6956,
LDC,1968,44098255412.4447,
LDC,1969,48788461658.1435,
LDC,1970,47218105706.9094,
LDC,1971,49607713412.6624,
LDC,1972,51305821254.5498,
LDC,1973,62437242595.5981,
LDC,1974,77769806980.1139,
LDC,1975,93635062502.8177,
LDC,1976,86257896218.4446,
LDC,1977,94941848284.4018,
LDC,1978,111733881980.368,
LDC,1979,122428376570.848,
LDC,1980,135711328907.843,
LDC,1981,138755507284.492,
LDC,1982,140164853789.316,
LDC,1983,138441291087.962,
LDC,1984,140661649667.253,
LDC,1985,153684956266.846,
LDC,1986,133832578080.491,
LDC,1987,142313431547.147,
LDC,1988,156208594276.22,
LDC,1989,167638883839.735,
LDC,1990,192676554736.406,286.37420217258
LDC,1991,208817559381.57,284.015812822461
LDC,1992,165222858380.936,283.265131487973
LDC,1993,171010929694.39,280.282889494637
LDC,1994,167739197113.28,287.223217643718
LDC,1995,172090832187.699,293.079659270293
LDC,1996,181564624034.662,292.805255308801
LDC,1997,189339949637.891,295.900995068844
LDC,1998,192210175844.317,289.166371568611
LDC,1999,197805141980.577,293.010209421897
LDC,2000,224563948593.224,289.219736599216
LDC,2001,216585977130.125,294.496867015614
LDC,2002,238996622513.994,295.545942279508
LDC,2003,270939350485.977,300.174699975286
LDC,2004,311791760903.57,299.267142175194
LDC,2005,370633296538.889,301.323078929084
LDC,2006,430714424840.412,307.206285761911
LDC,2007,517254081241.053,306.495744955238
LDC,2008,635557886673.675,312.586976743628
LDC,2009,628162084945.035,319.213088743149
LDC,2010,711250147781.566,319.233985643016
LDC,2011,810122964149.02,324.261318580832
LDC,2012,849599155573.471,326.79260434805
LDC,2013,924685867947.027,340.500088194865
LDC,2014,993379212416.681,342.557704471222
LDC,2015,946044369982.555,345.889867283086
LDC,2016,952622086763.393,350.672202149993
LDC,2017,1044504274790.04,357.42333384574
LDC,2018,1116339519831.8,357.893877645785
LDC,2019,1169366192253.69,360.849969804285
LDC,2020,1179778077659.19,363.63228702384
LDC,2021,1303898952961.36,367.862937428669
LDC,2022,1474237106700.91,372.093288904257
LDC,2023,1459966948607.94,367.869784045631
LDC,2024,1536272727812.71,
LDC,2025,,
LIE,1960,,
LIE,1961,,
LIE,1962,,
LIE,1963,,
LIE,1964,,
LIE,1965,,
LIE,1966,,
LIE,1967,,
LIE,1968,,
LIE,1969,,
LIE,1970,90099360.8433666,
LIE,1971,104889795.333846,
LIE,1972,124940289.32382,
LIE,1973,165928881.55552,
LIE,1974,193980464.882101,
LIE,1975,246389101.853613,
LIE,1976,272489300.467827,
LIE,1977,303493119.480763,
LIE,1978,436912067.784287,
LIE,1979,503173104.391887,
LIE,1980,534699362.896161,
LIE,1981,511647750.124475,
LIE,1982,522096760.291094,
LIE,1983,524023624.89055,
LIE,1984,502620991.852944,
LIE,1985,529073612.453579,
LIE,1986,779357802.50006,
LIE,1987,1052848995.97101,
LIE,1988,1161757671.01756,
LIE,1989,1119983801.21338,
LIE,1990,1421509216.37424,
LIE,1991,1484160302.14952,
LIE,1992,1631177029.45063,
LIE,1993,1673085244.6879,
LIE,1994,1948129622.75132,
LIE,1995,2428525060.69927,
LIE,1996,2504012993.42238,
LIE,1997,2298389802.88883,
LIE,1998,2479699106.02264,
LIE,1999,2664105901.18863,
LIE,2000,2483889858.32312,
LIE,2001,2491800558.77674,
LIE,2002,2688618747.38148,
LIE,2003,3070803051.42164,
LIE,2004,3454373797.74442,
LIE,2005,3659319116.88057,
LIE,2006,4000102086.14635,
LIE,2007,4601429897.21468,
LIE,2008,5081479840.08716,
LIE,2009,4504375348.07038,
LIE,2010,5082337238.44718,
LIE,2011,5739706004.89616,
LIE,2012,5456102482.28614,
LIE,2013,6391708310.67727,
LIE,2014,6657526979.72277,
LIE,2015,6268515276.17441,
LIE,2016,6237302033.50132,
LIE,2017,6474308717.85289,
LIE,2018,6692620691.84146,
LIE,2019,6436467007.11932,
LIE,2020,6405870210.32293,
LIE,2021,7912602342.18895,
LIE,2022,7426856242.7736,
LIE,2023,8239379403.22096,
LIE,2024,,
LIE,2025,,
LKA,1960,1409873949.57983,
LKA,1961,1444327731.09244,
LKA,1962,1434156378.60082,
LKA,1963,1240672268.90756,
LKA,1964,1309747899.15966,
LKA,1965,1698319327.73109,
LKA,1966,1751470588.23529,
LKA,1967,1859465020.57613,
LKA,1968,1801344537.81513,
LKA,1969,1965546218.48739,
LKA,1970,2296470588.23529,
LKA,1971,2369308600.33727,
LKA,1972,2553936348.40871,
LKA,1973,2875625000.0,
LKA,1974,3574586466.16541,
LKA,1975,3791298145.50642,
LKA,1976,3591319857.31272,
LKA,1977,4104509582.86359,
LKA,1978,2733183856.50224,
LKA,1979,3364611432.24149,
LKA,1980,4024621899.57653,
LKA,1981,4415844155.84416,
LKA,1982,4768765016.81884,
LKA,1983,5167913302.16745,
LKA,1984,6043474842.76729,
LKA,1985,5978460972.01767,
LKA,1986,6405210563.88294,
LKA,1987,6682167119.56522,
LKA,1988,6978371581.26375,
LKA,1989,6987267683.77254,
LKA,1990,8032551173.24014,337.389592156601
LKA,1991,9000362581.58086,339.935282876488
LKA,1992,9703011635.86585,343.306435724888
LKA,1993,10338679635.7616,355.839453713108
LKA,1994,11717604208.8223,336.762484355537
LKA,1995,13029697560.9756,341.957354306137
LKA,1996,13897738375.2488,375.383200064147
LKA,1997,15091913883.7091,381.706846886147
LKA,1998,15760736956.1852,380.775218480436
LKA,1999,15711933513.2831,399.123527120799
LKA,2000,16595882818.6857,431.626121530964
LKA,2001,15749753804.8344,410.76714173174
LKA,2002,16536535647.0834,413.992678676583
LKA,2003,18881765437.2151,435.238621381633
LKA,2004,20662525941.2985,438.069918482433
LKA,2005,24405791044.7761,445.300894859361
LKA,2006,28267410542.5164,446.350685504025
LKA,2007,32350238760.4239,451.980410920531
LKA,2008,40713826215.0093,437.226211399681
LKA,2009,42066224093.0065,441.046700924692
LKA,2010,58636049434.1871,467.337028685651
LKA,2011,67753285896.6254,472.049545062096
LKA,2012,70447217163.7784,481.969963365297
LKA,2013,76976203829.4765,456.611626872059
LKA,2014,82531125190.5224,485.888973391929
LKA,2015,85090301052.0465,501.51829450226
LKA,2016,88000211171.5956,542.577379685228
LKA,2017,94369350285.5814,514.23622858293
LKA,2018,94450015982.8405,508.543364517116
LKA,2019,88998706296.5783,523.467212401339
LKA,2020,84335574581.5072,511.109950825019
LKA,2021,88556698937.7033,527.156696517111
LKA,2022,74143020262.8076,463.726722097872
LKA,2023,83716142582.1945,466.718993611413
LKA,2024,98963185509.6499,
LKA,2025,,
LMY,1960,266021244949.629,
LMY,1961,269458553802.492,
LMY,1962,273695782536.948,
LMY,1963,303550507362.765,
LMY,1964,340150418908.555,
LMY,1965,375605759539.849,
LMY,1966,389671309317.083,
LMY,1967,399982283509.462,
LMY,1968,424043720695.814,
LMY,1969,474510876551.698,
LMY,1970,517798557827.839,
LMY,1971,556845652683.818,
LMY,1972,625484658981.056,
LMY,1973,797478916024.531,
LMY,1974,1015201398786.56,
LMY,1975,1123004704927.99,
LMY,1976,1208279928792.57,
LMY,1977,1356510872563.03,
LMY,1978,1506201220791.09,
LMY,1979,1746166507113.12,
LMY,1980,2063168719320.92,
LMY,1981,2310481365169.78,
LMY,1982,2277766381213.81,
LMY,1983,2206821650115.95,
LMY,1984,2267460248865.09,
LMY,1985,2354530879715.06,
LMY,1986,2404562901474.37,
LMY,1987,2482143781544.16,
LMY,1988,2648573640088.11,
LMY,1989,2839487150072.39,
LMY,1990,3263494792021.68,723.020810368601
LMY,1991,3169382414487.01,713.390069227389
LMY,1992,3325666270038.26,703.06956500742
LMY,1993,3598961041743.57,704.769644240063
LMY,1994,4036347707441.04,706.204619847264
LMY,1995,4678566130116.0,723.693673906806
LMY,1996,5194254625956.01,726.996903445573
LMY,1997,5514476962092.24,732.07993138927
LMY,1998,5415602499519.29,724.903900508011
LMY,1999,5213581699462.51,730.618682220484
LMY,2000,5671239614656.75,732.029289827731
LMY,2001,5681863488447.16,737.272807372236
LMY,2002,5796572765879.18,755.30292272129
LMY,2003,6490136867597.51,798.798284352721
LMY,2004,7615565811852.92,853.550146301569
LMY,2005,8995715621844.56,893.159002566623
LMY,2006,10593347613572.9,932.217590487152
LMY,2007,13011853510452.5,969.072308055813
LMY,2008,15453988213684.3,990.093300374054
LMY,2009,15495760307663.9,1006.69977126379
LMY,2010,18849216312613.7,1065.4125840021
LMY,2011,22198034859579.4,1103.05533579811
LMY,2012,23600257695748.4,1121.48047052593
LMY,2013,25060996541842.1,1136.72844906639
LMY,2014,26234553744932.2,1152.79753205145
LMY,2015,25457289049147.5,1139.19762521283
LMY,2016,25722739836843.3,1139.71223025416
LMY,2017,28123682410171.3,1165.42806022859
LMY,2018,29945950603040.9,1192.24355159562
LMY,2019,30863484502772.9,1216.83129121952
LMY,2020,29882663470187.9,1202.58069010921
LMY,2021,35235417682028.0,1265.55151902276
LMY,2022,36965295357847.5,1281.52506942762
LMY,2023,38059330027173.0,1329.59749132302
LMY,2024,39397098753614.4,
LMY,2025,,
LSO,1960,34579986.1680055,
LSO,1961,35699985.7200057,
LSO,1962,41859983.2560067,
LSO,1963,47039981.1840075,
LSO,1964,51939979.2240083,
LSO,1965,54879978.0480088,
LSO,1966,56699977.3200091,
LSO,1967,59261976.2952095,
LSO,1968,61445975.4216098,
LSO,1969,65967973.6128106,
LSO,1970,68739972.504011,
LSO,1971,76480285.0044113,
LSO,1972,80913200.4292822,
LSO,1973,121188715.759865,
LSO,1974,150851316.52727,
LSO,1975,149558895.914581,
LSO,1976,147660036.915009,
LSO,1977,193315048.328762,
LSO,1978,266570066.642517,
LSO,1979,290134592.523007,
LSO,1980,431542536.663782,
LSO,1981,434188034.188034,
LSO,1982,348741683.673845,
LSO,1983,386699308.859169,
LSO,1984,333163670.280225,
LSO,1985,268629925.852805,
LSO,1986,318858422.989262,
LSO,1987,402768324.481971,
LSO,1988,470395800.600668,
LSO,1989,495409232.627579,
LSO,1990,596410263.743849,
LSO,1991,704325366.718393,
LSO,1992,831029861.704746,
LSO,1993,835582062.476169,
LSO,1994,878250945.280469,
LSO,1995,1001894000.27846,
LSO,1996,946112492.844847,
LSO,1997,998004258.715675,
LSO,1998,928460893.108965,
LSO,1999,912773681.050642,
LSO,2000,887291687.920796,
LSO,2001,825706961.238689,
LSO,2002,775777238.55814,
LSO,2003,1157825434.78971,
LSO,2004,1511236655.52047,14.2050571017929
LSO,2005,1682343527.49221,16.8964238974827
LSO,2006,1800092563.75462,9.76832112893001
LSO,2007,1682131784.51365,9.72728780689593
LSO,2008,1766902709.19935,
LSO,2009,1740894964.80511,
LSO,2010,2234754241.91918,
LSO,2011,2579409619.96722,
LSO,2012,2477702216.26888,
LSO,2013,2367112931.642,
LSO,2014,2441063054.05792,
LSO,2015,2359686724.53829,
LSO,2016,2114426452.2019,
LSO,2017,2306741672.29006,
LSO,2018,2556247291.99785,
LSO,2019,2390702295.82777,
LSO,2020,2053699863.99625,
LSO,2021,2412130056.55851,
LSO,2022,2354980960.02697,
LSO,2023,2117962445.37471,
LSO,2024,2271759454.51107,
LSO,2025,,
LTE,1960,183858546617.435,
LTE,1961,170881037955.18,
LTE,1962,174094667934.865,
LTE,1963,189931663020.203,
LTE,1964,208296557346.014,
LTE,1965,233446890704.184,
LTE,1966,259994255595.183,
LTE,1967,261259999430.176,
LTE,1968,265793115767.977,
LTE,1969,296283576150.945,
LTE,1970,336904804054.143,
LTE,1971,374774456804.477,
LTE,1972,431342028444.513,
LTE,1973,560342627217.068,
LTE,1974,673221564295.668,
LTE,1975,743236954063.473,
LTE,1976,801479229230.007,
LTE,1977,929935807412.122,
LTE,1978,967902612778.315,
LTE,1979,1152356948339.41,
LTE,1980,1321502317179.9,
LTE,1981,1385129661927.59,
LTE,1982,1397225179816.17,
LTE,1983,1293502574114.76,
LTE,1984,1350058406704.66,
LTE,1985,1459397301664.15,
LTE,1986,1551004683364.39,
LTE,1987,1637762989831.09,
LTE,1988,1787018955182.41,
LTE,1989,1905240160845.64,
LTE,1990,1971099528291.62,1363.10431948408
LTE,1991,1982355141885.9,1321.96719543982
LTE,1992,2021843649053.88,1276.20622534601
LTE,1993,2104911596639.27,1263.17078456626
LTE,1994,2444599209041.13,1221.743321313
LTE,1995,3029780056867.2,1245.66880876415
LTE,1996,3341467252786.49,1256.7786289615
LTE,1997,3499555307550.27,1237.46811566568
LTE,1998,3374867404617.89,1218.7105707127
LTE,1999,3122215745185.94,1227.95225319801
LTE,2000,3427507985097.52,1244.1401789053
LTE,2001,3545543381138.98,1270.68471115193
LTE,2002,3760831882469.91,1311.51702175009
LTE,2003,4286645021053.17,1412.25836651632
LTE,2004,5151932849607.39,1519.94074093002
LTE,2005,6211017343931.31,1605.97766898366
LTE,2006,7496022909104.78,1704.67493915179
LTE,2007,9445303058887.28,1782.16676120014
LTE,2008,11750024639145.1,1827.14507781609
LTE,2009,11368232780191.9,1851.45147964012
LTE,2010,13679708028983.9,2005.6759830051
LTE,2011,16665376541950.8,2097.76448526427
LTE,2012,17836300107332.0,2145.44006695529
LTE,2013,19233518032034.2,2187.1824748187
LTE,2014,19998109576538.4,2205.99865229309
LTE,2015,18797219107172.1,2188.09787142213
LTE,2016,18841937712407.0,2186.72974571825
LTE,2017,20889290142886.5,2235.22509136731
LTE,2018,22907660419321.1,2317.81216604748
LTE,2019,23366567397285.6,2364.1492621088
LTE,2020,22869539211355.0,2380.15194542951
LTE,2021,27284231194748.9,2530.23440557383
LTE,2022,28550398557203.3,2565.67967523815
LTE,2023,28934446547714.4,2662.60264637763
LTE,2024,29979152245112.6,
LTE,2025,,
LTU,1960,,
LTU,1961,,
LTU,1962,,
LTU,1963,,
LTU,1964,,
LTU,1965,,
LTU,1966,,
LTU,1967,,
LTU,1968,,
LTU,1969,,
LTU,1970,,
LTU,1971,,
LTU,1972,,
LTU,1973,,
LTU,1974,,
LTU,1975,,
LTU,1976,,
LTU,1977,,
LTU,1978,,
LTU,1979,,
LTU,1980,,
LTU,1981,,
LTU,1982,,
LTU,1983,,
LTU,1984,,
LTU,1985,,
LTU,1986,,
LTU,1987,,
LTU,1988,,
LTU,1989,,
LTU,1990,,4344.38252198852
LTU,1991,,4601.93095385275
LTU,1992,,2978.47794398708
LTU,1993,,2472.2142849924
LTU,1994,,2220.47403471325
LTU,1995,7921210339.58439,2401.16634284387
LTU,1996,8430207164.43677,2610.08628191169
LTU,1997,10168271903.3233,2493.7495603031
LTU,1998,11289161847.2162,2637.51048470464
LTU,1999,11022095813.552,2262.27498039981
LTU,2000,11550695727.2335,2040.58088590544
LTU,2001,12260761329.3051,2388.28142241839
LTU,2002,14282292664.6004,2578.77097536015
LTU,2003,18809197969.5431,2714.29508589632
LTU,2004,22743164431.1972,2784.89403569789
LTU,2005,26105207115.3129,2668.04972447817
LTU,2006,30116192746.8942,2669.90395839998
LTU,2007,39729151614.6689,2927.72851407517
LTU,2008,47831254207.5223,2978.8832571652
LTU,2009,37494380038.9213,2771.81869908328
LTU,2010,36638128534.0643,2276.51776090125
LTU,2011,43186501862.7907,2412.97760145453
LTU,2012,42709372066.8627,2468.16458396119
LTU,2013,46303660422.0434,2352.91337348691
LTU,2014,48306546656.9281,2376.27537817697
LTU,2015,41540954817.2039,2420.60555053468
LTU,2016,42970749245.0336,2504.98383829705
LTU,2017,47756764508.446,2653.39984329273
LTU,2018,54261795148.5372,2711.1618678975
LTU,2019,55122066225.796,2707.60764686504
LTU,2020,57412038533.2718,2674.06840356432
LTU,2021,67037321008.9679,2774.31979458134
LTU,2022,71033884499.7824,2453.93993260259
LTU,2023,79789877416.1681,2437.04601158794
LTU,2024,84869215513.3648,2602.99603179939
LTU,2025,,
LUX,1960,709941874.044355,
LUX,1961,710163719.406917,
LUX,1962,747846862.209673,
LUX,1963,797902154.238122,
LUX,1964,910877686.268584,
LUX,1965,929477284.788002,
LUX,1966,976717015.461454,
LUX,1967,983052314.930267,
LUX,1968,1075561622.81321,
LUX,1969,1245432991.34271,
LUX,1970,1457768455.02219,
LUX,1971,1518773421.37846,
LUX,1972,1901697369.62698,
LUX,1973,2609875802.11136,
LUX,1974,3183637116.81856,
LUX,1975,3123333333.33333,
LUX,1976,3423586206.89655,
LUX,1977,3789321328.08104,
LUX,1978,4718539771.99949,
LUX,1979,5516982663.73143,
LUX,1980,6019805490.41247,
LUX,1981,5053665797.47936,
LUX,1982,4602316793.21914,
LUX,1983,4524217751.47929,
LUX,1984,4438435492.87908,
LUX,1985,4577211767.10374,
LUX,1986,6685595087.59256,
LUX,1987,8320902215.01891,
LUX,1988,9418167855.18376,
LUX,1989,10037674037.674,
LUX,1990,12778792853.6939,8874.23375252759
LUX,1991,13834219728.293,9353.56327219142
LUX,1992,15518702634.8808,9262.23284271142
LUX,1993,15925521222.0149,9267.14267111048
LUX,1994,17701798890.7644,8823.41230283802
LUX,1995,20853093869.7318,7705.6113924511
LUX,1996,20895314657.9805,7711.39686819289
LUX,1997,19563836265.2233,7410.05941588504
LUX,1998,20150053345.1878,7067.1278332709
LUX,1999,21899317598.8414,7267.21827016126
LUX,2000,21230182989.3036,7682.15555208276
LUX,2001,21387533703.2327,7986.41389470608
LUX,2002,23649833332.1655,8205.47469644344
LUX,2003,29667268248.1305,8553.03437986234
LUX,2004,35064843792.8993,9381.20382071321
LUX,2005,37672280120.4794,9429.92465262134
LUX,2006,42910146296.0646,9172.05598332149
LUX,2007,51587401415.7872,8779.506079749
LUX,2008,58844277701.5258,8625.43333557115
LUX,2009,54467289897.5582,7958.76292955031
LUX,2010,56213985987.4168,8335.83500727028
LUX,2011,61696281326.2453,8062.97911929005
LUX,2012,59776383527.3602,7723.78432331196
LUX,2013,65203276466.9763,7320.72167920662
LUX,2014,68804811897.6445,6878.68145180459
LUX,2015,60071584216.1375,6548.75962101678
LUX,2016,62216885435.9488,6342.68337961913
LUX,2017,65712180342.9836,6313.35371226953
LUX,2018,71085623495.1145,6414.36478270833
LUX,2019,69872035113.6469,6376.86696643123
LUX,2020,73670782100.3909,5435.81570647944
LUX,2021,86386759695.1653,5631.08725670864
LUX,2022,80801680397.0139,4862.94740833352
LUX,2023,88788881539.3937,4592.3797932503
LUX,2024,93279851863.4062,4552.13864565813
LUX,2025,,
LVA,1960,,
LVA,1961,,
LVA,1962,,
LVA,1963,,
LVA,1964,,
LVA,1965,,
LVA,1966,,
LVA,1967,,
LVA,1968,,
LVA,1969,,
LVA,1970,,
LVA,1971,,
LVA,1972,,
LVA,1973,,
LVA,1974,,
LVA,1975,,
LVA,1976,,
LVA,1977,,
LVA,1978,,
LVA,1979,,
LVA,1980,,
LVA,1981,,
LVA,1982,,
LVA,1983,,
LVA,1984,,
LVA,1985,,
LVA,1986,,
LVA,1987,,
LVA,1988,,
LVA,1989,,
LVA,1990,,2962.61535363742
LVA,1991,,2799.84977757419
LVA,1992,,2342.0864619507
LVA,1993,,2058.79946708512
LVA,1994,,1894.08737149381
LVA,1995,5608208784.9401,1849.74049017187
LVA,1996,5799465288.41246,1840.13310707981
LVA,1997,6349481006.53278,1821.52503250191
LVA,1998,6974112951.26891,1796.35474595888
LVA,1999,7324192889.74297,1664.12048369325
LVA,2000,7761252607.18424,1618.63984186997
LVA,2001,8190888739.6463,1759.37012358937
LVA,2002,9249030241.01864,1763.47087642626
LVA,2003,11244337719.8377,1890.17674853578
LVA,2004,13827070378.5612,1961.33307330101
LVA,2005,16306935905.4138,2022.79776925294
LVA,2006,20434922247.3037,2114.39349147162
LVA,2007,29420499247.7089,2179.77647892811
LVA,2008,34135200994.0067,2106.6010583897
LVA,2009,25691530442.035,2056.15424051112
LVA,2010,23468324572.3343,2149.36312781374
LVA,2011,26575547900.8247,2066.71476050433
LVA,2012,27116149948.6683,2171.07870823934
LVA,2013,29152128167.8438,2156.58828450936
LVA,2014,30277203767.4058,2177.02968269444
LVA,2015,26344565876.8902,2155.8522069549
LVA,2016,27117105059.5075,2172.43884661611
LVA,2017,29391059767.4259,2265.21693915892
LVA,2018,33247935477.3576,2403.49981780927
LVA,2019,33099503950.847,2343.51581884881
LVA,2020,33379927434.6149,2251.38250119088
LVA,2021,38183326784.9335,2375.51850702838
LVA,2022,38003198508.9107,2256.11904538867
LVA,2023,42779550936.838,2240.33649708375
LVA,2024,43684254432.3609,2270.98428733588
LVA,2025,,
MAC,1960,,
MAC,1961,,
MAC,1962,,
MAC,1963,,
MAC,1964,,
MAC,1965,,
MAC,1966,,
MAC,1967,,
MAC,1968,,
MAC,1969,,
MAC,1970,,
MAC,1971,,
MAC,1972,,
MAC,1973,,
MAC,1974,,
MAC,1975,,
MAC,1976,,
MAC,1977,,
MAC,1978,,
MAC,1979,,
MAC,1980,,
MAC,1981,,
MAC,1982,1142497718.77916,
MAC,1983,1133013235.10045,
MAC,1984,1304361353.27024,
MAC,1985,1362072159.94515,
MAC,1986,1532105070.18581,
MAC,1987,1957724829.35921,
MAC,1988,2288761822.51257,
MAC,1989,2705665492.01675,
MAC,1990,3246481233.24397,
MAC,1991,3765249711.09098,
MAC,1992,4914365189.04984,
MAC,1993,5665606114.80317,
MAC,1994,6311207779.92441,
MAC,1995,7046147736.91671,
MAC,1996,7176892950.39164,
MAC,1997,7267570892.70211,
MAC,1998,6796914861.6572,
MAC,1999,6547169929.36554,
MAC,2000,6773944355.1502,
MAC,2001,6860272608.45211,
MAC,2002,7371692774.43404,
MAC,2003,8246479565.94248,
MAC,2004,10643253553.184,
MAC,2005,12160056122.3757,
MAC,2006,14874098691.9082,
MAC,2007,18439981612.4086,
MAC,2008,21027018332.6663,
MAC,2009,21589540350.7115,
MAC,2010,28244172833.6035,
MAC,2011,36848881944.6939,
MAC,2012,43193350975.6862,
MAC,2013,51559125350.236,
MAC,2014,54930501310.2956,
MAC,2015,44940613353.1038,
MAC,2016,44964868323.7558,
MAC,2017,50297028370.6668,
MAC,2018,55076322634.344,
MAC,2019,55025172016.004,
MAC,2020,25280064167.7333,
MAC,2021,30633941629.3633,
MAC,2022,24929307447.3237,
MAC,2023,45626467279.891,
MAC,2024,49467258923.3244,
MAC,2025,,
MAF,1960,,
MAF,1961,,
MAF,1962,,
MAF,1963,,
MAF,1964,,
MAF,1965,,
MAF,1966,,
MAF,1967,,
MAF,1968,,
MAF,1969,,
MAF,1970,,
MAF,1971,,
MAF,1972,,
MAF,1973,,
MAF,1974,,
MAF,1975,,
MAF,1976,,
MAF,1977,,
MAF,1978,,
MAF,1979,,
MAF,1980,,
MAF,1981,,
MAF,1982,,
MAF,1983,,
MAF,1984,,
MAF,1985,,
MAF,1986,,
MAF,1987,,
MAF,1988,,
MAF,1989,,
MAF,1990,,
MAF,1991,,
MAF,1992,,
MAF,1993,,
MAF,1994,,
MAF,1995,,
MAF,1996,,
MAF,1997,,
MAF,1998,,
MAF,1999,,
MAF,2000,,
MAF,2001,,
MAF,2002,,
MAF,2003,,
MAF,2004,,
MAF,2005,,
MAF,2006,,
MAF,2007,,
MAF,2008,,
MAF,2009,,
MAF,2010,,
MAF,2011,775875748.523832,
MAF,2012,,
MAF,2013,,
MAF,2014,772921958.529509,
MAF,2015,,
MAF,2016,,
MAF,2017,,
MAF,2018,,
MAF,2019,652206037.103874,
MAF,2020,,
MAF,2021,649206262.847519,
MAF,2022,,
MAF,2023,,
MAF,2024,,
MAF,2025,,
MAR,1960,2037154741.93211,
MAR,1961,2025693539.55842,
MAR,1962,2379611124.61442,
MAR,1963,2657252578.30763,
MAR,1964,2798345298.57781,
MAR,1965,2948331090.46752,
MAR,1966,2876401297.10759,
MAR,1967,3046345314.38655,
MAR,1968,3271422332.61996,
MAR,1969,3651622668.95103,
MAR,1970,3956336244.11865,
MAR,1971,4356669034.34266,
MAR,1972,5074117544.77482,
MAR,1973,6242145880.08876,
MAR,1974,7675466449.35531,
MAR,1975,8984853005.08058,
MAR,1976,9584297284.28316,
MAR,1977,11049783871.8144,
MAR,1978,13236946233.5759,
MAR,1979,15911994817.3107,
MAR,1980,21728516153.0907,
MAR,1981,17788185478.944,
MAR,1982,17692276734.171,
MAR,1983,16251408127.5735,
MAR,1984,14824667954.3674,
MAR,1985,14991283215.7408,
MAR,1986,19462085540.2231,
MAR,1987,21765195948.189,
MAR,1988,25705296183.5037,
MAR,1989,26314313191.1826,
MAR,1990,30179954774.9899,312.552309355182
MAR,1991,32285573573.9185,322.844846891982
MAR,1992,33711069430.78,336.362709887227
MAR,1993,31655473663.8348,343.585585268207
MAR,1994,35604137422.5796,362.49138747337
MAR,1995,39030285468.3841,353.725757494428
MAR,1996,43161571527.6353,366.087252585757
MAR,1997,39147844526.0838,371.741177925287
MAR,1998,46497608724.9865,373.269132562206
MAR,1999,46266428648.1433,391.11777764283
MAR,2000,43017455401.8445,387.674326412744
MAR,2001,43831480207.6444,405.385733553728
MAR,2002,47077192187.6418,406.634838346005
MAR,2003,58029363354.2757,399.736368353388
MAR,2004,66114145451.0067,463.894860712269
MAR,2005,68852658068.6673,484.797908832576
MAR,2006,75883823300.8545,486.582730066603
MAR,2007,86947913286.728,495.471813588118
MAR,2008,101822906949.063,507.932323340328
MAR,2009,101154952240.881,504.85859762712
MAR,2010,100865329473.44,526.098528303577
MAR,2011,110080631332.375,559.353279063147
MAR,2012,106937392311.129,559.656539214197
MAR,2013,115739287305.08,554.322076671451
MAR,2014,119130841411.664,555.591040302721
MAR,2015,110413823841.592,563.603106638362
MAR,2016,111572947004.917,558.062023900473
MAR,2017,118540573367.844,577.582098917111
MAR,2018,127341147581.818,577.178572918036
MAR,2019,128920266409.458,614.502733565635
MAR,2020,121353645057.144,575.699296767116
MAR,2021,142022058447.231,616.051393306028
MAR,2022,131245312804.483,602.994477750907
MAR,2023,146036093666.762,600.64391286941
MAR,2024,160610994054.734,
MAR,2025,,
MCO,1960,,
MCO,1961,,
MCO,1962,,
MCO,1963,,
MCO,1964,,
MCO,1965,,
MCO,1966,,
MCO,1967,,
MCO,1968,,
MCO,1969,,
MCO,1970,293127333.238065,
MCO,1971,327706210.435217,
MCO,1972,402451900.821288,
MCO,1973,523554039.203208,
MCO,1974,563949254.114034,
MCO,1975,711978961.893674,
MCO,1976,735324244.667397,
MCO,1977,811191392.224277,
MCO,1978,1000555218.03209,
MCO,1979,1209870147.49099,
MCO,1980,1378175524.11186,
MCO,1981,1205188647.93163,
MCO,1982,1143216456.56796,
MCO,1983,1092560364.51959,
MCO,1984,1037329604.35108,
MCO,1985,1082867507.33142,
MCO,1986,1515234743.47367,
MCO,1987,1839081463.27676,
MCO,1988,2000704744.91538,
MCO,1989,2010083833.1726,
MCO,1990,2481307077.10989,
MCO,1991,2480540845.33242,
MCO,1992,2737049230.70442,
MCO,1993,2574494355.73357,
MCO,1994,2720332134.53623,
MCO,1995,3130309995.30848,
MCO,1996,3137886994.52207,
MCO,1997,2840195190.36905,
MCO,1998,2934593467.68589,
MCO,1999,2907118641.17756,
MCO,2000,2654462665.26893,
MCO,2001,2673723033.71239,
MCO,2002,2919647981.81473,
MCO,2003,3597089750.78276,
MCO,2004,4043551488.82603,
MCO,2005,4204652898.73103,
MCO,2006,4586826512.71356,
MCO,2007,5875790766.2621,
MCO,2008,6502942244.93068,
MCO,2009,5474379252.34114,
MCO,2010,5367561569.59548,
MCO,2011,6088689808.38347,
MCO,2012,5742749294.00852,
MCO,2013,6555591709.88585,
MCO,2014,7070017323.65476,
MCO,2015,6264756528.37691,
MCO,2016,6471290793.55029,
MCO,2017,6430254652.58934,
MCO,2018,7184333936.01355,
MCO,2019,7383496254.23721,
MCO,2020,6730736282.78961,
MCO,2021,8623242743.29564,
MCO,2022,8800430486.17137,
MCO,2023,10003892565.2005,
MCO,2024,11125783372.4794,
MCO,2025,,
MDA,1960,,
MDA,1961,,
MDA,1962,,
MDA,1963,,
MDA,1964,,
MDA,1965,,
MDA,1966,,
MDA,1967,,
MDA,1968,,
MDA,1969,,
MDA,1970,,
MDA,1971,,
MDA,1972,,
MDA,1973,,
MDA,1974,,
MDA,1975,,
MDA,1976,,
MDA,1977,,
MDA,1978,,
MDA,1979,,
MDA,1980,,
MDA,1981,,
MDA,1982,,
MDA,1983,,
MDA,1984,,
MDA,1985,,
MDA,1986,,
MDA,1987,,
MDA,1988,,
MDA,1989,,
MDA,1990,3592857043.05057,3322.28579289929
MDA,1991,3094565870.64237,2767.59510258541
MDA,1992,2319243435.96096,2296.83352783866
MDA,1993,2371813323.57343,2048.93757145493
MDA,1994,1702314267.59123,1715.88533850766
MDA,1995,1752999370.46158,1597.87840142214
MDA,1996,1695122173.91304,1376.04348286205
MDA,1997,1930081168.83117,1318.39683316907
MDA,1998,1698717504.65549,1217.56418384255
MDA,1999,1170782957.37443,1063.33955654761
MDA,2000,1288429391.79951,985.928952009192
MDA,2001,1480673594.05602,1046.10154095215
MDA,2002,1661818168.4226,1063.47434041597
MDA,2003,1980907434.76826,1157.57082496873
MDA,2004,2598249555.89984,1166.2119108417
MDA,2005,2988342907.03096,1219.63334396967
MDA,2006,3408255450.5509,1197.85781024639
MDA,2007,4401173151.93767,1173.38914723484
MDA,2008,6054824248.24221,1168.16512504218
MDA,2009,5439434271.78807,1111.42197315364
MDA,2010,6974982369.60155,1302.53378603286
MDA,2011,8414352020.49442,1322.40704209495
MDA,2012,8709138634.82921,1316.76859981901
MDA,2013,9496717875.51932,1184.75017871064
MDA,2014,9402090137.7423,1277.13936379874
MDA,2015,7797667196.73087,1307.99462011084
MDA,2016,7980917075.7748,1356.31269266323
MDA,2017,9514404016.20949,1397.59909786185
MDA,2018,11252353420.8798,1495.57314367291
MDA,2019,11736797054.6965,1500.03948472062
MDA,2020,11530746234.4492,1461.47443268889
MDA,2021,13691869264.0794,1611.52792339614
MDA,2022,14525337523.7271,1422.63575303914
MDA,2023,16711906746.2133,1296.80089045941
MDA,2024,18200340853.6517,
MDA,2025,,
MDG,1960,673081724.751168,
MDG,1961,699161944.558097,
MDG,1962,739286907.592778,
MDG,1963,759345863.732667,
MDG,1964,802482183.728778,
MDG,1965,833563472.9981,
MDG,1966,900264584.590829,
MDG,1967,956436932.101291,
MDG,1968,1031669637.39553,
MDG,1969,1056391055.59617,
MDG,1970,1111859570.88252,
MDG,1971,1199507631.07603,
MDG,1972,1341590690.41365,
MDG,1973,1653062335.00286,
MDG,1974,1917508190.04689,
MDG,1975,2283049215.35339,
MDG,1976,2181844178.5534,
MDG,1977,2358930406.0689,
MDG,1978,2669755115.10935,
MDG,1979,3463565853.81023,
MDG,1980,5201818347.79882,
MDG,1981,4759333998.36746,
MDG,1982,4784977325.95803,
MDG,1983,4686457031.2269,
MDG,1984,3905938480.86119,
MDG,1985,3802557894.8719,
MDG,1986,4347989788.09257,
MDG,1987,3212900555.8091,
MDG,1988,3189456965.0482,
MDG,1989,3175638332.64471,
MDG,1990,3931334875.01376,224.501261378528
MDG,1991,3254713056.02171,226.616300152812
MDG,1992,3714966678.33381,227.136339437519
MDG,1993,4063298919.2868,229.104724472778
MDG,1994,3522227092.22839,209.554758065342
MDG,1995,3838100903.74974,243.796187348118
MDG,1996,4931861038.70763,247.046073613656
MDG,1997,4262965419.74998,249.288041851042
MDG,1998,4401967632.73718,251.87634649636
MDG,1999,4277903780.29131,256.016791211411
MDG,2000,4629247203.84524,255.709986506438
MDG,2001,5438332601.90798,254.167832334244
MDG,2002,5351701663.40807,235.904702374408
MDG,2003,6372498889.66585,247.053924908213
MDG,2004,5064732626.29389,250.245993304321
MDG,2005,5859269752.61332,250.780807193194
MDG,2006,6395712490.94304,250.834742473721
MDG,2007,8524620889.57747,254.441517219544
MDG,2008,10725137723.6549,259.197265939314
MDG,2009,9616879409.43789,253.627612930936
MDG,2010,9982711338.07029,255.486793083651
MDG,2011,11551819617.874,259.293314846996
MDG,2012,11578975061.9479,265.242059456403
MDG,2013,12423555455.3853,268.494073877684
MDG,2014,12522957399.2281,271.281685784756
MDG,2015,11323020701.3017,275.433586595012
MDG,2016,11848613858.442,293.328923828643
MDG,2017,13176313593.5509,299.463517836282
MDG,2018,13760033282.2925,292.831330128501
MDG,2019,14104664678.5063,313.773309420624
MDG,2020,13051441203.9474,300.285223048122
MDG,2021,14354731964.3258,305.976255858139
MDG,2022,15325603272.6097,307.480556797899
MDG,2023,15869945477.8505,304.428884270017
MDG,2024,17420501490.1231,
MDG,2025,,
MDV,1960,,
MDV,1961,,
MDV,1962,,
MDV,1963,,
MDV,1964,,
MDV,1965,,
MDV,1966,,
MDV,1967,,
MDV,1968,,
MDV,1969,,
MDV,1970,19328038.3157895,
MDV,1971,21566404.0169133,
MDV,1972,25177137.5286041,
MDV,1973,30862041.60401,
MDV,1974,39120171.2468193,
MDV,1975,24540877.6041667,
MDV,1976,22399467.1052632,
MDV,1977,20853788.7115165,
MDV,1978,24369109.1415831,
MDV,1979,38523364.4859813,
MDV,1980,42463576.1589404,
MDV,1981,44781456.9536424,
MDV,1982,47911340.1834794,
MDV,1983,57829787.2340426,
MDV,1984,109503546.099291,
MDV,1985,127190757.959989,
MDV,1986,141882254.230178,
MDV,1987,141223029.383064,
MDV,1988,168514513.375071,
MDV,1989,189514434.244,
MDV,1990,215043969.849246,226.448154047392
MDV,1991,244396761.92334,
MDV,1992,284875809.039634,
MDV,1993,322417837.161971,
MDV,1994,356014932.136461,
MDV,1995,398988954.970263,
MDV,1996,450382327.952421,
MDV,1997,508223602.378929,
MDV,1998,540096397.621071,
MDV,1999,589239753.610875,
MDV,2000,624337145.284622,
MDV,2001,870031676.798793,
MDV,2002,897031250.0,
MDV,2003,1052121054.6875,
MDV,2004,1226829562.5,829.42673341893
MDV,2005,1163362437.5,734.264707322088
MDV,2006,1575200390.625,917.632889492147
MDV,2007,1868383460.9375,921.47719883259
MDV,2008,2271646187.5,
MDV,2009,2345294875.0,
MDV,2010,2588176054.6875,
MDV,2011,2774350240.04918,
MDV,2012,2886163997.20531,
MDV,2013,3295009237.50107,
MDV,2014,3697353039.20043,
MDV,2015,4129505319.12921,
MDV,2016,4409942623.85538,
MDV,2017,4816426256.52914,
MDV,2018,5404344162.69888,
MDV,2019,5726094799.37709,
MDV,2020,3712604583.36665,
MDV,2021,5252457369.55218,
MDV,2022,6177123352.26211,
MDV,2023,6621008703.95743,
MDV,2024,7061608267.25451,
MDV,2025,,
MEA,1960,29024394854.6979,
MEA,1961,30987037284.52,
MEA,1962,30832534298.4043,
MEA,1963,33981027251.5901,
MEA,1964,37876511285.1314,
MEA,1965,41652574542.0041,
MEA,1966,44827741482.1355,
MEA,1967,48702681113.6242,
MEA,1968,55355053152.9923,
MEA,1969,61449134768.6854,
MEA,1970,69470512932.9908,
MEA,1971,79185015019.2146,
MEA,1972,93296927794.6584,
MEA,1973,121486691403.818,
MEA,1974,220685922800.518,
MEA,1975,242549831549.763,
MEA,1976,301309936336.041,
MEA,1977,349601963146.586,
MEA,1978,371543137662.643,
MEA,1979,483140591969.338,
MEA,1980,621242313345.802,
MEA,1981,640118605672.844,
MEA,1982,641806002410.863,
MEA,1983,649495126896.608,
MEA,1984,656414744180.422,
MEA,1985,668194186438.674,
MEA,1986,676559260256.53,
MEA,1987,631785127853.375,
MEA,1988,631604979804.191,
MEA,1989,651160308645.27,
MEA,1990,836905738017.188,937.352668654889
MEA,1991,673738601159.404,955.469459819143
MEA,1992,711056428594.9,1017.0986523153
MEA,1993,666711698357.688,1060.06247408757
MEA,1994,703469153116.363,1102.73578525461
MEA,1995,779385146780.055,1110.6859052111
MEA,1996,863000127660.966,1108.16500678239
MEA,1997,900773851360.493,1142.70851845512
MEA,1998,882028072740.284,1138.25000032196
MEA,1999,954730386631.289,1154.45854782731
MEA,2000,1098757920690.97,1160.9258707253
MEA,2001,1090545600290.9,1220.31123035632
MEA,2002,1084279807640.54,1243.42877495781
MEA,2003,1208917725723.26,1245.48711577734
MEA,2004,1425161843634.64,1284.97342581549
MEA,2005,1696919964189.2,1348.66609369523
MEA,2006,1984658175210.17,1383.29533595144
MEA,2007,2340843268764.84,1418.72877062474
MEA,2008,2889953352465.81,1474.69203603717
MEA,2009,2605610958503.18,1485.08860504921
MEA,2010,3041621845298.68,1516.65032256889
MEA,2011,3662713826837.54,1518.55491695988
MEA,2012,3951058204949.1,1553.14604231383
MEA,2013,3915741985695.48,1532.28365894471
MEA,2014,3955125832586.57,1586.07765674964
MEA,2015,3558416509933.66,1573.85806679745
MEA,2016,3624240285092.23,1600.98189381486
MEA,2017,3795353115732.68,1633.94658893986
MEA,2018,4050508431278.92,1607.24654600744
MEA,2019,4019889117584.4,1618.93316695343
MEA,2020,3587451756047.23,1561.17181716059
MEA,2021,4310652927209.13,1607.38683782763
MEA,2022,5030925398736.26,1607.1068006948
MEA,2023,4905729965245.33,1641.47789802094
MEA,2024,5094721946852.29,
MEA,2025,,
MEX,1960,13040000000.0,
MEX,1961,14160000000.0,
MEX,1962,15200000000.0,
MEX,1963,16960000000.0,
MEX,1964,20080000000.0,
MEX,1965,21840000000.0,
MEX,1966,24320000000.0,
MEX,1967,26560000000.0,
MEX,1968,29360000000.0,
MEX,1969,32480000000.0,
MEX,1970,35520000000.0,
MEX,1971,39200000000.0,
MEX,1972,45200000000.0,
MEX,1973,55280000000.0,
MEX,1974,72000000000.0,
MEX,1975,88000000000.0,
MEX,1976,88875923765.072,
MEX,1977,81912018783.5024,
MEX,1978,102648570299.117,
MEX,1979,134531900898.926,
MEX,1980,205577055465.993,
MEX,1981,263797827860.494,
MEX,1982,184602611609.517,
MEX,1983,156167000432.994,
MEX,1984,184230754105.394,
MEX,1985,195241069482.077,
MEX,1986,134556034672.991,
MEX,1987,147542558208.888,
MEX,1988,181611150496.787,
MEX,1989,221403098266.77,
MEX,1990,261253675692.838,1502.65916196056
MEX,1991,313139656145.745,1547.4413301937
MEX,1992,363157832923.734,1532.05083523555
MEX,1993,530160763662.543,1529.66917943226
MEX,1994,553618247900.74,1536.71971480805
MEX,1995,380157469866.849,1461.03050354057
MEX,1996,432157945024.428,1467.31082127073
MEX,1997,523449530464.257,1518.26280329371
MEX,1998,557461102630.658,1536.12241939376
MEX,1999,631249359702.389,1555.69407717508
MEX,2000,742061329749.127,1541.32297457171
MEX,2001,796064590549.136,1563.12708165755
MEX,2002,810666116401.915,1556.55451556538
MEX,2003,765549967703.273,1644.23440955963
MEX,2004,819459227375.022,1651.99432971724
MEX,2005,917571853529.104,1718.63669370638
MEX,2006,1020265057882.01,1723.71763802356
MEX,2007,1102355554971.95,1693.77880726541
MEX,2008,1161553459715.1,1678.23287321257
MEX,2009,943437415024.633,1616.79369985205
MEX,2010,1105424238731.09,1581.82622504404
MEX,2011,1229013703416.76,1632.53833582198
MEX,2012,1255110424817.79,1652.16322037583
MEX,2013,1327436290282.67,1633.00512016612
MEX,2014,1364507717614.13,1582.66666115179
MEX,2015,1213294467716.88,1539.13826670827
MEX,2016,1112233497452.7,1525.3837445098
MEX,2017,1190721475906.0,1478.43896510686
MEX,2018,1256300182879.73,1493.47882156246
MEX,2019,1304106203902.45,1469.65350320528
MEX,2020,1121064767308.42,1366.42722558757
MEX,2021,1316569466685.95,1417.70559078908
MEX,2022,1466934724293.06,1441.98382794786
MEX,2023,1798317581486.88,1467.10931902847
MEX,2024,1856365616165.94,1558.75790867013
MEX,2025,,
MHL,1960,,
MHL,1961,,
MHL,1962,,
MHL,1963,,
MHL,1964,,
MHL,1965,,
MHL,1966,,
MHL,1967,,
MHL,1968,,
MHL,1969,,
MHL,1970,8408486.0,
MHL,1971,9116810.0,
MHL,1972,9973652.0,
MHL,1973,11607366.0,
MHL,1974,15217532.0,
MHL,1975,16691301.0,
MHL,1976,18153647.0,
MHL,1977,20210069.0,
MHL,1978,22209370.0,
MHL,1979,25545346.0,
MHL,1980,26710653.0,
MHL,1981,31020000.0,
MHL,1982,34918000.0,
MHL,1983,41749000.0,
MHL,1984,45144000.0,
MHL,1985,43879000.0,
MHL,1986,55989000.0,
MHL,1987,62983000.0,
MHL,1988,70688000.0,
MHL,1989,72798000.0,
MHL,1990,78476000.0,
MHL,1991,82507000.0,
MHL,1992,91063000.0,
MHL,1993,99461000.0,
MHL,1994,108071000.0,
MHL,1995,120230000.0,
MHL,1996,110858000.0,
MHL,1997,109884700.0,
MHL,1998,112070100.0,
MHL,1999,113352100.0,
MHL,2000,114838500.0,
MHL,2001,122406100.0,
MHL,2002,131960000.0,
MHL,2003,131128500.0,
MHL,2004,132900000.0,559.942847212836
MHL,2005,138000000.0,558.70226948715
MHL,2006,143200000.0,577.011847976612
MHL,2007,150500000.0,614.970692802921
MHL,2008,146600000.0,
MHL,2009,151200000.0,
MHL,2010,161100000.0,
MHL,2011,172300000.0,
MHL,2012,180700000.0,
MHL,2013,186400000.0,
MHL,2014,186000000.0,
MHL,2015,183700000.0,
MHL,2016,201800000.0,
MHL,2017,213700000.0,
MHL,2018,220000000.0,
MHL,2019,232900000.0,
MHL,2020,241800000.0,
MHL,2021,261245544.433594,
MHL,2022,258723510.742188,
MHL,2023,263761322.021484,
MHL,2024,290108489.990234,
MHL,2025,,
MIC,1960,254380808746.112,
MIC,1961,257716293344.372,
MIC,1962,260604632869.29,
MIC,1963,287120112863.835,
MIC,1964,326748563780.278,
MIC,1965,359974228362.054,
MIC,1966,373234480844.198,
MIC,1967,384168439192.973,
MIC,1968,406933448658.391,
MIC,1969,454719632225.34,
MIC,1970,497394778758.199,
MIC,1971,534228369111.708,
MIC,1972,600161045167.551,
MIC,1973,766886718376.922,
MIC,1974,976815722583.873,
MIC,1975,1078098104980.05,
MIC,1976,1160904820760.72,
MIC,1977,1301917067253.38,
MIC,1978,1443031406577.86,
MIC,1979,1678362101290.79,
MIC,1980,1986493674210.98,
MIC,1981,2231371215509.13,
MIC,1982,2198750357109.46,
MIC,1983,2131216215695.98,
MIC,1984,2192549478802.4,
MIC,1985,2282956356062.72,
MIC,1986,2329597450033.4,
MIC,1987,2403584804619.8,
MIC,1988,2563703586650.78,
MIC,1989,2747806444501.3,
MIC,1990,3150623904402.62,732.889481446016
MIC,1991,3044708628353.4,723.240623954601
MIC,1992,3237107286358.01,714.309441733899
MIC,1993,3501345257040.16,717.499228797875
MIC,1994,3942384848752.35,719.563057830802
MIC,1995,4590529240161.89,738.138656457249
MIC,1996,5108551494540.32,742.497912590113
MIC,1997,5422776104608.38,747.982953294618
MIC,1998,5322192219238.78,741.703382312326
MIC,1999,5120006885011.03,747.69099758441
MIC,2000,5556546271414.66,749.885150164239
MIC,2001,5573293851565.57,755.391080645385
MIC,2002,5676642577370.01,774.856690135879
MIC,2003,6355971327725.67,821.082580255298
MIC,2004,7458787938489.6,879.662898631605
MIC,2005,8806342066459.55,921.203740141151
MIC,2006,10373325425938.6,962.825170725892
MIC,2007,12745162554495.1,1003.78375723778
MIC,2008,15135753455448.7,1025.76676876986
MIC,2009,15187183923617.2,1044.1462217221
MIC,2010,18500106536863.6,1107.69024119376
MIC,2011,21818776039542.3,1149.12045006328
MIC,2012,23251473713360.3,1172.32694187613
MIC,2013,24703471814277.2,1189.48518017867
MIC,2014,25857736813684.7,1207.09012330617
MIC,2015,25097130636126.9,1194.56190592254
MIC,2016,25404351578541.5,1196.16657267686
MIC,2017,27795014626627.4,1222.64585712883
MIC,2018,29601678469854.1,1252.45985326383
MIC,2019,30509054766961.0,1280.03557895188
MIC,2020,29540859400642.8,1265.74395156118
MIC,2021,34855974285498.7,1334.90841247209
MIC,2022,36528767758177.8,1353.09646451797
MIC,2023,37622349618946.3,1406.8936105273
MIC,2024,38925709373017.6,
MIC,2025,,
MKD,1960,,
MKD,1961,,
MKD,1962,,
MKD,1963,,
MKD,1964,,
MKD,1965,,
MKD,1966,,
MKD,1967,,
MKD,1968,,
MKD,1969,,
MKD,1970,,
MKD,1971,,
MKD,1972,,
MKD,1973,,
MKD,1974,,
MKD,1975,,
MKD,1976,,
MKD,1977,,
MKD,1978,,
MKD,1979,,
MKD,1980,,
MKD,1981,,
MKD,1982,,
MKD,1983,,
MKD,1984,,
MKD,1985,,
MKD,1986,,
MKD,1987,,
MKD,1988,,
MKD,1989,,
MKD,1990,4699646643.10954,1200.33520705064
MKD,1991,4938775510.20408,1180.71071946867
MKD,1992,2436849341.97604,1328.90825402291
MKD,1993,2682456896.55172,1380.86060621795
MKD,1994,3559608639.98379,1241.00821478486
MKD,1995,4707041315.24202,1251.21569847779
MKD,1996,4642021256.30689,1468.03580163728
MKD,1997,3912986090.97363,1345.47119614928
MKD,1998,3765745023.2074,1439.11481014991
MKD,1999,3863619284.77939,1343.5290379525
MKD,2000,3772859034.20508,1316.52551296742
MKD,2001,3709636030.66578,1266.25009844181
MKD,2002,4018365747.00972,1251.05324515581
MKD,2003,4946296599.08467,1379.16538502756
MKD,2004,5682784471.69722,1362.18449664398
MKD,2005,6258602872.67898,1453.50436062578
MKD,2006,6861226971.55617,1486.59574899626
MKD,2007,8336474973.72949,1550.39471481413
MKD,2008,9909552434.51136,1540.69779663479
MKD,2009,9401736825.42688,1437.83185635895
MKD,2010,9407170321.37752,1475.24277459969
MKD,2011,10494626767.6445,1619.7624762799
MKD,2012,9745261300.57788,1549.52343072076
MKD,2013,10817702346.0674,1441.72181001724
MKD,2014,11362265252.778,1404.88281081687
MKD,2015,10064519962.5655,1387.97962391811
MKD,2016,10672467073.2873,1408.22019004476
MKD,2017,11307067069.6658,1438.49195928251
MKD,2018,12683068114.2388,1370.12165061411
MKD,2019,12606338448.547,1503.51336885666
MKD,2020,12361036913.8409,1388.54646388838
MKD,2021,14000283827.0154,1455.08840227388
MKD,2022,13932436550.0883,1476.13542564094
MKD,2023,15855131188.9092,1450.14177456794
MKD,2024,16951682245.4202,
MKD,2025,,
MLI,1960,,
MLI,1961,,
MLI,1962,,
MLI,1963,,
MLI,1964,,
MLI,1965,,
MLI,1966,,
MLI,1967,275494477.586098,
MLI,1968,343771972.993855,
MLI,1969,339913867.092785,
MLI,1970,359772315.102198,
MLI,1971,395218628.920694,
MLI,1972,486617280.255549,
MLI,1973,563683703.304705,
MLI,1974,538747339.956033,
MLI,1975,830710615.179954,
MLI,1976,939228017.24779,
MLI,1977,1049838548.10919,
MLI,1978,1222702572.84699,
MLI,1979,1595422955.64433,
MLI,1980,2704362788.89611,
MLI,1981,2234583940.38676,
MLI,1982,1680304773.44143,
MLI,1983,1496616126.58634,
MLI,1984,1387809614.74905,
MLI,1985,1594347021.37347,
MLI,1986,2132938007.1056,
MLI,1987,2437004679.62818,
MLI,1988,2712207900.69838,
MLI,1989,2824822489.24628,
MLI,1990,3248417790.51435,
MLI,1991,3576562681.84236,
MLI,1992,3680775036.80972,
MLI,1993,3632801877.20684,
MLI,1994,2655768635.56694,
MLI,1995,3373322735.39126,
MLI,1996,3743103419.63057,
MLI,1997,3414879485.63064,
MLI,1998,3894433432.46871,
MLI,1999,4091446054.21272,
MLI,2000,3521570875.90793,
MLI,2001,4124281593.71774,
MLI,2002,4647238256.5683,
MLI,2003,5605613011.29045,
MLI,2004,6485774930.48034,
MLI,2005,7429066951.48251,
MLI,2006,8212007554.03129,
MLI,2007,9699047442.51269,
MLI,2008,11462490840.2784,
MLI,2009,12155217832.8781,
MLI,2010,12710739159.4045,
MLI,2011,15452791789.0031,
MLI,2012,14795114602.6396,
MLI,2013,15747192680.9101,
MLI,2014,17081681993.1695,
MLI,2015,15583181170.4105,
MLI,2016,16743796799.8329,
MLI,2017,18308362040.0521,
MLI,2018,20368015381.2413,
MLI,2019,20477421884.5414,
MLI,2020,20698560938.7775,
MLI,2021,22999245262.6719,
MLI,2022,22539987718.7642,
MLI,2023,24813860598.5307,
MLI,2024,26794747239.8805,
MLI,2025,,
MLT,1960,,
MLT,1961,,
MLT,1962,,
MLT,1963,,
MLT,1964,,
MLT,1965,,
MLT,1966,,
MLT,1967,,
MLT,1968,,
MLT,1969,,
MLT,1970,250728796.288378,
MLT,1971,264578484.770195,
MLT,1972,295106628.339343,
MLT,1973,345616105.882558,
MLT,1974,376081124.273469,
MLT,1975,474618321.462361,
MLT,1976,527936988.791275,
MLT,1977,625563170.67121,
MLT,1978,793673401.641079,
MLT,1979,1001288846.84016,
MLT,1980,1250198601.09268,
MLT,1981,1243509393.61947,
MLT,1982,1234474404.03152,
MLT,1983,1165729706.8704,
MLT,1984,1101807023.04918,
MLT,1985,1117797439.14234,
MLT,1986,1435038441.11922,
MLT,1987,1751293460.68921,
MLT,1988,2019503068.03393,
MLT,1989,2118655676.67649,
MLT,1990,2547328747.50761,1961.64255614556
MLT,1991,2750216746.88426,1846.46137238063
MLT,1992,3021942758.83978,1807.04451982783
MLT,1993,2709193538.42526,2288.9602124363
MLT,1994,2998505428.14593,2056.33433361958
MLT,1995,3709396044.85885,1879.02897380994
MLT,1996,3822547197.24532,1836.61841201857
MLT,1997,3787023706.66607,2047.39672720575
MLT,1998,4010111688.35255,1792.79947947045
MLT,1999,4111857809.11026,1943.41376343467
MLT,2000,4036809815.46617,1731.67515154798
MLT,2001,4070867133.21751,2001.30094235953
MLT,2002,4455127414.45967,1851.86412884869
MLT,2003,5418315224.40862,2071.44952722888
MLT,2004,6104141520.0839,2066.57163915642
MLT,2005,6393234992.55141,2101.87985022264
MLT,2006,6749838805.58979,2095.17873042085
MLT,2007,7908412305.62808,2131.22296210827
MLT,2008,9135419464.96088,2153.74903793408
MLT,2009,8734745697.93323,1953.4340878955
MLT,2010,9097044159.26912,2022.68894914335
MLT,2011,9789361703.07204,2002.2597001723
MLT,2012,9609532089.16031,2102.78419805068
MLT,2013,10796782636.1081,1822.11290174526
MLT,2014,11888032873.8295,1793.37877402513
MLT,2015,11340795042.0881,1448.8722651887
MLT,2016,12025782834.1534,1311.66732595294
MLT,2017,14161366724.1955,1451.209231349
MLT,2018,16153779510.9928,1407.69637134225
MLT,2019,16337793530.7322,1440.48279152041
MLT,2020,16404663226.4598,1336.72896034906
MLT,2021,19739875611.4902,1363.05571036865
MLT,2022,18928276162.4131,1456.24524810948
MLT,2023,22610561526.1461,1397.99606213865
MLT,2024,24971574502.4475,
MLT,2025,,
MMR,1960,545098447.640862,
MMR,1961,605581577.287066,
MMR,1962,634528872.02036,
MMR,1963,598998418.724583,
MMR,1964,411419905.846621,
MMR,1965,367053117.224523,
MMR,1966,293103478.548483,
MMR,1967,420359035.897436,
MMR,1968,559956130.283622,
MMR,1969,571854214.589142,
MMR,1970,563555630.769545,
MMR,1971,587448405.488773,
MMR,1972,662213082.741535,
MMR,1973,719754655.358964,
MMR,1974,1225589878.06809,
MMR,1975,1061107353.67232,
MMR,1976,1204699849.12592,
MMR,1977,873579931.929901,
MMR,1978,935408774.951918,
MMR,1979,952265043.438383,
MMR,1980,1038225167.05882,
MMR,1981,1111000765.28987,
MMR,1982,1481165467.83214,
MMR,1983,1381573615.2513,
MMR,1984,1304063253.04136,
MMR,1985,1478908173.26796,
MMR,1986,1582873750.32068,
MMR,1987,1562448076.65689,
MMR,1988,1541088312.25453,
MMR,1989,2013448228.72975,
MMR,1990,2115193513.29556,270.114848590032
MMR,1991,2069832686.98061,261.948984124126
MMR,1992,2411552288.76212,266.972072857704
MMR,1993,3163020034.63637,260.662306047636
MMR,1994,4432257173.6492,275.945441497814
MMR,1995,5289174942.53404,282.097722727462
MMR,1996,6123556716.81329,279.43704579823
MMR,1997,4722288495.66085,285.58634587287
MMR,1998,6459461639.30243,288.916488733871
MMR,1999,8486832800.88498,293.827912380694
MMR,2000,8905066163.58643,300.384403811411
MMR,2001,6477790688.22844,293.046759841775
MMR,2002,6777632512.0781,289.552130188356
MMR,2003,10467109977.6717,309.388790842642
MMR,2004,10567354056.4049,323.062853179367
MMR,2005,11986972418.5103,328.79146873793
MMR,2006,14502553709.8303,330.712536691586
MMR,2007,20182477480.5512,340.459198079875
MMR,2008,31862554101.9378,326.247585626929
MMR,2009,36906181380.8127,307.347004618195
MMR,2010,49540813342.4834,294.988753738944
MMR,2011,59977326085.9908,296.503467412827
MMR,2012,59937796648.2158,320.165273861516
MMR,2013,60269732854.827,333.62574249482
MMR,2014,65531374210.3224,361.886522573747
MMR,2015,59607290408.4359,369.662579760019
MMR,2016,63298361983.5653,396.465842761547
MMR,2017,66053040475.0257,445.126530456612
MMR,2018,67860515993.1186,439.293521533038
MMR,2019,75065106243.3578,417.772748536392
MMR,2020,79006113670.2831,424.430691877608
MMR,2021,66345291149.4433,391.964305331604
MMR,2022,62253049903.28,398.28467505943
MMR,2023,66757619000.0,410.864214508252
MMR,2024,74068349523.8095,
MMR,2025,,
MNA,1960,21951472905.7683,
MNA,1961,22897686861.8653,
MNA,1962,23311084904.6969,
MNA,1963,25680699750.2399,
MNA,1964,28686249644.311,
MNA,1965,31805270075.2254,
MNA,1966,33969222899.0789,
MNA,1967,37310104873.7448,
MNA,1968,41897056400.5636,
MNA,1969,46594338113.9912,
MNA,1970,52340685827.5424,
MNA,1971,59203404913.3117,
MNA,1972,67256893586.3657,
MNA,1973,82948300158.0316,
MNA,1974,127536402529.717,
MNA,1975,146512034375.343,
MNA,1976,180747740964.066,
MNA,1977,208782139666.985,
MNA,1978,224123730455.507,
MNA,1979,278630477033.722,
MNA,1980,338338373850.255,
MNA,1981,330377717262.531,
MNA,1982,369223568200.683,
MNA,1983,404172364784.849,
MNA,1984,422201894049.531,
MNA,1985,453639097759.672,
MNA,1986,487666576858.246,
MNA,1987,426964720173.306,
MNA,1988,414053622106.052,
MNA,1989,415824495351.473,
MNA,1990,561877076910.386,663.191953133606
MNA,1991,380581307726.01,668.664413738877
MNA,1992,390454378977.408,698.743797009548
MNA,1993,344284389247.258,728.886990128086
MNA,1994,361933969697.601,757.880117400473
MNA,1995,403354671308.578,769.643005377334
MNA,1996,446894233172.398,756.270936269716
MNA,1997,465770068822.278,799.203666243486
MNA,1998,475820335108.722,782.525372978875
MNA,1999,515243741248.183,801.640320061961
MNA,2000,577555414244.499,788.108365348027
MNA,2001,580413513039.634,823.419333227439
MNA,2002,564911705200.042,825.933623305455
MNA,2003,624719536900.607,828.867269794712
MNA,2004,739740964066.946,872.414235044176
MNA,2005,857124990344.532,923.992642471051
MNA,2006,996469245693.858,936.131417662858
MNA,2007,1209996477297.73,956.183478030942
MNA,2008,1466149480564.83,979.129228260682
MNA,2009,1418668447670.53,978.235684573102
MNA,2010,1626058953369.58,973.702722071797
MNA,2011,1906060807193.34,971.369224154521
MNA,2012,2052891275800.41,987.831343599636
MNA,2013,1930423514701.75,973.182909485313
MNA,2014,1919784977902.52,1003.78625361364
MNA,2015,1780659355969.3,966.405961557877
MNA,2016,1849124741125.58,1001.1028469984
MNA,2017,1878260539942.56,1050.19130798617
MNA,2018,1877875348076.98,1038.18501713197
MNA,2019,1834354275856.43,1065.40824896309
MNA,2020,1667961526440.19,1023.01178913464
MNA,2021,1939712222007.44,1066.10387982935
MNA,2022,2160815136190.98,1047.29901778601
MNA,2023,2094668147144.99,1080.49524707662
MNA,2024,2203604227426.38,
MNA,2025,,
MNE,1960,,
MNE,1961,,
MNE,1962,,
MNE,1963,,
MNE,1964,,
MNE,1965,,
MNE,1966,,
MNE,1967,,
MNE,1968,,
MNE,1969,,
MNE,1970,,
MNE,1971,,
MNE,1972,,
MNE,1973,,
MNE,1974,,
MNE,1975,,
MNE,1976,,
MNE,1977,,
MNE,1978,,
MNE,1979,,
MNE,1980,,
MNE,1981,,
MNE,1982,,
MNE,1983,,
MNE,1984,,
MNE,1985,,
MNE,1986,,
MNE,1987,,
MNE,1988,,
MNE,1989,,
MNE,1990,,
MNE,1991,,
MNE,1992,,
MNE,1993,,
MNE,1994,,
MNE,1995,,
MNE,1996,,
MNE,1997,838288806.001293,
MNE,1998,854261160.714286,
MNE,1999,828950327.353261,
MNE,2000,984293043.811565,
MNE,2001,1159869245.92513,
MNE,2002,1284685050.52413,
MNE,2003,1707710053.14938,
MNE,2004,2073234417.68066,
MNE,2005,2257174480.78597,1662.81204949987
MNE,2006,2717702923.09622,1841.6794367328
MNE,2007,3677910895.15467,1828.43393355741
MNE,2008,4540861725.50168,1965.21593409043
MNE,2009,4142640316.75465,1555.00501749061
MNE,2010,4136936189.28052,1820.45249352265
MNE,2011,4507126949.08507,1811.21612476135
MNE,2012,4071829462.26447,1701.46827930736
MNE,2013,4422097762.7848,1574.55136957284
MNE,2014,4579636601.80039,1532.34279533634
MNE,2015,4010885990.83986,1599.59389155142
MNE,2016,4357469330.46719,1552.23307233486
MNE,2017,4803962015.62122,1625.4960826549
MNE,2018,5433467174.79183,1679.55976366983
MNE,2019,5483476883.4658,1737.5931990158
MNE,2020,4723571497.76347,1625.86284952725
MNE,2021,5823715809.63286,1730.51151191493
MNE,2022,6251215144.13471,1674.12860283285
MNE,2023,7644389159.84471,1722.21524778677
MNE,2024,8270016670.86774,
MNE,2025,,
MNG,1960,,
MNG,1961,,
MNG,1962,,
MNG,1963,,
MNG,1964,,
MNG,1965,,
MNG,1966,,
MNG,1967,,
MNG,1968,,
MNG,1969,,
MNG,1970,,
MNG,1971,,
MNG,1972,,
MNG,1973,,
MNG,1974,,
MNG,1975,,
MNG,1976,,
MNG,1977,,
MNG,1978,,
MNG,1979,,
MNG,1980,2101394100.0,
MNG,1981,2310099100.0,
MNG,1982,2552401933.33333,
MNG,1983,2725736633.33333,
MNG,1984,2098734600.0,
MNG,1985,2186505475.0,
MNG,1986,2896178866.66667,
MNG,1987,3020611600.0,
MNG,1988,3204461566.66667,
MNG,1989,3576966800.0,
MNG,1990,2560785660.0,1664.80043180131
MNG,1991,2379018326.31579,1766.06640720646
MNG,1992,1317611863.84977,1542.0604784637
MNG,1993,768401634.154573,1442.77425753746
MNG,1994,925817092.217484,1231.37810133983
MNG,1995,1452165005.2384,1204.7148088211
MNG,1996,1345719472.35883,998.213137216574
MNG,1997,1180934202.83801,962.55391385285
MNG,1998,1124440204.84738,956.911339181357
MNG,1999,1057408588.68269,944.808268483125
MNG,2000,1136896123.61298,1002.47714058571
MNG,2001,1267997934.3125,997.635015463598
MNG,2002,1396555719.97409,1054.50909985265
MNG,2003,1595297355.78349,1016.89677530703
MNG,2004,1992066808.09598,1035.46684996526
MNG,2005,2523471601.10421,1179.79038264638
MNG,2006,3414055661.61598,1330.28551273595
MNG,2007,4234999703.90059,1370.9094435288
MNG,2008,5623216608.04288,1354.84813719593
MNG,2009,4583850367.88972,1382.98378739619
MNG,2010,7189481998.90094,1439.58746701523
MNG,2011,10409797377.8571,1548.68712928586
MNG,2012,12292770631.565,1579.8858221125
MNG,2013,12582122604.2577,1770.46835690091
MNG,2014,12226514668.0622,1783.41678595566
MNG,2015,11619892590.6941,1535.52380464495
MNG,2016,11181350649.3573,1606.45078831946
MNG,2017,11480847740.736,1622.10144215204
MNG,2018,13178094720.4986,1785.11155532458
MNG,2019,14206359017.5143,2035.62678478453
MNG,2020,13312981429.0891,1793.27310831013
MNG,2021,15286441737.6686,1944.5266435799
MNG,2022,17146471713.748,1914.21838085676
MNG,2023,20325121393.9074,2176.26135692672
MNG,2024,23794540024.5132,
MNG,2025,,
MNP,1960,,
MNP,1961,,
MNP,1962,,
MNP,1963,,
MNP,1964,,
MNP,1965,,
MNP,1966,,
MNP,1967,,
MNP,1968,,
MNP,1969,,
MNP,1970,,
MNP,1971,,
MNP,1972,,
MNP,1973,,
MNP,1974,,
MNP,1975,,
MNP,1976,,
MNP,1977,,
MNP,1978,,
MNP,1979,,
MNP,1980,,
MNP,1981,,
MNP,1982,,
MNP,1983,,
MNP,1984,,
MNP,1985,,
MNP,1986,,
MNP,1987,,
MNP,1988,,
MNP,1989,,
MNP,1990,,
MNP,1991,,
MNP,1992,,
MNP,1993,,
MNP,1994,,
MNP,1995,,
MNP,1996,,
MNP,1997,,
MNP,1998,,
MNP,1999,,
MNP,2000,,
MNP,2001,,
MNP,2002,1284000000.0,
MNP,2003,1239000000.0,
MNP,2004,1210000000.0,
MNP,2005,1061000000.0,
MNP,2006,990000000.0,
MNP,2007,938000000.0,
MNP,2008,939000000.0,
MNP,2009,795000000.0,
MNP,2010,799000000.0,
MNP,2011,729000000.0,
MNP,2012,746000000.0,
MNP,2013,772000000.0,
MNP,2014,832000000.0,
MNP,2015,910000000.0,
MNP,2016,1230000000.0,
MNP,2017,1560000000.0,
MNP,2018,1301000000.0,
MNP,2019,1179000000.0,
MNP,2020,866000000.0,
MNP,2021,914000000.0,
MNP,2022,1096000000.0,
MNP,2023,,
MNP,2024,,
MNP,2025,,
MOZ,1960,,
MOZ,1961,,
MOZ,1962,,
MOZ,1963,,
MOZ,1964,,
MOZ,1965,,
MOZ,1966,,
MOZ,1967,,
MOZ,1968,,
MOZ,1969,,
MOZ,1970,,
MOZ,1971,,
MOZ,1972,,
MOZ,1973,,
MOZ,1974,,
MOZ,1975,,
MOZ,1976,,
MOZ,1977,,
MOZ,1978,,
MOZ,1979,,
MOZ,1980,,
MOZ,1981,,
MOZ,1982,,
MOZ,1983,,
MOZ,1984,,
MOZ,1985,,
MOZ,1986,,
MOZ,1987,,
MOZ,1988,,
MOZ,1989,,
MOZ,1990,,443.813072808251
MOZ,1991,3854856434.58062,432.848027122691
MOZ,1992,2798696511.18156,429.60033297268
MOZ,1993,2883161897.42651,424.528289065617
MOZ,1994,2958108170.32061,402.283081900844
MOZ,1995,3061646173.73938,388.824017354917
MOZ,1996,4030146134.5706,384.511585412105
MOZ,1997,4873663774.93019,386.520708983801
MOZ,1998,5551118148.73836,383.191402996293
MOZ,1999,6285219691.22462,383.704803126522
MOZ,2000,5930685214.61595,396.028040920619
MOZ,2001,5650154067.10346,407.145568802881
MOZ,2002,5950769426.60213,409.455047101302
MOZ,2003,6583526860.58062,421.130474837557
MOZ,2004,7937255565.35765,426.378945530351
MOZ,2005,8868504899.94673,424.491278226506
MOZ,2006,9509835536.93373,428.692521920125
MOZ,2007,10811456005.9405,338.466191317799
MOZ,2008,12920340964.6544,338.661664169014
MOZ,2009,12263894790.0125,358.879859852038
MOZ,2010,11411894723.864,317.88123068391
MOZ,2011,14619279988.716,370.87053828392
MOZ,2012,16688114144.0745,364.828669567004
MOZ,2013,17198073057.1981,380.585279971265
MOZ,2014,17978246586.0662,383.326340111166
MOZ,2015,16208985769.615,385.152864890055
MOZ,2016,12069051237.1711,380.811701942356
MOZ,2017,13264640645.7768,371.745909306289
MOZ,2018,15017358952.8452,366.24803697211
MOZ,2019,15512759046.672,359.758855458728
MOZ,2020,14235420174.1884,342.951858633404
MOZ,2021,16168055475.4449,353.113453155889
MOZ,2022,18883528581.3734,358.726924456932
MOZ,2023,20921079532.6094,362.823902471842
MOZ,2024,22745341305.0622,
MOZ,2025,,
MRT,1960,,
MRT,1961,159213430.204754,
MRT,1962,164271557.513473,
MRT,1963,168186297.281077,
MRT,1964,224495743.865038,
MRT,1965,255340474.997828,
MRT,1966,266533605.185831,
MRT,1967,282615310.216284,
MRT,1968,311395937.322956,
MRT,1969,295062308.474696,
MRT,1970,309405315.98667,
MRT,1971,335568907.051937,
MRT,1972,391669449.290746,
MRT,1973,493237876.273031,
MRT,1974,613010552.500776,
MRT,1975,703377837.452223,
MRT,1976,775045516.827791,
MRT,1977,799030017.057464,
MRT,1978,804629876.848091,
MRT,1979,951900945.252492,
MRT,1980,1047925105.54497,
MRT,1981,1105494681.63193,
MRT,1982,1108776652.78389,
MRT,1983,1165171263.34593,
MRT,1984,1074373230.36274,
MRT,1985,1009723326.32808,
MRT,1986,1186628778.4874,
MRT,1987,1344664724.68991,
MRT,1988,1414951290.06682,
MRT,1989,1450647019.18099,
MRT,1990,1506914407.82047,
MRT,1991,2133692696.74857,
MRT,1992,2164298425.48412,
MRT,1993,1847353211.3475,
MRT,1994,1944876755.00708,
MRT,1995,2091726101.43014,
MRT,1996,2132087009.28942,
MRT,1997,2071996564.05296,
MRT,1998,2032347664.94993,
MRT,1999,1985922775.53351,
MRT,2000,1779520886.47015,
MRT,2001,1746063557.61355,
MRT,2002,1777057481.26043,
MRT,2003,2051147606.73687,
MRT,2004,2362501023.24249,
MRT,2005,2936019525.60241,
MRT,2006,3919577285.92703,
MRT,2007,4346212355.02975,
MRT,2008,5206437193.80413,
MRT,2009,4714595547.75102,
MRT,2010,5628878797.98257,
MRT,2011,6764627745.9033,
MRT,2012,6728208836.22143,
MRT,2013,7223071097.08417,
MRT,2014,6592537781.81518,
MRT,2015,6166863896.68677,
MRT,2016,6398747592.13185,
MRT,2017,6800135898.28827,
MRT,2018,7473550557.07378,
MRT,2019,7894764885.82312,
MRT,2020,8260752385.23089,
MRT,2021,9222536364.01272,
MRT,2022,9557966698.25369,
MRT,2023,10726838461.3987,
MRT,2024,10908045686.8808,
MRT,2025,,
MUS,1960,162089563.829564,
MUS,1961,191757729.477729,
MUS,1962,197738207.858208,
MUS,1963,253839557.949558,
MUS,1964,218914569.184569,
MUS,1965,230024160.524161,
MUS,1966,227534083.454083,
MUS,1967,238439290.867222,
MUS,1968,206576630.576631,
MUS,1969,221553612.873613,
MUS,1970,224125805.005805,
MUS,1971,251437337.841491,
MUS,1972,318664899.637091,
MUS,1973,404285775.079719,
MUS,1974,669894029.624369,
MUS,1975,673311287.073382,
MUS,1976,713510051.522669,
MUS,1977,834722972.199873,
MUS,1978,1029040323.36704,
MUS,1979,1227446632.17561,
MUS,1980,1147027924.10804,
MUS,1981,1157769443.59463,
MUS,1982,1092923635.57767,
MUS,1983,1104956573.09802,
MUS,1984,1054564759.05328,
MUS,1985,1090611324.6814,
MUS,1986,1482601552.40192,
MUS,1987,1906174437.96762,
MUS,1988,2163252449.13108,
MUS,1989,2211312823.20576,
MUS,1990,2689212760.18576,629.432901957499
MUS,1991,2895354736.18332,634.458054457473
MUS,1992,3267677814.23984,657.814523295738
MUS,1993,3307302125.87528,678.879065998315
MUS,1994,3606050873.0139,657.657570271165
MUS,1995,4094741652.30048,697.031158951035
MUS,1996,4481489761.54368,702.259962588413
MUS,1997,4243755307.55239,712.616427509061
MUS,1998,4225813976.36359,750.486166902522
MUS,1999,4402193195.46945,775.920393683984
MUS,2000,4726108622.47661,851.243682124642
MUS,2001,4675755867.17657,886.792161463512
MUS,2002,4906494249.38255,873.221713167187
MUS,2003,5894873919.74797,909.089564102277
MUS,2004,6667418752.07307,919.838083699622
MUS,2005,6576108447.47531,945.754720316685
MUS,2006,7137710412.93687,1006.02062916824
MUS,2007,8277442915.00168,1007.59469875165
MUS,2008,10127777060.4113,1026.70709293057
MUS,2009,9264513545.14108,999.514481044517
MUS,2010,10144716154.9356,1050.75767175161
MUS,2011,11677718382.4259,1053.55801429009
MUS,2012,11832323837.1071,1066.25424955695
MUS,2013,12434596541.2996,1085.5501957804
MUS,2014,13230490081.5656,1104.47535515255
MUS,2015,12162211503.0793,1136.14919149846
MUS,2016,12757680846.5663,1135.89802652029
MUS,2017,13896938315.2799,1156.15517897714
MUS,2018,14957535715.9696,1142.14424076921
MUS,2019,14645235204.6176,1163.15179238921
MUS,2020,11566111137.5568,1025.83744169656
MUS,2021,11622048696.8129,1072.42945671071
MUS,2022,12936444123.3037,1095.73879704883
MUS,2023,14072212290.4596,1172.41643924125
MUS,2024,14937861786.17,
MUS,2025,,
MWI,1960,,
MWI,1961,,
MWI,1962,,
MWI,1963,,
MWI,1964,,
MWI,1965,,
MWI,1966,,
MWI,1967,,
MWI,1968,,
MWI,1969,,
MWI,1970,,
MWI,1971,,
MWI,1972,,
MWI,1973,,
MWI,1974,,
MWI,1975,,
MWI,1976,,
MWI,1977,,
MWI,1978,,
MWI,1979,,
MWI,1980,1801156774.56852,
MWI,1981,1801193909.52073,
MWI,1982,1717379494.63245,
MWI,1983,1780148049.43635,
MWI,1984,1758028656.12928,
MWI,1985,1646442272.89094,
MWI,1986,1722586299.409,
MWI,1987,1721711808.48111,
MWI,1988,2008189508.37875,
MWI,1989,2314205129.58032,
MWI,1990,2737087861.62245,
MWI,1991,3206783830.41779,
MWI,1992,2618837835.02508,
MWI,1993,3013392657.99911,
MWI,1994,1719864761.30628,
MWI,1995,2033701497.97085,
MWI,1996,3319573749.6119,
MWI,1997,3875785863.38323,
MWI,1998,2547609590.06984,
MWI,1999,2584478924.06081,
MWI,2000,2537307580.32808,
MWI,2001,2498008664.6691,
MWI,2002,5087328437.8737,
MWI,2003,4669789300.35662,
MWI,2004,5058726350.48896,
MWI,2005,5320409651.47544,
MWI,2006,5818279739.14354,
MWI,2007,6451210219.11683,
MWI,2008,7743617352.21427,
MWI,2009,9009887946.82039,
MWI,2010,10128323010.6049,
MWI,2011,11648142958.3651,
MWI,2012,8773203178.16512,
MWI,2013,8031571927.62055,
MWI,2014,8801326169.14547,
MWI,2015,9219474379.31534,
MWI,2016,7909868618.46366,
MWI,2017,8943543793.5839,
MWI,2018,9879220354.29186,
MWI,2019,11051852712.6142,
MWI,2020,11769313597.8545,
MWI,2021,12378119199.0839,
MWI,2022,12429059928.102,
MWI,2023,13363669672.9405,
MWI,2024,11316411329.4619,
MWI,2025,,
MYS,1960,1916229477.13657,
MYS,1961,1901856122.72231,
MYS,1962,2001489602.18475,
MYS,1963,2510110348.16184,
MYS,1964,2674423922.48842,
MYS,1965,2956337669.29525,
MYS,1966,3143517943.82632,
MYS,1967,3188924677.08953,
MYS,1968,3330371551.21161,
MYS,1969,3664552041.34299,
MYS,1970,3864145667.41365,
MYS,1971,4244395955.78358,
MYS,1972,5043347250.41815,
MYS,1973,7662902677.9027,
MYS,1974,9496204301.74981,
MYS,1975,9298800799.46702,
MYS,1976,11050234598.6249,
MYS,1977,13139488632.5546,
MYS,1978,16358079862.1096,
MYS,1979,21213264962.0141,
MYS,1980,24488224677.2105,
MYS,1981,25004285791.7865,
MYS,1982,26804493635.3297,
MYS,1983,30347442110.9316,
MYS,1984,33942897422.0465,
MYS,1985,31199633352.9598,
MYS,1986,27734111399.7525,
MYS,1987,32181210157.9671,
MYS,1988,35272109220.1988,
MYS,1989,38847965292.9185,
MYS,1990,44024585239.6137,1188.84060189268
MYS,1991,49143148094.2683,1433.30606817767
MYS,1992,59167550162.956,1542.61687062497
MYS,1993,66894966968.9736,1630.7489319844
MYS,1994,74478356957.7808,1582.13890684174
MYS,1995,88705342902.7113,1671.57361488883
MYS,1996,100855393910.486,1806.8714056465
MYS,1997,100005323301.867,2055.0627709161
MYS,1998,72167498980.8398,1904.8817638131
MYS,1999,79148421052.6316,1885.28043320853
MYS,2000,93789736842.1053,2104.61130534021
MYS,2001,92783947368.4211,2138.33457477966
MYS,2002,100845526315.789,2156.94723368447
MYS,2003,110202368421.053,2256.65106815589
MYS,2004,124749473684.211,2373.57770275285
MYS,2005,143534405818.501,2517.46451671722
MYS,2006,162692258307.056,2474.39161833063
MYS,2007,193549569477.733,2586.98987893226
MYS,2008,230811614370.384,2681.00003448113
MYS,2009,202257453036.641,2485.91667427986
MYS,2010,255017638455.59,2531.67710637413
MYS,2011,297951668674.835,2593.27310292824
MYS,2012,314443047642.111,2589.31990369775
MYS,2013,323276235524.415,2871.7567101939
MYS,2014,338066095097.254,2883.13550906147
MYS,2015,301355266964.947,2708.66289491905
MYS,2016,301256033870.334,2760.83197397162
MYS,2017,319109094160.343,2619.44252695383
MYS,2018,358788845712.53,2841.11800656893
MYS,2019,365177721021.516,2879.89449600209
MYS,2020,337456163961.211,2719.43378264705
MYS,2021,373784553029.978,2781.735038205
MYS,2022,407830525989.553,3035.37257619634
MYS,2023,399949418752.657,3008.82419919301
MYS,2024,422227005428.688,
MYS,2025,,
NAC,1960,582624755153.847,
NAC,1961,603055003182.732,
NAC,1962,646056325348.93,
NAC,1963,682281489551.125,
NAC,1964,733740484526.022,
NAC,1965,796652272547.488,
NAC,1966,874400174025.376,
NAC,1967,925611758906.731,
NAC,1968,1012423833006.16,
NAC,1969,1097008083538.61,
NAC,1970,1161681557632.31,
NAC,1971,1264667554743.51,
NAC,1972,1392809248873.62,
NAC,1973,1557409843565.64,
NAC,1974,1706504788139.06,
NAC,1975,1859668757176.56,
NAC,1976,2081069912576.07,
NAC,1977,2294598176304.65,
NAC,1978,2571444342386.25,
NAC,1979,2871741324295.71,
NAC,1980,3132696865996.05,
NAC,1981,3515026742787.86,
NAC,1982,3659222307440.61,
NAC,1983,3976793677182.73,
NAC,1984,4395317100091.54,
NAC,1985,4706204512481.65,
NAC,1986,4959811337023.72,
NAC,1987,5289645738278.71,
NAC,1988,5747233127658.55,
NAC,1989,6210293493275.24,
NAC,1990,6560811991360.99,7666.66507085242
NAC,1991,6772291612315.62,7619.78585433268
NAC,1992,7116394258318.85,7669.79436658158
NAC,1993,7439432921639.4,7715.53881576459
NAC,1994,7869047506907.26,7776.52335528774
NAC,1995,8247740840061.21,7784.12228399136
NAC,1996,8706425384132.75,7864.30638748988
NAC,1997,9235474283855.55,7849.38005908992
NAC,1998,9699948950000.0,7816.47916801802
NAC,1999,10312911118271.1,7939.46480400156
NAC,2000,10999201631931.6,8071.78094843867
NAC,2001,11324592049355.4,7843.18324558456
NAC,2002,11693699517098.0,7850.58535716738
NAC,2003,12356169212634.8,7841.66901013222
NAC,2004,13248368139278.2,7926.97342577807
NAC,2005,14217175927778.7,7895.19125658609
NAC,2006,15140995757591.0,7766.54965254807
NAC,2007,15949814312783.3,7815.10354466767
NAC,2008,16329827601721.7,7545.29931805182
NAC,2009,15859346076157.3,7116.88141779731
NAC,2010,16672942337486.3,7211.89642943792
NAC,2011,17399367444174.5,7079.73753411176
NAC,2012,18088716899521.6,6901.74380894743
NAC,2013,18696254170835.0,6966.20151723172
NAC,2014,19362844040439.9,7002.00670430274
NAC,2015,19769184098217.1,6879.60383224856
NAC,2016,20230005494907.4,6791.82630935034
NAC,2017,21133744509244.1,6750.27278196686
NAC,2018,22265612481783.0,6882.61849874337
NAC,2019,23132124767672.5,6846.62557092385
NAC,2020,22723045707000.2,6280.79723142897
NAC,2021,25344749345423.2,6557.25058534681
NAC,2022,27803134368745.3,6623.01242612294
NAC,2023,29474089705278.7,6466.93590427225
NAC,2024,31003826557365.0,6445.68426728266
NAC,2025,,
NAM,1960,,
NAM,1961,,
NAM,1962,,
NAM,1963,,
NAM,1964,,
NAM,1965,,
NAM,1966,,
NAM,1967,,
NAM,1968,,
NAM,1969,,
NAM,1970,,
NAM,1971,,
NAM,1972,,
NAM,1973,,
NAM,1974,,
NAM,1975,,
NAM,1976,,
NAM,1977,,
NAM,1978,,
NAM,1979,,
NAM,1980,2421990338.12083,
NAM,1981,2249908578.03115,
NAM,1982,2118710248.32937,
NAM,1983,2297400687.55049,
NAM,1984,1951260037.94542,
NAM,1985,1608237350.44365,
NAM,1986,1809048527.11034,
NAM,1987,2300068216.96898,
NAM,1988,2495094746.44024,
NAM,1989,2535135797.50766,
NAM,1990,2789921853.53112,0.0
NAM,1991,2996869281.48364,483.551572472443
NAM,1992,3429521699.4026,496.93843253318
NAM,1993,3251188833.14533,517.587543710864
NAM,1994,3666503529.62911,539.201321342783
NAM,1995,3978514206.31168,572.602837992365
NAM,1996,3989163196.56767,598.281690492133
NAM,1997,4154989950.00393,594.631924232453
NAM,1998,3873109865.55683,601.710065796387
NAM,1999,3868551730.39163,582.509974261707
NAM,2000,3922232164.83175,576.388310166168
NAM,2001,3557341215.15159,664.069605883698
NAM,2002,3349169826.38896,601.572637198596
NAM,2003,4926439383.51425,618.669197846635
NAM,2004,6609205994.77406,658.926113805092
NAM,2005,7248374837.72056,701.666342204932
NAM,2006,8001779551.06323,691.75675421713
NAM,2007,8839536475.99963,695.760250346294
NAM,2008,8607431497.49471,756.433547702525
NAM,2009,8938847189.07592,773.313825262112
NAM,2010,11431412421.1316,652.922801520662
NAM,2011,12523359440.5499,657.249780280871
NAM,2012,13042053591.6857,667.06735494005
NAM,2013,12043307277.1235,671.088313633417
NAM,2014,12435430969.6301,690.152899703837
NAM,2015,11335161083.5061,716.034708168673
NAM,2016,10722018732.0936,758.531435436319
NAM,2017,12895153370.9132,713.807141042403
NAM,2018,13682019076.4022,733.174064124758
NAM,2019,12541928303.48,718.170370414919
NAM,2020,10583748541.5258,677.763554079
NAM,2021,12402486183.6396,680.382622029259
NAM,2022,12569449123.3661,690.518956751849
NAM,2023,12408271449.2244,696.975604825137
NAM,2024,13372354511.716,
NAM,2025,,
NCL,1960,,
NCL,1961,,
NCL,1962,,
NCL,1963,,
NCL,1964,,
NCL,1965,159594492.463655,
NCL,1966,164206536.445162,
NCL,1967,180036767.648861,
NCL,1968,215507162.56893,
NCL,1969,263108841.338416,
NCL,1970,358815684.071892,
NCL,1971,413985778.589656,
NCL,1972,506808996.694661,
NCL,1973,542293399.862618,
NCL,1974,637403478.492486,
NCL,1975,816652164.400241,
NCL,1976,798313521.689803,
NCL,1977,837620126.558528,
NCL,1978,846004687.758093,
NCL,1979,1047225723.57386,
NCL,1980,1182463951.21814,
NCL,1981,972564154.815131,
NCL,1982,904599869.725833,
NCL,1983,823857893.163123,
NCL,1984,796066194.738573,
NCL,1985,854820893.577136,
NCL,1986,1201321513.76667,
NCL,1987,1488093101.50275,
NCL,1988,2072775508.14796,
NCL,1989,2185082938.93078,
NCL,1990,2529440424.16648,
NCL,1991,2653780672.09555,
NCL,1992,2923883281.08579,
NCL,1993,2822243780.97543,
NCL,1994,3038728384.86634,
NCL,1995,3628440505.14193,
NCL,1996,3606968435.99917,
NCL,1997,3291131281.04099,
NCL,1998,3556304832.68104,
NCL,1999,3647802049.80911,
NCL,2000,3420032041.07385,
NCL,2001,3297734891.14661,
NCL,2002,3740056747.71979,
NCL,2003,4915353827.10576,
NCL,2004,5895008977.9531,
NCL,2005,6238629487.01331,
NCL,2006,6979155387.86792,
NCL,2007,8819917180.34265,
NCL,2008,9067619760.07073,
NCL,2009,8704438102.20142,
NCL,2010,9364350076.91225,
NCL,2011,10351448004.7674,
NCL,2012,9659151917.40484,
NCL,2013,10151382933.1594,
NCL,2014,10635035594.7528,
NCL,2015,8738203074.3957,
NCL,2016,8724568954.89799,
NCL,2017,9174048681.98577,
NCL,2018,9896402283.68587,
NCL,2019,9475655324.59495,
NCL,2020,9454629467.91408,
NCL,2021,10071349663.8484,
NCL,2022,9623318718.31459,
NCL,2023,9769167530.35744,
NCL,2024,8548919387.12607,
NCL,2025,,
NER,1960,449526873.29589,
NER,1961,485785230.978987,
NER,1962,531736599.250464,
NER,1963,586294878.744643,
NER,1964,582816396.404409,
NER,1965,673383510.812866,
NER,1966,702296078.593173,
NER,1967,665586872.274446,
NER,1968,641214226.209493,
NER,1969,625867985.273798,
NER,1970,649916621.242978,
NER,1971,693573703.630273,
NER,1972,742779660.818693,
NER,1973,946385105.193732,
NER,1974,1026137110.89309,
NER,1975,1048690933.21027,
NER,1976,1064517601.29025,
NER,1977,1291458041.46193,
NER,1978,1774365589.70815,
NER,1979,2109277665.69912,
NER,1980,2508524720.71895,
NER,1981,2170893414.3888,
NER,1982,2017612215.97935,
NER,1983,1803099561.20046,
NER,1984,1461243326.12882,
NER,1985,1440581652.39853,
NER,1986,1904096998.30009,
NER,1987,2233006104.92776,
NER,1988,2280356192.76273,
NER,1989,2179567114.33391,
NER,1990,3512356507.88599,174.699857397864
NER,1991,3285796874.97125,172.94802619058
NER,1992,3386232579.22522,171.473462777452
NER,1993,3052673849.25181,173.389712172088
NER,1994,1938058175.21399,172.389752504488
NER,1995,2302537562.24406,171.001300797386
NER,1996,2405686940.0464,172.827585219505
NER,1997,2290318910.20658,207.387585398467
NER,1998,2643363518.99272,206.083107496534
NER,1999,2537789820.69295,203.371362869938
NER,2000,2241753192.81158,127.847880422107
NER,2001,2448714703.96617,127.088373451422
NER,2002,2782192878.67204,127.275972111665
NER,2003,3394084732.49543,128.262478581972
NER,2004,3760443737.53797,129.29994058651
NER,2005,4383315964.58718,126.031296295518
NER,2006,4756361252.37923,124.905224384617
NER,2007,5731485051.79069,125.874974531129
NER,2008,7297600226.00536,127.065414057313
NER,2009,7352131309.73341,129.776980682561
NER,2010,7851192502.30917,134.74599121352
NER,2011,8772950777.79176,112.879803532778
NER,2012,9426912647.59111,128.362752529408
NER,2013,10224897437.8648,154.81219945793
NER,2014,10862943543.5419,151.6969478462
NER,2015,9683867926.44282,148.786532469365
NER,2016,10398861981.7583,147.452096053348
NER,2017,11185104251.6943,143.831599652126
NER,2018,12837307496.8821,146.101584927786
NER,2019,12889555561.2299,148.12495085486
NER,2020,13744653103.058,147.815374164245
NER,2021,14915002436.069,150.08935016997
NER,2022,15433852712.2963,161.353257368424
NER,2023,16698786977.59,161.259233880072
NER,2024,19876128485.7857,
NER,2025,,
NGA,1960,4196174501.5302,
NGA,1961,4467287893.08484,
NGA,1962,4909399176.24033,
NGA,1963,5165590253.7639,
NGA,1964,5552931318.82747,
NGA,1965,5874537650.18494,
NGA,1966,6366917453.23302,
NGA,1967,5203237918.70483,
NGA,1968,5200997919.60083,
NGA,1969,6634317346.27306,
NGA,1970,12546094981.562,
NGA,1971,9181769911.50443,
NGA,1972,12274416017.7976,
NGA,1973,15162871287.1287,
NGA,1974,24846641318.1242,
NGA,1975,27778934624.6973,
NGA,1976,36308883248.731,
NGA,1977,36035407725.3219,
NGA,1978,36527862208.7133,
NGA,1979,47259911894.2731,
NGA,1980,64201788122.6054,
NGA,1981,164475209515.939,
NGA,1982,142769363314.176,
NGA,1983,97094911792.0489,
NGA,1984,73484359521.4887,
NGA,1985,73745821158.2254,
NGA,1986,54805852580.9129,
NGA,1987,52676041931.1087,
NGA,1988,49648470440.4593,
NGA,1989,44003061108.4005,
NGA,1990,54035795387.8086,287.480711933649
NGA,1991,59526833412.3581,298.659159161854
NGA,1992,52058181853.8055,307.486931417379
NGA,1993,56721051402.4732,299.654362920468
NGA,1994,80399613063.6364,263.019074663051
NGA,1995,140919776986.364,256.918214458953
NGA,1996,185730236700.0,268.073571237971
NGA,1997,200850397618.182,278.489226833014
NGA,1998,218416200672.727,269.365010804453
NGA,1999,59145077039.1437,272.180386890724
NGA,2000,69171451627.2465,274.074132064522
NGA,2001,73557840064.489,283.010546626806
NGA,2002,95054059302.6995,283.767136886797
NGA,2003,104738954264.226,296.852571416246
NGA,2004,135764731645.611,286.383177568012
NGA,2005,175670569969.346,305.406217610864
NGA,2006,238454997161.48,287.970022263625
NGA,2007,278260846800.103,281.735044345631
NGA,2008,339476276257.793,287.532726671296
NGA,2009,295008835380.997,260.777838499638
NGA,2010,366990417129.04,335.074608295017
NGA,2011,414466676831.16,376.552072943772
NGA,2012,463971018239.281,357.338084625584
NGA,2013,520117180313.906,351.718781805646
NGA,2014,574183763411.508,349.237811590683
NGA,2015,493026682800.63,320.318542380023
NGA,2016,404649125252.16,331.486140542982
NGA,2017,375745731053.427,316.730326522651
NGA,2018,421739251509.08,300.45746967174
NGA,2019,668219992691.462,331.04474710561
NGA,2020,598586817819.073,324.45517224141
NGA,2021,609147716972.859,334.476501487262
NGA,2022,646950257577.814,333.698006196423
NGA,2023,487387801880.597,319.900429211784
NGA,2024,252261880141.151,
NGA,2025,,
NIC,1960,227223322.141537,
NIC,1961,244144236.65331,
NIC,1962,269283803.686825,
NIC,1963,297324163.095513,
NIC,1964,347119918.158577,
NIC,1965,564290020.384288,
NIC,1966,607140010.475682,
NIC,1967,657140010.747554,
NIC,1968,692859984.612158,
NIC,1969,750000002.894903,
NIC,1970,778569938.824225,
NIC,1971,828569953.4744,
NIC,1972,878570045.450998,
NIC,1973,1092900014.79168,
NIC,1974,1521400011.53463,
NIC,1975,1581599958.5989,
NIC,1976,1836899998.94579,
NIC,1977,2226999873.71856,
NIC,1978,2127699978.78077,
NIC,1979,1567599981.69806,
NIC,1980,2144300006.18028,
NIC,1981,2474700227.04662,
NIC,1982,2454499872.03789,
NIC,1983,2753100057.78802,
NIC,1984,3117599872.08764,
NIC,1985,2683699935.36479,
NIC,1986,2885799993.91571,
NIC,1987,3851200117.77355,
NIC,1988,2630900095.60219,
NIC,1989,1013184755.57026,
NIC,1990,1009455483.87097,484.754187000941
NIC,1991,1488804123.71134,500.79486973871
NIC,1992,1792800000.0,506.068511846404
NIC,1993,1756454248.36601,487.378987586227
NIC,1994,3863185119.04762,464.727493798549
NIC,1995,4140470000.0,486.269281723357
NIC,1996,4308351902.78601,486.096993195939
NIC,1997,4389973489.86032,500.344638139612
NIC,1998,4635347385.5446,495.703826305849
NIC,1999,4856026259.07657,495.263536205559
NIC,2000,5109587049.97449,500.37663075991
NIC,2001,5351752034.2221,498.485902704745
NIC,2002,5223727302.54906,492.629525956214
NIC,2003,5322228350.58068,505.003838995301
NIC,2004,5792932838.40051,526.479860068169
NIC,2005,6321324279.14826,527.958879566356
NIC,2006,6763672380.61154,538.914055514578
NIC,2007,7423375014.75729,540.292720975214
NIC,2008,8496967596.77008,533.812640193905
NIC,2009,8298702489.0801,523.407935260916
NIC,2010,8758602232.98358,529.008203293034
NIC,2011,9774329332.71276,531.362815684315
NIC,2012,10532017231.8253,566.819598589113
NIC,2013,10982988249.2103,576.474133611862
NIC,2014,11880438824.4494,586.817955989046
NIC,2015,12756696261.0676,611.876331871945
NIC,2016,13286093388.4752,626.823007449197
NIC,2017,13785893007.4769,632.373947264069
NIC,2018,13025221974.232,616.516996174416
NIC,2019,12699023614.245,616.151129278106
NIC,2020,12726422432.4868,584.320998473115
NIC,2021,14209020361.8508,602.731073978591
NIC,2022,15634572502.2294,603.83815029018
NIC,2023,17805842283.8725,632.813009843745
NIC,2024,19693982967.5926,
NIC,2025,,
NLD,1960,13282979014.563,
NLD,1961,14599836396.388,
NLD,1962,15847582341.1664,
NLD,1963,17193744109.0367,
NLD,1964,20232048552.8327,
NLD,1965,22721869808.1438,
NLD,1966,24741480717.0389,
NLD,1967,27143828098.7481,
NLD,1968,30097635750.982,
NLD,1969,34086038090.3986,
NLD,1970,38220884519.3888,
NLD,1971,44644730576.4411,
NLD,1972,54787070173.0294,
NLD,1973,71946639602.7117,
NLD,1974,87371810804.1643,
NLD,1975,100397061693.97,
NLD,1976,109329386564.427,
NLD,1977,127203923857.412,
NLD,1978,156089077205.133,
NLD,1979,179933827309.678,
NLD,1980,195439301706.939,
NLD,1981,164375775854.456,
NLD,1982,158712765536.024,
NLD,1983,153671294108.563,
NLD,1984,144124462912.088,
NLD,1985,144057523221.868,
NLD,1986,201157708220.903,
NLD,1987,245406949521.323,
NLD,1988,262295966105.474,
NLD,1989,258716904291.801,
NLD,1990,318799003993.707,4488.69599340726
NLD,1991,327982316124.47,4620.66814618483
NLD,1992,363497050125.313,4549.24415711085
NLD,1993,354070495965.828,4616.71602028756
NLD,1994,379688232231.505,4607.58662804011
NLD,1995,452967334614.329,4732.28641364731
NLD,1996,451372549019.608,4949.7817593583
NLD,1997,417506211881.635,4788.82912974708
NLD,1998,438612530548.767,4794.51173163397
NLD,1999,447778514140.155,4685.19177004479
NLD,2000,417649282153.726,4695.37009641521
NLD,2001,432536219668.898,4783.23806405221
NLD,2002,475529972122.746,4804.57738217673
NLD,2003,582435617081.96,4959.46581521204
NLD,2004,661224886143.245,4985.68017725458
NLD,2005,688133699635.797,4893.73296113648
NLD,2006,737593995289.411,4840.784340365
NLD,2007,853499460872.552,4812.3646510682
NLD,2008,957901566041.406,4755.09420293282
NLD,2009,878954223140.234,4665.86427744867
NLD,2010,852464982433.335,4978.86938849852
NLD,2011,913140741332.687,4611.91453819796
NLD,2012,845689017065.625,4599.20591866701
NLD,2013,883951539006.669,4488.60406405713
NLD,2014,901556501756.467,4215.35262065709
NLD,2015,775743675302.734,4298.59287050144
NLD,2016,797163949289.885,4352.44653138733
NLD,2017,848233537845.884,4365.20385335267
NLD,2018,929733599796.862,4251.16716726453
NLD,2019,928903005576.469,4129.40909477343
NLD,2020,932560861701.17,3975.37813564997
NLD,2021,1054472123449.6,4057.79129205731
NLD,2022,1046540797548.64,3570.12031994399
NLD,2023,1135475867551.0,3418.13670132261
NLD,2024,1214927698572.66,3415.76133096426
NLD,2025,,
NOR,1960,5197398721.41367,
NOR,1961,5669689210.3186,
NOR,1962,6107076928.63372,
NOR,1963,6553269535.51009,
NOR,1964,7206522121.80418,
NOR,1965,8111945661.21624,
NOR,1966,8753940266.90184,
NOR,1967,9577383653.18303,
NOR,1968,10227087165.2414,
NOR,1969,11136187439.8326,
NOR,1970,12814123115.2613,
NOR,1971,14583114840.0629,
NOR,1972,17358610849.701,
NOR,1973,22534253702.8686,
NOR,1974,27145693810.1341,
NOR,1975,32877805200.023,
NOR,1976,35942270686.3374,
NOR,1977,41508030431.1074,
NOR,1978,46522900253.7054,
NOR,1979,53132244623.9213,
NOR,1980,64439382896.0156,
NOR,1981,63596654760.8677,
NOR,1982,62647195537.6511,
NOR,1983,61627240831.0948,
NOR,1984,62057955032.7758,
NOR,1985,65416879914.3907,
NOR,1986,78693118044.0045,
NOR,1987,94229907235.6215,
NOR,1988,101900260856.222,
NOR,1989,102633934390.615,
NOR,1990,119791843059.572,4966.99576478242
NOR,1991,121872464483.487,5105.03280053314
NOR,1992,130838040067.584,5159.59171943113
NOR,1993,120579213712.804,5460.5481615252
NOR,1994,127131319428.701,5315.22229443427
NOR,1995,152029612324.788,5391.36648885496
NOR,1996,163520109150.671,5201.94925297777
NOR,1997,161356631888.484,5475.16675140309
NOR,1998,154230295158.447,5684.74560231404
NOR,1999,162383706021.13,5913.28022163827
NOR,2000,171457201935.968,5826.12232323722
NOR,2001,174239354070.977,5954.81911743802
NOR,2002,195914852576.467,5502.08929908871
NOR,2003,229385469337.024,5934.59079848361
NOR,2004,265268662473.297,6231.94030988748
NOR,2005,309978579743.888,6319.92545895993
NOR,2006,346915160681.708,6319.15452788829
NOR,2007,402643260487.572,5864.30044405949
NOR,2008,464917553191.489,6412.35151011432
NOR,2009,387976400617.019,6200.50244551882
NOR,2010,431052143940.438,6455.3166845378
NOR,2011,501360549669.404,5501.9559356258
NOR,2012,512777309840.997,5805.46758867551
NOR,2013,526014468085.106,6047.18057523381
NOR,2014,501736471832.848,5525.57603893844
NOR,2015,388159512245.53,4930.48137593923
NOR,2016,370956547619.048,5368.57647170474
NOR,2017,401745275035.261,5673.5093152418
NOR,2018,439788625883.8,5539.19011908654
NOR,2019,408742840909.091,5220.68866140147
NOR,2020,367633418886.627,5145.72221927617
NOR,2021,503367986030.268,5298.87662808584
NOR,2022,596297651035.798,4651.48670758657
NOR,2023,482949731776.587,4884.6175244586
NOR,2024,483592648313.301,4775.00280327143
NOR,2025,,
NPL,1960,508334413.965087,
NPL,1961,531959561.62226,
NPL,1962,574091101.194382,
NPL,1963,496947904.443033,
NPL,1964,496098775.308642,
NPL,1965,735267082.294264,
NPL,1966,906811943.824649,
NPL,1967,841974025.462659,
NPL,1968,772231386.914829,
NPL,1969,788641965.432099,
NPL,1970,865975308.641975,
NPL,1971,882765471.604938,
NPL,1972,1024098400.35619,
NPL,1973,972101724.995368,
NPL,1974,1217953546.97604,
NPL,1975,1575789254.46938,
NPL,1976,1452788984.86265,
NPL,1977,1382400000.0,
NPL,1978,1604162497.45945,
NPL,1979,1851250008.33333,
NPL,1980,1945916583.33333,
NPL,1981,2275583316.66667,
NPL,1982,2395423741.79762,
NPL,1983,2447174803.37791,
NPL,1984,2581207387.79709,
NPL,1985,2619913955.51556,
NPL,1986,2850782044.04306,
NPL,1987,2957255379.54315,
NPL,1988,3487009748.35638,
NPL,1989,3525225786.58691,
NPL,1990,3627560239.48997,296.559508082585
NPL,1991,3921476084.89072,298.341310999664
NPL,1992,3401211581.29176,297.109513542261
NPL,1993,3660041666.66667,296.740681146242
NPL,1994,4066775510.20408,299.664319618212
NPL,1995,4401104417.67068,301.762333325266
NPL,1996,4521580381.47139,302.272858547191
NPL,1997,4918691916.53516,305.626953656836
NPL,1998,4856255044.39064,307.463059161428
NPL,1999,5033642384.10596,318.3985070166
NPL,2000,5494252207.90502,330.352852506274
NPL,2001,6007055042.17687,335.751960804757
NPL,2002,6050875806.66403,334.357159841879
NPL,2003,6330473096.54071,338.999985252938
NPL,2004,7273938314.71988,339.548117309365
NPL,2005,8130258377.90964,347.14074815228
NPL,2006,9043715355.8881,343.806716763498
NPL,2007,10325618017.379,347.543463116947
NPL,2008,12545438605.3959,356.963065860628
NPL,2009,12854985464.0764,365.003138206114
NPL,2010,16002656434.4746,373.445675517044
NPL,2011,21573872420.7008,384.837268379341
NPL,2012,21703100877.1309,368.897693637525
NPL,2013,22162204924.5726,413.932378339392
NPL,2014,22731612922.1906,430.959515103683
NPL,2015,24360801286.7638,426.243113957284
NPL,2016,24524109483.5293,458.169003537005
NPL,2017,28971588940.364,484.046667613807
NPL,2018,33111525237.149,504.508002947266
NPL,2019,34186180699.0255,482.628345358362
NPL,2020,33433659301.2466,524.455319847069
NPL,2021,36924841394.2605,534.031692327606
NPL,2022,41182939600.6209,429.222646170701
NPL,2023,41047772331.0994,442.648852285229
NPL,2024,42914268286.7109,
NPL,2025,,
NRU,1960,,
NRU,1961,,
NRU,1962,,
NRU,1963,,
NRU,1964,,
NRU,1965,,
NRU,1966,,
NRU,1967,,
NRU,1968,,
NRU,1969,,
NRU,1970,17570366.2224213,
NRU,1971,19009433.3072013,
NRU,1972,21734268.6915888,
NRU,1973,26529816.7841127,
NRU,1974,35994511.422255,
NRU,1975,40106775.9115117,
NRU,1976,40287427.2028236,
NRU,1977,40444701.7664602,
NRU,1978,41754147.3043086,
NRU,1979,44431330.2283313,
NRU,1980,46947124.2339833,
NRU,1981,51689636.5958435,
NRU,1982,52877742.469381,
NRU,1983,48439093.1211979,
NRU,1984,47363231.2986778,
NRU,1985,41548740.5077855,
NRU,1986,39939390.7386682,
NRU,1987,40118409.8729486,
NRU,1988,45931133.5855646,
NRU,1989,53736786.0923378,
NRU,1990,55572375.5290496,
NRU,1991,52533788.5566282,
NRU,1992,51133123.1254326,
NRU,1993,43542088.2518269,
NRU,1994,39742511.2417848,
NRU,1995,39969705.969706,
NRU,1996,37458801.2139605,
NRU,1997,37331507.2781343,
NRU,1998,29664450.9258631,
NRU,1999,27328612.6080962,
NRU,2000,26930980.3429002,
NRU,2001,22613287.5389074,
NRU,2002,21017423.6082043,
NRU,2003,24778159.5806639,
NRU,2004,30587565.7988334,
NRU,2005,30070666.0652533,
NRU,2006,29200359.3890386,
NRU,2007,22766972.1889659,
NRU,2008,37602264.7306872,
NRU,2009,44176245.5492433,
NRU,2010,47562844.6104251,
NRU,2011,65071879.7787162,
NRU,2012,101055722.95058,
NRU,2013,94385014.9425842,
NRU,2014,99149244.4001333,
NRU,2015,84863440.5801997,
NRU,2016,97541943.0355053,
NRU,2017,109355638.866955,
NRU,2018,130995566.30391,
NRU,2019,125160115.547819,
NRU,2020,124685688.161094,
NRU,2021,175390280.69162,
NRU,2022,152373433.909474,
NRU,2023,151435609.578807,
NRU,2024,162588620.632234,
NRU,2025,,
NZL,1960,5536098360.49526,
NZL,1961,5721994864.23066,
NZL,1962,6133158532.21667,
NZL,1963,6699741645.07827,
NZL,1964,7340766415.01868,
NZL,1965,5706251400.19577,
NZL,1966,5917437693.37459,
NZL,1967,6016017227.09124,
NZL,1968,5228045415.27318,
NZL,1969,5814357708.51005,
NZL,1970,6495605330.94411,
NZL,1971,7911136757.06867,
NZL,1972,9567331064.65727,
NZL,1973,12802281897.8712,
NZL,1974,13940981798.1247,
NZL,1975,12861983284.3912,
NZL,1976,13604832424.0062,
NZL,1977,15446825318.4556,
NZL,1978,18530518394.6488,
NZL,1979,20731243113.2926,
NZL,1980,23244547384.6748,
NZL,1981,24417617184.2478,
NZL,1982,24164603058.9949,
NZL,1983,24309279705.5731,
NZL,1984,21665975318.8842,
NZL,1985,24679795396.4194,
NZL,1986,30604668356.5695,
NZL,1987,40376354069.9474,
NZL,1988,45176811594.2029,
NZL,1989,43920222524.7085,
NZL,1990,45495129385.0475,3894.97849090062
NZL,1991,42745329732.163,3799.72789540517
NZL,1992,41649829859.6342,3845.05576712532
NZL,1993,46775620817.4327,4008.71565940675
NZL,1994,55314732279.1379,4093.40299715978
NZL,1995,63918703506.9075,4091.52500895612
NZL,1996,70140835299.0148,4173.39684739807
NZL,1997,66075143415.4952,4305.04363779536
NZL,1998,56227169851.0448,4204.70201485772
NZL,1999,58762260625.8758,4330.2348149308
NZL,2000,52623281956.7031,4467.21138613373
NZL,2001,53872425916.6248,4399.14687852578
NZL,2002,66627729311.4495,4326.22295420317
NZL,2003,88250885550.2626,4180.76991429149
NZL,2004,103905210084.034,4224.87567596318
NZL,2005,114720129550.095,4074.1485914825
NZL,2006,111538810712.665,4034.75821834113
NZL,2007,137188946865.584,4057.16268229104
NZL,2008,133437126590.286,4100.75606551399
NZL,2009,121663439315.385,4073.03697683547
NZL,2010,146887902524.052,4147.30616096111
NZL,2011,168484908960.078,4108.26383266428
NZL,2012,176560711239.147,4280.5653723436
NZL,2013,191012364176.878,4298.71533674262
NZL,2014,201518402787.38,4476.80712476497
NZL,2015,178224167087.99,4422.74264118048
NZL,2016,189100085275.23,4265.93839527509
NZL,2017,206745969246.073,4200.71262692085
NZL,2018,211985631173.205,4109.2206852685
NZL,2019,213006341101.869,4170.80496267642
NZL,2020,213029554653.687,3862.58510163497
NZL,2021,253977931814.967,3907.64776650523
NZL,2022,249509991440.438,3764.50781429311
NZL,2023,255194972673.122,3660.60273680658
NZL,2024,260172385097.616,3559.14942402572
NZL,2025,,
OED,1960,1061504516553.67,
OED,1961,1132125347763.2,
OED,1962,1224162735686.56,
OED,1963,1317605393450.63,
OED,1964,1441848721878.44,
OED,1965,1566490842668.13,
OED,1966,1714939911148.91,
OED,1967,1832895163805.07,
OED,1968,1988017146245.21,
OED,1969,2190828362375.71,
OED,1970,2400426381002.29,
OED,1971,2659381214254.36,
OED,1972,3088987028519.77,
OED,1973,3739083527748.63,
OED,1974,4194195712763.06,
OED,1975,4700213593995.64,
OED,1976,5093104008181.73,
OED,1977,5744062081858.06,
OED,1978,6914445143890.5,
OED,1979,7982841628892.19,
OED,1980,8865947967454.06,
OED,1981,9028194538270.78,
OED,1982,8888513303369.21,
OED,1983,9188516945715.17,
OED,1984,9603996059992.17,
OED,1985,10110195128167.8,
OED,1986,12253426374959.4,
OED,1987,14192048913694.0,
OED,1988,16001599667479.6,
OED,1989,16740901991842.8,
OED,1990,18852771505915.8,4127.68789602882
OED,1991,19962310501302.5,4136.55217823261
OED,1992,21476777564065.6,4136.97810391263
OED,1993,21810120242132.0,4161.36613173466
OED,1994,23317201872963.6,4196.42436011633
OED,1995,25775313382970.9,4249.87954813939
OED,1996,25998480809047.6,4342.50378263287
OED,1997,25612994056118.2,4347.88694282081
OED,1998,25797604159261.0,4333.08529509387
OED,1999,27106690974475.9,4373.09749205461
OED,2000,27710878931912.8,4438.14629349391
OED,2001,27457252150822.0,4390.0142566533
OED,2002,28647750264306.8,4389.6556571845
OED,2003,32044541404358.8,4422.05129319158
OED,2004,35679871689452.9,4473.71992693498
OED,2005,37741346324531.8,4470.8018919743
OED,2006,39831449904961.4,4449.98026541734
OED,2007,43614701103479.8,4436.7903723393
OED,2008,46310285113488.4,4341.88586412138
OED,2009,43330741173451.5,4123.62297527749
OED,2010,45454235949425.1,4230.6986948398
OED,2011,48907463676194.2,4130.4711428871
OED,2012,48848423144456.1,4068.00572564171
OED,2013,49513745558643.5,4077.3678015445
OED,2014,50544319752323.1,4013.37342721066
OED,2015,47647221796959.1,3987.8222627323
OED,2016,48552474323847.7,3972.70027285069
OED,2017,50696690374014.3,3977.31316092924
OED,2018,53652083661573.0,3990.28267955294
OED,2019,54168727321922.0,3941.06430589369
OED,2020,52851603026620.4,3662.99960105339
OED,2021,59024824389525.6,3831.86751767714
OED,2022,60588200976081.3,3769.87919022984
OED,2023,64648892594414.4,3671.75491984532
OED,2024,67500141717526.4,3668.39214526766
OED,2025,,
OMN,1960,44234656.4535004,
OMN,1961,45634487.3539276,
OMN,1962,56273202.1971746,
OMN,1963,59912762.5382854,
OMN,1964,61872525.7988835,
OMN,1965,63279974.6880101,
OMN,1966,67759972.8960108,
OMN,1967,107151832.489651,
OMN,1968,188879848.896121,
OMN,1969,239999808.000154,
OMN,1970,256319794.944164,
OMN,1971,301010587.102984,
OMN,1972,366883548.347591,
OMN,1973,483066990.612417,
OMN,1974,1645917776.49102,
OMN,1975,2096699189.34569,
OMN,1976,2560220034.74233,
OMN,1977,2741169947.88651,
OMN,1978,2740301389.69311,
OMN,1979,3733352634.62652,
OMN,1980,5981760277.93862,
OMN,1981,7259120150.55009,
OMN,1982,7554719455.70353,
OMN,1983,7932541690.79328,
OMN,1984,8821443150.92488,
OMN,1985,10005645420.4606,
OMN,1986,7324167369.14305,
OMN,1987,7811183094.92848,
OMN,1988,8386215864.75943,
OMN,1989,9372171651.49545,
OMN,1990,13310273081.9246,2390.49814598332
OMN,1991,12918335500.6502,3060.92285020036
OMN,1992,14183615084.5254,2758.17116672704
OMN,1993,14230429128.7386,2960.73570757554
OMN,1994,14715214564.3693,2892.26207066491
OMN,1995,15722236671.0013,2877.3989517825
OMN,1996,17402080624.1873,2894.09879212733
OMN,1997,18039791937.5813,3064.27972813634
OMN,1998,16044213263.9792,3040.69257448675
OMN,1999,17832769830.9493,3126.10277169004
OMN,2000,22259557867.3602,3286.26599451763
OMN,2001,22205721716.515,3303.97268173668
OMN,2002,23065539661.8986,3469.43506166397
OMN,2003,24733680104.0312,3565.24432327227
OMN,2004,28378933680.104,3658.50755395167
OMN,2005,35506892067.6203,4030.08185259047
OMN,2006,42577633289.987,6138.77344250291
OMN,2007,48300390117.0351,6889.71721193841
OMN,2008,69804681404.4213,5927.85053888478
OMN,2009,55454096228.8687,5912.23573208102
OMN,2010,64993498049.4148,6736.89412726066
OMN,2011,77497529258.7776,7155.54208650969
OMN,2012,87408842652.7958,6702.98586928623
OMN,2013,89936020806.2419,6349.13398503592
OMN,2014,92699089726.9181,6076.73203947575
OMN,2015,78710793237.9714,6027.98246531457
OMN,2016,75128738621.5865,5557.82391970212
OMN,2017,80856697009.1027,5765.68522906846
OMN,2018,91505851755.5267,5549.37287503861
OMN,2019,88060858257.4772,5120.9649038216
OMN,2020,75909492847.8544,5718.76939147626
OMN,2021,87323797139.1417,5956.40935867476
OMN,2022,109852795838.752,5920.00502494357
OMN,2023,106174708036.51,5908.4271000367
OMN,2024,107137198769.386,
OMN,2025,,
OSS,1960,,
OSS,1961,,
OSS,1962,,
OSS,1963,,
OSS,1964,,
OSS,1965,,
OSS,1966,,
OSS,1967,,
OSS,1968,,
OSS,1969,,
OSS,1970,,
OSS,1971,,
OSS,1972,,
OSS,1973,,
OSS,1974,,
OSS,1975,7536675203.89725,
OSS,1976,8756552568.56476,
OSS,1977,10751088165.8708,
OSS,1978,12466371860.6462,
OSS,1979,16393627218.6452,
OSS,1980,24469509824.1164,
OSS,1981,22822814056.8921,
OSS,1982,21876317950.6725,
OSS,1983,20072665045.9298,
OSS,1984,19829824799.8379,
OSS,1985,19321547628.0782,
OSS,1986,19271096441.8764,
OSS,1987,24115018695.3425,
OSS,1988,25998041841.1562,
OSS,1989,26569541981.2962,
OSS,1990,31954015146.0863,2491.71029293497
OSS,1991,33550913338.5787,
OSS,1992,36340445474.8692,
OSS,1993,34799288268.8486,
OSS,1994,36855488520.0577,
OSS,1995,43750838197.8851,
OSS,1996,44988678305.9346,
OSS,1997,45001855690.8166,
OSS,1998,45175657737.8871,
OSS,1999,47126365701.0324,
OSS,2000,47447997552.7001,
OSS,2001,47626338324.033,
OSS,2002,52120882271.4143,
OSS,2003,64819023763.2045,
OSS,2004,76946971607.8942,1744.82671266457
OSS,2005,86284116802.3353,1733.6785132284
OSS,2006,95906051121.5049,1912.28354358264
OSS,2007,115441290811.04,2063.28166697787
OSS,2008,125084843511.023,
OSS,2009,107800935552.035,
OSS,2010,112786676665.285,
OSS,2011,128764134519.088,
OSS,2012,125761130889.038,
OSS,2013,130969039548.284,
OSS,2014,135415545370.949,
OSS,2015,121433707011.691,
OSS,2016,128159325016.122,
OSS,2017,143284613956.474,
OSS,2018,158073876709.73,
OSS,2019,158530142448.216,
OSS,2020,146157676838.952,
OSS,2021,172038213758.242,
OSS,2022,181859538439.061,
OSS,2023,196615944595.18,
OSS,2024,208127281931.64,
OSS,2025,,
PAK,1960,3749265014.69971,
PAK,1961,4118647627.04746,
PAK,1962,4310163796.72407,
PAK,1963,4630827383.45233,
PAK,1964,5204955900.88198,
PAK,1965,5929231415.37169,
PAK,1966,6561108777.82444,
PAK,1967,7464510709.7858,
PAK,1968,8041999160.0168,
PAK,1969,8683116337.67325,
PAK,1970,10027509449.811,
PAK,1971,10665896682.0664,
PAK,1972,9415016359.56604,
PAK,1973,6383429490.21091,
PAK,1974,8899191919.19192,
PAK,1975,11230606060.6061,
PAK,1976,13168080808.0808,
PAK,1977,15126060606.0606,
PAK,1978,17811515151.5152,
PAK,1979,19688383838.3838,
PAK,1980,23654444444.4444,
PAK,1981,28100606060.6061,
PAK,1982,30725971563.981,
PAK,1983,28691889763.7795,
PAK,1984,31151825467.4978,
PAK,1985,31144920844.3272,
PAK,1986,31899070055.7967,
PAK,1987,33351529274.6869,
PAK,1988,38472742808.3167,
PAK,1989,40171106279.0078,
PAK,1990,40010423970.4576,370.756577158868
PAK,1991,45625336680.2047,367.121771650235
PAK,1992,48884671947.4657,379.579213707596
PAK,1993,51809999353.1614,387.504827835984
PAK,1994,52293470813.1336,392.525740918468
PAK,1995,60636071684.1918,397.682408796608
PAK,1996,63320170084.4076,403.99573108234
PAK,1997,62433340468.0228,402.965782669408
PAK,1998,62191955814.3478,399.272943328572
PAK,1999,62973857068.5113,410.681455271548
PAK,2000,99484802344.5277,411.549930374513
PAK,2001,97145618479.9038,407.99646563704
PAK,2002,97923302809.3537,404.334238651861
PAK,2003,112371913740.823,412.836751547714
PAK,2004,132216048339.413,431.672759795812
PAK,2005,145208562960.767,436.061866708612
PAK,2006,161871385506.36,443.903367754097
PAK,2007,184140869997.46,457.205362427423
PAK,2008,202203748583.854,437.835189001934
PAK,2009,187337783856.466,433.272314472197
PAK,2010,196709621849.586,429.327792495327
PAK,2011,230586581059.665,422.842537376111
PAK,2012,250106966104.704,419.546153206932
PAK,2013,258657231672.412,421.580013785875
PAK,2014,271390474857.632,433.449973838963
PAK,2015,299963590534.773,437.198223010365
PAK,2016,313630000130.435,446.915365965869
PAK,2017,339205534861.1,456.107326373589
PAK,2018,356128166704.921,453.603126548778
PAK,2019,320909472770.669,431.604754942186
PAK,2020,300425609817.981,454.338436216576
PAK,2021,348516647445.148,465.115862856144
PAK,2022,374890295666.694,418.447652844549
PAK,2023,336686348609.266,414.952130205765
PAK,2024,371570000121.266,
PAK,2025,,
PAN,1960,537147100.0,
PAN,1961,599026300.0,
PAN,1962,652120900.0,
PAN,1963,722784500.0,
PAN,1964,776137500.0,
PAN,1965,852485300.0,
PAN,1966,928833000.0,
PAN,1967,1034376400.0,
PAN,1968,1112791100.0,
PAN,1969,1221305700.0,
PAN,1970,1351006400.0,
PAN,1971,1523917200.0,
PAN,1972,1673411700.0,
PAN,1973,1913793400.0,
PAN,1974,2188307600.0,
PAN,1975,2435304100.0,
PAN,1976,2588106000.0,
PAN,1977,2738261900.0,
PAN,1978,3244558600.0,
PAN,1979,3704551600.0,
PAN,1980,4614086400.0,
PAN,1981,5222421500.0,
PAN,1982,5769767900.0,
PAN,1983,5923755900.0,
PAN,1984,6183387100.0,
PAN,1985,6541517100.0,
PAN,1986,6797834200.0,
PAN,1987,6827665300.0,
PAN,1988,5902783400.0,
PAN,1989,5918469800.0,
PAN,1990,6433967000.0,602.060012202764
PAN,1991,7074675500.0,639.378523762581
PAN,1992,8042337700.0,714.196355995605
PAN,1993,8782585400.0,709.578358405823
PAN,1994,9365289800.0,732.146910632932
PAN,1995,9573813700.0,728.190793925761
PAN,1996,9197503322.69367,762.62938009797
PAN,1997,10058854386.1392,777.077784028547
PAN,1998,11019557689.1677,884.102722013778
PAN,1999,11660704777.0881,854.249229477648
PAN,2000,11966497048.6488,790.919387331221
PAN,2001,12252906340.6841,887.107864697881
PAN,2002,12800851270.5514,790.860132882429
PAN,2003,13603456003.2851,774.416697085516
PAN,2004,15100203361.784,755.9909322211
PAN,2005,16623906739.3121,838.635936361115
PAN,2006,18659721513.0123,874.56606978567
PAN,2007,21717433808.2684,858.048128734239
PAN,2008,25721327955.2772,806.672089232316
PAN,2009,27791215547.3487,871.526813807763
PAN,2010,30231009532.9507,948.304837724795
PAN,2011,35687738251.8135,1037.63156478608
PAN,2012,41595439720.9767,1052.69925949498
PAN,2013,46949496479.4008,1002.33596439162
PAN,2014,51427104881.9655,1035.01293838968
PAN,2015,55767806073.1781,1024.97759926054
PAN,2016,59760858717.8359,1045.76582937315
PAN,2017,64327688826.3137,1035.95086028489
PAN,2018,67316471181.2488,1026.38990550231
PAN,2019,69778991192.5571,1162.83608429865
PAN,2020,57059846521.5327,936.065449427601
PAN,2021,67396392506.2378,1033.31759264066
PAN,2022,76479304470.9375,1062.69925631817
PAN,2023,83812155244.3352,1019.98442115491
PAN,2024,86523959131.7472,
PAN,2025,,
PER,1960,2571986572.12719,
PER,1961,2897852693.27494,
PER,1962,3284322201.27831,
PER,1963,3598272493.3109,
PER,1964,4353664866.67985,
PER,1965,5163008077.37371,
PER,1966,6109048736.61853,
PER,1967,6194340079.8786,
PER,1968,5736083835.29034,
PER,1969,6420909789.83,
PER,1970,7432223176.93623,
PER,1971,8289582883.67673,
PER,1972,9189413409.28138,
PER,1973,10994381895.1161,
PER,1974,13858441211.4692,
PER,1975,16931162355.4802,
PER,1976,16131958850.6444,
PER,1977,14544913960.5062,
PER,1978,12491876742.9708,
PER,1979,15954012439.1662,
PER,1980,18136838537.725,
PER,1981,21648214892.8828,
PER,1982,21794535621.216,
PER,1983,17345260564.4824,
PER,1984,17600400384.5073,
PER,1985,15078736875.387,
PER,1986,21859448586.485,
PER,1987,36889706592.6843,
PER,1988,15439408447.2,
PER,1989,22499558526.3682,
PER,1990,26410386962.8019,442.190103300007
PER,1991,34341465998.2003,424.716318291528
PER,1992,35966302303.263,404.725692410994
PER,1993,34832077220.8537,423.43055009833
PER,1994,44882079766.8913,430.040755246651
PER,1995,53312793687.3836,450.596166882078
PER,1996,55252414130.3019,455.442514177719
PER,1997,58147522522.5225,432.783525835008
PER,1998,55501467877.381,495.125029470165
PER,1999,50187324567.883,512.507313541697
PER,2000,51744749133.213,506.014210706954
PER,2001,52030158775.4055,483.108294248133
PER,2002,54777553515.0809,478.098496757568
PER,2003,58731030121.8671,464.596377330113
PER,2004,66768703497.5687,499.923038960814
PER,2005,76060606060.6061,525.150774936013
PER,2006,88643193061.748,503.267677520574
PER,2007,102170981144.136,531.689082123698
PER,2008,120550599815.441,581.639950576616
PER,2009,120822986521.479,583.179748347996
PER,2010,147527631520.729,603.514556773827
PER,2011,171761737046.585,688.136449869059
PER,2012,192650021648.583,732.071792113932
PER,2013,201175543571.392,698.171569630996
PER,2014,200786250582.943,728.772878760832
PER,2015,189802976285.619,743.166479123214
PER,2016,191898104390.379,764.235827890262
PER,2017,211007984080.911,762.24633988882
PER,2018,222597009739.235,784.027983193931
PER,2019,228346006003.648,798.59712052539
PER,2020,201409694755.934,678.51171228291
PER,2021,226328766459.634,775.289508844919
PER,2022,246065570308.155,826.458777086818
PER,2023,266958720837.988,823.371374235583
PER,2024,289221969062.941,
PER,2025,,
PHL,1960,7515894110.56487,
PHL,1961,8171194424.94498,
PHL,1962,4954593071.82796,
PHL,1963,5505023238.40669,
PHL,1964,5953756194.80988,
PHL,1965,6517349771.93386,
PHL,1966,7189017887.69231,
PHL,1967,7724873935.12821,
PHL,1968,8632749269.48718,
PHL,1969,9571800652.5641,
PHL,1970,7559115516.69532,
PHL,1971,8375075629.8327,
PHL,1972,9067815521.3262,
PHL,1973,11412449735.3056,
PHL,1974,15607882555.2916,
PHL,1975,16875240683.5083,
PHL,1976,19381055197.2794,
PHL,1977,22283109803.3521,
PHL,1978,25762224562.6316,
PHL,1979,31218296292.1295,
PHL,1980,36848080898.8112,
PHL,1981,40499388869.1271,
PHL,1982,42206011275.1757,
PHL,1983,37759179894.5298,
PHL,1984,35730185633.5233,
PHL,1985,34961486348.2382,
PHL,1986,33987207294.9432,
PHL,1987,37791488666.0743,
PHL,1988,43152128958.6116,
PHL,1989,48513773720.673,
PHL,1990,50508286641.5746,427.117860028084
PHL,1991,51784144942.727,432.402813931724
PHL,1992,60422328242.1803,445.123985563461
PHL,1993,62036529147.1831,415.058925173639
PHL,1994,73159336915.2718,446.192042340061
PHL,1995,84644328727.4825,459.521976498717
PHL,1996,94648084429.0341,463.395880336417
PHL,1997,94106317565.0846,478.61145040091
PHL,1998,74492416329.9142,482.976812080329
PHL,1999,85640171045.1254,483.923600710289
PHL,2000,83669788376.9213,487.402779547692
PHL,2001,78921234457.5487,454.323831320083
PHL,2002,84307345887.543,451.284468681461
PHL,2003,87039092974.2272,442.568789118581
PHL,2004,95001999685.3314,430.07575264053
PHL,2005,107419977318.166,434.471174614398
PHL,2006,127652926368.069,423.357079718941
PHL,2007,155980408673.403,425.625806041344
PHL,2008,181624626327.361,439.082917578862
PHL,2009,175974755881.372,420.718047255526
PHL,2010,208368893151.144,431.461435820742
PHL,2011,234216730291.32,428.330759054984
PHL,2012,261920540962.63,437.467121529591
PHL,2013,283902828588.718,443.270655295728
PHL,2014,297483555338.044,465.627497665949
PHL,2015,306445871242.322,499.072363832856
PHL,2016,318627003016.731,520.982417182237
PHL,2017,328480736802.76,544.477187986696
PHL,2018,346841896587.313,554.501992818921
PHL,2019,376823402239.136,551.879483141713
PHL,2020,361751145451.597,518.170627326086
PHL,2021,394087359848.11,531.045421495391
PHL,2022,404353369604.631,551.042784448026
PHL,2023,437055627244.424,580.1360554135
PHL,2024,461617509782.355,
PHL,2025,,
PLW,1960,,
PLW,1961,,
PLW,1962,,
PLW,1963,,
PLW,1964,,
PLW,1965,,
PLW,1966,,
PLW,1967,,
PLW,1968,,
PLW,1969,,
PLW,1970,11563041.0,
PLW,1971,12706874.0,
PLW,1972,13956474.0,
PLW,1973,15331889.0,
PLW,1974,16848759.0,
PLW,1975,18521112.0,
PLW,1976,20364420.0,
PLW,1977,22308104.0,
PLW,1978,24530015.0,
PLW,1979,27004251.0,
PLW,1980,29728054.0,
PLW,1981,32726594.0,
PLW,1982,36027583.0,
PLW,1983,39661530.0,
PLW,1984,44814259.0,
PLW,1985,51030637.0,
PLW,1986,58109314.0,
PLW,1987,66169905.0,
PLW,1988,75348615.0,
PLW,1989,85800543.0,
PLW,1990,97702303.0,4814.38338030015
PLW,1991,106555300.0,
PLW,1992,104771300.0,
PLW,1993,96455700.0,
PLW,1994,106138500.0,
PLW,1995,121018500.0,
PLW,1996,137494600.0,
PLW,1997,143860800.0,
PLW,1998,149079600.0,
PLW,1999,144206500.0,
PLW,2000,149551483.154297,
PLW,2001,159446228.027344,
PLW,2002,162658721.923828,
PLW,2003,154566787.719727,
PLW,2004,166363739.013672,
PLW,2005,190961685.180664,
PLW,2006,193611358.642578,
PLW,2007,200789764.404297,
PLW,2008,201067733.764648,
PLW,2009,189854705.810547,
PLW,2010,188042373.657227,
PLW,2011,198742370.605469,
PLW,2012,215616882.324219,
PLW,2013,224110610.961914,
PLW,2014,245591094.970703,
PLW,2015,287057525.634766,
PLW,2016,305227020.263672,
PLW,2017,292148590.087891,
PLW,2018,287998352.050781,
PLW,2019,282041290.283203,
PLW,2020,261688507.080078,
PLW,2021,231343460.083008,
PLW,2022,243826812.744141,
PLW,2023,276733062.744141,
PLW,2024,,
PLW,2025,,
PNG,1960,230496036.879366,
PNG,1961,244832039.173126,
PNG,1962,261184041.789447,
PNG,1963,275968044.154887,
PNG,1964,305312048.849928,
PNG,1965,344176055.068169,
PNG,1966,390992062.55873,
PNG,1967,441728182.676509,
PNG,1968,485184189.62947,
PNG,1969,551263864.202218,
PNG,1970,645568215.290914,
PNG,1971,717750278.105664,
PNG,1972,858761926.08968,
PNG,1973,1299079410.43638,
PNG,1974,1467417672.17002,
PNG,1975,1356603608.09695,
PNG,1976,1511843235.49111,
PNG,1977,1640746618.68467,
PNG,1978,1947878830.62383,
PNG,1979,2293760510.9609,
PNG,1980,2545808455.52399,
PNG,1981,2498190847.39668,
PNG,1982,2368719683.44848,
PNG,1983,2562351551.04491,
PNG,1984,2552662617.18854,
PNG,1985,2423339171.50015,
PNG,1986,2647995602.28698,
PNG,1987,3143851794.08723,
PNG,1988,3656177880.70625,
PNG,1989,3546472565.69364,
PNG,1990,3219729083.06487,
PNG,1991,3787394957.98319,
PNG,1992,4377980510.05598,
PNG,1993,4974550286.18152,
PNG,1994,5502786069.65174,
PNG,1995,4636057476.42568,
PNG,1996,5155311077.38998,
PNG,1997,4936615298.79367,
PNG,1998,3789443014.61662,
PNG,1999,3477038204.01733,
PNG,2000,3521339699.07407,
PNG,2001,3081024212.42924,
PNG,2002,2999511040.19764,
PNG,2003,3536411824.2958,
PNG,2004,3927157866.96465,
PNG,2005,4865892972.27595,
PNG,2006,8354911040.70193,
PNG,2007,9545028944.34579,
PNG,2008,11670892800.5309,
PNG,2009,11619456449.266,
PNG,2010,14250786674.7766,
PNG,2011,17985138065.8549,
PNG,2012,21295168665.7247,
PNG,2013,21261338064.8783,
PNG,2014,23210823987.308,
PNG,2015,21723437010.0982,
PNG,2016,20758876952.6232,
PNG,2017,22742699138.356,
PNG,2018,24109780708.0268,
PNG,2019,24750626029.8777,
PNG,2020,23848447849.6081,
PNG,2021,26109413521.3117,
PNG,2022,31653185952.609,
PNG,2023,30816367066.9594,
PNG,2024,31800428265.5246,
PNG,2025,,
POL,1960,,
POL,1961,,
POL,1962,,
POL,1963,,
POL,1964,,
POL,1965,,
POL,1966,,
POL,1967,,
POL,1968,,
POL,1969,,
POL,1970,,
POL,1971,,
POL,1972,,
POL,1973,,
POL,1974,,
POL,1975,,
POL,1976,,
POL,1977,,
POL,1978,,
POL,1979,,
POL,1980,,
POL,1981,,
POL,1982,,
POL,1983,,
POL,1984,,
POL,1985,,
POL,1986,,
POL,1987,,
POL,1988,,
POL,1989,,
POL,1990,65977748210.5263,2705.72692194049
POL,1991,85500935934.9901,2641.10358006456
POL,1992,94337050693.2727,2569.22878977271
POL,1993,96043157272.862,2625.55495537132
POL,1994,110803635287.621,2495.22317226992
POL,1995,142838527115.448,2578.20837982237
POL,1996,160813026223.063,2680.1080126261
POL,1997,159893964916.817,2640.54587904468
POL,1998,175282269666.801,2461.01864758147
POL,1999,170704452714.673,2396.67141418898
POL,2000,172953527033.013,2321.77643337011
POL,2001,191823200371.284,2338.14293839845
POL,2002,199694463255.567,2312.5947846893
POL,2003,218561225998.47,2375.41153801546
POL,2004,256268656145.134,2383.78041134423
POL,2005,306999913150.525,2414.28237185953
POL,2006,345897630736.173,2538.76112384258
POL,2007,429715132137.503,2529.61907810596
POL,2008,535612030671.888,2563.58518489618
POL,2009,440891472247.096,2463.27043395388
POL,2010,478111630683.514,2642.06881241023
POL,2011,527848543023.469,2652.99080592091
POL,2012,498148649702.66,2563.69089214526
POL,2013,518179836405.36,2567.18208491979
POL,2014,542134167178.627,2473.79770713362
POL,2015,480054118583.367,2498.7740659386
POL,2016,473259583969.643,2614.97160490538
POL,2017,528356676667.211,2734.42727608835
POL,2018,594616687350.017,2865.52683144763
POL,2019,602683770144.88,2761.07246212926
POL,2020,605914237903.742,2710.95606232103
POL,2021,689170230665.35,2920.11352538648
POL,2022,695607470875.276,2798.00774623397
POL,2023,812451193396.143,2639.20385996686
POL,2024,917767106146.761,2646.7365667251
POL,2025,,
PRE,1960,24364156193.7113,
PRE,1961,25256725916.296,
PRE,1962,27666238152.2476,
PRE,1963,31983402735.2397,
PRE,1964,30268695831.8966,
PRE,1965,33350877902.1596,
PRE,1966,36463686475.7909,
PRE,1967,34694458407.6408,
PRE,1968,37417938617.9708,
PRE,1969,42086630830.7288,
PRE,1970,47414033706.8637,
PRE,1971,46895053548.2553,
PRE,1972,55102867455.9048,
PRE,1973,67902484335.6976,
PRE,1974,93597653615.5403,
PRE,1975,106608000583.933,
PRE,1976,124631310797.181,
PRE,1977,137554858322.704,
PRE,1978,156118418497.117,
PRE,1979,192716721393.739,
PRE,1980,238216835061.511,
PRE,1981,325165387007.184,
PRE,1982,308202776425.61,
PRE,1983,255682160761.94,
PRE,1984,238957760966.535,
PRE,1985,247847811937.892,
PRE,1986,214950800439.871,
PRE,1987,231283902157.624,
PRE,1988,242238712774.19,
PRE,1989,244959218939.251,
PRE,1990,397040693432.334,383.557291636837
PRE,1991,224731322067.623,372.768273266963
PRE,1992,174864985460.978,393.340269463324
PRE,1993,182710500408.317,403.138088348811
PRE,1994,190512119843.584,403.031984233013
PRE,1995,280321612128.049,396.253727021699
PRE,1996,339779202888.647,395.949823840452
PRE,1997,372342820435.895,411.741275449262
PRE,1998,394007939421.585,384.396185352926
PRE,1999,245465540938.205,372.267212325175
PRE,2000,283217741794.775,373.922386372331
PRE,2001,269595630716.128,381.547748513952
PRE,2002,312135025038.798,379.584285258065
PRE,2003,340468658786.46,374.681437479282
PRE,2004,424234077207.758,378.660136351062
PRE,2005,531122307123.826,382.019869560318
PRE,2006,668501035363.556,377.242487011564
PRE,2007,808147234929.241,369.788123795961
PRE,2008,1008759607190.09,377.30978108437
PRE,2009,914568494564.064,377.01242787717
PRE,2010,1069026110406.58,396.62918951388
PRE,2011,1236913791144.92,418.442223752361
PRE,2012,1346198740218.36,417.5461753324
PRE,2013,1476563371928.86,423.091415729895
PRE,2014,1564245572947.51,417.781577323755
PRE,2015,1327634282632.04,410.46531614221
PRE,2016,1178803226989.3,415.364915113391
PRE,2017,1232604777297.1,414.079763701812
PRE,2018,1372023278046.38,411.203515869077
PRE,2019,1634625884352.83,422.14215092653
PRE,2020,1494279104787.47,413.880453915261
PRE,2021,1633932588860.86,430.434956783692
PRE,2022,1860790512304.23,441.477493244459
PRE,2023,1680243373294.08,439.853570959087
PRE,2024,1510802883684.15,
PRE,2025,,
PRI,1960,1691900000.0,
PRI,1961,1865100000.0,
PRI,1962,2094400000.0,
PRI,1963,2333600000.0,
PRI,1964,2570500000.0,
PRI,1965,2881500000.0,
PRI,1966,3170500000.0,
PRI,1967,3532700000.0,
PRI,1968,3941700000.0,
PRI,1969,4460700000.0,
PRI,1970,5034700000.0,
PRI,1971,5646800000.0,
PRI,1972,6328900000.0,
PRI,1973,7002400000.0,
PRI,1974,7684800000.0,
PRI,1975,8198300000.0,
PRI,1976,8968600000.0,
PRI,1977,9910900000.0,
PRI,1978,11165000000.0,
PRI,1979,12750000000.0,
PRI,1980,14436100000.0,
PRI,1981,15955700000.0,
PRI,1982,16764200000.0,
PRI,1983,17276600000.0,
PRI,1984,19162600000.0,
PRI,1985,20289200000.0,
PRI,1986,22009300000.0,
PRI,1987,24025800000.0,
PRI,1988,26385800000.0,
PRI,1989,28161200000.0,
PRI,1990,30603919000.0,
PRI,1991,32287031000.0,
PRI,1992,34630430000.0,
PRI,1993,36922456000.0,
PRI,1994,39690630000.0,
PRI,1995,42647331000.0,
PRI,1996,45340835000.0,
PRI,1997,48187039000.0,
PRI,1998,54086400000.0,
PRI,1999,57841000000.0,
PRI,2000,61701800000.0,
PRI,2001,69208400000.0,
PRI,2002,71623500000.0,
PRI,2003,74827400000.0,
PRI,2004,80322313000.0,
PRI,2005,83914521300.0,
PRI,2006,87276164400.0,
PRI,2007,89524131600.0,
PRI,2008,93639300000.0,
PRI,2009,96385600000.0,
PRI,2010,98381300000.0,
PRI,2011,100351700000.0,
PRI,2012,101564800000.0,
PRI,2013,102450000000.0,
PRI,2014,102445800000.0,
PRI,2015,103375500000.0,
PRI,2016,104336700000.0,
PRI,2017,103445500000.0,
PRI,2018,100958100000.0,
PRI,2019,105126400000.0,
PRI,2020,103130900000.0,
PRI,2021,106426600000.0,
PRI,2022,113843700000.0,
PRI,2023,118478754280.882,
PRI,2024,126029527033.705,
PRI,2025,,
PRK,1960,,
PRK,1961,,
PRK,1962,,
PRK,1963,,
PRK,1964,,
PRK,1965,,
PRK,1966,,
PRK,1967,,
PRK,1968,,
PRK,1969,,
PRK,1970,,
PRK,1971,,
PRK,1972,,
PRK,1973,,
PRK,1974,,
PRK,1975,,
PRK,1976,,
PRK,1977,,
PRK,1978,,
PRK,1979,,
PRK,1980,,
PRK,1981,,
PRK,1982,,
PRK,1983,,
PRK,1984,,
PRK,1985,,
PRK,1986,,
PRK,1987,,
PRK,1988,,
PRK,1989,,
PRK,1990,,1573.59529694869
PRK,1991,,1479.50194805821
PRK,1992,,1274.10438656311
PRK,1993,,1154.73272985627
PRK,1994,,1040.84302956634
PRK,1995,,969.810490164286
PRK,1996,,844.295603307261
PRK,1997,,796.809248807663
PRK,1998,,737.166689251094
PRK,1999,,783.429536707529
PRK,2000,,833.135926035272
PRK,2001,,855.308188837363
PRK,2002,,817.139377772628
PRK,2003,,831.404593215752
PRK,2004,,845.078255840803
PRK,2005,,874.547570755458
PRK,2006,,878.701770260996
PRK,2007,,742.749190277876
PRK,2008,,814.468872858035
PRK,2009,,778.335567143127
PRK,2010,,752.365886787198
PRK,2011,,563.185425780586
PRK,2012,,549.906642052429
PRK,2013,,439.807523596631
PRK,2014,,471.17031915804
PRK,2015,,372.798087935995
PRK,2016,,409.40016933224
PRK,2017,,768.533125595482
PRK,2018,,700.51333125908
PRK,2019,,763.672802269615
PRK,2020,,726.927801005035
PRK,2021,,619.354172479083
PRK,2022,,640.523349670569
PRK,2023,,664.865788978641
PRK,2024,,
PRK,2025,,
PRT,1960,3339150157.85605,
PRT,1961,3573719084.53354,
PRT,1962,3835883663.25123,
PRT,1963,4084251592.81599,
PRT,1964,4429202656.90741,
PRT,1965,4901711247.81592,
PRT,1966,5370108031.12859,
PRT,1967,6002607029.64663,
PRT,1968,6644693214.18343,
PRT,1969,7287555035.34403,
PRT,1970,8108235704.32357,
PRT,1971,9201604240.28269,
PRT,1972,11239117865.0852,
PRT,1973,15090564186.4268,
PRT,1974,17512391475.9274,
PRT,1975,19347607843.1373,
PRT,1976,20332831564.9867,
PRT,1977,21439523310.6338,
PRT,1978,23487614051.0949,
PRT,1979,26622819672.1311,
PRT,1980,32896519823.7885,
PRT,1981,31977276872.9642,
PRT,1982,30527754793.1382,
PRT,1983,27239650741.9472,
PRT,1984,25217969049.5755,
PRT,1985,27115807742.0873,
PRT,1986,38745901353.7059,
PRT,1987,48182925857.4071,
PRT,1988,56347250696.3788,
PRT,1989,60594092182.3275,
PRT,1990,78713860216.5659,1680.88286201382
PRT,1991,89233599278.4792,1703.25479262559
PRT,1992,107592098307.098,1813.60280380135
PRT,1993,95009751901.2592,1786.33794491445
PRT,1994,99688641304.3478,1827.69065121281
PRT,1995,118122007430.012,2013.96965845437
PRT,1996,122630089680.27,1986.79149693102
PRT,1997,117016535162.95,2083.46205659678
PRT,1998,123946327916.296,2240.06330016631
PRT,1999,127470385557.184,2390.35284181731
PRT,2000,118605192877.388,2390.18870122638
PRT,2001,121604107164.997,2391.32113737669
PRT,2002,134795565549.419,2477.60275830907
PRT,2003,165226175536.793,2400.86139844201
PRT,2004,189382122532.169,2463.10248808928
PRT,2005,197253876704.921,2519.13901861547
PRT,2006,208756449275.848,2390.46374599498
PRT,2007,240496147317.381,2402.51066519403
PRT,2008,263416394624.084,2337.4925314705
PRT,2009,244667762835.543,2304.1784841547
PRT,2010,238443864993.217,2222.62833547109
PRT,2011,245426767676.002,2164.03219875257
PRT,2012,216536676771.973,2039.16999711033
PRT,2013,226677408291.745,2055.58816601984
PRT,2014,230078616299.675,2035.41142547114
PRT,2015,199038523119.639,2121.0872664787
PRT,2016,206305431241.638,2111.0971132123
PRT,2017,220862990767.229,2209.9813508898
PRT,2018,242092894542.888,2140.97558921814
PRT,2019,240115970063.019,2115.18570481977
PRT,2020,229618773422.577,1957.30550192994
PRT,2021,256055879091.139,1943.29269675495
PRT,2022,256898677175.024,1949.86496103932
PRT,2023,292323800948.839,1853.15672016889
PRT,2024,313271185085.102,1815.40132453961
PRT,2025,,
PRY,1960,288884368.016934,
PRY,1961,322053713.15873,
PRY,1962,360698412.698413,
PRY,1963,383904761.904762,
PRY,1964,408349206.349206,
PRY,1965,443587301.587302,
PRY,1966,465888888.888889,
PRY,1967,492674603.174603,
PRY,1968,517650793.650794,
PRY,1969,556293650.793651,
PRY,1970,594611111.111111,
PRY,1971,664571428.571429,
PRY,1972,769039682.539683,
PRY,1973,995531746.031746,
PRY,1974,1333475396.8254,
PRY,1975,1511420634.92063,
PRY,1976,1698960317.46032,
PRY,1977,2092158730.15873,
PRY,1978,2559857142.85714,
PRY,1979,3416777777.77778,
PRY,1980,4448087301.5873,
PRY,1981,5624515873.01587,
PRY,1982,5419411764.70588,
PRY,1983,5673248726.16438,
PRY,1984,4502462807.13993,
PRY,1985,3282449235.76129,
PRY,1986,3723993942.79088,
PRY,1987,3971044723.8024,
PRY,1988,4255683528.33333,
PRY,1989,4757732199.96213,
PRY,1990,5812114523.01187,761.478510309836
PRY,1991,6984367762.90371,765.519159249303
PRY,1992,7157424031.06045,742.794117676138
PRY,1993,7249533620.30614,751.970809780856
PRY,1994,7870982004.8195,802.107643491508
PRY,1995,9062131475.02318,856.423975305465
PRY,1996,9788391780.52421,855.485926426077
PRY,1997,9965225678.05093,909.588896194893
PRY,1998,9260481572.42462,879.796557484584
PRY,1999,8837070235.51892,824.241965931781
PRY,2000,8855705139.55857,756.712974544407
PRY,2001,8495806432.18467,756.521131169345
PRY,2002,7196260656.84556,740.239930868724
PRY,2003,7691367471.17992,747.213467666312
PRY,2004,9624440836.29309,745.141305382425
PRY,2005,10737500188.1123,727.726114470464
PRY,2006,13429430050.261,742.137810783961
PRY,2007,17856393235.4338,748.808732851018
PRY,2008,24615267663.5385,795.13978096029
PRY,2009,22355151162.0031,803.842403165747
PRY,2010,27260886405.2341,845.813455856112
PRY,2011,33756238766.4931,846.378069858717
PRY,2012,33271921136.3071,838.725851852828
PRY,2013,38501122141.4135,834.864412287503
PRY,2014,40377929295.6522,859.864131506698
PRY,2015,36211447840.1027,925.193411629783
PRY,2016,36089700222.9546,1072.60628446376
PRY,2017,38997129473.5613,1116.33946333541
PRY,2018,40225448340.6341,1130.48367815286
PRY,2019,37925338329.156,1105.56253694542
PRY,2020,35432178068.1756,1056.5406299527
PRY,2021,39950899938.7474,1094.06594460795
PRY,2022,41952910858.0846,1044.98506765929
PRY,2023,43118053174.5461,1043.9548570783
PRY,2024,44458118397.4445,
PRY,2025,,
PSE,1960,,
PSE,1961,,
PSE,1962,,
PSE,1963,,
PSE,1964,,
PSE,1965,,
PSE,1966,,
PSE,1967,,
PSE,1968,,
PSE,1969,,
PSE,1970,,
PSE,1971,,
PSE,1972,,
PSE,1973,,
PSE,1974,,
PSE,1975,,
PSE,1976,,
PSE,1977,,
PSE,1978,,
PSE,1979,,
PSE,1980,,
PSE,1981,,
PSE,1982,,
PSE,1983,,
PSE,1984,,
PSE,1985,,
PSE,1986,,
PSE,1987,,
PSE,1988,,
PSE,1989,,
PSE,1990,,
PSE,1991,,
PSE,1992,,
PSE,1993,,
PSE,1994,2843300000.0,
PSE,1995,3282800000.0,
PSE,1996,3409600000.0,
PSE,1997,3759800000.0,
PSE,1998,4067800000.0,
PSE,1999,4271200000.0,
PSE,2000,4313600000.0,
PSE,2001,4003700000.0,
PSE,2002,3555800000.0,
PSE,2003,3968000000.0,
PSE,2004,4603100000.0,
PSE,2005,5125700000.0,
PSE,2006,5348300000.0,
PSE,2007,5815700000.0,
PSE,2008,7310400000.0,
PSE,2009,8085700000.0,
PSE,2010,9681500000.0,
PSE,2011,11186100000.0,
PSE,2012,12208400000.0,
PSE,2013,13515500000.0,
PSE,2014,13989700000.0,
PSE,2015,13972400000.0,
PSE,2016,15405400000.0,
PSE,2017,16128000000.0,
PSE,2018,16276600000.0,
PSE,2019,17133500000.0,
PSE,2020,15531700000.0,
PSE,2021,18109000000.0,
PSE,2022,19165500000.0,
PSE,2023,17847900000.0,
PSE,2024,13711100000.0,
PSE,2025,,
PSS,1960,,
PSS,1961,,
PSS,1962,,
PSS,1963,,
PSS,1964,,
PSS,1965,,
PSS,1966,,
PSS,1967,,
PSS,1968,,
PSS,1969,,
PSS,1970,423802353.214943,
PSS,1971,477298982.38294,
PSS,1972,565885771.690898,
PSS,1973,757316230.701195,
PSS,1974,1027747649.55854,
PSS,1975,1136928461.97446,
PSS,1976,1137538860.09831,
PSS,1977,1196696800.8061,
PSS,1978,1371556833.26728,
PSS,1979,1652934748.58291,
PSS,1980,1890599862.17306,
PSS,1981,1955541041.41009,
PSS,1982,1925494376.45517,
PSS,1983,1843535002.96169,
PSS,1984,1938376709.25212,
PSS,1985,1862560930.08934,
PSS,1986,2030345446.65008,
PSS,1987,1986467977.58922,
PSS,1988,2046486236.29193,
PSS,1989,2132424514.70178,
PSS,1990,2385132399.14983,317.428244615833
PSS,1991,2529727432.96099,
PSS,1992,2776997611.93854,
PSS,1993,2916179026.94266,
PSS,1994,3414639447.83478,
PSS,1995,3704482553.04378,
PSS,1996,3969814413.00006,
PSS,1997,3979427587.98908,
PSS,1998,3430045708.53207,
PSS,1999,3741318814.04879,
PSS,2000,3444510978.45745,
PSS,2001,3387243161.85647,
PSS,2002,3551511825.22848,
PSS,2003,4235417103.89125,
PSS,2004,4871855227.66746,453.386455781781
PSS,2005,5408552591.61551,404.694054761991
PSS,2006,5676286530.76555,392.885398313871
PSS,2007,6254737579.62755,377.988501802454
PSS,2008,6698070453.1824,
PSS,2009,6037139996.77033,
PSS,2010,6641384396.17265,
PSS,2011,7750253720.19441,
PSS,2012,8215475282.96577,
PSS,2013,8541905877.81349,
PSS,2014,9287744622.48688,
PSS,2015,9105865614.90318,
PSS,2016,9556119494.38469,
PSS,2017,10290493043.4688,
PSS,2018,10796141328.2336,
PSS,2019,10624838178.1263,
PSS,2020,9323221713.12119,
PSS,2021,9453908127.9322,
PSS,2022,10350119919.8256,
PSS,2023,11224282183.2085,
PSS,2024,12124739862.5303,
PSS,2025,,
PST,1960,1036846404629.66,
PST,1961,1104529743893.63,
PST,1962,1194893901950.17,
PST,1963,1285602367385.2,
PST,1964,1404569277544.68,
PST,1965,1527388165094.78,
PST,1966,1671049000687.52,
PST,1967,1785813539500.6,
PST,1968,1936814609946.54,
PST,1969,2133714911578.01,
PST,1970,2340980541390.25,
PST,1971,2598629201643.57,
PST,1972,3017210744666.43,
PST,1973,3649031565778.63,
PST,1974,4076836031233.59,
PST,1975,4568901659447.27,
PST,1976,4956423785910.19,
PST,1977,5600985628552.04,
PST,1978,6747119823317.64,
PST,1979,7752803275148.3,
PST,1980,8579077346423.67,
PST,1981,8678485277522.67,
PST,1982,8639011117249.76,
PST,1983,8965479265577.29,
PST,1984,9367677548893.54,
PST,1985,9862682650638.41,
PST,1986,12057445738906.0,
PST,1987,13979579930866.8,
PST,1988,15749021455055.1,
PST,1989,16446952584907.3,
PST,1990,18452271061071.4,4739.93199403091
PST,1991,19463679791716.6,4752.87026088545
PST,1992,20883380153099.0,4722.35606838999
PST,1993,21035284641458.5,4725.36248244362
PST,1994,22531939069611.8,4746.01871768074
PST,1995,25003710577480.3,4810.15047582783
PST,1996,25123705138852.3,4902.99063258482
PST,1997,24632009706644.9,4905.69495932128
PST,1998,24729604929999.5,4893.43413564983
PST,1999,25979732809251.5,4953.34082303441
PST,2000,26438505722462.0,5035.21243382012
PST,2001,26184037125663.6,4994.7917481281
PST,2002,27313364825215.3,5002.97471758747
PST,2003,30628727069752.9,5046.29573639116
PST,2004,34039699724658.1,5115.81855720057
PST,2005,35832108742171.1,5100.27269424514
PST,2006,37714121018548.2,5064.16820245263
PST,2007,41169440746383.3,5049.76030928317
PST,2008,43606905463177.5,4943.72996213776
PST,2009,41066034459934.1,4684.80864553438
PST,2010,42835110366846.5,4824.10547002877
PST,2011,46024007727818.3,4695.04802764348
PST,2012,45942497522572.9,4621.37229027219
PST,2013,46413780180350.6,4628.23773679467
PST,2014,47352271526907.4,4559.42672370664
PST,2015,44767511150189.7,4519.26774444231
PST,2016,45775578499373.8,4494.92683017301
PST,2017,47734461117479.6,4502.74636045663
PST,2018,50607464286251.2,4530.58478696283
PST,2019,51107356012296.7,4476.64594006673
PST,2020,49979090891717.7,4158.67066597263
PST,2021,55667487544829.4,4355.29806930325
PST,2022,56953387691844.6,4270.71829229156
PST,2023,60342185357196.2,4158.62201522739
PST,2024,62787810951925.4,4320.23997937752
PST,2025,,
PYF,1960,,
PYF,1961,,
PYF,1962,,
PYF,1963,,
PYF,1964,,
PYF,1965,176534588.403052,
PYF,1966,215659453.550939,
PYF,1967,220984367.626581,
PYF,1968,259590074.527934,
PYF,1969,242943783.142736,
PYF,1970,254036000.752587,
PYF,1971,296865513.746817,
PYF,1972,326433558.076079,
PYF,1973,431252938.061046,
PYF,1974,555340842.860311,
PYF,1975,690323388.529907,
PYF,1976,732288906.273954,
PYF,1977,793196378.708826,
PYF,1978,1005569835.39664,
PYF,1979,1215032463.67336,
PYF,1980,1320416024.95218,
PYF,1981,1234743073.00034,
PYF,1982,1235897957.88874,
PYF,1983,1284180701.00787,
PYF,1984,1325515445.08362,
PYF,1985,1448281228.15738,
PYF,1986,2212028299.56001,
PYF,1987,2677977163.2095,
PYF,1988,2723496362.0482,
PYF,1989,2731683484.45369,
PYF,1990,3320159522.36546,
PYF,1991,3410078967.89823,
PYF,1992,3713785765.42205,
PYF,1993,3544608548.41734,
PYF,1994,3676123788.0323,
PYF,1995,4186994249.08861,
PYF,1996,4166072829.60099,
PYF,1997,3762859093.26192,
PYF,1998,3903186592.82431,
PYF,1999,3911602004.14205,
PYF,2000,3599845480.34359,
PYF,2001,3573808556.31268,
PYF,2002,3965405552.5203,
PYF,2003,4927780606.7707,
PYF,2004,5564109981.9138,
PYF,2005,5705052134.54253,
PYF,2006,5877997979.62266,
PYF,2007,6631156405.59637,
PYF,2008,7136741421.95908,
PYF,2009,6584557973.9375,
PYF,2010,6086644798.55982,
PYF,2011,6203940036.91982,
PYF,2012,5692858099.00217,
PYF,2013,6031827122.60663,
PYF,2014,6151996560.84289,
PYF,2015,5325846361.81186,
PYF,2016,5497036476.8031,
PYF,2017,5833352692.7995,
PYF,2018,6135116253.33452,
PYF,2019,6022276196.13871,
PYF,2020,5574821989.38239,
PYF,2021,5994931236.42282,
PYF,2022,5622688338.06317,
PYF,2023,6137447782.87066,
PYF,2024,6323716355.05009,
PYF,2025,,
QAT,1960,,
QAT,1961,,
QAT,1962,,
QAT,1963,,
QAT,1964,,
QAT,1965,,
QAT,1966,,
QAT,1967,,
QAT,1968,,
QAT,1969,,
QAT,1970,301791301.791302,
QAT,1971,387703105.521252,
QAT,1972,510262500.1767,
QAT,1973,793885559.971313,
QAT,1974,2401403227.44085,
QAT,1975,2512773165.81173,
QAT,1976,3284273986.71808,
QAT,1977,3617564637.88865,
QAT,1978,4052000412.70087,
QAT,1979,5632962996.82641,
QAT,1980,7829165261.81396,
QAT,1981,8661263763.73626,
QAT,1982,7596703214.28571,
QAT,1983,6467582307.69231,
QAT,1984,6704395824.17582,
QAT,1985,6153296456.04396,
QAT,1986,5053021950.54945,
QAT,1987,5446428681.31868,
QAT,1988,6038187032.96703,
QAT,1989,6487912087.91209,
QAT,1990,7360439423.07692,14843.3629157144
QAT,1991,6883516483.51648,15893.6888637923
QAT,1992,7646153983.51648,16086.8310811281
QAT,1993,7156593653.84615,16177.5093140931
QAT,1994,7374450769.23077,15753.4549066912
QAT,1995,8137911978.02198,15853.7577398647
QAT,1996,9059340384.61539,16354.5772565174
QAT,1997,11297802115.3846,18253.2498878231
QAT,1998,10255495027.4725,18012.5122369132
QAT,1999,12393131868.1319,17625.6573136567
QAT,2000,17759890109.8901,16853.5131028918
QAT,2001,17538461538.4615,16740.6866104411
QAT,2002,19363736263.7363,18009.6331286529
QAT,2003,23533791208.7912,17779.7436857851
QAT,2004,31734065934.0659,21557.4750763638
QAT,2005,44530494505.4945,20198.1689051663
QAT,2006,60882142857.1429,20140.3428752631
QAT,2007,79712087912.0879,18323.3464644697
QAT,2008,115270054945.055,15946.7278040391
QAT,2009,97798351648.3516,15063.2666244935
QAT,2010,123627197802.198,16779.9216747321
QAT,2011,167775274725.275,16473.4269691009
QAT,2012,186833516483.516,21456.0669284592
QAT,2013,198727747252.747,20642.1423232651
QAT,2014,206224725274.725,17814.5431104326
QAT,2015,161739835164.835,16427.7565434994
QAT,2016,151732142857.143,15178.8562114172
QAT,2017,161099175824.176,16718.237047918
QAT,2018,183335164835.165,16139.7708310186
QAT,2019,176371428571.429,15760.447244716
QAT,2020,144411538461.538,14869.1047902561
QAT,2021,179732142857.143,17103.3823019572
QAT,2022,235709340659.341,16875.5882360595
QAT,2023,217308516483.516,16343.0404045489
QAT,2024,219162637362.637,
QAT,2025,,
ROU,1960,,
ROU,1961,,
ROU,1962,,
ROU,1963,,
ROU,1964,,
ROU,1965,,
ROU,1966,,
ROU,1967,,
ROU,1968,,
ROU,1969,,
ROU,1970,,
ROU,1971,,
ROU,1972,,
ROU,1973,,
ROU,1974,,
ROU,1975,,
ROU,1976,,
ROU,1977,,
ROU,1978,,
ROU,1979,,
ROU,1980,,
ROU,1981,,
ROU,1982,,
ROU,1983,,
ROU,1984,,
ROU,1985,,
ROU,1986,,
ROU,1987,38067567567.5676,
ROU,1988,40424528301.8868,
ROU,1989,41450777202.0725,
ROU,1990,38247882300.4904,2671.36962946956
ROU,1991,28850634899.856,2220.46475650881
ROU,1992,25121666666.6667,2020.96066672171
ROU,1993,26361160449.9704,2007.21364485422
ROU,1994,30072805104.2542,1896.34525995591
ROU,1995,37430162102.6125,2054.45247554785
ROU,1996,36937074278.3004,2115.50331778847
ROU,1997,35575214078.2428,1990.18638099548
ROU,1998,41696091973.7076,1825.71004452739
ROU,1999,35953156753.739,1613.96489981066
ROU,2000,37253739511.1273,1615.33488235312
ROU,2001,40395116581.4832,1666.72400767413
ROU,2002,46065502702.5817,1755.33108643191
ROU,2003,57806384143.166,1841.57433869048
ROU,2004,74973656851.8076,1807.04208024679
ROU,2005,98454380120.0761,1808.18761844581
ROU,2006,122023735992.706,1881.71766548482
ROU,2007,174588782938.583,1900.48321448247
ROU,2008,214315932061.275,1925.09359481658
ROU,2009,174110532658.867,1707.81228256351
ROU,2010,170064350671.827,1724.69848692837
ROU,2011,192623977894.173,1771.70358553223
ROU,2012,179117323107.087,1736.57620479665
ROU,2013,189798603751.235,1590.19381302075
ROU,2014,199722319675.741,1579.40659793132
ROU,2015,177885131240.315,1598.69179785792
ROU,2016,185290759248.844,1604.62335040687
ROU,2017,210147385855.419,1693.37364201715
ROU,2018,241791427223.903,1717.11748022415
ROU,2019,250080428511.595,1705.25777604649
ROU,2020,250625048303.578,1669.6382293589
ROU,2021,285071280114.469,1787.09564245924
ROU,2022,295319437556.988,1655.23818974845
ROU,2023,347757995758.914,1600.61942333991
ROU,2024,382564217988.866,
ROU,2025,,
RUS,1960,,
RUS,1961,,
RUS,1962,,
RUS,1963,,
RUS,1964,,
RUS,1965,,
RUS,1966,,
RUS,1967,,
RUS,1968,,
RUS,1969,,
RUS,1970,,
RUS,1971,,
RUS,1972,,
RUS,1973,,
RUS,1974,,
RUS,1975,,
RUS,1976,,
RUS,1977,,
RUS,1978,,
RUS,1979,,
RUS,1980,,
RUS,1981,,
RUS,1982,,
RUS,1983,,
RUS,1984,,
RUS,1985,,
RUS,1986,,
RUS,1987,,
RUS,1988,554828660436.137,
RUS,1989,506631299734.748,
RUS,1990,517014446227.929,5942.67811987717
RUS,1991,517962962962.963,5871.9943382327
RUS,1992,460290556900.726,5357.07699443819
RUS,1993,435083713850.837,5060.11636686839
RUS,1994,395077301248.464,4427.26643919973
RUS,1995,395537185734.854,4291.53342502059
RUS,1996,391724890744.498,4254.59294421479
RUS,1997,404928954191.876,4070.65837100817
RUS,1998,270955486862.442,3982.26585700237
RUS,1999,195907128350.934,4137.74703962256
RUS,2000,259710142196.943,4224.98951887146
RUS,2001,306602070620.5,4287.90829493258
RUS,2002,345470494417.863,4289.43957286052
RUS,2003,430347420184.885,4461.83176005763
RUS,2004,591016690732.385,4494.50152836851
RUS,2005,764015973481.11,4541.20863501769
RUS,2006,989932071352.543,4689.15108443259
RUS,2007,1299703478481.65,4710.47452096269
RUS,2008,1660848058303.11,4822.38136319959
RUS,2009,1222645900055.7,4529.20319928613
RUS,2010,1524916715223.95,4853.36753031766
RUS,2011,2045922753398.04,5004.23439250465
RUS,2012,2208293553878.42,5056.08323400834
RUS,2013,2292470078346.22,4919.89870162422
RUS,2014,2059241589895.01,4915.75746633152
RUS,2015,1363482182197.71,4804.23014928516
RUS,2016,1276786350881.14,4936.04266971322
RUS,2017,1574199360089.0,5018.77352571388
RUS,2018,1657328773461.31,5279.09416060338
RUS,2019,1693115002708.32,5082.7299560342
RUS,2020,1493075894362.14,5068.38550364971
RUS,2021,1829186719575.1,5710.55279279027
RUS,2022,2291612121334.64,5707.1572675389
RUS,2023,2071505725030.58,5498.30525622561
RUS,2024,2173835806671.66,
RUS,2025,,
RWA,1960,119000024.0,
RWA,1961,122000016.0,
RWA,1962,125000008.0,
RWA,1963,128000000.0,
RWA,1964,129999994.0,
RWA,1965,148799980.0,
RWA,1966,124525702.857143,
RWA,1967,159560018.0,
RWA,1968,172200018.0,
RWA,1969,188700037.0,
RWA,1970,219900006.0,
RWA,1971,222952504.40607,
RWA,1972,246457838.336681,
RWA,1973,290746157.145921,
RWA,1974,308458423.183854,
RWA,1975,571863500.248658,
RWA,1976,637753853.12552,
RWA,1977,746650613.034794,
RWA,1978,905709076.42303,
RWA,1979,1109346130.95265,
RWA,1980,1254765641.52116,
RWA,1981,1407062526.91521,
RWA,1982,1407243139.2545,
RWA,1983,1479687586.94292,
RWA,1984,1587413083.9206,
RWA,1985,1715626330.59472,
RWA,1986,1944710683.87148,
RWA,1987,2157432667.61598,
RWA,1988,2395492686.78165,
RWA,1989,2405022593.05165,
RWA,1990,2550185679.08109,910.047567497647
RWA,1991,1911600236.67461,839.750045260046
RWA,1992,2029026961.55894,758.600903679662
RWA,1993,1971525711.83511,687.290818713038
RWA,1994,753636370.454545,857.187986944566
RWA,1995,1293535193.49248,1148.23387240365
RWA,1996,1382334879.40812,1006.69129845953
RWA,1997,1851558197.31088,1002.58917457371
RWA,1998,1989343546.17594,518.902996023515
RWA,1999,2157108262.84452,529.142592608143
RWA,2000,2068836754.37431,412.447351013068
RWA,2001,1966600715.49841,408.921325852057
RWA,2002,1966003468.49117,409.083073593481
RWA,2003,2138237278.73822,398.625613363189
RWA,2004,2376496067.01198,390.815363964243
RWA,2005,2933819766.17656,356.546532493533
RWA,2006,3319784538.73346,355.85273565133
RWA,2007,4070507894.61656,352.766609707232
RWA,2008,5179854064.57033,352.090704036979
RWA,2009,5674476969.06444,355.065028638124
RWA,2010,6124756654.12346,353.909116593946
RWA,2011,6884913658.10632,355.228429766864
RWA,2012,7654761050.18587,358.876407852789
RWA,2013,7819964030.17937,359.526014729978
RWA,2014,8238966124.23115,356.664550107493
RWA,2015,8543760199.80208,354.428994022274
RWA,2016,8695272057.91798,351.766771528562
RWA,2017,9252833891.40871,355.180227607058
RWA,2018,9637904520.86283,357.71621717478
RWA,2019,10349300276.7623,358.460381878131
RWA,2020,10174386856.6101,358.249550207672
RWA,2021,11078787090.1564,362.679226062045
RWA,2022,13316161002.3912,369.875267295998
RWA,2023,14331722703.4134,371.93592669295
RWA,2024,14251642235.0968,
RWA,2025,,
SAS,1960,43270012739.1649,
SAS,1961,46076379864.3708,
SAS,1962,49304727903.0606,
SAS,1963,55539363101.615,
SAS,1964,63741466508.7531,
SAS,1965,67970199332.8318,
SAS,1966,54738691616.6907,
SAS,1967,60155334542.3489,
SAS,1968,63211416560.9717,
SAS,1969,69748993757.947,
SAS,1970,74658791269.593,
SAS,1971,79443177465.6173,
SAS,1972,81426298286.7553,
SAS,1973,97561887957.8079,
SAS,1974,116963620422.229,
SAS,1975,123400629130.854,
SAS,1976,117988534885.073,
SAS,1977,136743438548.561,
SAS,1978,155039888662.564,
SAS,1979,173920685619.916,
SAS,1980,210608299657.661,
SAS,1981,220616445555.575,
SAS,1982,226594563448.698,
SAS,1983,243700817417.399,
SAS,1984,239973094448.251,
SAS,1985,263678832418.149,
SAS,1986,280349120351.568,
SAS,1987,313355004645.126,
SAS,1988,334074870363.848,
SAS,1989,335790574664.33,
SAS,1990,364740287587.943,300.088642832757
SAS,1991,314469355543.217,306.445640808855
SAS,1992,333546277429.535,311.210413690381
SAS,1993,327009281232.946,314.161236482405
SAS,1994,377442853701.433,321.943918053024
SAS,1995,416341940329.578,334.733364422093
SAS,1996,458508459742.388,340.351792076347
SAS,1997,484982931205.649,348.137250206427
SAS,1998,492856423475.407,350.144254750157
SAS,1999,531825749349.825,363.486860024881
SAS,2000,544940514563.357,366.028600098071
SAS,2001,562554379798.02,365.884052514958
SAS,2002,593707009776.721,369.330182812147
SAS,2003,694775911444.331,372.388009186859
SAS,2004,804159915389.764,386.207568743456
SAS,2005,924419567611.272,395.625855946391
SAS,2006,1051884831127.45,410.716774250804
SAS,2007,1342148092012.26,428.288209838353
SAS,2008,1347380565219.4,446.491180914117
SAS,2009,1502961023415.75,471.611450049472
SAS,2010,1869826822189.78,492.49058573546
SAS,2011,2045738549420.96,506.213679119934
SAS,2012,2057958207279.98,528.989239051318
SAS,2013,2111097579998.97,534.988418804067
SAS,2014,2323062261530.8,564.929405853257
SAS,2015,2414503392484.38,577.180149335876
SAS,2016,2679313169377.96,584.677609249519
SAS,2017,3075955432871.73,603.637618650025
SAS,2018,3159841615195.07,621.31111888334
SAS,2019,3318484576527.33,621.768218900534
SAS,2020,3172770463749.49,592.370513170141
SAS,2021,3717045071833.11,633.381629990765
SAS,2022,3930640287773.46,675.790023000581
SAS,2023,4210302249458.65,704.462550023437
SAS,2024,4512296631866.32,
SAS,2025,,
SAU,1960,1748124063.55556,
SAU,1961,1920811284.22222,
SAU,1962,2130606531.77778,
SAU,1963,2207393171.55556,
SAU,1964,2371808712.88889,
SAU,1965,2647955557.55556,
SAU,1966,2920555557.11111,
SAU,1967,3257022222.66667,
SAU,1968,4187777711.11111,
SAU,1969,4485777644.44444,
SAU,1970,5377333333.33333,
SAU,1971,7184806909.28939,
SAU,1972,9664267086.60323,
SAU,1973,14947435499.323,
SAU,1974,45412957746.4789,
SAU,1975,46773208642.6814,
SAU,1976,64005665722.3796,
SAU,1977,74188986586.0629,
SAU,1978,80266516686.5614,
SAU,1979,111858444786.224,
SAU,1980,164539660725.118,
SAU,1981,184291360138.69,
SAU,1982,153240313858.323,
SAU,1983,129171635311.143,
SAU,1984,119624858115.778,
SAU,1985,103897846493.65,
SAU,1986,86961922765.3254,
SAU,1987,85695861148.1976,
SAU,1988,88256074766.3551,
SAU,1989,95344459279.0387,
SAU,1990,117630173564.753,5451.71882279534
SAU,1991,132223230974.633,6050.38289786175
SAU,1992,137087850467.29,6582.97119687211
SAU,1993,132967957276.368,6537.84679475271
SAU,1994,135174899866.489,6591.02644141393
SAU,1995,143343124165.554,6316.7131696411
SAU,1996,158662483311.081,6494.45936719249
SAU,1997,165963684913.218,6019.93240274695
SAU,1998,146775466666.667,6169.38088980637
SAU,1999,161717066666.667,6054.28343091785
SAU,2000,189514933333.333,6516.00755562211
SAU,2001,184137600000.0,6348.58935367071
SAU,2002,189605866666.667,6826.99573187577
SAU,2003,215807733333.333,6631.81585672969
SAU,2004,258742133333.333,6375.54473048108
SAU,2005,328459608764.111,6447.07190249029
SAU,2006,376900133511.348,6605.44101687621
SAU,2007,415964509673.115,6696.94747279399
SAU,2008,519796800000.0,6980.05897029755
SAU,2009,429097866666.667,7125.05300494705
SAU,2010,528207466666.667,7965.26121862505
SAU,2011,680660800000.0,7979.3799657336
SAU,2012,751921333333.333,7862.42354103658
SAU,2013,769755733333.333,7401.17130265584
SAU,2014,787153066666.667,7959.81351652344
SAU,2015,693414400000.0,7786.91651664863
SAU,2016,689279466666.667,7521.58911581712
SAU,2017,741266133333.333,7707.05632967392
SAU,2018,886564800000.0,7650.76338796016
SAU,2019,888890133333.333,7669.39905417665
SAU,2020,767951200000.0,7172.00803547452
SAU,2021,982661066666.667,7467.02479068822
SAU,2022,1239075200000.0,7525.25321185534
SAU,2023,1218584533333.33,7148.58725115291
SAU,2024,1239804533333.33,
SAU,2025,,
SDN,1960,1126364161.7644,
SDN,1961,1222860428.55503,
SDN,1962,1328259624.72217,
SDN,1963,1351234926.33899,
SDN,1964,1388282600.1961,
SDN,1965,1446869619.31898,
SDN,1966,1484491675.71652,
SDN,1967,1607409539.36648,
SDN,1968,1677771400.56798,
SDN,1969,1847501441.26221,
SDN,1970,2100229759.04718,
SDN,1971,2288340041.03486,
SDN,1972,2483055722.23738,
SDN,1973,3077254460.30228,
SDN,1974,3958931659.84759,
SDN,1975,4823090191.91008,
SDN,1976,6013210815.66115,
SDN,1977,7499005639.37649,
SDN,1978,8128719315.0792,
SDN,1979,8418407786.60599,
SDN,1980,8951800000.0,
SDN,1981,10753888154.2798,
SDN,1982,8732542273.73424,
SDN,1983,8230153846.15385,
SDN,1984,10447615384.6154,
SDN,1985,8075259600.3398,
SDN,1986,10092200000.0,
SDN,1987,12093333333.3333,
SDN,1988,14372555555.5556,
SDN,1989,21408111111.1111,
SDN,1990,33641222222.2222,482.757306781047
SDN,1991,44171194366.2039,472.196993545664
SDN,1992,7031933491.84899,462.480044376231
SDN,1993,8881005435.80602,439.22493414856
SDN,1994,12793794737.042,496.439746631402
SDN,1995,13830363899.9163,485.611785120867
SDN,1996,9018300724.66086,486.421910396116
SDN,1997,11681175864.3383,485.578928301363
SDN,1998,11250221536.7484,478.711864498464
SDN,1999,10682028339.6898,517.980162387418
SDN,2000,12257299147.2936,486.895648884188
SDN,2001,15716361792.1926,494.123605509951
SDN,2002,18137128388.3606,517.547585761207
SDN,2003,21355298459.5955,491.363979157765
SDN,2004,26646007250.7319,481.357152467204
SDN,2005,35182711987.974,485.749820750348
SDN,2006,45263831634.1497,508.243151523165
SDN,2007,59440139774.8128,477.508307525311
SDN,2008,64833083257.1431,472.804911242702
SDN,2009,51621044076.9231,481.629873791934
SDN,2010,58962978034.4828,444.591378410567
SDN,2011,55018567210.5263,467.4243451203
SDN,2012,37632919966.6667,390.663141094355
SDN,2013,43024018082.1918,474.429516693273
SDN,2014,49516748617.9775,475.69336165065
SDN,2015,51726758676.7677,463.392093505504
SDN,2016,42630376000.0,448.495995599824
SDN,2017,41283617976.1905,443.135534218063
SDN,2018,32333780383.2924,435.189935766601
SDN,2019,32338079165.2893,435.437972807971
SDN,2020,27034593750.0,422.271579792382
SDN,2021,34229513774.9936,426.163230119972
SDN,2022,51666875363.0963,411.876785876591
SDN,2023,39898289820.7951,372.312971202034
SDN,2024,49672435513.1126,
SDN,2025,,
SEN,1960,1003692370.46869,
SEN,1961,1058975256.97025,
SEN,1962,1085475790.59112,
SEN,1963,1122139861.67805,
SEN,1964,1188930645.34423,
SEN,1965,1210058228.17112,
SEN,1966,1246908185.96343,
SEN,1967,1246480765.97984,
SEN,1968,1309384861.92219,
SEN,1969,1245234931.43233,
SEN,1970,1297407654.92832,
SEN,1971,1339549032.83782,
SEN,1972,1620857103.53492,
SEN,1973,1863398590.4556,
SEN,1974,2099325228.95651,
SEN,1975,2830388404.8977,
SEN,1976,2869777884.45166,
SEN,1977,2938046462.7098,
SEN,1978,3280354920.8516,
SEN,1979,4084877822.91679,
SEN,1980,4510108290.69571,
SEN,1981,4095892780.58289,
SEN,1982,4013951442.67081,
SEN,1983,3569356124.93159,
SEN,1984,3485165431.71354,
SEN,1985,3818944917.56713,
SEN,1986,5392093445.51053,
SEN,1987,6487353102.81483,
SEN,1988,6418419388.63499,
SEN,1989,6366039372.53683,
SEN,1990,7390967360.42121,218.451849681138
SEN,1991,7255210469.51743,210.722190985768
SEN,1992,7769817839.95644,217.81353234851
SEN,1993,7367986241.21869,211.181913648416
SEN,1994,5034588195.55806,204.210840716291
SEN,1995,6326342633.4034,210.782876892548
SEN,1996,6559712165.96508,210.661913604609
SEN,1997,6041478725.90443,218.163274180958
SEN,1998,6505607909.05324,225.041071935715
SEN,1999,6592834932.80876,231.69376452684
SEN,2000,6013185003.97525,240.56962512208
SEN,2001,6507824829.26254,253.79128464664
SEN,2002,7006402319.75856,249.886211773534
SEN,2003,8768721563.18211,235.81440136714
SEN,2004,10076816666.6196,247.017188309568
SEN,2005,11009033437.939,246.435668804505
SEN,2006,11697918243.0035,241.589611245821
SEN,2007,13994218412.9619,253.743519677808
SEN,2008,16853989627.548,259.2346121475
SEN,2009,16145867494.9405,304.736226945897
SEN,2010,16121315909.0758,313.396782040786
SEN,2011,17814283639.3119,317.49118236804
SEN,2012,17660870411.5235,302.418621518753
SEN,2013,18918667724.8817,271.06546719919
SEN,2014,19797253440.2679,284.845981855555
SEN,2015,17774766696.1759,296.775621300382
SEN,2016,19040312333.1864,287.042022425235
SEN,2017,20996562943.5979,278.019674604295
SEN,2018,23116701556.1381,274.379032674082
SEN,2019,23403995992.1354,298.559525125339
SEN,2020,24530513037.7518,280.607903309744
SEN,2021,27520784129.7508,294.173427358174
SEN,2022,27783332222.6759,315.965932815121
SEN,2023,30696331295.7826,291.050601075038
SEN,2024,32808056600.9436,
SEN,2025,,
SGP,1960,704751700.302494,
SGP,1961,764629788.123689,
SGP,1962,826239211.817511,
SGP,1963,917608012.491752,
SGP,1964,894153311.424857,
SGP,1965,974644096.144674,
SGP,1966,1096425608.09089,
SGP,1967,1238035815.78586,
SGP,1968,1425706091.0356,
SGP,1969,1659893767.84419,
SGP,1970,1920574150.17542,
SGP,1971,2263785443.61688,
SGP,1972,2721440980.75851,
SGP,1973,3696213333.33333,
SGP,1974,5221534955.64418,
SGP,1975,5633673929.99302,
SGP,1976,6327077974.10703,
SGP,1977,6618585073.66035,
SGP,1978,7517176354.84135,
SGP,1979,9296921723.83465,
SGP,1980,11896256782.8566,
SGP,1981,14175228843.6391,
SGP,1982,16084252378.473,
SGP,1983,17784112149.5327,
SGP,1984,19749361097.965,
SGP,1985,19156532745.7691,
SGP,1986,18586746056.9974,
SGP,1987,20919215578.2125,
SGP,1988,25371462488.1292,
SGP,1989,30465364738.6206,
SGP,1990,36144336768.7023,3782.71772957552
SGP,1991,45466164978.2923,4167.37343867502
SGP,1992,52131320032.8797,4588.88701797782
SGP,1993,60603815716.2653,5487.72262199385
SGP,1994,73688724431.1412,6460.58950762107
SGP,1995,87812540788.4293,5346.98780182868
SGP,1996,96293086513.0872,5359.513368456
SGP,1997,100123787215.299,5818.45053429947
SGP,1998,85728207781.7785,5083.35878222717
SGP,1999,86286849754.8905,4587.57994680042
SGP,2000,96076539925.7409,4634.81368272521
SGP,2001,89793790669.6515,5146.02323865296
SGP,2002,92538372869.6942,5066.19603486754
SGP,2003,97646401095.6369,6217.05880619521
SGP,2004,115033593101.049,7371.02793327917
SGP,2005,127807848728.398,4925.75757554205
SGP,2006,148627286361.351,5128.30865666219
SGP,2007,180941701357.97,4537.4171693226
SGP,2008,193617323539.203,4958.46248257993
SGP,2009,194150283771.566,5321.08304981114
SGP,2010,239807980591.24,4856.84920025022
SGP,2011,279356499090.458,4086.3260711538
SGP,2012,295092888076.589,4787.02308838074
SGP,2013,307576360584.992,5273.75292208676
SGP,2014,314863580758.455,4986.32779651842
SGP,2015,307998545269.398,5242.6504334371
SGP,2016,319646468521.497,5449.41985010808
SGP,2017,343673334902.33,5799.39529471808
SGP,2018,377123710560.614,5692.66564748734
SGP,2019,376161998830.048,5565.91519291042
SGP,2020,349165858544.568,5538.12371561154
SGP,2021,436591382250.464,5966.32763521289
SGP,2022,509017841146.557,5785.04367341681
SGP,2023,505439514078.019,5282.7637359991
SGP,2024,547386645891.847,
SGP,2025,,
SLB,1960,,
SLB,1961,,
SLB,1962,,
SLB,1963,,
SLB,1964,,
SLB,1965,,
SLB,1966,,
SLB,1967,25203524.0325638,
SLB,1968,28084252.7582748,
SLB,1969,28606411.398041,
SLB,1970,,
SLB,1971,50056882.8213879,
SLB,1972,40606712.050639,
SLB,1973,55272108.8435374,
SLB,1974,84539332.282562,
SLB,1975,74620320.0295339,
SLB,1976,83100834.307935,
SLB,1977,93145283.3557141,
SLB,1978,111027427.208358,
SLB,1979,151276496.482533,
SLB,1980,182852106.523408,
SLB,1981,193750540.701429,
SLB,1982,192902018.733318,
SLB,1983,181220398.969839,
SLB,1984,181570473.771605,
SLB,1985,165524943.492123,
SLB,1986,147620047.660063,
SLB,1987,155128542.419178,
SLB,1988,176494394.043362,
SLB,1989,172882410.578561,
SLB,1990,214877666.846068,160.852052438638
SLB,1991,227540473.340087,
SLB,1992,269034595.812985,
SLB,1993,300746361.128739,
SLB,1994,402837005.272596,
SLB,1995,469443201.503274,
SLB,1996,510586430.190127,
SLB,1997,526554005.954357,
SLB,1998,457579840.225066,
SLB,1999,488024514.369359,
SLB,2000,419842674.227652,
SLB,2001,409508552.979972,
SLB,2002,346406738.885237,
SLB,2003,417666638.600021,
SLB,2004,468000121.313434,122.205342901871
SLB,2005,552881356.697517,120.062929535481
SLB,2006,617257457.758489,120.017738214868
SLB,2007,695291217.982227,127.960076456146
SLB,2008,776335523.470373,
SLB,2009,805557289.459198,
SLB,2010,898128551.289162,
SLB,2011,1063898226.71892,
SLB,2012,1185217634.37393,
SLB,2013,1285905957.64116,
SLB,2014,1335576762.84974,
SLB,2015,1307908813.59962,
SLB,2016,1379486290.71433,
SLB,2017,1469790526.3972,
SLB,2018,1615473250.25259,
SLB,2019,1619150563.92084,
SLB,2020,1536143427.82958,
SLB,2021,1558312103.84225,
SLB,2022,1466670929.62333,
SLB,2023,1506124566.40404,
SLB,2024,1583964703.75061,
SLB,2025,,
SLE,1960,322009961.547048,
SLE,1961,327834190.577094,
SLE,1962,342721416.490967,
SLE,1963,348547278.787707,
SLE,1964,371847461.441278,
SLE,1965,359379856.248058,
SLE,1966,375479849.80806,
SLE,1967,348795303.000385,
SLE,1968,329859731.943893,
SLE,1969,408690163.476065,
SLE,1970,434410973.76439,
SLE,1971,419549304.72479,
SLE,1972,465381339.740404,
SLE,1973,575230724.377773,
SLE,1974,648590642.939889,
SLE,1975,679336343.584559,
SLE,1976,594895941.914381,
SLE,1977,691777583.951156,
SLE,1978,960728338.93643,
SLE,1979,1109374911.30306,
SLE,1980,1100685844.92284,
SLE,1981,1114830471.91787,
SLE,1982,1295361885.92419,
SLE,1983,995104305.347075,
SLE,1984,1087471861.98928,
SLE,1985,856890459.363958,
SLE,1986,490181456.62441,
SLE,1987,660106336.104339,
SLE,1988,1055083933.07498,
SLE,1989,932974420.276529,
SLE,1990,649644097.566129,
SLE,1991,779981987.10656,
SLE,1992,679940813.948366,
SLE,1993,768867882.965994,
SLE,1994,911853802.365613,
SLE,1995,870740291.519248,
SLE,1996,941709422.502965,
SLE,1997,850232760.017239,
SLE,1998,672368187.114756,
SLE,1999,669386623.951402,
SLE,2000,635866403.776065,
SLE,2001,1681473893.76655,
SLE,2002,1933863910.73227,
SLE,2003,2142618045.93129,
SLE,2004,2237350687.46606,
SLE,2005,2545275312.60512,
SLE,2006,3263697466.73514,
SLE,2007,3632957611.35152,
SLE,2008,4157895298.19572,
SLE,2009,3953403098.37107,
SLE,2010,4262805966.78755,
SLE,2011,4861632884.67985,
SLE,2012,6141666509.36295,
SLE,2013,7502762862.72657,
SLE,2014,7686138790.90872,
SLE,2015,6788352974.78329,
SLE,2016,6084297211.10217,
SLE,2017,5749846528.48046,
SLE,2018,6390514688.52816,
SLE,2019,6523577594.29408,
SLE,2020,6688307703.1447,
SLE,2021,7166931485.49433,
SLE,2022,7121125277.52542,
SLE,2023,6415852766.73832,
SLE,2024,6971127235.3123,
SLE,2025,,
SLV,1960,,
SLV,1961,,
SLV,1962,,
SLV,1963,,
SLV,1964,,
SLV,1965,877720000.0,
SLV,1966,929520000.0,
SLV,1967,976200000.0,
SLV,1968,1009760100.0,
SLV,1969,1049400000.0,
SLV,1970,1132920000.0,
SLV,1971,1186120000.0,
SLV,1972,1263720000.0,
SLV,1973,1442320000.0,
SLV,1974,1665880000.0,
SLV,1975,1884120100.0,
SLV,1976,2328280100.0,
SLV,1977,2941640100.0,
SLV,1978,3127960000.0,
SLV,1979,3463639900.0,
SLV,1980,3573959900.0,
SLV,1981,3437200200.0,
SLV,1982,3399189100.0,
SLV,1983,3506347800.0,
SLV,1984,3661683400.0,
SLV,1985,3800368600.0,
SLV,1986,3771663200.0,
SLV,1987,3958045800.0,
SLV,1988,4189880000.0,
SLV,1989,4372215300.0,
SLV,1990,4817542204.0,457.240592953815
SLV,1991,5252342400.0,494.00636935931
SLV,1992,5813399300.0,507.302975167018
SLV,1993,6680269200.0,526.988357274425
SLV,1994,7679384000.0,552.852651235905
SLV,1995,8921947100.0,583.227528030499
SLV,1996,9586327800.0,553.000781799593
SLV,1997,10221705900.0,608.277557924916
SLV,1998,10936669900.0,621.595123864483
SLV,1999,11284197000.0,641.247860752317
SLV,2000,11784927700.0,537.110967454389
SLV,2001,12282533600.0,568.00569056859
SLV,2002,12664190300.0,582.453658736363
SLV,2003,13243892200.0,622.386657178414
SLV,2004,13724810900.0,627.60446428589
SLV,2005,14698000000.0,643.90315216252
SLV,2006,15999890000.0,686.957827636037
SLV,2007,17011750000.0,694.537311720365
SLV,2008,17986890000.0,702.300695812568
SLV,2009,17601620000.0,689.42246753204
SLV,2010,18447920000.0,697.036927315506
SLV,2011,20283780000.0,692.505312990967
SLV,2012,21386150000.0,701.457404594185
SLV,2013,21990960000.0,660.094150213557
SLV,2014,22593470000.0,649.043175650273
SLV,2015,23438240000.0,674.353996656659
SLV,2016,24191430000.0,686.997805008996
SLV,2017,24979190000.0,674.665441622059
SLV,2018,26020850000.0,694.567755248769
SLV,2019,26881140000.0,734.799369844364
SLV,2020,24921190000.0,669.906894097857
SLV,2021,29043140000.0,722.144578885879
SLV,2022,31870120000.0,768.672020235867
SLV,2023,33853940000.0,793.53801922306
SLV,2024,35364960000.0,
SLV,2025,,
SMR,1960,,
SMR,1961,,
SMR,1962,,
SMR,1963,,
SMR,1964,,
SMR,1965,,
SMR,1966,,
SMR,1967,,
SMR,1968,,
SMR,1969,,
SMR,1970,,
SMR,1971,,
SMR,1972,,
SMR,1973,,
SMR,1974,,
SMR,1975,,
SMR,1976,,
SMR,1977,,
SMR,1978,,
SMR,1979,,
SMR,1980,,
SMR,1981,,
SMR,1982,,
SMR,1983,,
SMR,1984,,
SMR,1985,,
SMR,1986,,
SMR,1987,,
SMR,1988,,
SMR,1989,,
SMR,1990,,
SMR,1991,,
SMR,1992,,
SMR,1993,,
SMR,1994,,
SMR,1995,,
SMR,1996,,
SMR,1997,976606910.602381,
SMR,1998,1048316225.70471,
SMR,1999,1109473367.84318,
SMR,2000,1007661366.66959,
SMR,2001,1059529812.37456,
SMR,2002,1148872072.38556,
SMR,2003,1462590266.59186,
SMR,2004,1715340542.988,
SMR,2005,1786514058.22344,
SMR,2006,1909765165.43137,
SMR,2007,2188654628.38097,
SMR,2008,2403213305.03601,
SMR,2009,2064277126.41466,
SMR,2010,1881191925.32503,
SMR,2011,1813717438.69134,
SMR,2012,1604701299.43546,
SMR,2013,1678741475.14095,
SMR,2014,1673911426.17254,
SMR,2015,1419401070.56043,
SMR,2016,1468343139.74326,
SMR,2017,1528620346.31168,
SMR,2018,1655353653.05934,
SMR,2019,1616340692.28937,
SMR,2020,1541248248.80727,
SMR,2021,1855652786.18368,
SMR,2022,1829211863.9476,
SMR,2023,2027527227.831,
SMR,2024,,
SMR,2025,,
SOM,1960,180459936.776025,
SOM,1961,191659914.376034,
SOM,1962,203531927.547229,
SOM,1963,216145935.941626,
SOM,1964,229529912.668035,
SOM,1965,243725898.029641,
SOM,1966,257375897.049641,
SOM,1967,271781886.807245,
SOM,1968,286719885.312046,
SOM,1969,306357284.571429,
SOM,1970,347985394.285714,
SOM,1971,347039445.705569,
SOM,1972,447883941.190165,
SOM,1973,483699610.602563,
SOM,1974,572504035.901509,
SOM,1975,757015878.792693,
SOM,1976,871344245.115171,
SOM,1977,498550724.637681,
SOM,1978,564571823.20442,
SOM,1979,589566929.133858,
SOM,1980,602515548.452104,
SOM,1981,699302473.050095,
SOM,1982,774578931.96392,
SOM,1983,735408641.768548,
SOM,1984,787434541.728857,
SOM,1985,875702247.191011,
SOM,1986,916590786.326105,
SOM,1987,1018972664.4638,
SOM,1988,1051596967.1287,
SOM,1989,1181360843.93549,
SOM,1990,1031282081.16683,
SOM,1991,717974929.763158,
SOM,1992,709297578.5,
SOM,1993,1260132955.78746,
SOM,1994,1481205097.98113,
SOM,1995,1534756134.55022,
SOM,1996,1792234297.39194,
SOM,1997,2191749013.58124,
SOM,1998,2962047564.41651,
SOM,1999,3045751527.66005,
SOM,2000,3412797450.20112,
SOM,2001,2252847464.68608,
SOM,2002,2192684134.59273,
SOM,2003,2836724351.5616,
SOM,2004,3859592813.10255,
SOM,2005,4683246454.10048,
SOM,2006,5026743282.04251,
SOM,2007,5430713728.89074,
SOM,2008,5913620292.90573,
SOM,2009,2948594552.44952,
SOM,2010,2687807003.73935,
SOM,2011,2906000096.93249,
SOM,2012,4364670159.99578,
SOM,2013,5062881600.00104,
SOM,2014,5728399719.99958,
SOM,2015,6152149099.99942,
SOM,2016,6613743069.99912,
SOM,2017,7621501710.0012,
SOM,2018,7873000000.0,
SOM,2019,8656000000.0,
SOM,2020,8628000000.0,
SOM,2021,9483000000.0,
SOM,2022,10203000000.0,
SOM,2023,10958000000.0,
SOM,2024,11967000000.0,
SOM,2025,,
SRB,1960,,
SRB,1961,,
SRB,1962,,
SRB,1963,,
SRB,1964,,
SRB,1965,,
SRB,1966,,
SRB,1967,,
SRB,1968,,
SRB,1969,,
SRB,1970,,
SRB,1971,,
SRB,1972,,
SRB,1973,,
SRB,1974,,
SRB,1975,,
SRB,1976,,
SRB,1977,,
SRB,1978,,
SRB,1979,,
SRB,1980,,
SRB,1981,,
SRB,1982,,
SRB,1983,,
SRB,1984,,
SRB,1985,,
SRB,1986,,
SRB,1987,,
SRB,1988,,
SRB,1989,,
SRB,1990,,2474.74205425669
SRB,1991,,2180.94426022827
SRB,1992,,2006.92653842134
SRB,1993,,1706.63945425021
SRB,1994,,1570.44859262257
SRB,1995,17921892655.3672,1782.19587927974
SRB,1996,23277430167.5978,2141.60164822946
SRB,1997,27153408994.8074,2273.72549644671
SRB,1998,21004077441.4802,2273.87503539453
SRB,1999,20878694850.5767,1657.59106297871
SRB,2000,7326373882.11044,1801.4812028674
SRB,2001,13599378661.9952,1965.15252074554
SRB,2002,17930583571.3055,2097.94999221022
SRB,2003,23593044417.5086,2211.04337201789
SRB,2004,26845632341.8075,2418.7222777969
SRB,2005,28334256180.8801,2152.46605224195
SRB,2006,33298057361.7412,2293.67913246219
SRB,2007,44888028946.0854,2241.56812781607
SRB,2008,54220641201.6474,2292.38992431852
SRB,2009,46955984409.7271,2073.56720979204
SRB,2010,43536629233.1424,2145.49144722672
SRB,2011,51251098408.0924,2241.32678165321
SRB,2012,45103269969.4112,2023.83135868927
SRB,2013,50455529604.0696,2082.01493164812
SRB,2014,49114321280.3466,1861.59680519425
SRB,2015,41297410634.9586,2080.59060078258
SRB,2016,42225495909.5633,2165.83889288491
SRB,2017,45972834713.8077,2224.78515305498
SRB,2018,52787520248.9242,2200.40410311437
SRB,2019,53864693664.5568,2201.72012144367
SRB,2020,55874017668.998,2291.6081874127
SRB,2021,66159884072.5308,2355.24230805463
SRB,2022,66809895701.2152,2440.9165854049
SRB,2023,81343999280.0179,2378.08281785261
SRB,2024,90097765959.1114,
SRB,2025,,
SSA,1960,34318581554.5825,
SSA,1961,35775152382.1852,
SSA,1962,38743773907.0813,
SSA,1963,44252709650.7442,
SSA,1964,43834461490.6896,
SSA,1965,48308630395.089,
SSA,1966,52377020048.4816,
SSA,1967,52285172402.5817,
SSA,1968,55967306233.5137,
SSA,1969,63402019319.4766,
SSA,1970,70861621389.9776,
SSA,1971,72751099713.715,
SSA,1972,82091677366.1531,
SSA,1973,105089589307.762,
SSA,1974,133952983378.261,
SSA,1975,147548370828.576,
SSA,1976,159630685143.871,
SSA,1977,175173038310.069,
SSA,1978,196493025593.933,
SSA,1979,232170668171.039,
SSA,1980,292958117852.207,
SSA,1981,397377260074.553,
SSA,1982,368485556389.439,
SSA,1983,329001992004.17,
SSA,1984,293476584886.74,
SSA,1985,278370318090.919,
SSA,1986,259860678475.735,
SSA,1987,291516844626.973,
SSA,1988,307146992487.513,
SSA,1989,312233096692.86,
SSA,1990,366869004676.562,558.494846013767
SSA,1991,392433758461.8,562.504545944053
SSA,1992,354644522439.248,546.278575229884
SSA,1993,360284872802.794,547.839977920999
SSA,1994,370569432423.275,545.76920856906
SSA,1995,472705710256.859,554.169612733149
SSA,1996,528259992823.415,557.912612031745
SSA,1997,555912457054.065,560.386959846455
SSA,1998,558196701845.345,549.187174381714
SSA,1999,396097900741.092,544.579607187214
SSA,2000,419895964737.483,516.247936354498
SSA,2001,402042476808.84,507.638395898449
SSA,2002,440920665484.333,497.576738366057
SSA,2003,556578144172.593,515.271900210884
SSA,2004,691866842946.747,525.785837537768
SSA,2005,823668736698.489,519.719728241659
SSA,2006,972568420377.406,518.058456873388
SSA,2007,1124500296270.51,523.335425551581
SSA,2008,1272983700051.33,539.802368238158
SSA,2009,1208670461443.79,535.088067363781
SSA,2010,1438701031163.17,531.685406301805
SSA,2011,1617944194300.6,546.379520046204
SSA,2012,1672895604039.55,528.951499064238
SSA,2013,1776507851555.87,530.677668767001
SSA,2014,1845908277175.78,535.055742853432
SSA,2015,1624488271641.54,518.692741039501
SSA,2016,1461851860219.92,520.469809026449
SSA,2017,1594086359396.0,510.176487784858
SSA,2018,1713673886322.74,496.897707409811
SSA,2019,1952007800638.78,506.967077123782
SSA,2020,1802332899886.09,492.805298331082
SSA,2021,2030237669873.33,506.343639060221
SSA,2022,2167458359012.26,497.637932597282
SSA,2023,1979535952437.49,491.736625113242
SSA,2024,1827170966475.93,
SSA,2025,,
SSD,1960,,
SSD,1961,,
SSD,1962,,
SSD,1963,,
SSD,1964,,
SSD,1965,,
SSD,1966,,
SSD,1967,,
SSD,1968,,
SSD,1969,,
SSD,1970,,
SSD,1971,,
SSD,1972,,
SSD,1973,,
SSD,1974,,
SSD,1975,,
SSD,1976,,
SSD,1977,,
SSD,1978,,
SSD,1979,,
SSD,1980,,
SSD,1981,,
SSD,1982,,
SSD,1983,,
SSD,1984,,
SSD,1985,,
SSD,1986,,
SSD,1987,,
SSD,1988,,
SSD,1989,,
SSD,1990,,
SSD,1991,,
SSD,1992,,
SSD,1993,,
SSD,1994,,
SSD,1995,,
SSD,1996,,
SSD,1997,,
SSD,1998,,
SSD,1999,,
SSD,2000,,
SSD,2001,,
SSD,2002,,
SSD,2003,,
SSD,2004,,
SSD,2005,,
SSD,2006,,
SSD,2007,,
SSD,2008,14586253383.0632,
SSD,2009,12231264525.0671,
SSD,2010,14602072410.9506,
SSD,2011,14907308932.7534,
SSD,2012,11931472169.4915,59.2749172998602
SSD,2013,18426469016.9492,60.5484890514934
SSD,2014,13962212847.4576,62.1484252216993
SSD,2015,11997800760.2242,76.3915617802014
SSD,2016,,70.8326893678568
SSD,2017,,69.9997248691173
SSD,2018,,76.5379792989698
SSD,2019,,75.6565715025962
SSD,2020,,72.079285924941
SSD,2021,,73.0642324619261
SSD,2022,,70.1247745415271
SSD,2023,,68.6604990272928
SSD,2024,,
SSD,2025,,
SSF,1960,35992821734.5306,
SSF,1961,37521652879.6641,
SSF,1962,40553510689.9697,
SSF,1963,46127211026.221,
SSF,1964,45891005945.7252,
SSF,1965,50543636348.1424,
SSF,1966,54780137858.9382,
SSF,1967,54842900794.1516,
SSF,1968,58686298467.8433,
SSF,1969,66258274672.141,
SSF,1970,73998855803.616,
SSF,1971,76078810558.0095,
SSF,1972,85727757471.5518,
SSF,1973,109279758227.601,
SSF,1974,138641757472.571,
SSF,1975,152220676931.201,
SSF,1976,164674481161.533,
SSF,1977,180959309200.527,
SSF,1978,202653018739.213,
SSF,1979,238924186293.265,
SSF,1980,300099132923.764,
SSF,1981,404964037903.535,
SSF,1982,376485492802.867,
SSF,1983,337927843621.059,
SSF,1984,301936206027.115,
SSF,1985,288309829782.491,
SSF,1986,270239968939.1,
SSF,1987,302632023546.226,
SSF,1988,318689570071.268,
SSF,1989,324390129475.55,
SSF,1990,379792150457.814,538.957237745709
SSF,1991,406697201565.697,542.000991029135
SSF,1992,365899311503.049,526.643039084363
SSF,1993,369858486527.505,528.122108981598
SSF,1994,378181617912.501,526.24946599619
SSF,1995,481078758906.208,533.715583395419
SSF,1996,537529901697.435,536.99530903753
SSF,1997,565282701495.442,538.946687207747
SSF,1998,566816017701.65,528.880391391297
SSF,1999,404651773356.155,524.583457782774
SSF,2000,428788505804.802,499.345107058423
SSF,2001,410936270042.78,492.001615424466
SSF,2002,449500894158.767,482.978810804321
SSF,2003,565919936760.318,498.739638496936
SSF,2004,702843204651.659,508.511961824047
SSF,2005,836993712579.377,502.759113414149
SSF,2006,988873289522.059,501.326866001413
SSF,2007,1145239979455.74,506.095287849266
SSF,2008,1301030210080.85,520.403773065876
SSF,2009,1241958752180.26,516.179905047981
SSF,2010,1469616438039.84,513.121968061315
SSF,2011,1650955876097.19,526.470094414214
SSF,2012,1717295733292.83,511.27768178382
SSF,2013,1825489288568.26,513.284130491494
SSF,2014,1902908083279.38,517.629962878177
SSF,2015,1688024093175.49,503.092817631653
SSF,2016,1531896244777.68,505.055248998147
SSF,2017,1672127811803.69,495.732340267882
SSF,2018,1798796101321.48,484.233214794416
SSF,2019,2045711007848.14,493.32376906013
SSF,2020,1902392262699.06,480.029814053913
SSF,2021,2140795804040.0,491.201632744809
SSF,2022,2292617010267.0,484.171747556539
SSF,2023,2117597425394.64,479.32008536485
SSF,2024,1979078503991.37,
SSF,2025,,
SST,1960,,
SST,1961,,
SST,1962,,
SST,1963,,
SST,1964,,
SST,1965,,
SST,1966,,
SST,1967,,
SST,1968,,
SST,1969,,
SST,1970,4890889496.96034,
SST,1971,5468619820.37255,
SST,1972,6351288900.72299,
SST,1973,7975691955.17513,
SST,1974,12697499906.2905,
SST,1975,13756779384.6945,
SST,1976,15045613015.0093,
SST,1977,18115910570.48,
SST,1978,20865461498.7849,
SST,1979,26701110584.4908,
SST,1980,37297800330.139,
SST,1981,37080220827.7547,
SST,1982,37651257006.2404,
SST,1983,35757123310.337,
SST,1984,36203727886.2459,
SST,1985,35762826951.8669,
SST,1986,33618097085.1792,
SST,1987,38725831003.4827,
SST,1988,41025318187.7448,
SST,1989,41503137701.7546,
SST,1990,47935378887.4125,2179.9630117664
SST,1991,50019032461.1219,
SST,1992,53255036349.1124,
SST,1993,51480858164.92,
SST,1994,55018329444.2458,
SST,1995,63080936166.0932,
SST,1996,65815856152.0208,
SST,1997,69056214799.1136,
SST,1998,70249508111.482,
SST,1999,74261596905.1335,
SST,2000,76518051457.6032,
SST,2001,77518242612.0485,
SST,2002,83414441022.0863,
SST,2003,99643830272.9925,
SST,2004,115416643927.911,2178.46966827917
SST,2005,129916963352.679,2295.85886754677
SST,2006,145908217635.493,2509.78820768153
SST,2007,171435251383.783,2661.0334418885
SST,2008,189079229226.136,
SST,2009,161751590927.921,
SST,2010,172475687383.485,
SST,2011,193342538945.381,
SST,2012,194403769997.088,
SST,2013,201575895178.586,
SST,2014,208778333966.54,
SST,2015,193084726298.623,
SST,2016,195788612860.018,
SST,2017,213265208434.292,
SST,2018,230122099257.831,
SST,2019,231340439109.049,
SST,2020,208801767982.779,
SST,2021,244179271151.622,
SST,2022,270716089069.618,
SST,2023,287374900231.333,
SST,2024,310642066645.913,
SST,2025,,
STP,1960,,
STP,1961,,
STP,1962,,
STP,1963,,
STP,1964,,
STP,1965,,
STP,1966,,
STP,1967,,
STP,1968,,
STP,1969,,
STP,1970,37211826.0869565,
STP,1971,37288845.210287,
STP,1972,41430256.8067496,
STP,1973,56011244.7398414,
STP,1974,57817591.4570048,
STP,1975,60101709.8452627,
STP,1976,52039421.1975774,
STP,1977,49207692.3210324,
STP,1978,55044562.8014217,
STP,1979,65755928.1359723,
STP,1980,81662231.0329968,
STP,1981,83499263.5007481,
STP,1982,80307762.6236105,
STP,1983,75110289.1832665,
STP,1984,78213795.9250336,
STP,1985,82733069.4418031,
STP,1986,115928906.745482,
STP,1987,115952925.468271,
STP,1988,99000764.3902251,
STP,1989,98545367.0431211,
STP,1990,119297932.757045,190.727223938852
STP,1991,107484142.71556,
STP,1992,94861780.6228352,
STP,1993,125742228.756741,
STP,1994,131338414.584209,
STP,1995,103695236.781001,
STP,1996,135188165.74708,
STP,1997,91920274.2401657,
STP,1998,72285403.8423458,
STP,1999,77302211.9248351,
STP,2000,76198394.8202671,
STP,2001,75951133.3777948,
STP,2002,85171073.8777498,
STP,2003,102085769.123419,
STP,2004,114582283.916382,240.956215719223
STP,2005,136450662.390592,266.024907355279
STP,2006,142775104.081626,265.639527161642
STP,2007,149146918.888611,259.281084266352
STP,2008,188021165.00338,
STP,2009,200668065.03175,
STP,2010,190021192.489536,
STP,2011,226455001.243083,
STP,2012,225815131.929273,
STP,2013,267041747.584354,
STP,2014,293119143.246825,
STP,2015,259999643.047388,
STP,2016,292267272.196925,
STP,2017,322002845.229335,
STP,2018,383717327.830508,
STP,2019,412976082.620705,
STP,2020,471229484.607144,
STP,2021,524402455.54816,
STP,2022,540809499.189348,
STP,2023,690456806.696406,
STP,2024,822154621.088897,
STP,2025,,
SUR,1960,99650000.0,
SUR,1961,107700000.0,
SUR,1962,116150000.0,
SUR,1963,125950000.0,
SUR,1964,134400000.0,
SUR,1965,154150000.0,
SUR,1966,190350000.0,
SUR,1967,220700000.0,
SUR,1968,241350000.0,
SUR,1969,259650000.0,
SUR,1970,274900000.0,
SUR,1971,301000000.0,
SUR,1972,311950000.0,
SUR,1973,339450000.0,
SUR,1974,409850000.0,
SUR,1975,465500000.0,
SUR,1976,505500000.0,
SUR,1977,641500000.0,
SUR,1978,735500000.0,
SUR,1979,782500000.0,
SUR,1980,795000000.0,
SUR,1981,889000000.0,
SUR,1982,915000000.0,
SUR,1983,883500000.0,
SUR,1984,864000000.0,
SUR,1985,873000000.0,
SUR,1986,891000000.0,
SUR,1987,980000000.0,
SUR,1988,1161000000.0,
SUR,1989,542600000.0,
SUR,1990,388400000.0,
SUR,1991,448100000.0,
SUR,1992,404600000.0,
SUR,1993,428764705.882353,
SUR,1994,605492537.313433,
SUR,1995,691590497.737557,
SUR,1996,861372806.2082,
SUR,1997,926422500.0,
SUR,1998,1110850000.0,
SUR,1999,886290697.674419,
SUR,2000,947671969.69697,1279.91009868174
SUR,2001,834279357.798165,1352.00051071083
SUR,2002,1093574468.08511,963.414526111558
SUR,2003,1274190311.41869,1004.17207760767
SUR,2004,1484092538.40527,1086.0286292677
SUR,2005,1793410397.38738,1231.36166250567
SUR,2006,2626380435.17877,1174.71907397922
SUR,2007,2936612021.85792,1117.32432132435
SUR,2008,3532969034.60838,1176.34643873161
SUR,2009,3875409836.06557,1163.89303819747
SUR,2010,4368370997.92126,1351.36214118486
SUR,2011,4422276621.78703,1676.95221892351
SUR,2012,4980000000.0,1411.63824385599
SUR,2013,5145757575.75758,1713.83746780444
SUR,2014,5240606060.60606,1785.94876899071
SUR,2015,5126237646.22072,1577.31172890225
SUR,2016,3317421648.09918,1728.65071732658
SUR,2017,3591679430.99988,1613.95464252908
SUR,2018,3996198866.57453,1523.99899313139
SUR,2019,4016040575.08796,1730.83708121822
SUR,2020,2911807496.20227,1688.41378493841
SUR,2021,3107923197.96954,1698.95174083857
SUR,2022,3791603200.0259,1738.82345454805
SUR,2023,3472693412.08497,1695.16378963307
SUR,2024,4416775112.09627,
SUR,2025,,
SVK,1960,,
SVK,1961,,
SVK,1962,,
SVK,1963,,
SVK,1964,,
SVK,1965,,
SVK,1966,,
SVK,1967,,
SVK,1968,,
SVK,1969,,
SVK,1970,,
SVK,1971,,
SVK,1972,,
SVK,1973,,
SVK,1974,,
SVK,1975,,
SVK,1976,,
SVK,1977,,
SVK,1978,,
SVK,1979,,
SVK,1980,,
SVK,1981,,
SVK,1982,,
SVK,1983,,
SVK,1984,,
SVK,1985,,
SVK,1986,,
SVK,1987,,
SVK,1988,,
SVK,1989,,
SVK,1990,12915046978.1615,4024.81924120157
SVK,1991,14459924588.948,3606.71088015124
SVK,1992,15699327209.2121,3410.8847054131
SVK,1993,16737973764.3476,3334.95440622162
SVK,1994,20428139755.6056,3260.772839939
SVK,1995,26180022222.2222,3315.20571732509
SVK,1996,28197790874.5247,3364.39827750028
SVK,1997,27844628979.2682,3362.06121032155
SVK,1998,29976207629.4888,3256.7043135869
SVK,1999,30496272225.1337,3271.60123215094
SVK,2000,29215726004.7765,3292.7785560313
SVK,2001,30726659550.9717,3456.89028050906
SVK,2002,35243658398.7546,3484.03108632161
SVK,2003,46616149116.7411,3468.93628503339
SVK,2004,57215475076.2986,3416.39866050427
SVK,2005,62547753148.4638,3504.64376060296
SVK,2006,70751813442.9881,3469.4496050741
SVK,2007,86587749517.9724,3321.10691268197
SVK,2008,100830060552.902,3406.38372204535
SVK,2009,89342984697.5246,3107.87988439735
SVK,2010,91112160800.7668,3441.25647593511
SVK,2011,99705104723.4341,3339.0873887237
SVK,2012,94724394278.052,3220.5055262121
SVK,2013,99134277850.3418,3260.4443972295
SVK,2014,101713075598.862,3013.30293850524
SVK,2015,89178548717.3324,3131.86282925931
SVK,2016,90347173228.6356,3159.56804668402
SVK,2017,95978130734.9766,3316.8259702586
SVK,2018,106611673364.837,3269.57251976129
SVK,2019,105843498304.094,3128.36337933814
SVK,2020,107732602896.441,3032.64269516845
SVK,2021,120511265913.343,3305.89912789281
SVK,2022,115792972358.209,3089.1457459111
SVK,2023,133578518423.544,3054.72438218715
SVK,2024,140934076532.375,3010.73271048371
SVK,2025,,
SVN,1960,,
SVN,1961,,
SVN,1962,,
SVN,1963,,
SVN,1964,,
SVN,1965,,
SVN,1966,,
SVN,1967,,
SVN,1968,,
SVN,1969,,
SVN,1970,,
SVN,1971,,
SVN,1972,,
SVN,1973,,
SVN,1974,,
SVN,1975,,
SVN,1976,,
SVN,1977,,
SVN,1978,,
SVN,1979,,
SVN,1980,,
SVN,1981,,
SVN,1982,,
SVN,1983,,
SVN,1984,,
SVN,1985,,
SVN,1986,,
SVN,1987,,
SVN,1988,,
SVN,1989,,
SVN,1990,19832029087.1272,2857.5644752183
SVN,1991,14454495058.907,2778.94137668064
SVN,1992,14277261540.7456,2584.4192705647
SVN,1993,14449298371.7879,2715.39579547481
SVN,1994,16400767069.6294,2827.91079004598
SVN,1995,21367422159.3207,3049.39407580553
SVN,1996,21470699362.6062,3180.19926535879
SVN,1997,20726878751.5006,3310.41012138768
SVN,1998,22058635314.4836,3253.81791483993
SVN,1999,22609669083.7179,3242.49734740677
SVN,2000,20159190701.6789,3281.07859342385
SVN,2001,20668868706.8115,3484.35932286801
SVN,2002,23214593516.2095,3484.57090522828
SVN,2003,29360575031.8177,3539.5091236842
SVN,2004,34156553313.4031,3638.84380821082
SVN,2005,35947936823.7781,3763.9044579396
SVN,2006,39260368837.0342,3735.02431343807
SVN,2007,47880266542.577,3757.02712910831
SVN,2008,55509332322.3578,3952.12209658593
SVN,2009,49975540954.8465,3514.07527225462
SVN,2010,47793117240.9001,3589.60869535534
SVN,2011,51199194599.3094,3580.6936485935
SVN,2012,46167053954.3367,3428.89786152681
SVN,2013,47867056858.8892,3334.75901290152
SVN,2014,49514466379.6057,3236.59020668788
SVN,2015,42709468274.8137,3195.47512285174
SVN,2016,44290685824.0682,3296.73500361863
SVN,2017,48153200134.6613,3390.66281580197
SVN,2018,53689067639.9176,3341.09971545865
SVN,2019,53909922735.545,3267.29671944784
SVN,2020,53384760135.1581,3068.8193959428
SVN,2021,61540813361.8556,3144.09351642077
SVN,2022,59899117741.0022,3045.94458555582
SVN,2023,69255264238.3855,2895.95134590199
SVN,2024,72972015197.3859,3025.26160126192
SVN,2025,,
SWE,1960,15930075466.8898,
SWE,1961,17329620584.6147,
SWE,1962,18794066990.0612,
SWE,1963,20342131881.5074,
SWE,1964,22685490195.3119,
SWE,1965,24963947414.6983,
SWE,1966,27154716721.2854,
SWE,1967,29474881505.9928,
SWE,1968,31277871668.8452,
SWE,1969,33967301561.0634,
SWE,1970,38037226668.2131,
SWE,1971,41506151114.9262,
SWE,1972,48883173399.9664,
SWE,1973,59318842992.2378,
SWE,1974,65917634590.2599,
SWE,1975,82765232647.753,
SWE,1976,89232517045.8459,
SWE,1977,94331782622.2778,
SWE,1978,104290933495.629,
SWE,1979,123207527699.377,
SWE,1980,141886067003.972,
SWE,1981,129498921475.688,
SWE,1982,114214731798.937,
SWE,1983,104862109663.367,
SWE,1984,109043045407.287,
SWE,1985,113958084357.094,
SWE,1986,150279869728.789,
SWE,1987,182744315973.756,
SWE,1988,206686590775.558,
SWE,1989,217632340194.512,
SWE,1990,261466577008.853,5514.19827733048
SWE,1991,273831464572.137,5650.16283823718
SWE,1992,283908914454.48,5369.06986784062
SWE,1993,212644602615.823,5333.87357287498
SWE,1994,228699066874.028,5659.95258523583
SWE,1995,267050453506.792,5701.87027966891
SWE,1996,291949597375.485,5824.79922638629
SWE,1997,268249616890.856,5683.45838854063
SWE,1998,270887306758.576,5783.40686535687
SWE,1999,274318357862.122,5675.23773166234
SWE,2000,262903560280.282,5375.75151158851
SWE,2001,242497797484.776,5701.68206771918
SWE,2002,267371907446.776,5826.34189342548
SWE,2003,334072443515.576,5676.54834518443
SWE,2004,384545442175.019,5872.97554411383
SWE,2005,391688455928.597,5711.64214196537
SWE,2006,422528394459.353,5532.76265714386
SWE,2007,490047789548.441,5464.45613719356
SWE,2008,514614100832.941,5383.76479707233
SWE,2009,434311714442.499,4891.39219246248
SWE,2010,492750897239.447,5443.32366800687
SWE,2011,570538581144.45,5281.40096330574
SWE,2012,549739674655.127,5295.92806615816
SWE,2013,584125353119.18,5178.9349383913
SWE,2014,577727767303.596,4997.87990362276
SWE,2015,501602351911.6,4573.58907986933
SWE,2016,513058312950.939,4858.89940544006
SWE,2017,535172356784.769,4926.81117539334
SWE,2018,549649344043.182,4966.26111814633
SWE,2019,530894124494.418,4781.87568337501
SWE,2020,544265668451.678,4284.99805555044
SWE,2021,631693331300.776,4558.74420693219
SWE,2022,575071237640.921,4323.66572139304
SWE,2023,578990915246.07,4288.83333908122
SWE,2024,603715224265.798,4308.30881527016
SWE,2025,,
SWZ,1960,35076845.9692616,
SWZ,1961,43026042.7895829,
SWZ,1962,45927961.6288154,
SWZ,1963,54129438.3482247,
SWZ,1964,64980554.0077784,
SWZ,1965,70279971.8880112,
SWZ,1966,76859969.2560123,
SWZ,1967,74759970.096012,
SWZ,1968,79799968.0800128,
SWZ,1969,105419957.832017,
SWZ,1970,112139955.144018,
SWZ,1971,136462080.739132,
SWZ,1972,146736479.235097,
SWZ,1973,221915127.550763,
SWZ,1974,264320940.959002,
SWZ,1975,288299788.508035,
SWZ,1976,272550068.137517,
SWZ,1977,304060076.015019,
SWZ,1978,340630085.157521,
SWZ,1979,412093133.760988,
SWZ,1980,541976852.577057,
SWZ,1981,570774824.830585,
SWZ,1982,537568059.413381,
SWZ,1983,555336145.767884,
SWZ,1984,494483408.878468,
SWZ,1985,360079419.385958,
SWZ,1986,449140318.385038,
SWZ,1987,584126092.258819,
SWZ,1988,692026454.737872,
SWZ,1989,696921542.378265,
SWZ,1990,1114694040.66987,1171.49550021174
SWZ,1991,1156135717.94598,1081.28914133949
SWZ,1992,1284759927.54594,1001.64710521874
SWZ,1993,1357189551.68431,905.448432502827
SWZ,1994,1419294254.4183,1008.44252718328
SWZ,1995,1698989463.99106,991.555793901495
SWZ,1996,1602741833.70552,896.12967223545
SWZ,1997,1716714070.12471,950.865935254294
SWZ,1998,1576908856.34674,952.546443383905
SWZ,1999,1547888495.98428,967.727417315292
SWZ,2000,1697161557.89452,913.698267523096
SWZ,2001,1502870485.88122,896.447007609265
SWZ,2002,1393945030.65105,895.040020351145
SWZ,2003,2149632433.27703,877.574503283173
SWZ,2004,2710331785.24986,855.622666347448
SWZ,2005,3097946371.06311,858.521707685069
SWZ,2006,3215307900.74767,900.421781084863
SWZ,2007,3391122887.17476,902.867073860652
SWZ,2008,3235921170.5095,888.920326582466
SWZ,2009,3525213502.43118,995.276783530389
SWZ,2010,4360714358.88708,835.880066783273
SWZ,2011,4722912047.32265,1001.70011797771
SWZ,2012,4747813067.26006,995.666754488616
SWZ,2013,4463396204.01995,1022.69222403959
SWZ,2014,4285065665.03168,1005.26401996395
SWZ,2015,3908217914.21824,1046.22425009831
SWZ,2016,3722306116.72872,1035.26962423589
SWZ,2017,4462640651.49219,996.63221583704
SWZ,2018,4643751059.28203,989.871023998823
SWZ,2019,4617018958.69086,1023.13885273742
SWZ,2020,4134677809.50096,1005.22300697872
SWZ,2021,4807069277.20114,964.692810769215
SWZ,2022,4746660273.50829,965.755573282102
SWZ,2023,4621191261.84214,1007.28228546529
SWZ,2024,4858885840.77236,
SWZ,2025,,
SXM,1960,,
SXM,1961,,
SXM,1962,,
SXM,1963,,
SXM,1964,,
SXM,1965,,
SXM,1966,,
SXM,1967,,
SXM,1968,,
SXM,1969,,
SXM,1970,,
SXM,1971,,
SXM,1972,,
SXM,1973,,
SXM,1974,,
SXM,1975,,
SXM,1976,,
SXM,1977,,
SXM,1978,,
SXM,1979,,
SXM,1980,,
SXM,1981,,
SXM,1982,,
SXM,1983,,
SXM,1984,,
SXM,1985,,
SXM,1986,,
SXM,1987,,
SXM,1988,,
SXM,1989,,
SXM,1990,,
SXM,1991,,
SXM,1992,,
SXM,1993,,
SXM,1994,,
SXM,1995,,
SXM,1996,,
SXM,1997,,
SXM,1998,,
SXM,1999,,
SXM,2000,,
SXM,2001,,
SXM,2002,,
SXM,2003,,
SXM,2004,,
SXM,2005,,
SXM,2006,,
SXM,2007,,
SXM,2008,,
SXM,2009,854972067.039106,
SXM,2010,892290502.793296,
SXM,2011,936089385.47486,
SXM,2012,985865921.787709,
SXM,2013,1022905027.93296,
SXM,2014,1361811508.37989,
SXM,2015,1417888715.0838,
SXM,2016,1427017206.70391,
SXM,2017,1353212122.90503,
SXM,2018,1259200446.92737,
SXM,2019,1407880446.92737,
SXM,2020,1236428100.55866,
SXM,2021,1353071061.45251,
SXM,2022,1592564639.32961,
SXM,2023,1686525953.05006,
SXM,2024,1797836665.95136,
SXM,2025,,
SYC,1960,12012024.6246505,
SYC,1961,11592023.7636487,
SYC,1962,12642025.9161531,
SYC,1963,13923028.5422085,
SYC,1964,15393031.5557147,
SYC,1965,15603031.9862156,
SYC,1966,16443033.7082191,
SYC,1967,16632032.1339974,
SYC,1968,16074027.6473276,
SYC,1969,16452028.2974887,
SYC,1970,18432031.7030945,
SYC,1971,21965950.7711142,
SYC,1972,30645122.9204727,
SYC,1973,36896280.4764104,
SYC,1974,43134496.1645367,
SYC,1975,47803145.9480985,
SYC,1976,49278981.7550701,
SYC,1977,64526401.4638544,
SYC,1978,85552365.8005137,
SYC,1979,127261099.223864,
SYC,1980,156783829.504298,
SYC,1981,163750728.155916,
SYC,1982,157211789.714587,
SYC,1983,156098237.022585,
SYC,1984,160992920.960262,
SYC,1985,179691482.72165,
SYC,1986,221147061.290068,
SYC,1987,265212956.838633,
SYC,1988,301985618.085556,
SYC,1989,324333366.514829,
SYC,1990,392163560.868669,540.808839397471
SYC,1991,398307169.860405,
SYC,1992,461409398.855893,
SYC,1993,504230620.551871,
SYC,1994,517570058.151034,
SYC,1995,540733047.733048,
SYC,1996,535250347.089479,
SYC,1997,598966982.350186,
SYC,1998,647287375.762528,
SYC,1999,662838614.880674,
SYC,2000,654212394.27164,
SYC,2001,662064155.920692,
SYC,2002,742134837.50919,
SYC,2003,750847230.099263,
SYC,2004,893012218.181818,3103.97090027281
SYC,2005,977899381.818182,2751.69567211374
SYC,2006,1081441283.31798,2872.34042553192
SYC,2007,1077308813.82945,2410.82873707855
SYC,2008,979597394.293453,
SYC,2009,850901620.433301,
SYC,2010,981616542.328454,
SYC,2011,1058918707.26124,
SYC,2012,1089407839.19709,
SYC,2013,1333160407.38516,
SYC,2014,1387577870.08161,
SYC,2015,1432403352.12944,
SYC,2016,1568513348.14463,
SYC,2017,1675370641.01416,
SYC,2018,1784313926.76807,
SYC,2019,1868690096.73454,
SYC,2020,1382551751.56908,
SYC,2021,1487173794.80528,
SYC,2022,2018346588.73752,
SYC,2023,2187379754.66167,
SYC,2024,2167239562.46013,
SYC,2025,,
SYR,1960,857704413.407821,
SYR,1961,945244972.067039,
SYR,1962,1110565880.75881,
SYR,1963,1200447408.37696,
SYR,1964,1339494267.01571,
SYR,1965,1472036540.13329,
SYR,1966,1342287553.19149,
SYR,1967,1580229799.42693,
SYR,1968,1753746429.62092,
SYR,1969,2245011514.55676,
SYR,1970,2140384010.0724,
SYR,1971,2589851325.14544,
SYR,1972,3059681697.61273,
SYR,1973,3239487516.42576,
SYR,1974,5159557147.50895,
SYR,1975,6826980444.14982,
SYR,1976,7633528866.93424,
SYR,1977,7696011396.0114,
SYR,1978,9275200458.19015,
SYR,1979,9929681528.66242,
SYR,1980,13062420382.1656,
SYR,1981,15518201335.3151,
SYR,1982,16298929011.4681,
SYR,1983,17589277143.1314,
SYR,1984,17503078174.0039,
SYR,1985,16403539892.7783,
SYR,1986,13293205278.2803,
SYR,1987,11356215543.3043,
SYR,1988,10577041644.9944,
SYR,1989,9853395761.63227,
SYR,1990,12308624417.8268,832.018331508502
SYR,1991,12981833333.3333,878.277231459512
SYR,1992,13253565861.1424,814.819645402187
SYR,1993,13695962055.4771,794.604852618065
SYR,1994,10122020000.0,805.004392109051
SYR,1995,11396706586.8263,827.60077910839
SYR,1996,13789560878.2435,850.454402791897
SYR,1997,14505233463.035,899.532946800197
SYR,1998,15200846153.8462,977.304115507345
SYR,1999,15873875968.9922,948.559637124059
SYR,2000,18937052543.4373,928.43318140297
SYR,2001,20237024724.7039,929.373810570742
SYR,2002,20669357462.3831,942.482652914674
SYR,2003,21828144686.0394,924.928080979621
SYR,2004,25086950495.0495,943.040677936742
SYR,2005,28858965517.2414,1105.30501136572
SYR,2006,33751788856.305,1101.63821463784
SYR,2007,40465318382.0585,1084.27313710466
SYR,2008,52557913568.9549,1066.1371934826
SYR,2009,54111735628.7065,977.72847382215
SYR,2010,61390830874.7007,964.455311154982
SYR,2011,67539428159.4474,966.296535939273
SYR,2012,43190318032.5627,755.976123025266
SYR,2013,21361254635.051,531.861041942622
SYR,2014,21502061465.9498,536.298993007483
SYR,2015,16466863117.0009,511.030835786674
SYR,2016,12597854877.4254,498.91026275975
SYR,2017,16369843352.3453,511.801241113269
SYR,2018,21497782867.6426,542.076387571206
SYR,2019,22583045060.0821,501.043369092778
SYR,2020,12047752036.091,456.630142518901
SYR,2021,14353205678.4991,419.006558516427
SYR,2022,23622827079.5047,392.316941457115
SYR,2023,,395.892260403832
SYR,2024,,
SYR,2025,,
TCA,1960,,
TCA,1961,,
TCA,1962,,
TCA,1963,,
TCA,1964,,
TCA,1965,,
TCA,1966,,
TCA,1967,,
TCA,1968,,
TCA,1969,,
TCA,1970,,
TCA,1971,,
TCA,1972,,
TCA,1973,,
TCA,1974,,
TCA,1975,,
TCA,1976,,
TCA,1977,,
TCA,1978,,
TCA,1979,,
TCA,1980,,
TCA,1981,,
TCA,1982,,
TCA,1983,,
TCA,1984,,
TCA,1985,,
TCA,1986,,
TCA,1987,,
TCA,1988,,
TCA,1989,,
TCA,1990,,
TCA,1991,,
TCA,1992,,
TCA,1993,,
TCA,1994,,
TCA,1995,,
TCA,1996,,
TCA,1997,,
TCA,1998,,
TCA,1999,,
TCA,2000,,
TCA,2001,358744800.0,
TCA,2002,366707900.0,
TCA,2003,409753600.0,
TCA,2004,485598800.0,
TCA,2005,578645800.0,
TCA,2006,721891500.0,
TCA,2007,773490000.0,
TCA,2008,862684000.0,
TCA,2009,703176000.0,
TCA,2010,686788000.0,
TCA,2011,842941000.0,
TCA,2012,832848000.0,
TCA,2013,863328000.0,
TCA,2014,956605000.0,
TCA,2015,1078274000.0,
TCA,2016,1202078000.0,
TCA,2017,1197958000.0,
TCA,2018,1314329000.0,
TCA,2019,1371838000.0,
TCA,2020,918387000.0,
TCA,2021,1236459000.0,
TCA,2022,1434119000.0,
TCA,2023,1638653000.0,
TCA,2024,1745378000.0,
TCA,2025,,
TCD,1960,313582728.147574,
TCD,1961,333975336.110722,
TCD,1962,357635713.41932,
TCD,1963,371767002.194886,
TCD,1964,392247517.728482,
TCD,1965,416926303.316872,
TCD,1966,432794921.680489,
TCD,1967,449826322.613453,
TCD,1968,453980096.208711,
TCD,1969,471635621.561599,
TCD,1970,469266736.650677,
TCD,1971,501866730.148987,
TCD,1972,585427546.798272,
TCD,1973,647199482.982537,
TCD,1974,652532795.084805,
TCD,1975,864602104.679653,
TCD,1976,866044962.016274,
TCD,1977,935360464.701341,
TCD,1978,1113920123.76723,
TCD,1979,1004316496.35051,
TCD,1980,1033002403.85304,
TCD,1981,876937558.273757,
TCD,1982,834369859.663018,
TCD,1983,832415806.010064,
TCD,1984,919103734.876996,
TCD,1985,1033069709.3319,
TCD,1986,1067828245.86207,
TCD,1987,1163426852.20442,
TCD,1988,1482597297.98821,
TCD,1989,1433686312.02914,
TCD,1990,1738605557.76313,296.85904442295
TCD,1991,1877137981.75712,283.416267461582
TCD,1992,1881847669.69794,280.779651859581
TCD,1993,1463251163.9188,295.046910640164
TCD,1994,1179837963.22213,287.388289567008
TCD,1995,1445919894.57661,280.123377887456
TCD,1996,1607345355.78298,278.130542417066
TCD,1997,1544689576.92712,259.14633089256
TCD,1998,1744794531.21401,255.782966270599
TCD,1999,1534673583.2487,248.050783633877
TCD,2000,1388506771.58756,241.652052714378
TCD,2001,1710843377.00119,242.464236204338
TCD,2002,1997005708.81576,240.376196903121
TCD,2003,2742815071.5744,237.538539726345
TCD,2004,4422855660.82592,224.324118812548
TCD,2005,8655892392.92919,228.51576486102
TCD,2006,9709626596.13031,224.010107053053
TCD,2007,10865385131.5172,218.838867716358
TCD,2008,13385593990.3378,217.080678711419
TCD,2009,12317614053.6841,224.07076139036
TCD,2010,14058506663.7252,219.108373918314
TCD,2011,16685349673.9957,208.574030632524
TCD,2012,17892228569.8861,229.36513593859
TCD,2013,17865316886.3315,227.28696286183
TCD,2014,18144336903.7175,221.144100146971
TCD,2015,14559599499.5011,217.045899551856
TCD,2016,13026289835.7789,212.850289286376
TCD,2017,13349041408.7152,203.874468350738
TCD,2018,15327000248.8701,199.975861950781
TCD,2019,14905517742.8454,190.100756053018
TCD,2020,14932897821.2387,198.303334598004
TCD,2021,16871937697.5854,203.211499981214
TCD,2022,17828508289.6049,198.929147409955
TCD,2023,18340233748.8805,187.874009544708
TCD,2024,19518819751.283,
TCD,2025,,
TEA,1960,80803222392.8859,
TEA,1961,71174424446.8864,
TEA,1962,64922599309.2546,
TEA,1963,70216443534.957,
TEA,1964,81101169480.9704,
TEA,1965,94498004640.0973,
TEA,1966,103377065683.287,
TEA,1967,100371950314.405,
TEA,1968,101476791156.079,
TEA,1969,114101000754.857,
TEA,1970,127052297158.08,
TEA,1971,136440829735.232,
TEA,1972,155359237838.582,
TEA,1973,195413149940.391,
TEA,1974,221440713584.624,
TEA,1975,248519521080.329,
TEA,1976,252686739157.612,
TEA,1977,291229976122.31,
TEA,1978,282630837737.006,
TEA,1979,327249769951.168,
TEA,1980,377549806578.642,
TEA,1981,403129803803.166,
TEA,1982,423407966724.839,
TEA,1983,443371246698.137,
TEA,1984,480403927228.946,
TEA,1985,526032437680.959,
TEA,1986,524621676243.052,
TEA,1987,518488360539.102,
TEA,1988,575525093193.548,
TEA,1989,622193930069.762,
TEA,1990,666725912038.333,694.455712344582
TEA,1991,723904575173.197,677.396127381656
TEA,1992,812130263840.671,693.575757138022
TEA,1993,891466245843.003,726.077715397496
TEA,1994,1073279171690.89,748.730459348549
TEA,1995,1324237119507.35,793.605999860998
TEA,1996,1521371528098.09,808.965669875863
TEA,1997,1574968030449.8,808.309607397385
TEA,1998,1439654527490.28,797.813733579882
TEA,1999,1585945646801.91,808.017778473164
TEA,2000,1746600304168.03,822.627932842937
TEA,2001,1860776095129.07,839.983029192927
TEA,2002,2061454246187.87,885.408937233845
TEA,2003,2335145056810.17,979.95442605817
TEA,2004,2709157341014.45,1090.48859869943
TEA,2005,3136374977327.23,1179.11719087192
TEA,2006,3778751294371.62,1262.85688246498
TEA,2007,4781270693838.79,1337.77600097984
TEA,2008,6054648571433.55,1366.29782095469
TEA,2009,6573327283810.49,1435.70372498035
TEA,2010,7998796323270.31,1560.5887693572
TEA,2011,9762256276676.58,1646.29179992623
TEA,2012,10891968350841.7,1691.33216366343
TEA,2013,12032711129058.2,1737.47790674847
TEA,2014,12988712786591.7,1769.37452061144
TEA,2015,13532272043462.5,1761.99648186962
TEA,2016,13827151057380.2,1753.41939930364
TEA,2017,15097056837158.2,1803.88852567319
TEA,2018,16881316789674.4,1885.32879223898
TEA,2019,17481715455963.4,1951.84827711371
TEA,2020,17783207218899.1,1988.38241303273
TEA,2021,21205187136185.7,2097.42798257012
TEA,2022,21537214774462.6,2147.11216612442
TEA,2023,21617676926854.5,2266.24454463031
TEA,2024,22233362919728.4,
TEA,2025,,
TEC,1960,,
TEC,1961,,
TEC,1962,,
TEC,1963,,
TEC,1964,,
TEC,1965,,
TEC,1966,,
TEC,1967,,
TEC,1968,,
TEC,1969,,
TEC,1970,,
TEC,1971,,
TEC,1972,,
TEC,1973,,
TEC,1974,,
TEC,1975,,
TEC,1976,,
TEC,1977,,
TEC,1978,,
TEC,1979,,
TEC,1980,,
TEC,1981,,
TEC,1982,,
TEC,1983,,
TEC,1984,,
TEC,1985,,
TEC,1986,,
TEC,1987,,
TEC,1988,991141939410.738,
TEC,1989,964170299100.99,
TEC,1990,1023345711170.5,3889.58245497745
TEC,1991,1001720940076.18,3779.57383419258
TEC,1992,928555990308.003,3430.45836175353
TEC,1993,919179489611.002,3213.36560126689
TEC,1994,828927139977.533,2853.3100386849
TEC,1995,991380447495.647,2794.26963759874
TEC,1996,1021239770710.95,2758.76089441801
TEC,1997,1056341129246.72,2658.98098860978
TEC,1998,949935181537.205,2590.26990096579
TEC,1999,824131383383.309,2599.19289028767
TEC,2000,896291493004.493,2628.02337600357
TEC,2001,911679939950.971,2633.57225780979
TEC,2002,1024829473187.33,2657.56823789203
TEC,2003,1261017408610.72,2761.67828398444
TEC,2004,1631372379671.26,2803.45806506989
TEC,2005,2042987028459.11,2813.11483546873
TEC,2006,2471273605657.68,2910.95610033702
TEC,2007,3179127986623.93,2948.04429613771
TEC,2008,3936159309738.01,2989.96424742756
TEC,2009,3121801768478.67,2770.58900099811
TEC,2010,3667835476746.74,2969.52655929068
TEC,2011,4461210535265.99,3052.10159202268
TEC,2012,4656388146308.07,3030.95165182138
TEC,2013,4924806846375.52,2953.34194574994
TEC,2014,4653015277488.18,2877.03968832691
TEC,2015,3633660246044.52,2808.46542373678
TEC,2016,3492088089759.5,2885.36838188231
TEC,2017,3927649813354.44,2945.41614250966
TEC,2018,4098990245510.03,3058.29598798442
TEC,2019,4184533628660.37,2974.62152271941
TEC,2020,3924139091384.84,2934.8820872373
TEC,2021,4637763943320.14,3249.59052679363
TEC,2022,5264484546456.79,3159.78342920351
TEC,2023,5562782514647.52,3083.96182853285
TEC,2024,6131674441421.64,
TEC,2025,,
TGO,1960,171057069.137772,
TGO,1961,178497098.264275,
TGO,1962,186745757.859216,
TGO,1963,202305865.235908,
TGO,1964,234572186.455851,
TGO,1965,264505506.022433,
TGO,1966,305227594.821437,
TGO,1967,327215843.636336,
TGO,1968,341691567.465593,
TGO,1969,378091809.602636,
TGO,1970,358665753.909298,
TGO,1971,404648367.76644,
TGO,1972,474043921.843537,
TGO,1973,574030983.980053,
TGO,1974,791450308.362944,
TGO,1975,871781686.907321,
TGO,1976,874681611.928369,
TGO,1977,1097893825.98815,
TGO,1978,1164025637.26464,
TGO,1979,1259365711.53521,
TGO,1980,1604836915.96662,
TGO,1981,1359026709.45126,
TGO,1982,1160337039.38068,
TGO,1983,1081387264.60786,
TGO,1984,1014170069.21689,
TGO,1985,1076604520.42427,
TGO,1986,1498219578.86978,
TGO,1987,1763978065.8368,
TGO,1988,1947208354.22555,
TGO,1989,1910635575.38044,
TGO,1990,2299665505.61434,315.953651491172
TGO,1991,2262767860.10937,314.42119632528
TGO,1992,2390796915.91958,309.393783541324
TGO,1993,1741944426.20894,312.793696092907
TGO,1994,1387662121.46736,352.437030991428
TGO,1995,1849110468.19569,355.14721431719
TGO,1996,2069506014.46659,383.678171595311
TGO,1997,2116818622.95834,366.369586981837
TGO,1998,2241650112.33333,380.66653946544
TGO,1999,2226577203.91399,423.087966825069
TGO,2000,2106848752.27753,410.709755967091
TGO,2001,2093498674.49678,399.0750456746
TGO,2002,2410199032.43102,403.003921585395
TGO,2003,2987984050.99318,414.930640834631
TGO,2004,3191561508.69088,408.681044425446
TGO,2005,3221910408.46516,405.977841108573
TGO,2006,3320907721.74508,394.055905016925
TGO,2007,3759962853.26476,397.655539665075
TGO,2008,4578847112.70688,402.378522599678
TGO,2009,4721888275.26937,475.809640060012
TGO,2010,4746386893.22553,462.98057269746
TGO,2011,5422439152.10906,453.365161767995
TGO,2012,5413541649.14901,440.167543009316
TGO,2013,6021729629.82454,416.704251255243
TGO,2014,6393314707.85456,423.564747727896
TGO,2015,5755457836.01866,400.707327087695
TGO,2016,6071167584.1951,422.785457073186
TGO,2017,6387424239.8801,403.893636249384
TGO,2018,7029215766.46367,411.055033459588
TGO,2019,6992654019.28876,414.103471839682
TGO,2020,7486031561.86885,424.793019136536
TGO,2021,8541668141.26198,422.484697733251
TGO,2022,8646453099.4124,425.433852826876
TGO,2023,9816236302.58515,429.162601160928
TGO,2024,10651180146.531,
TGO,2025,,
THA,1960,2760750860.62197,
THA,1961,3034037810.96795,
THA,1962,3308912796.93487,
THA,1963,3540403456.55305,
THA,1964,3889129942.30769,
THA,1965,4388937649.03846,
THA,1966,5279230817.30769,
THA,1967,5638461442.30769,
THA,1968,6081009427.88461,
THA,1969,6695336567.30769,
THA,1970,7086538437.5,
THA,1971,7375000024.03846,
THA,1972,8177873151.04224,
THA,1973,10838587357.7466,
THA,1974,13702998512.4492,
THA,1975,14882770593.9796,
THA,1976,16985208648.2112,
THA,1977,19779312261.3155,
THA,1978,24006566636.6855,
THA,1979,27371650824.5092,
THA,1980,32353514988.7287,
THA,1981,34846039193.6131,
THA,1982,36589772403.7566,
THA,1983,40042798388.4951,
THA,1984,41797647775.6238,
THA,1985,38900711332.5373,
THA,1986,43096773980.8569,
THA,1987,50535446554.8769,
THA,1988,61667253471.3736,
THA,1989,72250748099.9762,
THA,1990,85343190719.0107,774.494770138849
THA,1991,98234714971.0612,825.479872492741
THA,1992,111452746517.655,865.704309113413
THA,1993,128889262951.157,899.125553407656
THA,1994,146683778959.101,979.262431000536
THA,1995,169278916592.843,1052.28021147702
THA,1996,183035237429.281,1160.58015021158
THA,1997,150180456565.728,1166.79566594222
THA,1998,113675596787.738,1079.80595351035
THA,1999,126669211778.94,1138.84929761085
THA,2000,126392224253.794,1153.04552225626
THA,2001,120296476180.402,1174.20279195013
THA,2002,134300904400.022,1286.14403684353
THA,2003,152280615245.887,1379.29175743715
THA,2004,172895685154.658,1477.38480877104
THA,2005,189318408468.595,1508.58026062719
THA,2006,221758296021.621,1525.12655757667
THA,2007,262942621455.053,1569.87237319879
THA,2008,291382982430.951,1596.82835450256
THA,2009,281710630187.319,1578.76107269732
THA,2010,341104766329.17,1718.62118368043
THA,2011,370818739623.622,1704.82334080525
THA,2012,397558325278.579,1818.19204308684
THA,2013,420333654592.547,1943.92303978228
THA,2014,407339040197.651,1926.22582617648
THA,2015,401296238228.084,1932.67390968815
THA,2016,413366349747.508,1985.00530928348
THA,2017,456356813536.764,1988.13781529099
THA,2018,506754208404.485,1951.8556356188
THA,2019,543976691793.886,1989.81234226863
THA,2020,500461898480.246,1884.35073727402
THA,2021,506194668789.937,1848.06336093307
THA,2022,495644697587.661,1867.46968312053
THA,2023,515906283940.933,1851.27231424167
THA,2024,526517658841.684,
THA,2025,,
TJK,1960,,
TJK,1961,,
TJK,1962,,
TJK,1963,,
TJK,1964,,
TJK,1965,,
TJK,1966,,
TJK,1967,,
TJK,1968,,
TJK,1969,,
TJK,1970,,
TJK,1971,,
TJK,1972,,
TJK,1973,,
TJK,1974,,
TJK,1975,,
TJK,1976,,
TJK,1977,,
TJK,1978,,
TJK,1979,,
TJK,1980,,
TJK,1981,,
TJK,1982,,
TJK,1983,,
TJK,1984,,
TJK,1985,,
TJK,1986,,
TJK,1987,,
TJK,1988,,
TJK,1989,,
TJK,1990,2629395066.27017,983.163633027559
TJK,1991,2536585365.85366,915.115339161753
TJK,1992,1908554572.27139,733.41087948565
TJK,1993,1646623195.15603,566.672491077633
TJK,1994,1522001205.54551,427.103286964703
TJK,1995,1231561860.39946,374.033375007141
TJK,1996,1043654822.33503,354.100051986627
TJK,1997,921518032.909326,348.70138047649
TJK,1998,1320199581.52261,364.417668012421
TJK,1999,1086612290.27171,360.528858793095
TJK,2000,860541842.263697,341.873767516371
TJK,2001,1080772551.29433,330.976128229369
TJK,2002,1221106220.2868,325.679885054417
TJK,2003,1555318261.4172,325.581474313824
TJK,2004,2076176869.41089,345.261040280781
TJK,2005,2312352020.6689,337.915937288384
TJK,2006,2830213848.6203,341.863711848015
TJK,2007,3719524540.86193,358.427683199043
TJK,2008,5161299725.27673,334.362637299147
TJK,2009,4979472364.4534,284.651561490729
TJK,2010,5642221099.17704,284.331249350809
TJK,2011,6522756255.012,278.854522985683
TJK,2012,7633036903.07634,294.855655829726
TJK,2013,8448411318.25417,288.394960596269
TJK,2014,9112605459.32845,301.614964923042
TJK,2015,8271431485.07484,318.698277378179
TJK,2016,6992416096.89018,326.569218788739
TJK,2017,7536402852.85802,328.781768931872
TJK,2018,7764999999.45362,347.711461590981
TJK,2019,8300813599.3084,370.778875737531
TJK,2020,8133963550.65742,375.367379182413
TJK,2021,8937805347.13963,367.769041949913
TJK,2022,10713525200.3998,374.547332126552
TJK,2023,12244169292.7998,393.055077961309
TJK,2024,14204575548.5536,
TJK,2025,,
TKM,1960,,
TKM,1961,,
TKM,1962,,
TKM,1963,,
TKM,1964,,
TKM,1965,,
TKM,1966,,
TKM,1967,,
TKM,1968,,
TKM,1969,,
TKM,1970,,
TKM,1971,,
TKM,1972,,
TKM,1973,,
TKM,1974,,
TKM,1975,,
TKM,1976,,
TKM,1977,,
TKM,1978,,
TKM,1979,,
TKM,1980,,
TKM,1981,,
TKM,1982,,
TKM,1983,,
TKM,1984,,
TKM,1985,,
TKM,1986,,
TKM,1987,2331358819.75954,
TKM,1988,3010982414.24425,
TKM,1989,3006988216.55045,
TKM,1990,3189539641.3171,4643.2261381727
TKM,1991,3208098919.0146,3927.35763226489
TKM,1992,3200539816.0601,2632.47699569568
TKM,1993,3179225948.58114,2603.23450518965
TKM,1994,2561118608.35516,3232.60398266795
TKM,1995,2482228439.71407,3267.47130147645
TKM,1996,2378759975.44506,2805.87501319643
TKM,1997,2450350625.10407,2762.25376106527
TKM,1998,2605689134.49042,2840.41772055215
TKM,1999,2450564100.18292,3302.13223706089
TKM,2000,2904663310.9825,3247.63669189299
TKM,2001,3534772732.39746,2700.88344902373
TKM,2002,4462029108.72349,2214.75044678139
TKM,2003,5977440582.80171,3005.3530688227
TKM,2004,6838351088.46688,3714.87522658173
TKM,2005,8103901996.37024,3554.40116385348
TKM,2006,10276674364.8961,3604.17462878634
TKM,2007,12664165103.1895,3507.12790817277
TKM,2008,19271523178.8079,4237.03618879217
TKM,2009,20214385964.9123,3647.89054822676
TKM,2010,22583157894.7368,4077.66790491897
TKM,2011,29233333333.3333,4314.98528175453
TKM,2012,35164210526.3158,4232.43008359245
TKM,2013,39197543859.6491,3952.26848549516
TKM,2014,43524210526.3158,3758.60667175271
TKM,2015,35799714285.7143,3722.78312991377
TKM,2016,36169428571.4286,3589.90954802381
TKM,2017,37926285714.2857,3558.31901850361
TKM,2018,40765428571.4286,3427.90624399814
TKM,2019,40810067974.509,3462.25492610399
TKM,2020,41509903181.7231,3393.06371360237
TKM,2021,40589905812.0364,5109.26062011343
TKM,2022,42208726137.7192,4841.2803934463
TKM,2023,45894538665.5538,4558.64639369573
TKM,2024,51387209872.2994,
TKM,2025,,
TLA,1960,74399051115.6208,
TLA,1961,82362832266.3746,
TLA,1962,86399815744.6584,
TLA,1963,93844819440.9467,
TLA,1964,104302526502.261,
TLA,1965,111946641395.146,
TLA,1966,123240741042.798,
TLA,1967,125362127677.747,
TLA,1968,134361744441.374,
TLA,1969,149979264961.847,
TLA,1970,163499670766.647,
TLA,1971,181794578090.035,
TLA,1972,204232100660.441,
TLA,1973,274036287245.746,
TLA,1974,358182606143.697,
TLA,1975,374350708856.511,
TLA,1976,411065254886.087,
TLA,1977,452376511736.924,
TLA,1978,541374940142.382,
TLA,1979,607502561689.17,
TLA,1980,743795740311.93,
TLA,1981,852847482696.126,
TLA,1982,779872014723.552,
TLA,1983,681554554313.973,
TLA,1984,715171116848.308,
TLA,1985,706307698037.013,
TLA,1986,712610987834.594,
TLA,1987,765000529871.095,
TLA,1988,839372117493.825,
TLA,1989,931218807729.826,
TLA,1990,1039366593866.68,1038.18964270813
TLA,1991,1123571075717.19,1053.22881357729
TLA,1992,1232562973418.31,1065.2724823783
TLA,1993,1466872751420.96,1058.91034730731
TLA,1994,1715187232056.94,1099.10790777989
TLA,1995,1855934359539.88,1088.41880302433
TLA,1996,2016321456675.89,1117.78403051873
TLA,1997,2212067216181.87,1145.3099180459
TLA,1998,2233347031889.78,1169.84240808593
TLA,1999,2002746501486.27,1183.66195203647
TLA,2000,2214459287709.09,1172.31780850643
TLA,2001,2161359862863.86,1158.31541060943
TLA,2002,1927322085240.2,1187.24370624698
TLA,2003,1960517216397.37,1206.75607956863
TLA,2004,2264876234901.17,1235.02930055745
TLA,2005,2752003821062.2,1266.08787014591
TLA,2006,3234927606207.58,1290.68623632175
TLA,2007,3826959867893.09,1317.05517000637
TLA,2008,4465814702669.79,1334.29400168806
TLA,2009,4176789508119.57,1286.3506538218
TLA,2010,5212616653053.24,1354.60638028746
TLA,2011,5942223639206.5,1366.45494004557
TLA,2012,5999254994806.92,1393.63169815336
TLA,2013,6044625148403.94,1436.98596055797
TLA,2014,6005259453417.89,1417.74068596418
TLA,2015,5068610305411.75,1394.14975549639
TLA,2016,4922090097003.8,1366.62105014675
TLA,2017,5482764267203.12,1350.61620206623
TLA,2018,5347056434773.57,1313.11499667301
TLA,2019,5230554354083.41,1319.51989297689
TLA,2020,4387909128654.57,1224.42504296428
TLA,2021,5118940165028.38,1300.44540056818
TLA,2022,5851879329574.93,1310.7928398059
TLA,2023,6591336702938.76,1329.86358208238
TLA,2024,6776899040059.78,1487.37916310806
TLA,2025,,
TLS,1960,,
TLS,1961,,
TLS,1962,,
TLS,1963,,
TLS,1964,,
TLS,1965,,
TLS,1966,,
TLS,1967,,
TLS,1968,,
TLS,1969,,
TLS,1970,,
TLS,1971,,
TLS,1972,,
TLS,1973,,
TLS,1974,,
TLS,1975,,
TLS,1976,,
TLS,1977,,
TLS,1978,,
TLS,1979,,
TLS,1980,,
TLS,1981,,
TLS,1982,,
TLS,1983,,
TLS,1984,,
TLS,1985,,
TLS,1986,,
TLS,1987,,
TLS,1988,,
TLS,1989,,
TLS,1990,128210142.0,
TLS,1991,147713000.0,
TLS,1992,187891500.0,
TLS,1993,216914400.0,
TLS,1994,239040500.0,
TLS,1995,262819900.0,
TLS,1996,306956900.0,
TLS,1997,319972700.0,
TLS,1998,325729800.0,
TLS,1999,225357600.0,
TLS,2000,366924276.517996,
TLS,2001,477359252.614385,
TLS,2002,469455490.775238,
TLS,2003,490439116.183565,
TLS,2004,440771962.234046,62.4277506420371
TLS,2005,462267954.030558,61.1613700568695
TLS,2006,453792414.597114,60.4138656989526
TLS,2007,542795446.507391,60.7032219478967
TLS,2008,648523571.342018,
TLS,2009,726937835.848612,
TLS,2010,881909347.096515,
TLS,2011,1042534597.52614,
TLS,2012,1160555039.5788,
TLS,2013,1395727420.71268,
TLS,2014,1447535182.8616,
TLS,2015,1590282371.46446,
TLS,2016,1640464612.08088,
TLS,2017,1584878439.93596,
TLS,2018,1555988614.43594,
TLS,2019,2032550389.41316,
TLS,2020,2162619240.86927,
TLS,2021,3625024341.27346,
TLS,2022,3208599889.00965,
TLS,2023,2079767170.22651,
TLS,2024,1865608515.41321,
TLS,2025,,
TMN,1960,21778972838.6791,
TMN,1961,22717751213.0451,
TMN,1962,23127900672.4932,
TMN,1963,25478894502.4176,
TMN,1964,28460826047.0234,
TMN,1965,31555336449.1167,
TMN,1966,33702284400.0446,
TMN,1967,37016912903.3721,
TMN,1968,41567819038.1797,
TMN,1969,46228188357.884,
TMN,1970,51929379859.3506,
TMN,1971,58738170012.5242,
TMN,1972,66728372393.0197,
TMN,1973,82296472036.8109,
TMN,1974,126534190145.741,
TMN,1975,145360706814.426,
TMN,1976,179327380809.813,
TMN,1977,207141478320.287,
TMN,1978,222362511119.301,
TMN,1979,276440930291.791,
TMN,1980,335679627786.219,
TMN,1981,327781527993.719,
TMN,1982,366322118691.626,
TMN,1983,400996279046.08,
TMN,1984,418884127840.34,
TMN,1985,450074290280.295,
TMN,1986,483834373088.306,
TMN,1987,423609526506.312,
TMN,1988,410799887019.644,
TMN,1989,412556844308.039,
TMN,1990,557461708799.144,663.191953133606
TMN,1991,377590606309.415,668.664413738877
TMN,1992,387386092541.322,698.743797009548
TMN,1993,341578917933.426,728.886990128086
TMN,1994,359089803644.475,757.880117400473
TMN,1995,400070200863.339,769.643005377334
TMN,1996,443484188935.483,756.270936269716
TMN,1997,462008531395.001,799.203666243486
TMN,1998,471749357905.258,782.525372978875
TMN,1999,510969926774.03,801.640320061961
TMN,2000,573241814244.499,788.108365348027
TMN,2001,576409813039.634,823.419333227439
TMN,2002,561355905200.042,825.933623305455
TMN,2003,620751536900.607,828.867269794712
TMN,2004,735137864066.946,872.414235044176
TMN,2005,851999290344.532,923.992642471051
TMN,2006,991120945693.858,936.131417662858
TMN,2007,1204180777297.73,956.183478030942
TMN,2008,1458839080564.83,979.129228260682
TMN,2009,1410582747670.53,978.235684573102
TMN,2010,1616377453369.58,973.702722071797
TMN,2011,1894874707193.34,971.369224154521
TMN,2012,2040682875800.41,987.831343599637
TMN,2013,1916908014701.75,973.182909485313
TMN,2014,1905795277902.52,1003.78625361364
TMN,2015,1766686955969.3,966.405961557877
TMN,2016,1833719341125.58,1001.1028469984
TMN,2017,1862132539942.56,1050.19130798617
TMN,2018,1861598748076.98,1038.18501713197
TMN,2019,1817220775856.44,1065.40824896309
TMN,2020,1652429826440.19,1023.01178913465
TMN,2021,1921603222007.44,1066.10387982935
TMN,2022,2141649636190.98,1047.29901778601
TMN,2023,2076820247144.99,1080.49524707662
TMN,2024,2189893127426.38,
TMN,2025,,
TON,1960,,
TON,1961,,
TON,1962,,
TON,1963,,
TON,1964,,
TON,1965,,
TON,1966,,
TON,1967,,
TON,1968,,
TON,1969,,
TON,1970,,
TON,1971,,
TON,1972,,
TON,1973,,
TON,1974,,
TON,1975,32506741.7201204,
TON,1976,30036416.9619944,
TON,1977,34139387.8908849,
TON,1978,41567471.6721987,
TON,1979,44667002.0120724,
TON,1980,53260077.4311091,
TON,1981,62242013.3302689,
TON,1982,62068161.0711025,
TON,1983,60863963.963964,
TON,1984,64248354.5414656,
TON,1985,60058663.3144773,
TON,1986,68195855.6149733,
TON,1987,81667133.4546982,
TON,1988,106657267.367342,
TON,1989,106344854.986095,
TON,1990,113563821.577404,254.218294884654
TON,1991,132201141.446861,
TON,1992,137066290.550071,
TON,1993,138489884.393064,
TON,1994,195990986.21421,
TON,1995,208871665.748682,
TON,1996,222100576.345483,
TON,1997,214991452.314998,
TON,1998,191504892.761394,
TON,1999,199208717.501913,
TON,2000,204848487.806485,
TON,2001,181117230.406546,
TON,2002,182764280.828501,
TON,2003,202246591.215502,
TON,2004,230678011.42199,542.490316071989
TON,2005,261823805.433238,539.410055739039
TON,2006,292232703.306768,536.455441258129
TON,2007,298519623.342085,543.447707212863
TON,2008,344438844.333518,
TON,2009,312415028.446113,
TON,2010,366887374.989696,
TON,2011,414143828.494419,
TON,2012,471122971.305043,
TON,2013,451788498.263614,
TON,2014,440997738.014078,
TON,2015,437525514.240726,
TON,2016,420828262.317922,
TON,2017,459976850.268529,
TON,2018,493530783.00463,
TON,2019,506031238.979937,
TON,2020,506571467.895978,
TON,2021,519306352.78704,
TON,2022,556514555.400882,
TON,2023,591139749.44287,
TON,2024,,
TON,2025,,
TSA,1960,43270012739.1649,
TSA,1961,46076379864.3708,
TSA,1962,49304727903.0606,
TSA,1963,55539363101.615,
TSA,1964,63741466508.7532,
TSA,1965,67970199332.8318,
TSA,1966,54738691616.6907,
TSA,1967,60155334542.349,
TSA,1968,63211416560.9717,
TSA,1969,69748993757.947,
TSA,1970,74658791269.593,
TSA,1971,79443177465.6174,
TSA,1972,81426298286.7554,
TSA,1973,97561887957.808,
TSA,1974,116963620422.229,
TSA,1975,123400629130.854,
TSA,1976,117988534885.073,
TSA,1977,136743438548.561,
TSA,1978,155039888662.564,
TSA,1979,173920685619.916,
TSA,1980,210608299657.661,
TSA,1981,220616445555.575,
TSA,1982,226594563448.698,
TSA,1983,243700817417.399,
TSA,1984,239973094448.251,
TSA,1985,263678832418.149,
TSA,1986,280349120351.568,
TSA,1987,313355004645.126,
TSA,1988,334074870363.848,
TSA,1989,335790574664.33,
TSA,1990,364740287587.944,300.088642832757
TSA,1991,314469355543.217,306.445640808855
TSA,1992,333546277429.535,311.210413690381
TSA,1993,327009281232.946,314.161236482405
TSA,1994,377442853701.433,321.943918053024
TSA,1995,416341940329.578,334.733364422093
TSA,1996,458508459742.388,340.351792076347
TSA,1997,484982931205.649,348.137250206427
TSA,1998,492856423475.407,350.144254750157
TSA,1999,531825749349.825,363.486860024881
TSA,2000,544940514563.357,366.028600098071
TSA,2001,562554379798.02,365.884052514958
TSA,2002,593707009776.721,369.330182812147
TSA,2003,694775911444.331,372.388009186859
TSA,2004,804159915389.764,386.207568743456
TSA,2005,924419567611.272,395.625855946391
TSA,2006,1051884831127.45,410.716774250804
TSA,2007,1342148092012.26,428.288209838353
TSA,2008,1347380565219.4,446.491180914117
TSA,2009,1502961023415.75,471.611450049472
TSA,2010,1869826822189.78,492.49058573546
TSA,2011,2045738549420.96,506.213679119934
TSA,2012,2057958207279.98,528.989239051318
TSA,2013,2111097579998.97,534.988418804067
TSA,2014,2323062261530.8,564.929405853257
TSA,2015,2414503392484.38,577.180149335876
TSA,2016,2679313169377.96,584.677609249519
TSA,2017,3075955432871.73,603.637618650025
TSA,2018,3159841615195.07,621.31111888334
TSA,2019,3318484576527.33,621.768218900534
TSA,2020,3172770463749.49,592.370513170141
TSA,2021,3717045071833.11,633.381629990765
TSA,2022,3930640287773.46,675.790023000581
TSA,2023,4210302249458.65,704.462550023437
TSA,2024,4512296631866.31,
TSA,2025,,
TSS,1960,35992821734.5305,
TSS,1961,37521652879.664,
TSS,1962,40553510689.9696,
TSS,1963,46127211026.2209,
TSS,1964,45891005945.7252,
TSS,1965,50543636348.1423,
TSS,1966,54780137858.9381,
TSS,1967,54842900794.1515,
TSS,1968,58686298467.8432,
TSS,1969,66258274672.1409,
TSS,1970,73998855803.6158,
TSS,1971,76078810558.0094,
TSS,1972,85727757471.5517,
TSS,1973,109279758227.601,
TSS,1974,138641757472.571,
TSS,1975,152220676931.201,
TSS,1976,164674481161.533,
TSS,1977,180959309200.527,
TSS,1978,202653018739.213,
TSS,1979,238924186293.265,
TSS,1980,300099132923.764,
TSS,1981,404964037903.535,
TSS,1982,376485492802.867,
TSS,1983,337927843621.059,
TSS,1984,301936206027.115,
TSS,1985,288309829782.491,
TSS,1986,270239968939.1,
TSS,1987,302632023546.226,
TSS,1988,318689570071.268,
TSS,1989,324390129475.55,
TSS,1990,379792150457.814,538.957237745709
TSS,1991,406697201565.697,542.000991029135
TSS,1992,365899311503.049,526.643039084363
TSS,1993,369858486527.505,528.122108981598
TSS,1994,378181617912.501,526.24946599619
TSS,1995,481078758906.208,533.715583395419
TSS,1996,537529901697.435,536.99530903753
TSS,1997,565282701495.443,538.946687207747
TSS,1998,566816017701.65,528.880391391298
TSS,1999,404651773356.154,524.583457782775
TSS,2000,428788505804.802,499.345107058423
TSS,2001,410936270042.78,492.001615424466
TSS,2002,449500894158.767,482.978810804321
TSS,2003,565919936760.318,498.739638496936
TSS,2004,702843204651.659,508.511961824047
TSS,2005,836993712579.377,502.759113414149
TSS,2006,988873289522.059,501.326866001414
TSS,2007,1145239979455.74,506.095287849266
TSS,2008,1301030210080.85,520.403773065876
TSS,2009,1241958752180.26,516.179905047981
TSS,2010,1469616438039.84,513.121968061315
TSS,2011,1650955876097.19,526.470094414214
TSS,2012,1717295733292.83,511.27768178382
TSS,2013,1825489288568.26,513.284130491495
TSS,2014,1902908083279.38,517.629962878177
TSS,2015,1688024093175.49,503.092817631652
TSS,2016,1531896244777.67,505.055248998147
TSS,2017,1672127811803.69,495.732340267882
TSS,2018,1798796101321.48,484.233214794417
TSS,2019,2045711007848.14,493.32376906013
TSS,2020,1902392262699.06,480.029814053913
TSS,2021,2140795804040.0,491.201632744809
TSS,2022,2292617010267.0,484.171747556539
TSS,2023,2117597425394.65,479.32008536485
TSS,2024,1979078503991.37,
TSS,2025,,
TTO,1960,535673252.483535,
TTO,1961,584964620.921781,
TTO,1962,619322810.026308,
TTO,1963,678239329.401676,
TTO,1964,711897520.256199,
TTO,1965,736573158.567104,
TTO,1966,723739857.317023,
TTO,1967,761981912.42271,
TTO,1968,758899950.0,
TTO,1969,779200000.0,
TTO,1970,821850000.0,
TTO,1971,896765214.626133,
TTO,1972,1083391757.89486,
TTO,1973,1308785430.53591,
TTO,1974,2042001070.5079,
TTO,1975,2442669824.56431,
TTO,1976,2500424955.23006,
TTO,1977,3138666666.66667,
TTO,1978,3562333458.33333,
TTO,1979,4602416625.0,
TTO,1980,6235833333.33333,
TTO,1981,6992083333.33333,
TTO,1982,8140416666.66667,
TTO,1983,7763750000.0,
TTO,1984,7757083333.33333,
TTO,1985,7375918367.34694,
TTO,1986,4794444444.44444,
TTO,1987,4797777777.77778,
TTO,1988,4496910569.10569,
TTO,1989,4323058823.52941,
TTO,1990,5068000000.0,4782.47609016258
TTO,1991,5307905882.35294,4715.65904317902
TTO,1992,5439552941.17647,5145.25562349447
TTO,1993,4669491134.2478,4759.58552332193
TTO,1994,4947181645.55221,4796.41728202912
TTO,1995,5329217747.21258,4619.7280481663
TTO,1996,5759570336.11287,5651.92808881757
TTO,1997,5737771523.10148,5812.91499969311
TTO,1998,6043686653.62189,6250.90915615712
TTO,1999,6808982520.75759,7068.10233527916
TTO,2000,8154342116.10311,7575.58896313876
TTO,2001,8824849191.03571,8336.82302254039
TTO,2002,9008298228.60273,8990.73441697741
TTO,2003,11305459802.0683,10077.8124597532
TTO,2004,13280291989.5755,10262.1290415816
TTO,2005,15982389018.4041,12423.5683148853
TTO,2006,18369361094.3886,13820.6467519783
TTO,2007,21641620049.9352,14651.4392568831
TTO,2008,27871587349.5413,14167.2834575522
TTO,2009,19172165225.5015,14193.29907855
TTO,2010,22157920592.3669,15018.9097839263
TTO,2011,25433007437.1605,14838.9882923701
TTO,2012,27147349937.4689,14480.1691062996
TTO,2013,28560537057.1548,14331.4985446827
TTO,2014,29474180005.1333,14611.6182206133
TTO,2015,26841141793.2143,14043.9759832685
TTO,2016,23624322192.6274,12250.992693627
TTO,2017,23830750900.6899,12330.86332127
TTO,2018,23883058083.2171,12397.1007399961
TTO,2019,23477745791.6977,12492.8984634242
TTO,2020,20888515184.2239,10700.5967523814
TTO,2021,24222963262.7213,11212.0075366802
TTO,2022,28341164301.126,10999.4620628815
TTO,2023,25036993423.3664,10590.4282092029
TTO,2024,25633544529.4849,
TTO,2025,,
TUN,1960,,
TUN,1961,866155428.571429,
TUN,1962,880027733.333333,
TUN,1963,1026737600.0,
TUN,1964,1025866792.15686,
TUN,1965,991047619.047619,
TUN,1966,1040952380.95238,
TUN,1967,1085714285.71429,
TUN,1968,1214666666.66667,
TUN,1969,1289904761.90476,
TUN,1970,1439238095.2381,
TUN,1971,1685162272.40652,
TUN,1972,2237556148.51085,
TUN,1973,2730813385.32624,
TUN,1974,3545868575.14639,
TUN,1975,4328965587.53266,
TUN,1976,4508191942.16081,
TUN,1977,5109324009.32401,
TUN,1978,5968460080.1113,
TUN,1979,7188863903.63675,
TUN,1980,8744134354.16152,
TUN,1981,8428445294.08429,
TUN,1982,8133580051.70251,
TUN,1983,8350582747.83541,
TUN,1984,8254541194.82566,
TUN,1985,8410226052.6114,
TUN,1986,9017806654.4169,
TUN,1987,9696715910.70907,
TUN,1988,10096245762.4352,
TUN,1989,10101851744.5627,
TUN,1990,12290568181.8182,594.318071319607
TUN,1991,13074782608.6957,576.27872137721
TUN,1992,15496708060.4184,627.509817106988
TUN,1993,14608335608.1543,598.684728431468
TUN,1994,15633174304.0905,635.54535664556
TUN,1995,18030876599.3444,633.647279663274
TUN,1996,19587161806.7655,652.843374404444
TUN,1997,20746210353.845,664.287432602087
TUN,1998,21802893587.126,714.89307010544
TUN,1999,22943202174.9668,730.204372862909
TUN,2000,21473528160.7782,748.273831151715
TUN,2001,22065832448.8623,781.40012180483
TUN,2002,23141616604.5242,783.697921952401
TUN,2003,27453902261.4629,797.158334635846
TUN,2004,31183885241.4396,832.55467184916
TUN,2005,32272186694.8043,810.836929733225
TUN,2006,34376664600.5898,845.985604662777
TUN,2007,38915353866.757,865.764456490386
TUN,2008,44859439902.2191,894.304160812003
TUN,2009,43455740497.3061,859.962925384995
TUN,2010,46206091937.9628,955.707047372167
TUN,2011,48123325825.0739,902.903041115908
TUN,2012,47311401812.6733,930.16863461378
TUN,2013,48685446413.953,935.797099690451
TUN,2014,50271812920.612,939.769133002953
TUN,2015,45779494041.9295,952.983955126789
TUN,2016,44360072680.4476,955.176493865808
TUN,2017,42163530590.9462,973.953481456321
TUN,2018,42686504459.801,973.074341333009
TUN,2019,41905642418.825,950.614263724593
TUN,2020,42491780918.361,896.515593998175
TUN,2021,47073234359.1819,964.474882954034
TUN,2022,44929920092.7955,956.041118887201
TUN,2023,48205328303.3398,901.544846500177
TUN,2024,51332285656.5422,
TUN,2025,,
TUR,1960,7566666666.66667,
TUR,1961,7988888888.88889,
TUR,1962,8922222222.22222,
TUR,1963,10355555555.5556,
TUR,1964,11177777777.7778,
TUR,1965,11966666666.6667,
TUR,1966,14100000000.0,
TUR,1967,15644444444.4444,
TUR,1968,17500000000.0,
TUR,1969,19466666666.6667,
TUR,1970,17863636363.6364,
TUR,1971,16166666666.6667,
TUR,1972,20650000000.0,
TUR,1973,26000000000.0,
TUR,1974,35414285714.2857,
TUR,1975,46042857142.8571,
TUR,1976,51450000000.0,
TUR,1977,58683333333.3333,
TUR,1978,65912500000.0,
TUR,1979,89616129032.2581,
TUR,1980,68823684210.5263,
TUR,1981,71180180180.1802,
TUR,1982,64369325153.3742,
TUR,1983,61803555555.5556,
TUR,1984,59937602179.8365,
TUR,1985,67232758620.6897,
TUR,1986,75673037037.037,
TUR,1987,87190081680.28,
TUR,1988,90875175808.7201,
TUR,1989,107127191328.935,
TUR,1990,150655500191.644,918.261888219127
TUR,1991,151034731543.624,887.162812412747
TUR,1992,159104772991.851,911.309124510702
TUR,1993,180415757851.616,955.118552884009
TUR,1994,130650447499.071,927.181663056975
TUR,1995,234699627004.035,997.967536333338
TUR,1996,250366965174.129,1073.12750011037
TUR,1997,263817553748.395,1109.80579406891
TUR,1998,276035372654.608,1111.04759170567
TUR,1999,256673939247.773,1079.90999533335
TUR,2000,274748463178.502,1166.01412005443
TUR,2001,202195080239.036,1060.57071953568
TUR,2002,240778008473.845,1107.27991011855
TUR,2003,315392899922.379,1159.99665803769
TUR,2004,410156784495.948,1176.75430160118
TUR,2005,508314210212.544,1211.46561646669
TUR,2006,559668118237.002,1328.69230138979
TUR,2007,685228481017.03,1429.92300570179
TUR,2008,775415944332.866,1385.17801532797
TUR,2009,653894449921.288,1364.09730379872
TUR,2010,782545664268.333,1445.41016354332
TUR,2011,844192507380.795,1515.88033612695
TUR,2012,885327622479.052,1567.31606123672
TUR,2013,962167643588.925,1510.79118967025
TUR,2014,942343431928.654,1543.09095693879
TUR,2015,865460050683.656,1646.83631130339
TUR,2016,870818016909.84,1724.54363987712
TUR,2017,863874522365.276,1828.02986770908
TUR,2018,788356985773.667,1771.33742856964
TUR,2019,775853144222.613,1774.19625722275
TUR,2020,733628247119.077,1762.01062220058
TUR,2021,839938668172.134,1894.62719281739
TUR,2022,926097476913.818,1841.55630679263
TUR,2023,1141242864657.45,1849.53592344542
TUR,2024,1359123768774.12,1924.93815098993
TUR,2025,,
TUV,1960,,
TUV,1961,,
TUV,1962,,
TUV,1963,,
TUV,1964,,
TUV,1965,,
TUV,1966,,
TUV,1967,,
TUV,1968,,
TUV,1969,,
TUV,1970,2585955.87411804,
TUV,1971,2716989.58449994,
TUV,1972,2968457.94392523,
TUV,1973,3411915.43882127,
TUV,1974,4122328.66617539,
TUV,1975,4014748.0540762,
TUV,1976,3919072.22992563,
TUV,1977,3669419.59164946,
TUV,1978,3798781.86329799,
TUV,1979,4065659.43428377,
TUV,1980,4206128.13370474,
TUV,1981,4773017.53163822,
TUV,1982,4118945.16164625,
TUV,1983,4152550.30416472,
TUV,1984,4481977.90255389,
TUV,1985,3862851.88310194,
TUV,1986,4574706.2115277,
TUV,1987,5020513.49920593,
TUV,1988,7011059.37136204,
TUV,1989,8454523.24729257,
TUV,1990,9542900.90136505,
TUV,1991,10127313.9132358,
TUV,1992,10535028.1423687,
TUV,1993,10414399.9564792,
TUV,1994,11772610.6579341,
TUV,1995,11922614.1984666,
TUV,1996,13338597.3300737,
TUV,1997,13734210.096632,
TUV,1998,13795146.2092638,
TUV,1999,14800503.2582747,
TUV,2000,15073975.5349377,
TUV,2001,13964732.327114,
TUV,2002,16842672.5952874,
TUV,2003,19456338.0318228,
TUV,2004,22798274.9795551,
TUV,2005,22909979.8163078,
TUV,2006,24096875.4635825,
TUV,2007,28450168.692765,
TUV,2008,31874434.857882,
TUV,2009,28076983.9703819,
TUV,2010,32105408.4771121,
TUV,2011,39196957.4908996,
TUV,2012,39345579.4723758,
TUV,2013,38615890.6320745,
TUV,2014,38760982.6540096,
TUV,2015,36811936.0824587,
TUV,2016,41629064.2232388,
TUV,2017,45276595.3533146,
TUV,2018,48015259.8751356,
TUV,2019,54123198.5662913,
TUV,2020,51746594.3148543,
TUV,2021,60196405.7138393,
TUV,2022,59065982.0873657,
TUV,2023,62280311.5852172,
TUV,2024,,
TUV,2025,,
TZA,1960,2651729807.38808,
TZA,1961,2826179031.22839,
TZA,1962,3101589992.664,
TZA,1963,3456579293.44828,
TZA,1964,3748840925.06363,
TZA,1965,3817226546.22938,
TZA,1966,4377998825.12047,
TZA,1967,4565132047.52718,
TZA,1968,4895251824.05927,
TZA,1969,5142066811.47328,
TZA,1970,2851419386.07225,
TZA,1971,3050673517.33059,
TZA,1972,3472787266.0964,
TZA,1973,4144104535.49655,
TZA,1974,4977337978.35959,
TZA,1975,5729917839.54264,
TZA,1976,6472511987.84735,
TZA,1977,7732598995.10303,
TZA,1978,9261675709.83072,
TZA,1979,9804637490.81892,
TZA,1980,11409228086.7463,
TZA,1981,13161540377.5792,
TZA,1982,13927383239.8322,
TZA,1983,14049883809.0089,
TZA,1984,12906635133.1557,
TZA,1985,15328295175.4067,
TZA,1986,10840864521.2338,
TZA,1987,7824193222.11908,
TZA,1988,7406614407.46127,
TZA,1989,6418799006.80247,
TZA,1990,6184384225.02712,297.576209956546
TZA,1991,7197768158.58347,297.725749311482
TZA,1992,6681997469.31292,296.366293451872
TZA,1993,6182872707.82523,307.166428802667
TZA,1994,6550480483.9385,354.136151874751
TZA,1995,7631431840.49992,362.672242081562
TZA,1996,9433528150.36609,360.800857832384
TZA,1997,11158197941.9152,357.537942100619
TZA,1998,12172790056.3733,370.868215295888
TZA,1999,12704334195.8151,383.777082877497
TZA,2000,13371767081.7428,394.214040984419
TZA,2001,13563990022.3641,397.622993221394
TZA,2002,14129651895.6911,406.285214233171
TZA,2003,15211487708.7684,411.360806606838
TZA,2004,16673062473.3981,415.138592227062
TZA,2005,18395383647.4975,426.631879550634
TZA,2006,18619859795.2852,429.770138653436
TZA,2007,21860434823.4808,419.60961592123
TZA,2008,27947821397.9272,415.330594456726
TZA,2009,29400573553.6075,415.353590642635
TZA,2010,32012892919.37,421.07723472057
TZA,2011,34657140096.4836,433.147775276653
TZA,2012,39650394362.9287,425.199728698323
TZA,2013,45648857242.315,432.383123313066
TZA,2014,49986726460.6805,414.956549694307
TZA,2015,47413919817.124,420.073127390291
TZA,2016,49774409374.4538,416.6573892094
TZA,2017,53274884532.7886,406.582586090679
TZA,2018,57003712892.0858,403.246305480236
TZA,2019,61026731925.9213,414.699802505225
TZA,2020,66068737786.0639,404.414101040694
TZA,2021,70655628147.8986,404.180640287945
TZA,2022,75749121842.9149,406.559197479309
TZA,2023,79030935627.0781,400.79903628363
TZA,2024,78844405385.2195,
TZA,2025,,
UGA,1960,423145605.043164,
UGA,1961,441667334.611947,
UGA,1962,449158233.391351,
UGA,1963,516315231.449087,
UGA,1964,589247687.30035,
UGA,1965,884502309.953801,
UGA,1966,925381492.370153,
UGA,1967,967240655.186896,
UGA,1968,1037379252.41495,
UGA,1969,1168556628.86742,
UGA,1970,1259554808.90382,
UGA,1971,1417191656.16688,
UGA,1972,1490970180.59639,
UGA,1973,1701829789.02127,
UGA,1974,2098944967.20844,
UGA,1975,2359555555.55556,
UGA,1976,2447300000.0,
UGA,1977,2936470588.23529,
UGA,1978,2420260869.56522,
UGA,1979,2139025000.0,
UGA,1980,1244610000.0,
UGA,1981,1337300000.0,
UGA,1982,2177500000.0,
UGA,1983,2240333333.33333,
UGA,1984,3615647477.05434,
UGA,1985,3519695443.52516,
UGA,1986,3923244049.95796,
UGA,1987,6269522042.11556,
UGA,1988,6508931651.66667,
UGA,1989,5276480799.33868,
UGA,1990,4304399310.30967,402.070944670397
UGA,1991,3321729159.62277,402.554090043828
UGA,1992,2857457761.90922,403.320202900991
UGA,1993,3220439044.18949,398.844164570364
UGA,1994,3990430446.71216,395.505352859269
UGA,1995,5755818842.49246,398.140311696357
UGA,1996,6044585326.938,401.192438933421
UGA,1997,6269333313.17108,399.682457178449
UGA,1998,6584815846.52754,395.934295404902
UGA,1999,5998563257.94659,389.821329413169
UGA,2000,6193246837.09687,386.584595406427
UGA,2001,5840503868.51573,386.089708214355
UGA,2002,6178563591.12051,387.318100005704
UGA,2003,6606884275.23087,388.381069147849
UGA,2004,7939487547.77384,388.640131805598
UGA,2005,9239221763.05793,392.282158904873
UGA,2006,9977647682.96954,393.842691254672
UGA,2007,11902564494.8833,396.630026221206
UGA,2008,14440404132.2047,402.651273617184
UGA,2009,25127805566.6584,414.735215121393
UGA,2010,26673441430.7857,421.097969878538
UGA,2011,27871725241.4723,429.225311843415
UGA,2012,27305915910.7877,436.075835109515
UGA,2013,28915786516.6123,449.340940009568
UGA,2014,32612397257.4458,455.997609512825
UGA,2015,32387183730.1002,470.526106943969
UGA,2016,29203988696.2626,473.577742821637
UGA,2017,30744473841.424,468.530429181479
UGA,2018,32927025619.6795,468.498653970229
UGA,2019,35353061003.4359,455.42686850579
UGA,2020,37600368241.6657,475.329485023229
UGA,2021,40529788748.6737,483.427100082329
UGA,2022,45565333210.9108,488.210616294079
UGA,2023,48768955863.3175,497.390337772828
UGA,2024,53911907086.1525,
UGA,2025,,
UKR,1960,,
UKR,1961,,
UKR,1962,,
UKR,1963,,
UKR,1964,,
UKR,1965,,
UKR,1966,,
UKR,1967,,
UKR,1968,,
UKR,1969,,
UKR,1970,,
UKR,1971,,
UKR,1972,,
UKR,1973,,
UKR,1974,,
UKR,1975,,
UKR,1976,,
UKR,1977,,
UKR,1978,,
UKR,1979,,
UKR,1980,,
UKR,1981,,
UKR,1982,,
UKR,1983,,
UKR,1984,,
UKR,1985,,
UKR,1986,,
UKR,1987,64087694038.2333,
UKR,1988,74703517902.6642,
UKR,1989,82709161099.1244,
UKR,1990,81393558423.4406,4841.71904895513
UKR,1991,77350733982.4458,4837.21284356085
UKR,1992,73945908383.7046,4196.07414505054
UKR,1993,65648559903.0571,3716.77858553103
UKR,1994,52549580264.8064,3183.56375925579
UKR,1995,48213856468.5718,3168.70052622854
UKR,1996,44558831005.0621,2927.92572780332
UKR,1997,50151531591.7317,2825.73860259937
UKR,1998,41882523345.1804,2693.73243816097
UKR,1999,31580639553.8298,2702.79946004914
UKR,2000,32375083934.8241,2700.10061007166
UKR,2001,39309580983.2282,2730.9849933122
UKR,2002,43956163612.0433,2786.00498673634
UKR,2003,52010355753.0461,2914.06696251373
UKR,2004,67220154164.3166,2957.98499344051
UKR,2005,89238865118.5263,2964.77701596962
UKR,2006,111884752475.248,2866.6234732695
UKR,2007,148733861386.139,2961.88351682898
UKR,2008,188110390659.515,2875.89657843683
UKR,2009,121552153444.124,2453.43957426865
UKR,2010,141209170427.233,2848.78160077932
UKR,2011,169333835201.554,2732.88427034676
UKR,2012,182591753827.949,2650.99861590717
UKR,2013,190498811460.028,2517.91132267143
UKR,2014,133503871861.723,2298.60778628289
UKR,2015,91030967789.0717,2027.641681734
UKR,2016,93355869403.9223,2007.97794185628
UKR,2017,112090505081.739,1967.83535233788
UKR,2018,130891088293.55,2068.75608372619
UKR,2019,153883047509.577,1987.62473314258
UKR,2020,156617722013.342,1932.92182292303
UKR,2021,199765859570.935,2096.06217562326
UKR,2022,161989520721.19,1479.47224953939
UKR,2023,181221517868.744,1508.27791300021
UKR,2024,190741262414.705,
UKR,2025,,
URY,1960,1242289239.20493,
URY,1961,1547388781.43133,
URY,1962,1710004407.22785,
URY,1963,1539681490.78174,
URY,1964,1975701816.46615,
URY,1965,1890767155.52622,
URY,1966,1809185093.55188,
URY,1967,1597713469.09611,
URY,1968,1593674184.56285,
URY,1969,2004435483.87097,
URY,1970,2137096774.19355,
URY,1971,2807258064.51613,
URY,1972,2189418688.80408,
URY,1973,3964296443.35254,
URY,1974,4090209681.97172,
URY,1975,3538278046.96236,
URY,1976,3667161241.48372,
URY,1977,4114670014.3472,
URY,1978,4910254565.57831,
URY,1979,7181182224.11227,
URY,1980,10163020115.7344,
URY,1981,11048301420.6301,
URY,1982,9178780076.99713,
URY,1983,5102276308.45313,
URY,1984,4850238549.61832,
URY,1985,4732017873.38369,
URY,1986,5880112788.40947,
URY,1987,7367494080.40014,
URY,1988,8213538368.84635,
URY,1989,8438951476.06644,
URY,1990,9298807850.29979,724.623158851083
URY,1991,11206176650.9075,781.653529839595
URY,1992,12878148790.7348,858.94549973557
URY,1993,15002136971.1745,796.48972768896
URY,1994,17474588895.8918,757.037323551894
URY,1995,19297663096.5506,805.45638430458
URY,1996,20515458113.5857,884.16196125255
URY,1997,23969739233.8966,893.586695122511
URY,1998,25385886977.5228,914.894632558476
URY,1999,23983945190.6202,994.912620386541
URY,2000,22823270892.1094,948.595701266831
URY,2001,20898761742.2386,831.884484463778
URY,2002,13606515722.5864,772.008348325172
URY,2003,12045638351.8507,774.971327216851
URY,2004,13686329890.1191,884.970363414793
URY,2005,17362857683.8545,916.698612830821
URY,2006,19741420739.8901,990.488024294237
URY,2007,23797773024.3992,985.905732498087
URY,2008,31119602538.8322,1274.16949472415
URY,2009,32708319077.5179,1254.7362886566
URY,2010,41950361211.9581,1226.9840852731
URY,2011,50342406067.0777,1327.77878788273
URY,2012,54232266358.7811,1407.51757319789
URY,2013,61337621933.7857,1378.79092656473
URY,2014,61496186973.902,1397.55777562001
URY,2015,57680327998.6689,1491.04897158511
URY,2016,57480787465.2716,1550.98299580242
URY,2017,65005997963.4822,1512.8381875657
URY,2018,65344577415.7535,1560.97897875852
URY,2019,62222313618.8454,1540.78251179675
URY,2020,53559359261.826,1531.60055590501
URY,2021,60739084240.8633,1643.32575440656
URY,2022,70594110920.0358,1623.8204512773
URY,2023,77991666837.7382,1771.52729208681
URY,2024,80961511073.5797,
URY,2025,,
USA,1960,541988586206.897,
USA,1961,561940310344.828,
USA,1962,603639413793.103,
USA,1963,637058551724.138,
USA,1964,684144620689.655,
USA,1965,741904862068.965,
USA,1966,813032758620.69,
USA,1967,859620034482.759,
USA,1968,940225000000.0,
USA,1969,1017438172413.79,
USA,1970,1073303000000.0,
USA,1971,1164850000000.0,
USA,1972,1279110000000.0,
USA,1973,1425376000000.0,
USA,1974,1545243000000.0,
USA,1975,1684904000000.0,
USA,1976,1873412000000.0,
USA,1977,2081826000000.0,
USA,1978,2351599000000.0,
USA,1979,2627333000000.0,
USA,1980,2857307000000.0,
USA,1981,3207041000000.0,
USA,1982,3343789000000.0,
USA,1983,3634038000000.0,
USA,1984,4037613000000.0,
USA,1985,4338979000000.0,
USA,1986,4579631000000.0,
USA,1987,4855215000000.0,
USA,1988,5236438000000.0,
USA,1989,5641580000000.0,
USA,1990,5963144000000.0,7669.4512686363
USA,1991,6158129000000.0,7629.84715395512
USA,1992,6520327000000.0,7675.63655553518
USA,1993,6858559000000.0,7708.10161116809
USA,1994,7287236000000.0,7755.08252133275
USA,1995,7639749000000.0,7760.89035266192
USA,1996,8073122000000.0,7841.59288605808
USA,1997,8577554457000.0,7825.23663798017
USA,1998,9062818202000.0,7800.439490719
USA,1999,9631174489000.0,7920.05392329598
USA,2000,10250947997000.0,8055.14548852416
USA,2001,10581929774000.0,7824.24393877407
USA,2002,10929112955000.0,7840.46095949898
USA,2003,11456442041000.0,7791.30391526846
USA,2004,12217193198000.0,7878.53717143427
USA,2005,13039199193000.0,7843.3910574627
USA,2006,13815586948000.0,7694.40657948116
USA,2007,14474226905000.0,7756.0141894981
USA,2008,14769857911000.0,7484.83268900712
USA,2009,14478064934000.0,7053.35846690965
USA,2010,15048964444000.0,7162.55933024159
USA,2011,15599728123000.0,7009.64607964907
USA,2012,16253972230000.0,6820.46062064875
USA,2013,16843190993000.0,6888.38143742637
USA,2014,17550680174000.0,6915.64165280321
USA,2015,18206020741000.0,6789.64733291075
USA,2016,18695110842000.0,6663.4963294418
USA,2017,19477336549000.0,6590.83509745633
USA,2018,20533057312000.0,6738.27272433986
USA,2019,21380976119000.0,6700.93033990565
USA,2020,21060473613000.0,6141.53125755889
USA,2021,23315080560000.0,6445.83409243358
USA,2022,25604848907611.0,6511.68841394546
USA,2023,27292170793214.4,6363.50015820072
USA,2024,28750956130731.2,6359.43979855855
USA,2025,,
UZB,1960,,
UZB,1961,,
UZB,1962,,
UZB,1963,,
UZB,1964,,
UZB,1965,,
UZB,1966,,
UZB,1967,,
UZB,1968,,
UZB,1969,,
UZB,1970,,
UZB,1971,,
UZB,1972,,
UZB,1973,,
UZB,1974,,
UZB,1975,,
UZB,1976,,
UZB,1977,,
UZB,1978,,
UZB,1979,,
UZB,1980,,
UZB,1981,,
UZB,1982,,
UZB,1983,,
UZB,1984,,
UZB,1985,,
UZB,1986,,
UZB,1987,8523160592.61112,
UZB,1988,10722799639.3121,
UZB,1989,11948815258.1132,
UZB,1990,13362340337.8657,2315.79830531938
UZB,1991,13800167711.5003,2291.7728480695
UZB,1992,12953801760.2414,2098.83132080431
UZB,1993,13099920055.9608,2130.91862562729
UZB,1994,12899074922.38,2062.21084114324
UZB,1995,13350461264.9969,1713.58068520437
UZB,1996,13948892215.5689,1744.87031595541
UZB,1997,14744603773.5849,1746.59887028463
UZB,1998,14988971210.8383,1789.4682125784
UZB,1999,17078465982.0282,1842.93905906342
UZB,2000,13760513969.314,1871.11315536747
UZB,2001,11401421329.1974,1868.13081503421
UZB,2002,9687788512.80184,1912.25629372757
UZB,2003,10134453435.4603,1827.88704189006
UZB,2004,12030023547.8807,1784.51336428919
UZB,2005,14307509838.8053,1666.13498733072
UZB,2006,17330833852.919,1699.2589205417
UZB,2007,22311393927.8817,1638.45360927609
UZB,2008,29549438883.8338,1660.63763265876
UZB,2009,33689223673.2577,1492.27478472651
UZB,2010,49765676402.4495,1596.92372277593
UZB,2011,60178909297.208,1607.25299014153
UZB,2012,67517349212.0609,1391.81210442549
UZB,2013,73180037914.9104,1354.11120586417
UZB,2014,80845385809.4529,1242.64772787674
UZB,2015,86196264755.3105,1167.29385071423
UZB,2016,86138288644.171,1211.94608494188
UZB,2017,69703222282.7278,1255.97754648177
UZB,2018,58695899092.1083,1276.08532865176
UZB,2019,67293639798.3996,1289.0781755237
UZB,2020,66443265418.3086,1351.14123572996
UZB,2021,77340060003.0347,1465.18513514935
UZB,2022,90095926567.4359,1381.80517132593
UZB,2023,102641879248.764,1394.09046714259
UZB,2024,114965293466.611,
UZB,2025,,
VCT,1960,13066634.0000817,
VCT,1961,13999965.0000875,
VCT,1962,14524963.6875908,
VCT,1963,13708299.0625857,
VCT,1964,14758296.4375922,
VCT,1965,15108295.5625944,
VCT,1966,16099959.7501006,
VCT,1967,15835106.0327781,
VCT,1968,15350000.0,
VCT,1969,16650000.0,
VCT,1970,18450000.0,
VCT,1971,20051922.3261445,
VCT,1972,27585804.8653032,
VCT,1973,30165081.0858817,
VCT,1974,32923702.7281866,
VCT,1975,33237225.9880652,
VCT,1976,32792844.6829448,
VCT,1977,49353161.8518519,
VCT,1978,60844771.4814815,
VCT,1979,71096359.6296296,
VCT,1980,82340339.6296296,
VCT,1981,102086539.259259,
VCT,1982,113759203.333333,
VCT,1983,122255349.62963,
VCT,1984,135024987.777778,
VCT,1985,145641705.185185,
VCT,1986,160846656.666667,
VCT,1987,175580647.407407,
VCT,1988,200726712.592593,
VCT,1989,214745002.222222,
VCT,1990,240366666.666667,263.244571244589
VCT,1991,254829629.62963,
VCT,1992,277955555.555556,
VCT,1993,286307407.407407,
VCT,1994,289437037.037037,
VCT,1995,316007407.407407,
VCT,1996,331488888.888889,
VCT,1997,347770370.37037,
VCT,1998,373618518.518519,
VCT,1999,390718518.518519,
VCT,2000,427946037.037037,
VCT,2001,462072333.333333,
VCT,2002,487763851.851852,
VCT,2003,509090888.888889,
VCT,2004,549900185.185185,584.924890326583
VCT,2005,579948925.925926,595.820364606492
VCT,2006,643501148.148148,624.921884764404
VCT,2007,713596666.666667,627.628193058432
VCT,2008,732663259.259259,
VCT,2009,714300259.259259,
VCT,2010,720447888.888889,
VCT,2011,713796370.37037,
VCT,2012,730032592.592593,
VCT,2013,764781259.259259,
VCT,2014,770900000.0,
VCT,2015,786555555.555555,
VCT,2016,814303703.703704,
VCT,2017,844040740.740741,
VCT,2018,884329629.62963,
VCT,2019,910481481.481481,
VCT,2020,864566666.666667,
VCT,2021,888677777.777778,
VCT,2022,989188888.888889,
VCT,2023,1072237037.03704,
VCT,2024,1157207407.40741,
VCT,2025,,
VEN,1960,7663938303.07171,
VEN,1961,8067267030.61862,
VEN,1962,8814309884.21165,
VEN,1963,9608717288.17057,
VEN,1964,8192413793.10345,
VEN,1965,8427777777.77778,
VEN,1966,8781333333.33333,
VEN,1967,9250000000.0,
VEN,1968,10034444444.4444,
VEN,1969,10285111111.1111,
VEN,1970,11561111111.1111,
VEN,1971,12986590909.0909,
VEN,1972,13977727272.7273,
VEN,1973,17035581395.3488,
VEN,1974,26100930232.5581,
VEN,1975,27464651162.7907,
VEN,1976,31419534883.7209,
VEN,1977,36210697674.4186,
VEN,1978,39316279069.7674,
VEN,1979,48310930232.5581,
VEN,1980,59116511627.907,
VEN,1981,66327441860.4651,
VEN,1982,67736744186.0465,
VEN,1983,67556279069.7674,
VEN,1984,59867743467.9335,
VEN,1985,61965466666.6667,
VEN,1986,60516123711.3402,
VEN,1987,48029034482.7586,
VEN,1988,60226413793.1035,
VEN,1989,43536709104.0115,
VEN,1990,48606952194.7752,1997.56479057799
VEN,1991,53453444786.6256,2037.30182520885
VEN,1992,60416519620.0849,2226.55481105961
VEN,1993,60037460783.1941,2027.59967205093
VEN,1994,58418666666.6667,2299.11785137022
VEN,1995,77389487770.0883,2111.33770063193
VEN,1996,70543211119.099,2203.62644762536
VEN,1997,85837678559.8324,2149.90770739915
VEN,1998,91336763255.0597,2218.43187719732
VEN,1999,97972842461.5131,2399.16210710328
VEN,2000,117146466002.661,2391.36796026802
VEN,2001,122911036746.729,2188.40606705914
VEN,2002,92893587733.6549,2648.88652521803
VEN,2003,83620628582.1082,2432.12630470112
VEN,2004,112451400424.964,2305.02805179379
VEN,2005,145513489651.872,2371.58340737061
VEN,2006,183477522123.894,2377.64028480756
VEN,2007,230364012575.687,2391.33788149518
VEN,2008,315953388510.678,2346.01163837283
VEN,2009,329787628928.472,2231.75458660546
VEN,2010,393192354510.653,2621.20702328211
VEN,2011,316482190800.364,2309.9066118944
VEN,2012,372592062768.06,2310.75269478151
VEN,2013,258930655486.37,2529.2097489945
VEN,2014,214689614732.719,2173.57093050952
VEN,2015,125449241571.391,2098.46944015591
VEN,2016,112915034262.314,2009.0681450604
VEN,2017,115883275162.586,1933.19114696252
VEN,2018,102021093964.682,1451.3949056587
VEN,2019,73014084091.3,1379.73439965
VEN,2020,42838020721.1995,1093.43160664363
VEN,2021,56614976854.5499,1409.82623845927
VEN,2022,89013255584.7499,1364.68351163595
VEN,2023,102376526555.948,1331.23284099658
VEN,2024,119802963257.783,
VEN,2025,,
VGB,1960,,
VGB,1961,,
VGB,1962,,
VGB,1963,,
VGB,1964,,
VGB,1965,,
VGB,1966,,
VGB,1967,,
VGB,1968,,
VGB,1969,,
VGB,1970,,
VGB,1971,,
VGB,1972,,
VGB,1973,,
VGB,1974,,
VGB,1975,,
VGB,1976,,
VGB,1977,,
VGB,1978,,
VGB,1979,,
VGB,1980,,
VGB,1981,,
VGB,1982,,
VGB,1983,,
VGB,1984,,
VGB,1985,,
VGB,1986,,
VGB,1987,,
VGB,1988,,
VGB,1989,,
VGB,1990,,
VGB,1991,,
VGB,1992,,
VGB,1993,,
VGB,1994,,
VGB,1995,,
VGB,1996,,
VGB,1997,,
VGB,1998,,
VGB,1999,,
VGB,2000,,
VGB,2001,,
VGB,2002,,
VGB,2003,,
VGB,2004,,
VGB,2005,,
VGB,2006,,
VGB,2007,,
VGB,2008,,
VGB,2009,,
VGB,2010,,
VGB,2011,,
VGB,2012,,
VGB,2013,,
VGB,2014,,
VGB,2015,,
VGB,2016,,
VGB,2017,,
VGB,2018,,
VGB,2019,,
VGB,2020,,
VGB,2021,,
VGB,2022,,
VGB,2023,,
VGB,2024,,
VGB,2025,,
VIR,1960,,
VIR,1961,,
VIR,1962,,
VIR,1963,,
VIR,1964,,
VIR,1965,,
VIR,1966,,
VIR,1967,,
VIR,1968,,
VIR,1969,,
VIR,1970,,
VIR,1971,,
VIR,1972,,
VIR,1973,,
VIR,1974,,
VIR,1975,,
VIR,1976,,
VIR,1977,,
VIR,1978,,
VIR,1979,,
VIR,1980,,
VIR,1981,,
VIR,1982,,
VIR,1983,,
VIR,1984,,
VIR,1985,,
VIR,1986,,
VIR,1987,,
VIR,1988,,
VIR,1989,,
VIR,1990,,
VIR,1991,,
VIR,1992,,
VIR,1993,,
VIR,1994,,
VIR,1995,,
VIR,1996,,
VIR,1997,,
VIR,1998,,
VIR,1999,,
VIR,2000,,
VIR,2001,,
VIR,2002,3262000000.0,
VIR,2003,3443000000.0,
VIR,2004,3797000000.0,
VIR,2005,4428000000.0,
VIR,2006,4484000000.0,
VIR,2007,4784000000.0,
VIR,2008,4244000000.0,
VIR,2009,4201000000.0,
VIR,2010,4324000000.0,
VIR,2011,4223000000.0,
VIR,2012,4089000000.0,
VIR,2013,3738000000.0,
VIR,2014,3565000000.0,
VIR,2015,3663000000.0,
VIR,2016,3798000000.0,
VIR,2017,3794000000.0,
VIR,2018,3923000000.0,
VIR,2019,4121000000.0,
VIR,2020,4229000000.0,
VIR,2021,4507000000.0,
VIR,2022,4672000000.0,
VIR,2023,,
VIR,2024,,
VIR,2025,,
VNM,1960,,
VNM,1961,,
VNM,1962,,
VNM,1963,,
VNM,1964,,
VNM,1965,,
VNM,1966,,
VNM,1967,,
VNM,1968,,
VNM,1969,,
VNM,1970,,
VNM,1971,,
VNM,1972,,
VNM,1973,,
VNM,1974,,
VNM,1975,,
VNM,1976,,
VNM,1977,,
VNM,1978,,
VNM,1979,,
VNM,1980,,
VNM,1981,,
VNM,1982,,
VNM,1983,,
VNM,1984,,
VNM,1985,14094687820.7445,
VNM,1986,26336616250.4397,
VNM,1987,36658108850.3148,
VNM,1988,25423812648.5941,
VNM,1989,6293304974.59403,
VNM,1990,6471740805.56984,272.780251085134
VNM,1991,9613369520.41885,270.748866586584
VNM,1992,9866990236.43587,276.933206862751
VNM,1993,13180953598.1716,294.74751383968
VNM,1994,16286433533.3228,289.677004526493
VNM,1995,20736164458.9505,304.058538367664
VNM,1996,24657470574.7501,315.960539910077
VNM,1997,26843700441.5482,335.565681064978
VNM,1998,27209602050.0452,352.512759719206
VNM,1999,28683659006.7752,358.075426214906
VNM,2000,31172518403.3162,372.486738202477
VNM,2001,32685198808.5549,393.081627304938
VNM,2002,35064105500.8344,424.572449525025
VNM,2003,39552513231.9169,441.331501223992
VNM,2004,45427854693.2554,485.432705372372
VNM,2005,57633255738.1992,509.245126631649
VNM,2006,66371664817.0436,515.075042472671
VNM,2007,77414425532.2452,544.673183366382
VNM,2008,99130304099.1274,572.099542305108
VNM,2009,106014659565.214,615.142147070174
VNM,2010,147201173196.979,670.10802910064
VNM,2011,172595049183.925,663.574440140704
VNM,2012,195590661129.249,664.347312614103
VNM,2013,213708811665.34,674.678165107275
VNM,2014,233451469642.519,745.633531778112
VNM,2015,239258328381.741,679.445923972947
VNM,2016,257096001177.982,738.879533385899
VNM,2017,281353605986.903,757.479979941312
VNM,2018,310106478394.659,885.646841787765
VNM,2019,334365270496.667,987.27147244039
VNM,2020,346615738537.796,991.281232485165
VNM,2021,366474752771.009,962.199524881189
VNM,2022,413445230668.578,1023.0571362687
VNM,2023,433857681378.291,1018.06940422163
VNM,2024,476388230307.175,
VNM,2025,,
VUT,1960,,
VUT,1961,,
VUT,1962,,
VUT,1963,,
VUT,1964,,
VUT,1965,,
VUT,1966,,
VUT,1967,,
VUT,1968,,
VUT,1969,,
VUT,1970,,
VUT,1971,,
VUT,1972,,
VUT,1973,,
VUT,1974,,
VUT,1975,,
VUT,1976,,
VUT,1977,,
VUT,1978,,
VUT,1979,119258835.335525,
VUT,1980,121185497.569261,
VUT,1981,113781795.82356,
VUT,1982,114501912.522867,
VUT,1983,117389554.191406,
VUT,1984,144482515.368336,
VUT,1985,131856420.703184,
VUT,1986,126498935.335649,
VUT,1987,139464173.547324,
VUT,1988,158351368.433149,
VUT,1989,154013202.116475,
VUT,1990,168879207.244148,157.460297305877
VUT,1991,201334169.054441,
VUT,1992,209088824.608438,
VUT,1993,200491853.167847,
VUT,1994,233701301.490486,
VUT,1995,249333250.082507,
VUT,1996,261370044.486614,
VUT,1997,272771209.113662,
VUT,1998,262293410.708334,
VUT,1999,268006972.690296,
VUT,2000,272014627.835262,
VUT,2001,257926881.72043,
VUT,2002,262596535.549028,
VUT,2003,314471413.001776,
VUT,2004,364996869.129618,145.835662652945
VUT,2005,394962433.029368,142.342000379579
VUT,2006,439358586.535588,143.56969845732
VUT,2007,516392922.513728,158.173502774815
VUT,2008,590748429.401902,
VUT,2009,592622319.145664,
VUT,2010,670712979.682038,
VUT,2011,770153588.218833,
VUT,2012,747839697.746593,
VUT,2013,758304466.245339,
VUT,2014,773717010.546445,
VUT,2015,759690180.951654,
VUT,2016,804323576.861028,
VUT,2017,880043284.399407,
VUT,2018,914727908.137793,
VUT,2019,936526267.622513,
VUT,2020,909421043.508407,
VUT,2021,950394006.532514,
VUT,2022,1055031360.57356,
VUT,2023,1115861055.72463,
VUT,2024,1117972034.22642,
VUT,2025,,
WLD,1960,1366488391354.06,
WLD,1961,1443968549479.04,
WLD,1962,1544903390848.07,
WLD,1963,1670354539896.74,
WLD,1964,1831030283046.23,
WLD,1965,1995234672640.12,
WLD,1966,2162707523801.04,
WLD,1967,2294873084337.79,
WLD,1968,2479815244885.12,
WLD,1969,2739123953755.11,
WLD,1970,3004258440770.47,
WLD,1971,3319897075453.74,
WLD,1972,3834213544152.23,
WLD,1973,4688557691603.01,
WLD,1974,5419514194142.37,
WLD,1975,6035142144928.11,
WLD,1976,6560173647274.54,
WLD,1977,7416442857108.43,
WLD,1978,8779661745036.97,
WLD,1979,10155462903237.9,
WLD,1980,11452768541637.6,
WLD,1981,11843441094928.6,
WLD,1982,11719276657617.9,
WLD,1983,11962974794875.1,
WLD,1984,12427957579028.0,
WLD,1985,13016982447733.2,
WLD,1986,15348439146362.6,
WLD,1987,17472239624529.0,
WLD,1988,19524821807843.9,
WLD,1989,20395813960211.0,
WLD,1990,22922751084575.0,1626.28944750339
WLD,1991,23920903881560.9,1611.29609330508
WLD,1992,25546959069356.8,1584.40266628764
WLD,1993,25974923485795.5,1576.71227376891
WLD,1994,27961448359307.6,1564.17782925254
WLD,1995,31245419629026.0,1577.46703069054
WLD,1996,31968950237590.7,1592.76675714077
WLD,1997,31870560107975.7,1585.08421246955
WLD,1998,31733749169046.7,1569.01390662929
WLD,1999,32782827769545.3,1580.06579744501
WLD,2000,33898156427205.9,1590.60086250942
WLD,2001,33690417699612.7,1584.45851392594
WLD,2002,34991525564916.9,1597.33297287626
WLD,2003,39243276986261.9,1635.58102498736
WLD,2004,44225384449869.7,1682.95044129212
WLD,2005,47900489808168.8,1708.69304493396
WLD,2006,51923507284496.0,1735.54645385898
WLD,2007,58525785801185.8,1759.78833317513
WLD,2008,64311729364641.3,1760.89364270519
WLD,2009,60982255960004.4,1723.0132731013
WLD,2010,66811191491614.9,1797.68456153472
WLD,2011,74309709353789.3,1804.53522890018
WLD,2012,75960594595757.0,1804.27859912268
WLD,2013,78034892841179.1,1811.32054159306
WLD,2014,80054888775431.1,1810.23611697449
WLD,2015,75621913961646.1,1790.51093398013
WLD,2016,76831684012526.2,1785.95703176022
WLD,2017,81839102917044.7,1804.56697466577
WLD,2018,87050964956078.4,1827.57958060532
WLD,2019,88483262418196.7,1829.6332990821
WLD,2020,85912761035231.2,1762.82657385656
WLD,2021,98140475264975.8,1852.31743577757
WLD,2022,102251524725531.0,1852.38308967766
WLD,2023,106741647821064.0,1866.16463634635
WLD,2024,110982661180013.0,
WLD,2025,,
WSM,1960,,
WSM,1961,,
WSM,1962,,
WSM,1963,,
WSM,1964,,
WSM,1965,,
WSM,1966,,
WSM,1967,,
WSM,1968,,
WSM,1969,,
WSM,1970,45208337.609386,
WSM,1971,53719568.9655172,
WSM,1972,62566116.3754812,
WSM,1973,82452985.3658537,
WSM,1974,93549610.93343,
WSM,1975,93489282.5537294,
WSM,1976,85003077.6967563,
WSM,1977,98295671.0342196,
WSM,1978,108223444.248268,
WSM,1979,122257392.883079,
WSM,1980,125747037.963668,
WSM,1981,118190654.675563,
WSM,1982,121221651.619316,
WSM,1983,111862823.574979,
WSM,1984,109200934.328518,
WSM,1985,95572172.9835657,
WSM,1986,100947848.64478,
WSM,1987,111713922.141578,
WSM,1988,133016065.416065,
WSM,1989,122888609.715243,
WSM,1990,125766269.755358,255.773358100354
WSM,1991,125597205.422315,
WSM,1992,132303041.36253,
WSM,1993,133122897.196262,
WSM,1994,221098106.508876,
WSM,1995,224865731.381903,
WSM,1996,249907868.772424,
WSM,1997,285475591.89651,
WSM,1998,269485244.15511,
WSM,1999,255408060.259486,
WSM,2000,258856139.798489,
WSM,2001,266299591.479428,
WSM,2002,281790134.211972,
WSM,2003,333426188.41876,
WSM,2004,407747565.096959,300.672755289961
WSM,2005,476801793.159429,304.848698777396
WSM,2006,499923757.780736,303.661518627237
WSM,2007,573548459.833372,307.27988429323
WSM,2008,641346191.664776,
WSM,2009,628006115.424052,
WSM,2010,680260907.153983,
WSM,2011,744097050.169115,
WSM,2012,773141661.165548,
WSM,2013,797736334.281305,
WSM,2014,796683519.593842,
WSM,2015,824150498.653536,
WSM,2016,843924796.697421,
WSM,2017,884844384.463214,
WSM,2018,878448433.404342,
WSM,2019,912950466.064906,
WSM,2020,868884902.953089,
WSM,2021,859724936.05765,
WSM,2022,889554711.842341,
WSM,2023,1044909500.02527,
WSM,2024,1175749785.65113,
WSM,2025,,
XKX,1960,,
XKX,1961,,
XKX,1962,,
XKX,1963,,
XKX,1964,,
XKX,1965,,
XKX,1966,,
XKX,1967,,
XKX,1968,,
XKX,1969,,
XKX,1970,,
XKX,1971,,
XKX,1972,,
XKX,1973,,
XKX,1974,,
XKX,1975,,
XKX,1976,,
XKX,1977,,
XKX,1978,,
XKX,1979,,
XKX,1980,,
XKX,1981,,
XKX,1982,,
XKX,1983,,
XKX,1984,,
XKX,1985,,
XKX,1986,,
XKX,1987,,
XKX,1988,,
XKX,1989,,
XKX,1990,,
XKX,1991,,
XKX,1992,,
XKX,1993,,
XKX,1994,,
XKX,1995,,
XKX,1996,,
XKX,1997,,
XKX,1998,,
XKX,1999,,
XKX,2000,,856.943688546918
XKX,2001,,1044.87065723301
XKX,2002,,1035.03652986506
XKX,2003,,1091.49742065686
XKX,2004,,1099.83250794257
XKX,2005,,1070.06721463477
XKX,2006,,1084.46350103884
XKX,2007,,1131.46798118969
XKX,2008,5181776768.71247,1230.09754239368
XKX,2009,5015894692.97027,1356.38701251086
XKX,2010,5343950556.07185,1394.78002150113
XKX,2011,6341613609.97976,1410.72541685059
XKX,2012,6163484244.63408,1310.3856620955
XKX,2013,6735328609.6594,1296.69455079673
XKX,2014,7074394734.88431,1219.31522053323
XKX,2015,6295848422.71573,
XKX,2016,6682677289.98994,
XKX,2017,7180768692.01515,
XKX,2018,7878762812.27689,
XKX,2019,7899741278.75198,
XKX,2020,7717143395.54732,
XKX,2021,9413408574.4949,
XKX,2022,9354907646.29785,
XKX,2023,10468224574.7539,
XKX,2024,11197246322.588,
XKX,2025,,
YEM,1960,,
YEM,1961,,
YEM,1962,,
YEM,1963,,
YEM,1964,,
YEM,1965,,
YEM,1966,,
YEM,1967,,
YEM,1968,,
YEM,1969,,
YEM,1970,,
YEM,1971,,
YEM,1972,,
YEM,1973,,
YEM,1974,,
YEM,1975,,
YEM,1976,,
YEM,1977,,
YEM,1978,,
YEM,1979,,
YEM,1980,,
YEM,1981,,
YEM,1982,,
YEM,1983,,
YEM,1984,,
YEM,1985,,
YEM,1986,,
YEM,1987,,
YEM,1988,,
YEM,1989,,
YEM,1990,12643821568.9626,180.981566779694
YEM,1991,14665445462.1149,211.975677187661
YEM,1992,17959367194.005,222.881497111698
YEM,1993,21736802664.4463,185.806376377869
YEM,1994,28019483763.5304,186.966315782925
YEM,1995,12796345679.0123,204.1397676512
YEM,1996,6496163615.66086,201.531838800768
YEM,1997,6838298530.54911,207.425455422355
YEM,1998,6322175565.94651,214.74880211605
YEM,1999,7639325295.88287,234.96098673933
YEM,2000,9679316770.18633,241.884502378759
YEM,2001,9852990692.98714,260.291246901483
YEM,2002,10693430511.4664,244.765880104457
YEM,2003,11777532662.0499,264.070554409773
YEM,2004,13867634371.4773,279.891332102562
YEM,2005,16731566717.1888,289.030753712905
YEM,2006,19063143369.858,299.542924935684
YEM,2007,21650528674.0933,283.812949035491
YEM,2008,26910855807.288,289.811528650795
YEM,2009,25130278212.5575,311.080562559356
YEM,2010,30906749533.221,291.861999994351
YEM,2011,32726417878.391,240.192428627502
YEM,2012,35401331609.5916,210.827759194461
YEM,2013,40415233436.1767,281.953182312038
YEM,2014,43228585321.3272,259.815942651214
YEM,2015,42444490073.8555,119.994093431265
YEM,2016,31317825274.1507,71.6879642059413
YEM,2017,26842229044.5848,150.570498789289
YEM,2018,21606160663.0318,204.235450557521
YEM,2019,,199.221869757581
YEM,2020,,183.540233811968
YEM,2021,,166.825172838285
YEM,2022,,171.249370425335
YEM,2023,,154.996261405398
YEM,2024,,
YEM,2025,,
ZAF,1960,8748596500.5614,
ZAF,1961,9225996309.60148,
ZAF,1962,9813996074.40157,
ZAF,1963,10854195658.3217,
ZAF,1964,11955995217.6019,
ZAF,1965,13068994772.4021,
ZAF,1966,14211394315.4423,
ZAF,1967,15821393671.4425,
ZAF,1968,17124793150.0827,
ZAF,1969,19256992297.2031,
ZAF,1970,21218391512.6434,
ZAF,1971,23411076638.279,
ZAF,1972,24515919216.8851,
ZAF,1973,33262772008.1446,
ZAF,1974,41389186094.5992,
ZAF,1975,42906905672.42,
ZAF,1976,41150460287.6151,
ZAF,1977,45328411332.1028,
ZAF,1978,51607412901.8532,
ZAF,1979,63038658088.9121,
ZAF,1980,89411864402.4272,
ZAF,1981,93141472163.7596,
ZAF,1982,85904057409.3585,
ZAF,1983,96204110941.5672,
ZAF,1984,84870163365.9306,
ZAF,1985,64459376086.6883,
ZAF,1986,73354771399.2627,
ZAF,1987,96535763418.3729,
ZAF,1988,103976831870.957,
ZAF,1989,108055624081.806,
ZAF,1990,126048140141.869,2238.59314975903
ZAF,1991,135203698237.977,2247.25101078796
ZAF,1992,146956150986.636,2104.60311343692
ZAF,1993,147194747565.75,2197.40025902621
ZAF,1994,153512712381.836,2255.95489604194
ZAF,1995,171735933897.331,2357.97344794861
ZAF,1996,163234925380.563,2395.08882561738
ZAF,1997,168978057327.73,2418.36525437478
ZAF,1998,152982984557.233,2434.78353341314
ZAF,1999,151516957078.536,2365.70130153691
ZAF,2000,151752757215.309,2269.37063464901
ZAF,2001,135429905922.526,2180.26593384169
ZAF,2002,129087556612.449,2072.05766349373
ZAF,2003,197018965308.697,2300.85052603256
ZAF,2004,255806908594.573,2478.00378605228
ZAF,2005,288867217196.534,2374.43550245537
ZAF,2006,303858675363.643,2397.99082240112
ZAF,2007,333077117253.684,2576.78503956652
ZAF,2008,316131258616.309,2738.08467369962
ZAF,2009,329754060647.129,2735.00618529644
ZAF,2010,417363822801.713,2518.44190314477
ZAF,2011,458199494830.834,2536.41417638413
ZAF,2012,434400545085.811,2394.39798705356
ZAF,2013,400886013595.573,2341.17923180198
ZAF,2014,381198869776.106,2438.67891656885
ZAF,2015,346709790458.563,2257.19467617813
ZAF,2016,323585509674.481,2311.76901865151
ZAF,2017,381448814653.456,2283.45815447669
ZAF,2018,405260723892.517,2184.87777550689
ZAF,2019,389330032224.269,2231.91074710296
ZAF,2020,337974655408.055,2037.46194166103
ZAF,2021,419986284375.368,2124.62297436572
ZAF,2022,407596043067.885,1938.30644693274
ZAF,2023,381440724491.232,1938.50916018053
ZAF,2024,401144998373.585,
ZAF,2025,,
ZMB,1960,698739720.783607,
ZMB,1961,682359727.329053,
ZMB,1962,679279728.55982,
ZMB,1963,704339718.545848,
ZMB,1964,822639671.273187,
ZMB,1965,1061199575.94465,
ZMB,1966,1238999504.8958,
ZMB,1967,1340639464.28047,
ZMB,1968,1573739371.13375,
ZMB,1969,1926399230.21087,
ZMB,1970,1788779285.2038,
ZMB,1971,1653259341.29113,
ZMB,1972,1872416680.07912,
ZMB,1973,2434255236.99935,
ZMB,1974,2910981262.10018,
ZMB,1975,2442672140.947,
ZMB,1976,2742859262.9794,
ZMB,1977,2515296939.60686,
ZMB,1978,2811032472.93922,
ZMB,1979,3353445378.15126,
ZMB,1980,3884530853.76162,
ZMB,1981,4008126497.36464,
ZMB,1982,3871117092.86676,
ZMB,1983,3321048451.15171,
ZMB,1984,2719518932.99541,
ZMB,1985,2252454500.14896,
ZMB,1986,1664413508.09853,
ZMB,1987,2265250972.34879,
ZMB,1988,3728878148.80792,
ZMB,1989,3994673161.02649,
ZMB,1990,3288381797.32415,698.99099589317
ZMB,1991,3376806697.1218,700.924646643897
ZMB,1992,3182810841.01704,694.862241028751
ZMB,1993,3273505343.85539,679.43941531731
ZMB,1994,3656806165.78848,668.076358195867
ZMB,1995,3806983413.16416,663.32497167535
ZMB,1996,3597220962.00017,641.707557085146
ZMB,1997,4303288479.7086,652.331608511085
ZMB,1998,3537741941.89367,641.720228004232
ZMB,1999,3404284890.5306,629.370875610787
ZMB,2000,3600632111.41414,596.194955485878
ZMB,2001,4094441301.21423,597.043898716208
ZMB,2002,4193850445.42632,604.562505071608
ZMB,2003,4901869764.05957,611.860768536862
ZMB,2004,6221110219.45542,612.389510440671
ZMB,2005,8331870169.14977,608.665948992328
ZMB,2006,12756858899.2812,605.125481169068
ZMB,2007,14056957976.2648,598.061137082855
ZMB,2008,17910858637.9048,617.614330213647
ZMB,2009,15328342303.9575,620.767195294646
ZMB,2010,20265559483.8548,629.592553854004
ZMB,2011,23459515275.5776,646.451392811859
ZMB,2012,25503060420.026,662.555204548739
ZMB,2013,28037239462.7142,671.765266354406
ZMB,2014,27141023558.0829,682.457632858367
ZMB,2015,21251216798.7762,686.131690105645
ZMB,2016,20958412538.3093,682.992655103275
ZMB,2017,25873601260.8353,701.837454109419
ZMB,2018,26311507273.6735,725.345366775352
ZMB,2019,23308667781.2258,740.779623928295
ZMB,2020,18137764930.651,757.478817707939
ZMB,2021,22096416932.0089,768.86430207545
ZMB,2022,29163782140.4858,791.621385622627
ZMB,2023,27577956471.244,804.223060174856
ZMB,2024,25303185342.2511,
ZMB,2025,,
ZWE,1960,1053528036.42755,
ZWE,1961,1097206526.43457,
ZWE,1962,1118172225.65019,
ZWE,1963,1160103724.1325,
ZWE,1964,1217759447.00099,
ZWE,1965,1312105393.62448,
ZWE,1966,1282403936.37681,
ZWE,1967,1397715282.06274,
ZWE,1968,1480355354.94474,
ZWE,1969,1748891294.20526,
ZWE,1970,1885168339.10681,
ZWE,1971,2179828710.18738,
ZWE,1972,2679096596.57517,
ZWE,1973,3311043291.61257,
ZWE,1974,3984194614.19552,
ZWE,1975,4373532601.15703,
ZWE,1976,4320576876.79177,
ZWE,1977,4366610468.65438,
ZWE,1978,4353822342.61788,
ZWE,1979,5180102910.1171,
ZWE,1980,6682278300.2622,
ZWE,1981,8015464251.71692,
ZWE,1982,8544060905.16113,
ZWE,1983,7768031181.67262,
ZWE,1984,6355369171.99585,
ZWE,1985,5640137575.00727,
ZWE,1986,6220698246.72927,
ZWE,1987,6744657033.37727,
ZWE,1988,7818774176.83792,
ZWE,1989,8290553535.28012,
ZWE,1990,8788301546.04498,917.216330393847
ZWE,1991,8646000000.0,947.267411212407
ZWE,1992,6755000000.0,950.926998400787
ZWE,1993,6567250000.0,896.550056675906
ZWE,1994,6894250000.0,889.068847985188
ZWE,1995,7115000000.0,896.802808791501
ZWE,1996,8557500000.0,878.324342885053
ZWE,1997,8534000000.0,853.413365011755
ZWE,1998,6405250000.0,856.364413103571
ZWE,1999,6861500000.0,898.603754248396
ZWE,2000,6693250000.0,555.920693046092
ZWE,2001,6780750000.0,540.270613966905
ZWE,2002,6345250000.0,519.581800171555
ZWE,2003,5730500000.0,477.200797479578
ZWE,2004,5808500000.0,449.272021527134
ZWE,2005,5758250000.0,479.190598403953
ZWE,2006,5446750000.0,494.434799986055
ZWE,2007,5294750000.0,473.016821989703
ZWE,2008,4418000000.0,416.111250264098
ZWE,2009,9670750000.0,418.04242583891
ZWE,2010,12047750000.0,420.109046848771
ZWE,2011,14109000000.0,444.80696274803
ZWE,2012,17123500000.0,454.708020211244
ZWE,2013,19100750000.0,462.865283072286
ZWE,2014,19505500000.0,460.33369823579
ZWE,2015,19973250000.0,453.584519266008
ZWE,2016,20559250000.0,423.264031970289
ZWE,2017,51035657370.5179,413.687239283497
ZWE,2018,34141666666.6667,441.902461438581
ZWE,2019,33357695635.1284,439.67637546171
ZWE,2020,31980334561.3123,394.919240708643
ZWE,2021,41287673690.0771,405.004500691653
ZWE,2022,40757561708.7741,447.385982833743
ZWE,2023,35871779680.6335,472.22895786097
ZWE,2024,41539411516.4448,
ZWE,2025,,
